
 /----------------------------------------------------------------------------\
 |  yosys -- Yosys Open SYnthesis Suite                                       |
 |  Copyright (C) 2012 - 2026  Claire Xenia Wolf <claire@yosyshq.com>         |
 |  Distributed under an ISC-like license, type "license" to see terms        |
 \----------------------------------------------------------------------------/
 Yosys 0.69+154 (git sha1 30d62572e-dirty, Release, Clang /usr/local/osxcross/target/bin/aarch64-apple-darwin25.5-clang++ 21.1.8)

-- Running command `read_verilog -sv rtl/common/wire_ingress_buffer.sv rtl/arch_a/wire_gearbox_64to8.sv rtl/arch_a/wire_eth_parser.sv rtl/arch_a/wire_ipv4_parser.sv rtl/arch_a/wire_udp_parser.sv rtl/arch_a/wire_mold_header_seq.sv rtl/arch_a/wire_mold_message_framer.sv rtl/arch_a/wire_itch_decoder.sv rtl/arch_a/wire_arch_a_parser_top.sv; hierarchy -check -top wire_arch_a_parser_top; synth -top wire_arch_a_parser_top; check -assert; stat' --

1. Executing Verilog-2005 frontend: rtl/common/wire_ingress_buffer.sv
Parsing SystemVerilog input from `rtl/common/wire_ingress_buffer.sv' to AST representation.
Generating RTLIL representation for module `\wire_ingress_buffer'.
Successfully finished Verilog frontend.

2. Executing Verilog-2005 frontend: rtl/arch_a/wire_gearbox_64to8.sv
Parsing SystemVerilog input from `rtl/arch_a/wire_gearbox_64to8.sv' to AST representation.
Generating RTLIL representation for module `\wire_gearbox_64to8'.
Successfully finished Verilog frontend.

3. Executing Verilog-2005 frontend: rtl/arch_a/wire_eth_parser.sv
Parsing SystemVerilog input from `rtl/arch_a/wire_eth_parser.sv' to AST representation.
Generating RTLIL representation for module `\wire_eth_parser'.
Successfully finished Verilog frontend.

4. Executing Verilog-2005 frontend: rtl/arch_a/wire_ipv4_parser.sv
Parsing SystemVerilog input from `rtl/arch_a/wire_ipv4_parser.sv' to AST representation.
Generating RTLIL representation for module `\wire_ipv4_parser'.
Successfully finished Verilog frontend.

5. Executing Verilog-2005 frontend: rtl/arch_a/wire_udp_parser.sv
Parsing SystemVerilog input from `rtl/arch_a/wire_udp_parser.sv' to AST representation.
Generating RTLIL representation for module `\wire_udp_parser'.
Successfully finished Verilog frontend.

6. Executing Verilog-2005 frontend: rtl/arch_a/wire_mold_header_seq.sv
Parsing SystemVerilog input from `rtl/arch_a/wire_mold_header_seq.sv' to AST representation.
Generating RTLIL representation for module `\wire_mold_header_seq'.
Successfully finished Verilog frontend.

7. Executing Verilog-2005 frontend: rtl/arch_a/wire_mold_message_framer.sv
Parsing SystemVerilog input from `rtl/arch_a/wire_mold_message_framer.sv' to AST representation.
Generating RTLIL representation for module `\wire_mold_message_framer'.
Successfully finished Verilog frontend.

8. Executing Verilog-2005 frontend: rtl/arch_a/wire_itch_decoder.sv
Parsing SystemVerilog input from `rtl/arch_a/wire_itch_decoder.sv' to AST representation.
Generating RTLIL representation for module `\wire_itch_decoder'.
Successfully finished Verilog frontend.

9. Executing Verilog-2005 frontend: rtl/arch_a/wire_arch_a_parser_top.sv
Parsing SystemVerilog input from `rtl/arch_a/wire_arch_a_parser_top.sv' to AST representation.
Generating RTLIL representation for module `\wire_arch_a_parser_top'.
Successfully finished Verilog frontend.

10. Executing HIERARCHY pass (managing design hierarchy).

10.1. Analyzing design hierarchy..
Top module:  \wire_arch_a_parser_top
Used module:     \wire_itch_decoder
Used module:     \wire_mold_message_framer
Used module:     \wire_mold_header_seq
Used module:     \wire_udp_parser
Used module:     \wire_ipv4_parser
Used module:     \wire_eth_parser
Used module:     \wire_gearbox_64to8
Used module:     \wire_ingress_buffer

10.2. Analyzing design hierarchy..
Top module:  \wire_arch_a_parser_top
Used module:     \wire_itch_decoder
Used module:     \wire_mold_message_framer
Used module:     \wire_mold_header_seq
Used module:     \wire_udp_parser
Used module:     \wire_ipv4_parser
Used module:     \wire_eth_parser
Used module:     \wire_gearbox_64to8
Used module:     \wire_ingress_buffer
Removed 0 unused modules.

11. Executing SYNTH pass.

11.1. Executing HIERARCHY pass (managing design hierarchy).

11.1.1. Analyzing design hierarchy..
Top module:  \wire_arch_a_parser_top
Used module:     \wire_itch_decoder
Used module:     \wire_mold_message_framer
Used module:     \wire_mold_header_seq
Used module:     \wire_udp_parser
Used module:     \wire_ipv4_parser
Used module:     \wire_eth_parser
Used module:     \wire_gearbox_64to8
Used module:     \wire_ingress_buffer

11.1.2. Analyzing design hierarchy..
Top module:  \wire_arch_a_parser_top
Used module:     \wire_itch_decoder
Used module:     \wire_mold_message_framer
Used module:     \wire_mold_header_seq
Used module:     \wire_udp_parser
Used module:     \wire_ipv4_parser
Used module:     \wire_eth_parser
Used module:     \wire_gearbox_64to8
Used module:     \wire_ingress_buffer
Removed 0 unused modules.

11.2. Executing PROC pass (convert processes to netlists).

11.2.1. Executing PROC_CLEAN pass (remove empty switches from decision trees).
Cleaned up 0 empty switches.

11.2.2. Executing PROC_RMDEAD pass (remove dead branches from decision trees).
Marked 6 switch rules as full_case in process $proc$rtl/arch_a/wire_arch_a_parser_top.sv:136$769 in module wire_arch_a_parser_top.
Marked 1 switch rules as full_case in process $proc$rtl/arch_a/wire_itch_decoder.sv:112$737 in module wire_itch_decoder.
Marked 1 switch rules as full_case in process $proc$rtl/arch_a/wire_itch_decoder.sv:112$732 in module wire_itch_decoder.
Marked 15 switch rules as full_case in process $proc$rtl/arch_a/wire_itch_decoder.sv:137$428 in module wire_itch_decoder.
Marked 13 switch rules as full_case in process $proc$rtl/arch_a/wire_mold_message_framer.sv:112$370 in module wire_mold_message_framer.
Marked 15 switch rules as full_case in process $proc$rtl/arch_a/wire_mold_header_seq.sv:111$309 in module wire_mold_header_seq.
Marked 19 switch rules as full_case in process $proc$rtl/arch_a/wire_udp_parser.sv:66$241 in module wire_udp_parser.
Marked 7 switch rules as full_case in process $proc$rtl/arch_a/wire_ipv4_parser.sv:102$177 in module wire_ipv4_parser.
Marked 10 switch rules as full_case in process $proc$rtl/arch_a/wire_ipv4_parser.sv:119$113 in module wire_ipv4_parser.
Marked 6 switch rules as full_case in process $proc$rtl/arch_a/wire_eth_parser.sv:55$82 in module wire_eth_parser.
Marked 4 switch rules as full_case in process $proc$rtl/arch_a/wire_gearbox_64to8.sv:49$57 in module wire_gearbox_64to8.
Marked 3 switch rules as full_case in process $proc$rtl/common/wire_ingress_buffer.sv:37$12 in module wire_ingress_buffer.
Removed a total of 0 dead cases.

11.2.3. Executing PROC_PRUNE pass (remove redundant assignments in processes).
Removed 1 redundant assignment.
Promoted 57 assignments to connections.

11.2.4. Executing PROC_INIT pass (extract init attributes).

11.2.5. Executing PROC_ARST pass (detect async resets in processes).

11.2.6. Executing PROC_ROM pass (convert switches to ROMs).
Converted 0 switches.
<suppressed ~167 debug messages>

11.2.7. Executing PROC_MUX pass (convert decision trees to multiplexers).
Creating decoders for process `\wire_arch_a_parser_top.$proc$rtl/arch_a/wire_arch_a_parser_top.sv:136$769'.
     1/3: $0\frame_open_q[0:0]
     2/3: $0\recovery_stage_q[3:0]
     3/3: $0\parser_recovery_q[0:0]
Creating decoders for process `\wire_itch_decoder.$proc$rtl/arch_a/wire_itch_decoder.sv:112$737'.
     1/1: $1\required_length$func$rtl/arch_a/wire_itch_decoder.sv:112$408.$result[15:0]$741
Creating decoders for process `\wire_itch_decoder.$proc$rtl/arch_a/wire_itch_decoder.sv:112$732'.
     1/1: $1\required_length$func$rtl/arch_a/wire_itch_decoder.sv:112$407.$result[15:0]$736
Creating decoders for process `\wire_itch_decoder.$proc$rtl/arch_a/wire_itch_decoder.sv:137$428'.
     1/131: $6\u32$func$rtl/arch_a/wire_itch_decoder.sv:218$397.$result[31:0]$649
     2/131: $6\u64$func$rtl/arch_a/wire_itch_decoder.sv:218$396.$result[63:0]$648
     3/131: $6\u32$func$rtl/arch_a/wire_itch_decoder.sv:222$406.$result[31:0]$658
     4/131: $6\u32$func$rtl/arch_a/wire_itch_decoder.sv:222$405.$result[31:0]$657
     5/131: $6\u64$func$rtl/arch_a/wire_itch_decoder.sv:222$404.$result[63:0]$656
     6/131: $6\u64$func$rtl/arch_a/wire_itch_decoder.sv:222$403.$result[63:0]$655
     7/131: $6\u64$func$rtl/arch_a/wire_itch_decoder.sv:221$402.$result[63:0]$654
     8/131: $6\u32$func$rtl/arch_a/wire_itch_decoder.sv:220$401.$result[31:0]$653
     9/131: $6\u64$func$rtl/arch_a/wire_itch_decoder.sv:220$400.$result[63:0]$652
    10/131: $6\u32$func$rtl/arch_a/wire_itch_decoder.sv:219$399.$result[31:0]$651
    11/131: $6\u64$func$rtl/arch_a/wire_itch_decoder.sv:219$398.$result[63:0]$650
    12/131: $7\u32$func$rtl/arch_a/wire_itch_decoder.sv:212$395.$result[31:0]$627
    13/131: $7\u32$func$rtl/arch_a/wire_itch_decoder.sv:212$394.$result[31:0]$626
    14/131: $7\u64$func$rtl/arch_a/wire_itch_decoder.sv:212$393.$result[63:0]$625
    15/131: $6\u32$func$rtl/arch_a/wire_itch_decoder.sv:212$395.$result[31:0]$618
    16/131: $6\u32$func$rtl/arch_a/wire_itch_decoder.sv:212$394.$result[31:0]$617
    17/131: $6\u64$func$rtl/arch_a/wire_itch_decoder.sv:212$393.$result[63:0]$616
    18/131: $5\u32$func$rtl/arch_a/wire_itch_decoder.sv:212$395.$result[31:0]$594
    19/131: $5\u32$func$rtl/arch_a/wire_itch_decoder.sv:212$394.$result[31:0]$593
    20/131: $5\u64$func$rtl/arch_a/wire_itch_decoder.sv:212$393.$result[63:0]$592
    21/131: $5\u32$func$rtl/arch_a/wire_itch_decoder.sv:222$406.$result[31:0]$605
    22/131: $5\u32$func$rtl/arch_a/wire_itch_decoder.sv:222$405.$result[31:0]$604
    23/131: $5\u64$func$rtl/arch_a/wire_itch_decoder.sv:222$404.$result[63:0]$603
    24/131: $5\u64$func$rtl/arch_a/wire_itch_decoder.sv:222$403.$result[63:0]$602
    25/131: $5\u64$func$rtl/arch_a/wire_itch_decoder.sv:221$402.$result[63:0]$601
    26/131: $5\u32$func$rtl/arch_a/wire_itch_decoder.sv:220$401.$result[31:0]$600
    27/131: $5\u64$func$rtl/arch_a/wire_itch_decoder.sv:220$400.$result[63:0]$599
    28/131: $5\u32$func$rtl/arch_a/wire_itch_decoder.sv:219$399.$result[31:0]$598
    29/131: $5\u64$func$rtl/arch_a/wire_itch_decoder.sv:219$398.$result[63:0]$597
    30/131: $5\u32$func$rtl/arch_a/wire_itch_decoder.sv:218$397.$result[31:0]$596
    31/131: $5\u64$func$rtl/arch_a/wire_itch_decoder.sv:218$396.$result[63:0]$595
    32/131: $4\u32$func$rtl/arch_a/wire_itch_decoder.sv:222$406.$result[31:0]$586
    33/131: $4\u32$func$rtl/arch_a/wire_itch_decoder.sv:222$405.$result[31:0]$585
    34/131: $4\u64$func$rtl/arch_a/wire_itch_decoder.sv:222$404.$result[63:0]$584
    35/131: $4\u64$func$rtl/arch_a/wire_itch_decoder.sv:222$403.$result[63:0]$583
    36/131: $4\u64$func$rtl/arch_a/wire_itch_decoder.sv:221$402.$result[63:0]$582
    37/131: $4\u32$func$rtl/arch_a/wire_itch_decoder.sv:220$401.$result[31:0]$581
    38/131: $4\u64$func$rtl/arch_a/wire_itch_decoder.sv:220$400.$result[63:0]$580
    39/131: $4\u32$func$rtl/arch_a/wire_itch_decoder.sv:219$399.$result[31:0]$579
    40/131: $4\u64$func$rtl/arch_a/wire_itch_decoder.sv:219$398.$result[63:0]$578
    41/131: $4\u32$func$rtl/arch_a/wire_itch_decoder.sv:218$397.$result[31:0]$577
    42/131: $4\u64$func$rtl/arch_a/wire_itch_decoder.sv:218$396.$result[63:0]$576
    43/131: $4\u32$func$rtl/arch_a/wire_itch_decoder.sv:212$395.$result[31:0]$575
    44/131: $4\u32$func$rtl/arch_a/wire_itch_decoder.sv:212$394.$result[31:0]$574
    45/131: $4\u64$func$rtl/arch_a/wire_itch_decoder.sv:212$393.$result[63:0]$573
    46/131: $3\u32$func$rtl/arch_a/wire_itch_decoder.sv:222$406.$result[31:0]$569
    47/131: $3\u32$func$rtl/arch_a/wire_itch_decoder.sv:222$405.$result[31:0]$568
    48/131: $3\u64$func$rtl/arch_a/wire_itch_decoder.sv:222$404.$result[63:0]$567
    49/131: $3\u64$func$rtl/arch_a/wire_itch_decoder.sv:222$403.$result[63:0]$566
    50/131: $3\u64$func$rtl/arch_a/wire_itch_decoder.sv:221$402.$result[63:0]$565
    51/131: $3\u32$func$rtl/arch_a/wire_itch_decoder.sv:220$401.$result[31:0]$564
    52/131: $3\u64$func$rtl/arch_a/wire_itch_decoder.sv:220$400.$result[63:0]$563
    53/131: $3\u32$func$rtl/arch_a/wire_itch_decoder.sv:219$399.$result[31:0]$562
    54/131: $3\u64$func$rtl/arch_a/wire_itch_decoder.sv:219$398.$result[63:0]$561
    55/131: $3\u32$func$rtl/arch_a/wire_itch_decoder.sv:218$397.$result[31:0]$560
    56/131: $3\u64$func$rtl/arch_a/wire_itch_decoder.sv:218$396.$result[63:0]$559
    57/131: $3\u32$func$rtl/arch_a/wire_itch_decoder.sv:212$395.$result[31:0]$558
    58/131: $3\u32$func$rtl/arch_a/wire_itch_decoder.sv:212$394.$result[31:0]$557
    59/131: $3\u64$func$rtl/arch_a/wire_itch_decoder.sv:212$393.$result[63:0]$556
    60/131: $3\u16$func$rtl/arch_a/wire_itch_decoder.sv:205$392.$result[15:0]$555
    61/131: $4$memwr$\bytes_q$rtl/arch_a/wire_itch_decoder.sv:167$409_EN[7:0]$500
    62/131: $4$memwr$\bytes_q$rtl/arch_a/wire_itch_decoder.sv:167$409_DATA[7:0]$499
    63/131: $4$memwr$\bytes_q$rtl/arch_a/wire_itch_decoder.sv:167$409_ADDR[5:0]$498
    64/131: $3$memwr$\bytes_q$rtl/arch_a/wire_itch_decoder.sv:167$409_EN[7:0]$496
    65/131: $3$memwr$\bytes_q$rtl/arch_a/wire_itch_decoder.sv:167$409_DATA[7:0]$495
    66/131: $3$memwr$\bytes_q$rtl/arch_a/wire_itch_decoder.sv:167$409_ADDR[5:0]$494
    67/131: $2$memwr$\bytes_q$rtl/arch_a/wire_itch_decoder.sv:167$409_EN[7:0]$490
    68/131: $2$memwr$\bytes_q$rtl/arch_a/wire_itch_decoder.sv:167$409_DATA[7:0]$489
    69/131: $2$memwr$\bytes_q$rtl/arch_a/wire_itch_decoder.sv:167$409_ADDR[5:0]$488
    70/131: $2\u32$func$rtl/arch_a/wire_itch_decoder.sv:222$406.$result[31:0]$487
    71/131: $2\u32$func$rtl/arch_a/wire_itch_decoder.sv:222$405.$result[31:0]$486
    72/131: $2\u64$func$rtl/arch_a/wire_itch_decoder.sv:222$404.$result[63:0]$485
    73/131: $2\u64$func$rtl/arch_a/wire_itch_decoder.sv:222$403.$result[63:0]$484
    74/131: $2\u64$func$rtl/arch_a/wire_itch_decoder.sv:221$402.$result[63:0]$483
    75/131: $2\u32$func$rtl/arch_a/wire_itch_decoder.sv:220$401.$result[31:0]$482
    76/131: $2\u64$func$rtl/arch_a/wire_itch_decoder.sv:220$400.$result[63:0]$481
    77/131: $2\u32$func$rtl/arch_a/wire_itch_decoder.sv:219$399.$result[31:0]$480
    78/131: $2\u64$func$rtl/arch_a/wire_itch_decoder.sv:219$398.$result[63:0]$479
    79/131: $2\u32$func$rtl/arch_a/wire_itch_decoder.sv:218$397.$result[31:0]$478
    80/131: $2\u64$func$rtl/arch_a/wire_itch_decoder.sv:218$396.$result[63:0]$477
    81/131: $2\u32$func$rtl/arch_a/wire_itch_decoder.sv:212$395.$result[31:0]$476
    82/131: $2\u32$func$rtl/arch_a/wire_itch_decoder.sv:212$394.$result[31:0]$475
    83/131: $2\u64$func$rtl/arch_a/wire_itch_decoder.sv:212$393.$result[63:0]$474
    84/131: $2\u16$func$rtl/arch_a/wire_itch_decoder.sv:205$392.$result[15:0]$473
    85/131: $2\u16$func$rtl/arch_a/wire_itch_decoder.sv:200$391.$result[15:0]$472
    86/131: $2\u48$func$rtl/arch_a/wire_itch_decoder.sv:199$390.$result[47:0]$471
    87/131: $1$memwr$\bytes_q$rtl/arch_a/wire_itch_decoder.sv:167$409_EN[7:0]$469
    88/131: $1$memwr$\bytes_q$rtl/arch_a/wire_itch_decoder.sv:167$409_DATA[7:0]$468
    89/131: $1$memwr$\bytes_q$rtl/arch_a/wire_itch_decoder.sv:167$409_ADDR[5:0]$467
    90/131: $1\u32$func$rtl/arch_a/wire_itch_decoder.sv:222$406.$result[31:0]$466
    91/131: $1\u32$func$rtl/arch_a/wire_itch_decoder.sv:222$405.$result[31:0]$465
    92/131: $1\u64$func$rtl/arch_a/wire_itch_decoder.sv:222$404.$result[63:0]$464
    93/131: $1\u64$func$rtl/arch_a/wire_itch_decoder.sv:222$403.$result[63:0]$463
    94/131: $1\u64$func$rtl/arch_a/wire_itch_decoder.sv:221$402.$result[63:0]$462
    95/131: $1\u32$func$rtl/arch_a/wire_itch_decoder.sv:220$401.$result[31:0]$461
    96/131: $1\u64$func$rtl/arch_a/wire_itch_decoder.sv:220$400.$result[63:0]$460
    97/131: $1\u32$func$rtl/arch_a/wire_itch_decoder.sv:219$399.$result[31:0]$459
    98/131: $1\u64$func$rtl/arch_a/wire_itch_decoder.sv:219$398.$result[63:0]$458
    99/131: $1\u32$func$rtl/arch_a/wire_itch_decoder.sv:218$397.$result[31:0]$457
   100/131: $1\u64$func$rtl/arch_a/wire_itch_decoder.sv:218$396.$result[63:0]$456
   101/131: $1\u32$func$rtl/arch_a/wire_itch_decoder.sv:212$395.$result[31:0]$455
   102/131: $1\u32$func$rtl/arch_a/wire_itch_decoder.sv:212$394.$result[31:0]$454
   103/131: $1\u64$func$rtl/arch_a/wire_itch_decoder.sv:212$393.$result[63:0]$453
   104/131: $1\u16$func$rtl/arch_a/wire_itch_decoder.sv:205$392.$result[15:0]$452
   105/131: $1\u16$func$rtl/arch_a/wire_itch_decoder.sv:200$391.$result[15:0]$451
   106/131: $1\u48$func$rtl/arch_a/wire_itch_decoder.sv:199$390.$result[47:0]$450
   107/131: $0\side_valid_q[0:0]
   108/131: $0\price_valid_q[0:0]
   109/131: $0\quantity_valid_q[0:0]
   110/131: $0\new_valid_q[0:0]
   111/131: $0\old_valid_q[0:0]
   112/131: $0\side_q[0:0]
   113/131: $0\price_q[31:0]
   114/131: $0\quantity_q[31:0]
   115/131: $0\new_ref_q[63:0]
   116/131: $0\old_ref_q[63:0]
   117/131: $0\stock_locate_q[15:0]
   118/131: $0\timestamp_q[47:0]
   119/131: $0\mold_sequence_q[63:0]
   120/131: $0\source_type_q[7:0]
   121/131: $0\event_kind_q[2:0]
   122/131: $0\expected_symbol_q[63:0]
   123/131: $0\symbol_enable_q[0:0]
   124/131: $0\tracked_locate_q[15:0]
   125/131: $0\message_sequence_q[63:0]
   126/131: $0\byte_index_q[5:0]
   127/131: $0\reject_pending_q[0:0]
   128/131: $0\recovery_required[0:0]
   129/131: $0\declared_length_q[15:0]
   130/131: $0\reject_code_q[2:0]
   131/131: $0\state_q[2:0]
Creating decoders for process `\wire_mold_message_framer.$proc$rtl/arch_a/wire_mold_message_framer.sv:112$370'.
     1/16: $0\result_pending_q[0:0]
     2/16: $0\reject_pending_q[0:0]
     3/16: $0\header_ended_q[0:0]
     4/16: $0\message_empty_q[0:0]
     5/16: $0\payload_remaining_q[15:0]
     6/16: $0\message_length_q[15:0]
     7/16: $0\length_hi_q[7:0]
     8/16: $0\messages_done_q[15:0]
     9/16: $0\payload_action_q[2:0]
    10/16: $0\packet_count_q[15:0]
    11/16: $0\packet_sequence_q[63:0]
    12/16: $0\reject_code_q[1:0]
    13/16: $0\payload_valid_q[0:0]
    14/16: $0\payload_last_q[0:0]
    15/16: $0\payload_data_q[7:0]
    16/16: $0\state_q[3:0]
Creating decoders for process `\wire_mold_header_seq.$proc$rtl/arch_a/wire_mold_header_seq.sv:111$309'.
     1/27: $5$lookahead\header_q$308[151:0]$324
     2/27: $5$bitselwrite$pos$rtl/arch_a/wire_mold_header_seq.sv:180$284[31:0]$323
     3/27: $4$lookahead\header_q$308[151:0]$322
     4/27: $4$bitselwrite$pos$rtl/arch_a/wire_mold_header_seq.sv:180$284[31:0]$321
     5/27: $3$lookahead\header_q$308[151:0]$319
     6/27: $3$bitselwrite$pos$rtl/arch_a/wire_mold_header_seq.sv:180$284[31:0]$318
     7/27: $2$lookahead\header_q$308[151:0]$317
     8/27: $2$bitselwrite$pos$rtl/arch_a/wire_mold_header_seq.sv:180$284[31:0]$316
     9/27: $1$lookahead\header_q$308[151:0]$314
    10/27: $1$bitselwrite$pos$rtl/arch_a/wire_mold_header_seq.sv:180$284[31:0]$313
    11/27: $0\recovery_required_q[0:0]
    12/27: $0\controller_valid_q[0:0]
    13/27: $0\body_last_q[0:0]
    14/27: $0\body_valid_q[0:0]
    15/27: $0\body_data_q[7:0]
    16/27: $0\packet_valid_q[0:0]
    17/27: $0\packet_empty_q[0:0]
    18/27: $0\packet_count_q[15:0]
    19/27: $0\packet_sequence_q[63:0]
    20/27: $0\expected_sequence_q[63:0]
    21/27: $0\active_session_q[79:0]
    22/27: $0\pending_fatal_q[0:0]
    23/27: $0\pending_code_q[2:0]
    24/27: $0\reject_code_q[2:0]
    25/27: $0\reject_fatal_q[0:0]
    26/27: $0\header_index_q[4:0]
    27/27: $0\state_q[2:0]
Creating decoders for process `\wire_udp_parser.$proc$rtl/arch_a/wire_udp_parser.sv:66$241'.
     1/22: $5$lookahead\header_q$240[55:0]$260
     2/22: $5$bitselwrite$pos$rtl/arch_a/wire_udp_parser.sv:104$223[31:0]$259
     3/22: $4$lookahead\header_q$240[55:0]$257
     4/22: $4$bitselwrite$pos$rtl/arch_a/wire_udp_parser.sv:104$223[31:0]$256
     5/22: $3$lookahead\header_q$240[55:0]$253
     6/22: $3$bitselwrite$pos$rtl/arch_a/wire_udp_parser.sv:104$223[31:0]$252
     7/22: $2$lookahead\header_q$240[55:0]$251
     8/22: $2$bitselwrite$pos$rtl/arch_a/wire_udp_parser.sv:104$223[31:0]$250
     9/22: $1$lookahead\header_q$240[55:0]$245
    10/22: $1$bitselwrite$pos$rtl/arch_a/wire_udp_parser.sv:104$223[31:0]$244
    11/22: $0\pending_fatal_q[0:0]
    12/22: $0\pending_code_q[2:0]
    13/22: $0\actual_count_q[15:0]
    14/22: $0\declared_length_q[15:0]
    15/22: $0\remaining_q[15:0]
    16/22: $0\reject_code_q[2:0]
    17/22: $0\reject_fatal_q[0:0]
    18/22: $0\payload_valid_q[0:0]
    19/22: $0\payload_last_q[0:0]
    20/22: $0\payload_data_q[7:0]
    21/22: $0\header_index_q[3:0]
    22/22: $0\state_q[1:0]
Creating decoders for process `\wire_ipv4_parser.$proc$rtl/arch_a/wire_ipv4_parser.sv:102$177'.
     1/16: $7\classify_header$func$rtl/arch_a/wire_ipv4_parser.sv:102$94.$result[3:0]$222
     2/16: $6\classify_header$func$rtl/arch_a/wire_ipv4_parser.sv:102$94.$result[3:0]$220
     3/16: $5\classify_header$func$rtl/arch_a/wire_ipv4_parser.sv:102$94.$result[3:0]$218
     4/16: $4\classify_header$func$rtl/arch_a/wire_ipv4_parser.sv:102$94.$result[3:0]$215
     5/16: $3\classify_header$func$rtl/arch_a/wire_ipv4_parser.sv:102$94.$result[3:0]$198
     6/16: $3\checksum_valid$func$rtl/arch_a/wire_ipv4_parser.sv:76$95.sum[17:0]$201
     7/16: $3\checksum_valid$func$rtl/arch_a/wire_ipv4_parser.sv:76$95.h[159:0]$200
     8/16: $3\checksum_valid$func$rtl/arch_a/wire_ipv4_parser.sv:76$95.$result[0:0]$199
     9/16: $2\classify_header$func$rtl/arch_a/wire_ipv4_parser.sv:102$94.$result[3:0]$193
    10/16: $2\checksum_valid$func$rtl/arch_a/wire_ipv4_parser.sv:76$95.sum[17:0]$196
    11/16: $2\checksum_valid$func$rtl/arch_a/wire_ipv4_parser.sv:76$95.h[159:0]$195
    12/16: $2\checksum_valid$func$rtl/arch_a/wire_ipv4_parser.sv:76$95.$result[0:0]$194
    13/16: $1\classify_header$func$rtl/arch_a/wire_ipv4_parser.sv:102$94.$result[3:0]$188
    14/16: $1\checksum_valid$func$rtl/arch_a/wire_ipv4_parser.sv:76$95.sum[17:0]$191
    15/16: $1\checksum_valid$func$rtl/arch_a/wire_ipv4_parser.sv:76$95.h[159:0]$190
    16/16: $1\checksum_valid$func$rtl/arch_a/wire_ipv4_parser.sv:76$95.$result[0:0]$189
Creating decoders for process `\wire_ipv4_parser.$proc$rtl/arch_a/wire_ipv4_parser.sv:119$113'.
     1/31: $6\code_is_fatal$func$rtl/arch_a/wire_ipv4_parser.sv:173$93.code[3:0]$160
     2/31: $6\code_is_fatal$func$rtl/arch_a/wire_ipv4_parser.sv:173$93.$result[0:0]$159
     3/31: $5$lookahead\header_q$112[151:0]$145
     4/31: $5$bitselwrite$pos$rtl/arch_a/wire_ipv4_parser.sv:155$92[31:0]$142
     5/31: $5\code_is_fatal$func$rtl/arch_a/wire_ipv4_parser.sv:173$93.code[3:0]$144
     6/31: $5\code_is_fatal$func$rtl/arch_a/wire_ipv4_parser.sv:173$93.$result[0:0]$143
     7/31: $4$lookahead\header_q$112[151:0]$140
     8/31: $4\code_is_fatal$func$rtl/arch_a/wire_ipv4_parser.sv:173$93.code[3:0]$139
     9/31: $4\code_is_fatal$func$rtl/arch_a/wire_ipv4_parser.sv:173$93.$result[0:0]$138
    10/31: $4$bitselwrite$pos$rtl/arch_a/wire_ipv4_parser.sv:155$92[31:0]$137
    11/31: $3$lookahead\header_q$112[151:0]$134
    12/31: $3\code_is_fatal$func$rtl/arch_a/wire_ipv4_parser.sv:173$93.code[3:0]$133
    13/31: $3\code_is_fatal$func$rtl/arch_a/wire_ipv4_parser.sv:173$93.$result[0:0]$132
    14/31: $3$bitselwrite$pos$rtl/arch_a/wire_ipv4_parser.sv:155$92[31:0]$131
    15/31: $2$lookahead\header_q$112[151:0]$130
    16/31: $2\code_is_fatal$func$rtl/arch_a/wire_ipv4_parser.sv:173$93.code[3:0]$129
    17/31: $2\code_is_fatal$func$rtl/arch_a/wire_ipv4_parser.sv:173$93.$result[0:0]$128
    18/31: $2$bitselwrite$pos$rtl/arch_a/wire_ipv4_parser.sv:155$92[31:0]$127
    19/31: $1$lookahead\header_q$112[151:0]$121
    20/31: $1\code_is_fatal$func$rtl/arch_a/wire_ipv4_parser.sv:173$93.code[3:0]$120
    21/31: $1\code_is_fatal$func$rtl/arch_a/wire_ipv4_parser.sv:173$93.$result[0:0]$119
    22/31: $1$bitselwrite$pos$rtl/arch_a/wire_ipv4_parser.sv:155$92[31:0]$118
    23/31: $0\payload_physical_last_q[0:0]
    24/31: $0\remaining_q[15:0]
    25/31: $0\reject_code_q[3:0]
    26/31: $0\reject_fatal_q[0:0]
    27/31: $0\payload_valid_q[0:0]
    28/31: $0\payload_last_q[0:0]
    29/31: $0\payload_data_q[7:0]
    30/31: $0\header_index_q[4:0]
    31/31: $0\state_q[2:0]
Creating decoders for process `\wire_eth_parser.$proc$rtl/arch_a/wire_eth_parser.sv:55$82'.
     1/8: $0\reject_code_q[1:0]
     2/8: $0\reject_fatal_q[0:0]
     3/8: $0\payload_valid_q[0:0]
     4/8: $0\payload_last_q[0:0]
     5/8: $0\payload_data_q[7:0]
     6/8: $0\ethertype_high_q[7:0]
     7/8: $0\header_index_q[3:0]
     8/8: $0\state_q[1:0]
Creating decoders for process `\wire_gearbox_64to8.$proc$rtl/arch_a/wire_gearbox_64to8.sv:49$57'.
     1/10: $3\keep_count$func$rtl/arch_a/wire_gearbox_64to8.sv:58$44.$result[3:0]$65
     2/10: $2\keep_count$func$rtl/arch_a/wire_gearbox_64to8.sv:58$44.$result[3:0]$63
     3/10: $2\keep_count$func$rtl/arch_a/wire_gearbox_64to8.sv:58$44.keep[7:0]$64
     4/10: $1\keep_count$func$rtl/arch_a/wire_gearbox_64to8.sv:58$44.keep[7:0]$61
     5/10: $1\keep_count$func$rtl/arch_a/wire_gearbox_64to8.sv:58$44.$result[3:0]$60
     6/10: $0\valid_q[0:0]
     7/10: $0\index_q[2:0]
     8/10: $0\count_q[3:0]
     9/10: $0\last_q[0:0]
    10/10: $0\data_q[63:0]
Creating decoders for process `\wire_ingress_buffer.$proc$rtl/common/wire_ingress_buffer.sv:37$12'.
     1/21: $2$memwr$\last_q$rtl/common/wire_ingress_buffer.sv:46$3_EN[0:0]$39
     2/21: $2$memwr$\last_q$rtl/common/wire_ingress_buffer.sv:46$3_DATA[0:0]$38
     3/21: $2$memwr$\last_q$rtl/common/wire_ingress_buffer.sv:46$3_ADDR[0:0]$37
     4/21: $2$memwr$\keep_q$rtl/common/wire_ingress_buffer.sv:45$2_EN[7:0]$36
     5/21: $2$memwr$\keep_q$rtl/common/wire_ingress_buffer.sv:45$2_DATA[7:0]$35
     6/21: $2$memwr$\keep_q$rtl/common/wire_ingress_buffer.sv:45$2_ADDR[0:0]$34
     7/21: $2$memwr$\data_q$rtl/common/wire_ingress_buffer.sv:44$1_EN[63:0]$33
     8/21: $2$memwr$\data_q$rtl/common/wire_ingress_buffer.sv:44$1_DATA[63:0]$32
     9/21: $2$memwr$\data_q$rtl/common/wire_ingress_buffer.sv:44$1_ADDR[0:0]$31
    10/21: $0\count_q[1:0]
    11/21: $1$memwr$\last_q$rtl/common/wire_ingress_buffer.sv:46$3_EN[0:0]$30
    12/21: $1$memwr$\last_q$rtl/common/wire_ingress_buffer.sv:46$3_DATA[0:0]$29
    13/21: $1$memwr$\last_q$rtl/common/wire_ingress_buffer.sv:46$3_ADDR[0:0]$28
    14/21: $1$memwr$\keep_q$rtl/common/wire_ingress_buffer.sv:45$2_EN[7:0]$27
    15/21: $1$memwr$\keep_q$rtl/common/wire_ingress_buffer.sv:45$2_DATA[7:0]$26
    16/21: $1$memwr$\keep_q$rtl/common/wire_ingress_buffer.sv:45$2_ADDR[0:0]$25
    17/21: $1$memwr$\data_q$rtl/common/wire_ingress_buffer.sv:44$1_EN[63:0]$24
    18/21: $1$memwr$\data_q$rtl/common/wire_ingress_buffer.sv:44$1_DATA[63:0]$23
    19/21: $1$memwr$\data_q$rtl/common/wire_ingress_buffer.sv:44$1_ADDR[0:0]$22
    20/21: $0\write_ptr_q[0:0]
    21/21: $0\read_ptr_q[0:0]

11.2.8. Executing PROC_DLATCH pass (convert process syncs to latches).
No latch inferred for signal `\wire_itch_decoder.\required_length$func$rtl/arch_a/wire_itch_decoder.sv:112$389.$result' from process `\wire_itch_decoder.$proc$rtl/arch_a/wire_itch_decoder.sv:112$737'.
No latch inferred for signal `\wire_itch_decoder.\required_length$func$rtl/arch_a/wire_itch_decoder.sv:112$388.$result' from process `\wire_itch_decoder.$proc$rtl/arch_a/wire_itch_decoder.sv:112$732'.
No latch inferred for signal `\wire_ipv4_parser.\classify_header$func$rtl/arch_a/wire_ipv4_parser.sv:102$91.$result' from process `\wire_ipv4_parser.$proc$rtl/arch_a/wire_ipv4_parser.sv:102$177'.

11.2.9. Executing PROC_DFF pass (convert process syncs to FFs).
Creating register for signal `\wire_arch_a_parser_top.\parser_recovery_q' using process `\wire_arch_a_parser_top.$proc$rtl/arch_a/wire_arch_a_parser_top.sv:136$769'.
  created $dff cell `$procdff$5298' with positive edge clock.
Creating register for signal `\wire_arch_a_parser_top.\recovery_stage_q' using process `\wire_arch_a_parser_top.$proc$rtl/arch_a/wire_arch_a_parser_top.sv:136$769'.
  created $dff cell `$procdff$5299' with positive edge clock.
Creating register for signal `\wire_arch_a_parser_top.\frame_open_q' using process `\wire_arch_a_parser_top.$proc$rtl/arch_a/wire_arch_a_parser_top.sv:136$769'.
  created $dff cell `$procdff$5300' with positive edge clock.
Creating register for signal `\wire_itch_decoder.\state_q' using process `\wire_itch_decoder.$proc$rtl/arch_a/wire_itch_decoder.sv:137$428'.
  created $dff cell `$procdff$5301' with positive edge clock.
Creating register for signal `\wire_itch_decoder.\reject_code_q' using process `\wire_itch_decoder.$proc$rtl/arch_a/wire_itch_decoder.sv:137$428'.
  created $dff cell `$procdff$5302' with positive edge clock.
Creating register for signal `\wire_itch_decoder.\declared_length_q' using process `\wire_itch_decoder.$proc$rtl/arch_a/wire_itch_decoder.sv:137$428'.
  created $dff cell `$procdff$5303' with positive edge clock.
Creating register for signal `\wire_itch_decoder.\recovery_required' using process `\wire_itch_decoder.$proc$rtl/arch_a/wire_itch_decoder.sv:137$428'.
  created $dff cell `$procdff$5304' with positive edge clock.
Creating register for signal `\wire_itch_decoder.\reject_pending_q' using process `\wire_itch_decoder.$proc$rtl/arch_a/wire_itch_decoder.sv:137$428'.
  created $dff cell `$procdff$5305' with positive edge clock.
Creating register for signal `\wire_itch_decoder.\byte_index_q' using process `\wire_itch_decoder.$proc$rtl/arch_a/wire_itch_decoder.sv:137$428'.
  created $dff cell `$procdff$5306' with positive edge clock.
Creating register for signal `\wire_itch_decoder.\message_sequence_q' using process `\wire_itch_decoder.$proc$rtl/arch_a/wire_itch_decoder.sv:137$428'.
  created $dff cell `$procdff$5307' with positive edge clock.
Creating register for signal `\wire_itch_decoder.\tracked_locate_q' using process `\wire_itch_decoder.$proc$rtl/arch_a/wire_itch_decoder.sv:137$428'.
  created $dff cell `$procdff$5308' with positive edge clock.
Creating register for signal `\wire_itch_decoder.\symbol_enable_q' using process `\wire_itch_decoder.$proc$rtl/arch_a/wire_itch_decoder.sv:137$428'.
  created $dff cell `$procdff$5309' with positive edge clock.
Creating register for signal `\wire_itch_decoder.\expected_symbol_q' using process `\wire_itch_decoder.$proc$rtl/arch_a/wire_itch_decoder.sv:137$428'.
  created $dff cell `$procdff$5310' with positive edge clock.
Creating register for signal `\wire_itch_decoder.\event_kind_q' using process `\wire_itch_decoder.$proc$rtl/arch_a/wire_itch_decoder.sv:137$428'.
  created $dff cell `$procdff$5311' with positive edge clock.
Creating register for signal `\wire_itch_decoder.\source_type_q' using process `\wire_itch_decoder.$proc$rtl/arch_a/wire_itch_decoder.sv:137$428'.
  created $dff cell `$procdff$5312' with positive edge clock.
Creating register for signal `\wire_itch_decoder.\mold_sequence_q' using process `\wire_itch_decoder.$proc$rtl/arch_a/wire_itch_decoder.sv:137$428'.
  created $dff cell `$procdff$5313' with positive edge clock.
Creating register for signal `\wire_itch_decoder.\timestamp_q' using process `\wire_itch_decoder.$proc$rtl/arch_a/wire_itch_decoder.sv:137$428'.
  created $dff cell `$procdff$5314' with positive edge clock.
Creating register for signal `\wire_itch_decoder.\stock_locate_q' using process `\wire_itch_decoder.$proc$rtl/arch_a/wire_itch_decoder.sv:137$428'.
  created $dff cell `$procdff$5315' with positive edge clock.
Creating register for signal `\wire_itch_decoder.\old_ref_q' using process `\wire_itch_decoder.$proc$rtl/arch_a/wire_itch_decoder.sv:137$428'.
  created $dff cell `$procdff$5316' with positive edge clock.
Creating register for signal `\wire_itch_decoder.\new_ref_q' using process `\wire_itch_decoder.$proc$rtl/arch_a/wire_itch_decoder.sv:137$428'.
  created $dff cell `$procdff$5317' with positive edge clock.
Creating register for signal `\wire_itch_decoder.\quantity_q' using process `\wire_itch_decoder.$proc$rtl/arch_a/wire_itch_decoder.sv:137$428'.
  created $dff cell `$procdff$5318' with positive edge clock.
Creating register for signal `\wire_itch_decoder.\price_q' using process `\wire_itch_decoder.$proc$rtl/arch_a/wire_itch_decoder.sv:137$428'.
  created $dff cell `$procdff$5319' with positive edge clock.
Creating register for signal `\wire_itch_decoder.\side_q' using process `\wire_itch_decoder.$proc$rtl/arch_a/wire_itch_decoder.sv:137$428'.
  created $dff cell `$procdff$5320' with positive edge clock.
Creating register for signal `\wire_itch_decoder.\old_valid_q' using process `\wire_itch_decoder.$proc$rtl/arch_a/wire_itch_decoder.sv:137$428'.
  created $dff cell `$procdff$5321' with positive edge clock.
Creating register for signal `\wire_itch_decoder.\new_valid_q' using process `\wire_itch_decoder.$proc$rtl/arch_a/wire_itch_decoder.sv:137$428'.
  created $dff cell `$procdff$5322' with positive edge clock.
Creating register for signal `\wire_itch_decoder.\quantity_valid_q' using process `\wire_itch_decoder.$proc$rtl/arch_a/wire_itch_decoder.sv:137$428'.
  created $dff cell `$procdff$5323' with positive edge clock.
Creating register for signal `\wire_itch_decoder.\price_valid_q' using process `\wire_itch_decoder.$proc$rtl/arch_a/wire_itch_decoder.sv:137$428'.
  created $dff cell `$procdff$5324' with positive edge clock.
Creating register for signal `\wire_itch_decoder.\side_valid_q' using process `\wire_itch_decoder.$proc$rtl/arch_a/wire_itch_decoder.sv:137$428'.
  created $dff cell `$procdff$5325' with positive edge clock.
Creating register for signal `\wire_itch_decoder.\u48$func$rtl/arch_a/wire_itch_decoder.sv:199$390.$result' using process `\wire_itch_decoder.$proc$rtl/arch_a/wire_itch_decoder.sv:137$428'.
  created $dff cell `$procdff$5326' with positive edge clock.
Creating register for signal `\wire_itch_decoder.\u16$func$rtl/arch_a/wire_itch_decoder.sv:200$391.$result' using process `\wire_itch_decoder.$proc$rtl/arch_a/wire_itch_decoder.sv:137$428'.
  created $dff cell `$procdff$5327' with positive edge clock.
Creating register for signal `\wire_itch_decoder.\u16$func$rtl/arch_a/wire_itch_decoder.sv:205$392.$result' using process `\wire_itch_decoder.$proc$rtl/arch_a/wire_itch_decoder.sv:137$428'.
  created $dff cell `$procdff$5328' with positive edge clock.
Creating register for signal `\wire_itch_decoder.\u64$func$rtl/arch_a/wire_itch_decoder.sv:212$393.$result' using process `\wire_itch_decoder.$proc$rtl/arch_a/wire_itch_decoder.sv:137$428'.
  created $dff cell `$procdff$5329' with positive edge clock.
Creating register for signal `\wire_itch_decoder.\u32$func$rtl/arch_a/wire_itch_decoder.sv:212$394.$result' using process `\wire_itch_decoder.$proc$rtl/arch_a/wire_itch_decoder.sv:137$428'.
  created $dff cell `$procdff$5330' with positive edge clock.
Creating register for signal `\wire_itch_decoder.\u32$func$rtl/arch_a/wire_itch_decoder.sv:212$395.$result' using process `\wire_itch_decoder.$proc$rtl/arch_a/wire_itch_decoder.sv:137$428'.
  created $dff cell `$procdff$5331' with positive edge clock.
Creating register for signal `\wire_itch_decoder.\u64$func$rtl/arch_a/wire_itch_decoder.sv:218$396.$result' using process `\wire_itch_decoder.$proc$rtl/arch_a/wire_itch_decoder.sv:137$428'.
  created $dff cell `$procdff$5332' with positive edge clock.
Creating register for signal `\wire_itch_decoder.\u32$func$rtl/arch_a/wire_itch_decoder.sv:218$397.$result' using process `\wire_itch_decoder.$proc$rtl/arch_a/wire_itch_decoder.sv:137$428'.
  created $dff cell `$procdff$5333' with positive edge clock.
Creating register for signal `\wire_itch_decoder.\u64$func$rtl/arch_a/wire_itch_decoder.sv:219$398.$result' using process `\wire_itch_decoder.$proc$rtl/arch_a/wire_itch_decoder.sv:137$428'.
  created $dff cell `$procdff$5334' with positive edge clock.
Creating register for signal `\wire_itch_decoder.\u32$func$rtl/arch_a/wire_itch_decoder.sv:219$399.$result' using process `\wire_itch_decoder.$proc$rtl/arch_a/wire_itch_decoder.sv:137$428'.
  created $dff cell `$procdff$5335' with positive edge clock.
Creating register for signal `\wire_itch_decoder.\u64$func$rtl/arch_a/wire_itch_decoder.sv:220$400.$result' using process `\wire_itch_decoder.$proc$rtl/arch_a/wire_itch_decoder.sv:137$428'.
  created $dff cell `$procdff$5336' with positive edge clock.
Creating register for signal `\wire_itch_decoder.\u32$func$rtl/arch_a/wire_itch_decoder.sv:220$401.$result' using process `\wire_itch_decoder.$proc$rtl/arch_a/wire_itch_decoder.sv:137$428'.
  created $dff cell `$procdff$5337' with positive edge clock.
Creating register for signal `\wire_itch_decoder.\u64$func$rtl/arch_a/wire_itch_decoder.sv:221$402.$result' using process `\wire_itch_decoder.$proc$rtl/arch_a/wire_itch_decoder.sv:137$428'.
  created $dff cell `$procdff$5338' with positive edge clock.
Creating register for signal `\wire_itch_decoder.\u64$func$rtl/arch_a/wire_itch_decoder.sv:222$403.$result' using process `\wire_itch_decoder.$proc$rtl/arch_a/wire_itch_decoder.sv:137$428'.
  created $dff cell `$procdff$5339' with positive edge clock.
Creating register for signal `\wire_itch_decoder.\u64$func$rtl/arch_a/wire_itch_decoder.sv:222$404.$result' using process `\wire_itch_decoder.$proc$rtl/arch_a/wire_itch_decoder.sv:137$428'.
  created $dff cell `$procdff$5340' with positive edge clock.
Creating register for signal `\wire_itch_decoder.\u32$func$rtl/arch_a/wire_itch_decoder.sv:222$405.$result' using process `\wire_itch_decoder.$proc$rtl/arch_a/wire_itch_decoder.sv:137$428'.
  created $dff cell `$procdff$5341' with positive edge clock.
Creating register for signal `\wire_itch_decoder.\u32$func$rtl/arch_a/wire_itch_decoder.sv:222$406.$result' using process `\wire_itch_decoder.$proc$rtl/arch_a/wire_itch_decoder.sv:137$428'.
  created $dff cell `$procdff$5342' with positive edge clock.
Creating register for signal `\wire_itch_decoder.$memwr$\bytes_q$rtl/arch_a/wire_itch_decoder.sv:167$409_ADDR' using process `\wire_itch_decoder.$proc$rtl/arch_a/wire_itch_decoder.sv:137$428'.
  created $dff cell `$procdff$5343' with positive edge clock.
Creating register for signal `\wire_itch_decoder.$memwr$\bytes_q$rtl/arch_a/wire_itch_decoder.sv:167$409_DATA' using process `\wire_itch_decoder.$proc$rtl/arch_a/wire_itch_decoder.sv:137$428'.
  created $dff cell `$procdff$5344' with positive edge clock.
Creating register for signal `\wire_itch_decoder.$memwr$\bytes_q$rtl/arch_a/wire_itch_decoder.sv:167$409_EN' using process `\wire_itch_decoder.$proc$rtl/arch_a/wire_itch_decoder.sv:137$428'.
  created $dff cell `$procdff$5345' with positive edge clock.
Creating register for signal `\wire_mold_message_framer.\state_q' using process `\wire_mold_message_framer.$proc$rtl/arch_a/wire_mold_message_framer.sv:112$370'.
  created $dff cell `$procdff$5346' with positive edge clock.
Creating register for signal `\wire_mold_message_framer.\payload_data_q' using process `\wire_mold_message_framer.$proc$rtl/arch_a/wire_mold_message_framer.sv:112$370'.
  created $dff cell `$procdff$5347' with positive edge clock.
Creating register for signal `\wire_mold_message_framer.\payload_last_q' using process `\wire_mold_message_framer.$proc$rtl/arch_a/wire_mold_message_framer.sv:112$370'.
  created $dff cell `$procdff$5348' with positive edge clock.
Creating register for signal `\wire_mold_message_framer.\payload_valid_q' using process `\wire_mold_message_framer.$proc$rtl/arch_a/wire_mold_message_framer.sv:112$370'.
  created $dff cell `$procdff$5349' with positive edge clock.
Creating register for signal `\wire_mold_message_framer.\reject_code_q' using process `\wire_mold_message_framer.$proc$rtl/arch_a/wire_mold_message_framer.sv:112$370'.
  created $dff cell `$procdff$5350' with positive edge clock.
Creating register for signal `\wire_mold_message_framer.\packet_sequence_q' using process `\wire_mold_message_framer.$proc$rtl/arch_a/wire_mold_message_framer.sv:112$370'.
  created $dff cell `$procdff$5351' with positive edge clock.
Creating register for signal `\wire_mold_message_framer.\packet_count_q' using process `\wire_mold_message_framer.$proc$rtl/arch_a/wire_mold_message_framer.sv:112$370'.
  created $dff cell `$procdff$5352' with positive edge clock.
Creating register for signal `\wire_mold_message_framer.\payload_action_q' using process `\wire_mold_message_framer.$proc$rtl/arch_a/wire_mold_message_framer.sv:112$370'.
  created $dff cell `$procdff$5353' with positive edge clock.
Creating register for signal `\wire_mold_message_framer.\messages_done_q' using process `\wire_mold_message_framer.$proc$rtl/arch_a/wire_mold_message_framer.sv:112$370'.
  created $dff cell `$procdff$5354' with positive edge clock.
Creating register for signal `\wire_mold_message_framer.\length_hi_q' using process `\wire_mold_message_framer.$proc$rtl/arch_a/wire_mold_message_framer.sv:112$370'.
  created $dff cell `$procdff$5355' with positive edge clock.
Creating register for signal `\wire_mold_message_framer.\message_length_q' using process `\wire_mold_message_framer.$proc$rtl/arch_a/wire_mold_message_framer.sv:112$370'.
  created $dff cell `$procdff$5356' with positive edge clock.
Creating register for signal `\wire_mold_message_framer.\payload_remaining_q' using process `\wire_mold_message_framer.$proc$rtl/arch_a/wire_mold_message_framer.sv:112$370'.
  created $dff cell `$procdff$5357' with positive edge clock.
Creating register for signal `\wire_mold_message_framer.\message_empty_q' using process `\wire_mold_message_framer.$proc$rtl/arch_a/wire_mold_message_framer.sv:112$370'.
  created $dff cell `$procdff$5358' with positive edge clock.
Creating register for signal `\wire_mold_message_framer.\header_ended_q' using process `\wire_mold_message_framer.$proc$rtl/arch_a/wire_mold_message_framer.sv:112$370'.
  created $dff cell `$procdff$5359' with positive edge clock.
Creating register for signal `\wire_mold_message_framer.\reject_pending_q' using process `\wire_mold_message_framer.$proc$rtl/arch_a/wire_mold_message_framer.sv:112$370'.
  created $dff cell `$procdff$5360' with positive edge clock.
Creating register for signal `\wire_mold_message_framer.\result_pending_q' using process `\wire_mold_message_framer.$proc$rtl/arch_a/wire_mold_message_framer.sv:112$370'.
  created $dff cell `$procdff$5361' with positive edge clock.
Creating register for signal `\wire_mold_header_seq.\state_q' using process `\wire_mold_header_seq.$proc$rtl/arch_a/wire_mold_header_seq.sv:111$309'.
  created $dff cell `$procdff$5362' with positive edge clock.
Creating register for signal `\wire_mold_header_seq.\header_index_q' using process `\wire_mold_header_seq.$proc$rtl/arch_a/wire_mold_header_seq.sv:111$309'.
  created $dff cell `$procdff$5363' with positive edge clock.
Creating register for signal `\wire_mold_header_seq.\reject_fatal_q' using process `\wire_mold_header_seq.$proc$rtl/arch_a/wire_mold_header_seq.sv:111$309'.
  created $dff cell `$procdff$5364' with positive edge clock.
Creating register for signal `\wire_mold_header_seq.\reject_code_q' using process `\wire_mold_header_seq.$proc$rtl/arch_a/wire_mold_header_seq.sv:111$309'.
  created $dff cell `$procdff$5365' with positive edge clock.
Creating register for signal `\wire_mold_header_seq.\header_q' using process `\wire_mold_header_seq.$proc$rtl/arch_a/wire_mold_header_seq.sv:111$309'.
  created $dff cell `$procdff$5366' with positive edge clock.
Creating register for signal `\wire_mold_header_seq.\pending_code_q' using process `\wire_mold_header_seq.$proc$rtl/arch_a/wire_mold_header_seq.sv:111$309'.
  created $dff cell `$procdff$5367' with positive edge clock.
Creating register for signal `\wire_mold_header_seq.\pending_fatal_q' using process `\wire_mold_header_seq.$proc$rtl/arch_a/wire_mold_header_seq.sv:111$309'.
  created $dff cell `$procdff$5368' with positive edge clock.
Creating register for signal `\wire_mold_header_seq.\active_session_q' using process `\wire_mold_header_seq.$proc$rtl/arch_a/wire_mold_header_seq.sv:111$309'.
  created $dff cell `$procdff$5369' with positive edge clock.
Creating register for signal `\wire_mold_header_seq.\expected_sequence_q' using process `\wire_mold_header_seq.$proc$rtl/arch_a/wire_mold_header_seq.sv:111$309'.
  created $dff cell `$procdff$5370' with positive edge clock.
Creating register for signal `\wire_mold_header_seq.\packet_sequence_q' using process `\wire_mold_header_seq.$proc$rtl/arch_a/wire_mold_header_seq.sv:111$309'.
  created $dff cell `$procdff$5371' with positive edge clock.
Creating register for signal `\wire_mold_header_seq.\packet_count_q' using process `\wire_mold_header_seq.$proc$rtl/arch_a/wire_mold_header_seq.sv:111$309'.
  created $dff cell `$procdff$5372' with positive edge clock.
Creating register for signal `\wire_mold_header_seq.\packet_empty_q' using process `\wire_mold_header_seq.$proc$rtl/arch_a/wire_mold_header_seq.sv:111$309'.
  created $dff cell `$procdff$5373' with positive edge clock.
Creating register for signal `\wire_mold_header_seq.\packet_valid_q' using process `\wire_mold_header_seq.$proc$rtl/arch_a/wire_mold_header_seq.sv:111$309'.
  created $dff cell `$procdff$5374' with positive edge clock.
Creating register for signal `\wire_mold_header_seq.\body_data_q' using process `\wire_mold_header_seq.$proc$rtl/arch_a/wire_mold_header_seq.sv:111$309'.
  created $dff cell `$procdff$5375' with positive edge clock.
Creating register for signal `\wire_mold_header_seq.\body_valid_q' using process `\wire_mold_header_seq.$proc$rtl/arch_a/wire_mold_header_seq.sv:111$309'.
  created $dff cell `$procdff$5376' with positive edge clock.
Creating register for signal `\wire_mold_header_seq.\body_last_q' using process `\wire_mold_header_seq.$proc$rtl/arch_a/wire_mold_header_seq.sv:111$309'.
  created $dff cell `$procdff$5377' with positive edge clock.
Creating register for signal `\wire_mold_header_seq.\controller_valid_q' using process `\wire_mold_header_seq.$proc$rtl/arch_a/wire_mold_header_seq.sv:111$309'.
  created $dff cell `$procdff$5378' with positive edge clock.
Creating register for signal `\wire_mold_header_seq.\recovery_required_q' using process `\wire_mold_header_seq.$proc$rtl/arch_a/wire_mold_header_seq.sv:111$309'.
  created $dff cell `$procdff$5379' with positive edge clock.
Creating register for signal `\wire_mold_header_seq.$bitselwrite$pos$rtl/arch_a/wire_mold_header_seq.sv:180$284' using process `\wire_mold_header_seq.$proc$rtl/arch_a/wire_mold_header_seq.sv:111$309'.
  created $dff cell `$procdff$5380' with positive edge clock.
Creating register for signal `\wire_mold_header_seq.$lookahead\header_q$308' using process `\wire_mold_header_seq.$proc$rtl/arch_a/wire_mold_header_seq.sv:111$309'.
  created $dff cell `$procdff$5381' with positive edge clock.
Creating register for signal `\wire_udp_parser.\state_q' using process `\wire_udp_parser.$proc$rtl/arch_a/wire_udp_parser.sv:66$241'.
  created $dff cell `$procdff$5382' with positive edge clock.
Creating register for signal `\wire_udp_parser.\header_index_q' using process `\wire_udp_parser.$proc$rtl/arch_a/wire_udp_parser.sv:66$241'.
  created $dff cell `$procdff$5383' with positive edge clock.
Creating register for signal `\wire_udp_parser.\payload_data_q' using process `\wire_udp_parser.$proc$rtl/arch_a/wire_udp_parser.sv:66$241'.
  created $dff cell `$procdff$5384' with positive edge clock.
Creating register for signal `\wire_udp_parser.\payload_last_q' using process `\wire_udp_parser.$proc$rtl/arch_a/wire_udp_parser.sv:66$241'.
  created $dff cell `$procdff$5385' with positive edge clock.
Creating register for signal `\wire_udp_parser.\payload_valid_q' using process `\wire_udp_parser.$proc$rtl/arch_a/wire_udp_parser.sv:66$241'.
  created $dff cell `$procdff$5386' with positive edge clock.
Creating register for signal `\wire_udp_parser.\reject_fatal_q' using process `\wire_udp_parser.$proc$rtl/arch_a/wire_udp_parser.sv:66$241'.
  created $dff cell `$procdff$5387' with positive edge clock.
Creating register for signal `\wire_udp_parser.\reject_code_q' using process `\wire_udp_parser.$proc$rtl/arch_a/wire_udp_parser.sv:66$241'.
  created $dff cell `$procdff$5388' with positive edge clock.
Creating register for signal `\wire_udp_parser.\header_q' using process `\wire_udp_parser.$proc$rtl/arch_a/wire_udp_parser.sv:66$241'.
  created $dff cell `$procdff$5389' with positive edge clock.
Creating register for signal `\wire_udp_parser.\remaining_q' using process `\wire_udp_parser.$proc$rtl/arch_a/wire_udp_parser.sv:66$241'.
  created $dff cell `$procdff$5390' with positive edge clock.
Creating register for signal `\wire_udp_parser.\declared_length_q' using process `\wire_udp_parser.$proc$rtl/arch_a/wire_udp_parser.sv:66$241'.
  created $dff cell `$procdff$5391' with positive edge clock.
Creating register for signal `\wire_udp_parser.\actual_count_q' using process `\wire_udp_parser.$proc$rtl/arch_a/wire_udp_parser.sv:66$241'.
  created $dff cell `$procdff$5392' with positive edge clock.
Creating register for signal `\wire_udp_parser.\pending_code_q' using process `\wire_udp_parser.$proc$rtl/arch_a/wire_udp_parser.sv:66$241'.
  created $dff cell `$procdff$5393' with positive edge clock.
Creating register for signal `\wire_udp_parser.\pending_fatal_q' using process `\wire_udp_parser.$proc$rtl/arch_a/wire_udp_parser.sv:66$241'.
  created $dff cell `$procdff$5394' with positive edge clock.
Creating register for signal `\wire_udp_parser.$bitselwrite$pos$rtl/arch_a/wire_udp_parser.sv:104$223' using process `\wire_udp_parser.$proc$rtl/arch_a/wire_udp_parser.sv:66$241'.
  created $dff cell `$procdff$5395' with positive edge clock.
Creating register for signal `\wire_udp_parser.$lookahead\header_q$240' using process `\wire_udp_parser.$proc$rtl/arch_a/wire_udp_parser.sv:66$241'.
  created $dff cell `$procdff$5396' with positive edge clock.
Creating register for signal `\wire_ipv4_parser.\state_q' using process `\wire_ipv4_parser.$proc$rtl/arch_a/wire_ipv4_parser.sv:119$113'.
  created $dff cell `$procdff$5397' with positive edge clock.
Creating register for signal `\wire_ipv4_parser.\header_index_q' using process `\wire_ipv4_parser.$proc$rtl/arch_a/wire_ipv4_parser.sv:119$113'.
  created $dff cell `$procdff$5398' with positive edge clock.
Creating register for signal `\wire_ipv4_parser.\payload_data_q' using process `\wire_ipv4_parser.$proc$rtl/arch_a/wire_ipv4_parser.sv:119$113'.
  created $dff cell `$procdff$5399' with positive edge clock.
Creating register for signal `\wire_ipv4_parser.\payload_last_q' using process `\wire_ipv4_parser.$proc$rtl/arch_a/wire_ipv4_parser.sv:119$113'.
  created $dff cell `$procdff$5400' with positive edge clock.
Creating register for signal `\wire_ipv4_parser.\payload_valid_q' using process `\wire_ipv4_parser.$proc$rtl/arch_a/wire_ipv4_parser.sv:119$113'.
  created $dff cell `$procdff$5401' with positive edge clock.
Creating register for signal `\wire_ipv4_parser.\reject_fatal_q' using process `\wire_ipv4_parser.$proc$rtl/arch_a/wire_ipv4_parser.sv:119$113'.
  created $dff cell `$procdff$5402' with positive edge clock.
Creating register for signal `\wire_ipv4_parser.\reject_code_q' using process `\wire_ipv4_parser.$proc$rtl/arch_a/wire_ipv4_parser.sv:119$113'.
  created $dff cell `$procdff$5403' with positive edge clock.
Creating register for signal `\wire_ipv4_parser.\header_q' using process `\wire_ipv4_parser.$proc$rtl/arch_a/wire_ipv4_parser.sv:119$113'.
  created $dff cell `$procdff$5404' with positive edge clock.
Creating register for signal `\wire_ipv4_parser.\remaining_q' using process `\wire_ipv4_parser.$proc$rtl/arch_a/wire_ipv4_parser.sv:119$113'.
  created $dff cell `$procdff$5405' with positive edge clock.
Creating register for signal `\wire_ipv4_parser.\payload_physical_last_q' using process `\wire_ipv4_parser.$proc$rtl/arch_a/wire_ipv4_parser.sv:119$113'.
  created $dff cell `$procdff$5406' with positive edge clock.
Creating register for signal `\wire_ipv4_parser.$bitselwrite$pos$rtl/arch_a/wire_ipv4_parser.sv:155$92' using process `\wire_ipv4_parser.$proc$rtl/arch_a/wire_ipv4_parser.sv:119$113'.
  created $dff cell `$procdff$5407' with positive edge clock.
Creating register for signal `\wire_ipv4_parser.\code_is_fatal$func$rtl/arch_a/wire_ipv4_parser.sv:173$93.$result' using process `\wire_ipv4_parser.$proc$rtl/arch_a/wire_ipv4_parser.sv:119$113'.
  created $dff cell `$procdff$5408' with positive edge clock.
Creating register for signal `\wire_ipv4_parser.\code_is_fatal$func$rtl/arch_a/wire_ipv4_parser.sv:173$93.code' using process `\wire_ipv4_parser.$proc$rtl/arch_a/wire_ipv4_parser.sv:119$113'.
  created $dff cell `$procdff$5409' with positive edge clock.
Creating register for signal `\wire_ipv4_parser.$lookahead\header_q$112' using process `\wire_ipv4_parser.$proc$rtl/arch_a/wire_ipv4_parser.sv:119$113'.
  created $dff cell `$procdff$5410' with positive edge clock.
Creating register for signal `\wire_eth_parser.\state_q' using process `\wire_eth_parser.$proc$rtl/arch_a/wire_eth_parser.sv:55$82'.
  created $dff cell `$procdff$5411' with positive edge clock.
Creating register for signal `\wire_eth_parser.\header_index_q' using process `\wire_eth_parser.$proc$rtl/arch_a/wire_eth_parser.sv:55$82'.
  created $dff cell `$procdff$5412' with positive edge clock.
Creating register for signal `\wire_eth_parser.\ethertype_high_q' using process `\wire_eth_parser.$proc$rtl/arch_a/wire_eth_parser.sv:55$82'.
  created $dff cell `$procdff$5413' with positive edge clock.
Creating register for signal `\wire_eth_parser.\payload_data_q' using process `\wire_eth_parser.$proc$rtl/arch_a/wire_eth_parser.sv:55$82'.
  created $dff cell `$procdff$5414' with positive edge clock.
Creating register for signal `\wire_eth_parser.\payload_last_q' using process `\wire_eth_parser.$proc$rtl/arch_a/wire_eth_parser.sv:55$82'.
  created $dff cell `$procdff$5415' with positive edge clock.
Creating register for signal `\wire_eth_parser.\payload_valid_q' using process `\wire_eth_parser.$proc$rtl/arch_a/wire_eth_parser.sv:55$82'.
  created $dff cell `$procdff$5416' with positive edge clock.
Creating register for signal `\wire_eth_parser.\reject_fatal_q' using process `\wire_eth_parser.$proc$rtl/arch_a/wire_eth_parser.sv:55$82'.
  created $dff cell `$procdff$5417' with positive edge clock.
Creating register for signal `\wire_eth_parser.\reject_code_q' using process `\wire_eth_parser.$proc$rtl/arch_a/wire_eth_parser.sv:55$82'.
  created $dff cell `$procdff$5418' with positive edge clock.
Creating register for signal `\wire_gearbox_64to8.\data_q' using process `\wire_gearbox_64to8.$proc$rtl/arch_a/wire_gearbox_64to8.sv:49$57'.
  created $dff cell `$procdff$5419' with positive edge clock.
Creating register for signal `\wire_gearbox_64to8.\last_q' using process `\wire_gearbox_64to8.$proc$rtl/arch_a/wire_gearbox_64to8.sv:49$57'.
  created $dff cell `$procdff$5420' with positive edge clock.
Creating register for signal `\wire_gearbox_64to8.\count_q' using process `\wire_gearbox_64to8.$proc$rtl/arch_a/wire_gearbox_64to8.sv:49$57'.
  created $dff cell `$procdff$5421' with positive edge clock.
Creating register for signal `\wire_gearbox_64to8.\index_q' using process `\wire_gearbox_64to8.$proc$rtl/arch_a/wire_gearbox_64to8.sv:49$57'.
  created $dff cell `$procdff$5422' with positive edge clock.
Creating register for signal `\wire_gearbox_64to8.\valid_q' using process `\wire_gearbox_64to8.$proc$rtl/arch_a/wire_gearbox_64to8.sv:49$57'.
  created $dff cell `$procdff$5423' with positive edge clock.
Creating register for signal `\wire_gearbox_64to8.\keep_count$func$rtl/arch_a/wire_gearbox_64to8.sv:58$44.$result' using process `\wire_gearbox_64to8.$proc$rtl/arch_a/wire_gearbox_64to8.sv:49$57'.
  created $dff cell `$procdff$5424' with positive edge clock.
Creating register for signal `\wire_gearbox_64to8.\keep_count$func$rtl/arch_a/wire_gearbox_64to8.sv:58$44.keep' using process `\wire_gearbox_64to8.$proc$rtl/arch_a/wire_gearbox_64to8.sv:49$57'.
  created $dff cell `$procdff$5425' with positive edge clock.
Creating register for signal `\wire_ingress_buffer.\read_ptr_q' using process `\wire_ingress_buffer.$proc$rtl/common/wire_ingress_buffer.sv:37$12'.
  created $dff cell `$procdff$5426' with positive edge clock.
Creating register for signal `\wire_ingress_buffer.\write_ptr_q' using process `\wire_ingress_buffer.$proc$rtl/common/wire_ingress_buffer.sv:37$12'.
  created $dff cell `$procdff$5427' with positive edge clock.
Creating register for signal `\wire_ingress_buffer.\count_q' using process `\wire_ingress_buffer.$proc$rtl/common/wire_ingress_buffer.sv:37$12'.
  created $dff cell `$procdff$5428' with positive edge clock.
Creating register for signal `\wire_ingress_buffer.$memwr$\data_q$rtl/common/wire_ingress_buffer.sv:44$1_ADDR' using process `\wire_ingress_buffer.$proc$rtl/common/wire_ingress_buffer.sv:37$12'.
  created $dff cell `$procdff$5429' with positive edge clock.
Creating register for signal `\wire_ingress_buffer.$memwr$\data_q$rtl/common/wire_ingress_buffer.sv:44$1_DATA' using process `\wire_ingress_buffer.$proc$rtl/common/wire_ingress_buffer.sv:37$12'.
  created $dff cell `$procdff$5430' with positive edge clock.
Creating register for signal `\wire_ingress_buffer.$memwr$\data_q$rtl/common/wire_ingress_buffer.sv:44$1_EN' using process `\wire_ingress_buffer.$proc$rtl/common/wire_ingress_buffer.sv:37$12'.
  created $dff cell `$procdff$5431' with positive edge clock.
Creating register for signal `\wire_ingress_buffer.$memwr$\keep_q$rtl/common/wire_ingress_buffer.sv:45$2_ADDR' using process `\wire_ingress_buffer.$proc$rtl/common/wire_ingress_buffer.sv:37$12'.
  created $dff cell `$procdff$5432' with positive edge clock.
Creating register for signal `\wire_ingress_buffer.$memwr$\keep_q$rtl/common/wire_ingress_buffer.sv:45$2_DATA' using process `\wire_ingress_buffer.$proc$rtl/common/wire_ingress_buffer.sv:37$12'.
  created $dff cell `$procdff$5433' with positive edge clock.
Creating register for signal `\wire_ingress_buffer.$memwr$\keep_q$rtl/common/wire_ingress_buffer.sv:45$2_EN' using process `\wire_ingress_buffer.$proc$rtl/common/wire_ingress_buffer.sv:37$12'.
  created $dff cell `$procdff$5434' with positive edge clock.
Creating register for signal `\wire_ingress_buffer.$memwr$\last_q$rtl/common/wire_ingress_buffer.sv:46$3_ADDR' using process `\wire_ingress_buffer.$proc$rtl/common/wire_ingress_buffer.sv:37$12'.
  created $dff cell `$procdff$5435' with positive edge clock.
Creating register for signal `\wire_ingress_buffer.$memwr$\last_q$rtl/common/wire_ingress_buffer.sv:46$3_DATA' using process `\wire_ingress_buffer.$proc$rtl/common/wire_ingress_buffer.sv:37$12'.
  created $dff cell `$procdff$5436' with positive edge clock.
Creating register for signal `\wire_ingress_buffer.$memwr$\last_q$rtl/common/wire_ingress_buffer.sv:46$3_EN' using process `\wire_ingress_buffer.$proc$rtl/common/wire_ingress_buffer.sv:37$12'.
  created $dff cell `$procdff$5437' with positive edge clock.

11.2.10. Executing PROC_MEMWR pass (convert process memory writes to cells).

11.2.11. Executing PROC_CLEAN pass (remove empty switches from decision trees).
Found and cleaned up 8 empty switches in `\wire_arch_a_parser_top.$proc$rtl/arch_a/wire_arch_a_parser_top.sv:136$769'.
Removing empty process `wire_arch_a_parser_top.$proc$rtl/arch_a/wire_arch_a_parser_top.sv:136$769'.
Found and cleaned up 1 empty switch in `\wire_itch_decoder.$proc$rtl/arch_a/wire_itch_decoder.sv:112$737'.
Removing empty process `wire_itch_decoder.$proc$rtl/arch_a/wire_itch_decoder.sv:112$737'.
Found and cleaned up 1 empty switch in `\wire_itch_decoder.$proc$rtl/arch_a/wire_itch_decoder.sv:112$732'.
Removing empty process `wire_itch_decoder.$proc$rtl/arch_a/wire_itch_decoder.sv:112$732'.
Found and cleaned up 43 empty switches in `\wire_itch_decoder.$proc$rtl/arch_a/wire_itch_decoder.sv:137$428'.
Removing empty process `wire_itch_decoder.$proc$rtl/arch_a/wire_itch_decoder.sv:137$428'.
Found and cleaned up 26 empty switches in `\wire_mold_message_framer.$proc$rtl/arch_a/wire_mold_message_framer.sv:112$370'.
Removing empty process `wire_mold_message_framer.$proc$rtl/arch_a/wire_mold_message_framer.sv:112$370'.
Found and cleaned up 21 empty switches in `\wire_mold_header_seq.$proc$rtl/arch_a/wire_mold_header_seq.sv:111$309'.
Removing empty process `wire_mold_header_seq.$proc$rtl/arch_a/wire_mold_header_seq.sv:111$309'.
Found and cleaned up 23 empty switches in `\wire_udp_parser.$proc$rtl/arch_a/wire_udp_parser.sv:66$241'.
Removing empty process `wire_udp_parser.$proc$rtl/arch_a/wire_udp_parser.sv:66$241'.
Found and cleaned up 7 empty switches in `\wire_ipv4_parser.$proc$rtl/arch_a/wire_ipv4_parser.sv:102$177'.
Removing empty process `wire_ipv4_parser.$proc$rtl/arch_a/wire_ipv4_parser.sv:102$177'.
Found and cleaned up 16 empty switches in `\wire_ipv4_parser.$proc$rtl/arch_a/wire_ipv4_parser.sv:119$113'.
Removing empty process `wire_ipv4_parser.$proc$rtl/arch_a/wire_ipv4_parser.sv:119$113'.
Found and cleaned up 12 empty switches in `\wire_eth_parser.$proc$rtl/arch_a/wire_eth_parser.sv:55$82'.
Removing empty process `wire_eth_parser.$proc$rtl/arch_a/wire_eth_parser.sv:55$82'.
Found and cleaned up 5 empty switches in `\wire_gearbox_64to8.$proc$rtl/arch_a/wire_gearbox_64to8.sv:49$57'.
Removing empty process `wire_gearbox_64to8.$proc$rtl/arch_a/wire_gearbox_64to8.sv:49$57'.
Found and cleaned up 4 empty switches in `\wire_ingress_buffer.$proc$rtl/common/wire_ingress_buffer.sv:37$12'.
Removing empty process `wire_ingress_buffer.$proc$rtl/common/wire_ingress_buffer.sv:37$12'.
Cleaned up 167 empty switches.

11.2.12. Executing OPT_EXPR pass (perform const folding).
Optimizing module wire_arch_a_parser_top.
Optimizing module wire_itch_decoder.
<suppressed ~49 debug messages>
Optimizing module wire_mold_message_framer.
<suppressed ~3 debug messages>
Optimizing module wire_mold_header_seq.
<suppressed ~20 debug messages>
Optimizing module wire_udp_parser.
<suppressed ~17 debug messages>
Optimizing module wire_ipv4_parser.
<suppressed ~26 debug messages>
Optimizing module wire_eth_parser.
<suppressed ~6 debug messages>
Optimizing module wire_gearbox_64to8.
Optimizing module wire_ingress_buffer.
<suppressed ~1 debug messages>

11.3. Executing OPT_EXPR pass (perform const folding).
Optimizing module wire_arch_a_parser_top.
Optimizing module wire_itch_decoder.
Optimizing module wire_mold_message_framer.
Optimizing module wire_mold_header_seq.
<suppressed ~2 debug messages>
Optimizing module wire_udp_parser.
<suppressed ~2 debug messages>
Optimizing module wire_ipv4_parser.
<suppressed ~2 debug messages>
Optimizing module wire_eth_parser.
Optimizing module wire_gearbox_64to8.
<suppressed ~3 debug messages>
Optimizing module wire_ingress_buffer.

11.4. Executing CHECK pass (checking for obvious problems).
Checking module wire_arch_a_parser_top...
Checking module wire_itch_decoder...
Checking module wire_mold_message_framer...
Checking module wire_mold_header_seq...
Checking module wire_udp_parser...
Checking module wire_ipv4_parser...
Checking module wire_eth_parser...
Checking module wire_gearbox_64to8...
Checking module wire_ingress_buffer...
Found and reported 0 problems.

11.5. Executing OPT_CLEAN pass (remove unused cells and wires).
Finding unused cells or wires in module \wire_arch_a_parser_top..
Finding unused cells or wires in module \wire_itch_decoder..
Finding unused cells or wires in module \wire_mold_message_framer..
Finding unused cells or wires in module \wire_mold_header_seq..
Finding unused cells or wires in module \wire_udp_parser..
Finding unused cells or wires in module \wire_ipv4_parser..
Finding unused cells or wires in module \wire_eth_parser..
Finding unused cells or wires in module \wire_gearbox_64to8..
Finding unused cells or wires in module \wire_ingress_buffer..
Removed 595 unused cells and 2161 unused wires.
<suppressed ~607 debug messages>

11.6. Executing OPT pass (performing simple optimizations).

11.6.1. Executing OPT_EXPR pass (perform const folding).
Optimizing module wire_arch_a_parser_top.
Optimizing module wire_itch_decoder.
Optimizing module wire_mold_message_framer.
Optimizing module wire_mold_header_seq.
Optimizing module wire_udp_parser.
Optimizing module wire_ipv4_parser.
Optimizing module wire_eth_parser.
Optimizing module wire_gearbox_64to8.
Optimizing module wire_ingress_buffer.

11.6.2. Executing OPT_MERGE pass (detect identical cells).
Finding identical cells in module `\wire_arch_a_parser_top'.
Computing hashes of 66 cells of `\wire_arch_a_parser_top'.
Finding duplicate cells in `\wire_arch_a_parser_top'.
Computing hashes of 53 cells of `\wire_arch_a_parser_top'.
Finding duplicate cells in `\wire_arch_a_parser_top'.
Computing hashes of 52 cells of `\wire_arch_a_parser_top'.
Finding duplicate cells in `\wire_arch_a_parser_top'.
Computing hashes of 51 cells of `\wire_arch_a_parser_top'.
Finding duplicate cells in `\wire_arch_a_parser_top'.
<suppressed ~45 debug messages>
Finding identical cells in module `\wire_itch_decoder'.
Computing hashes of 607 cells of `\wire_itch_decoder'.
Finding duplicate cells in `\wire_itch_decoder'.
Computing hashes of 419 cells of `\wire_itch_decoder'.
Finding duplicate cells in `\wire_itch_decoder'.
Computing hashes of 416 cells of `\wire_itch_decoder'.
Finding duplicate cells in `\wire_itch_decoder'.
<suppressed ~573 debug messages>
Finding identical cells in module `\wire_mold_message_framer'.
Computing hashes of 212 cells of `\wire_mold_message_framer'.
Finding duplicate cells in `\wire_mold_message_framer'.
Computing hashes of 177 cells of `\wire_mold_message_framer'.
Finding duplicate cells in `\wire_mold_message_framer'.
<suppressed ~105 debug messages>
Finding identical cells in module `\wire_mold_header_seq'.
Computing hashes of 248 cells of `\wire_mold_header_seq'.
Finding duplicate cells in `\wire_mold_header_seq'.
Computing hashes of 224 cells of `\wire_mold_header_seq'.
Finding duplicate cells in `\wire_mold_header_seq'.
<suppressed ~72 debug messages>
Finding identical cells in module `\wire_udp_parser'.
Computing hashes of 230 cells of `\wire_udp_parser'.
Finding duplicate cells in `\wire_udp_parser'.
Computing hashes of 199 cells of `\wire_udp_parser'.
Finding duplicate cells in `\wire_udp_parser'.
<suppressed ~93 debug messages>
Finding identical cells in module `\wire_ipv4_parser'.
Computing hashes of 214 cells of `\wire_ipv4_parser'.
Finding duplicate cells in `\wire_ipv4_parser'.
Computing hashes of 192 cells of `\wire_ipv4_parser'.
Finding duplicate cells in `\wire_ipv4_parser'.
<suppressed ~66 debug messages>
Finding identical cells in module `\wire_eth_parser'.
Computing hashes of 102 cells of `\wire_eth_parser'.
Finding duplicate cells in `\wire_eth_parser'.
Computing hashes of 85 cells of `\wire_eth_parser'.
Finding duplicate cells in `\wire_eth_parser'.
<suppressed ~51 debug messages>
Finding identical cells in module `\wire_gearbox_64to8'.
Computing hashes of 45 cells of `\wire_gearbox_64to8'.
Finding duplicate cells in `\wire_gearbox_64to8'.
Computing hashes of 44 cells of `\wire_gearbox_64to8'.
Finding duplicate cells in `\wire_gearbox_64to8'.
<suppressed ~3 debug messages>
Finding identical cells in module `\wire_ingress_buffer'.
Computing hashes of 53 cells of `\wire_ingress_buffer'.
Finding duplicate cells in `\wire_ingress_buffer'.
Removed a total of 336 cells.

11.6.3. Executing OPT_MUXTREE pass (detect dead branches in mux trees).
Running muxtree optimizer on module \wire_arch_a_parser_top..
  Creating internal representation of mux trees.
  Evaluating internal representation of mux trees.
  Analyzing evaluation results.
Running muxtree optimizer on module \wire_itch_decoder..
  Creating internal representation of mux trees.
  Evaluating internal representation of mux trees.
      Replacing known input bits on port B of cell $procmux$2727: \recovery_required -> 1'1
      Replacing known input bits on port B of cell $procmux$2690: \recovery_required -> 1'1
      Replacing known input bits on port B of cell $procmux$2696: \recovery_required -> 1'1
      Replacing known input bits on port B of cell $procmux$2701: \recovery_required -> 1'1
      Replacing known input bits on port B of cell $procmux$2706: \recovery_required -> 1'1
      Replacing known input bits on port B of cell $procmux$2711: \recovery_required -> 1'1
      Replacing known input bits on port B of cell $procmux$2716: \recovery_required -> 1'1
      Replacing known input bits on port B of cell $procmux$2721: \recovery_required -> 1'1
      Replacing known input bits on port B of cell $procmux$2675: \recovery_required -> 1'1
      Replacing known input bits on port B of cell $procmux$2670: \recovery_required -> 1'1
      Replacing known input bits on port B of cell $procmux$2748: \recovery_required -> 1'1
  Analyzing evaluation results.
    dead port 2/2 on $mux $procmux$1873.
    dead port 1/2 on $mux $procmux$1979.
    dead port 1/2 on $mux $procmux$1969.
    dead port 1/2 on $mux $procmux$1959.
    dead port 1/2 on $mux $procmux$1949.
    dead port 2/2 on $mux $procmux$1946.
    dead port 1/2 on $mux $procmux$1936.
    dead port 2/2 on $mux $procmux$1933.
    dead port 1/2 on $mux $procmux$1923.
    dead port 2/2 on $mux $procmux$1920.
    dead port 1/2 on $mux $procmux$1910.
    dead port 2/2 on $mux $procmux$1907.
    dead port 2/2 on $mux $procmux$1905.
    dead port 1/2 on $mux $procmux$1894.
    dead port 2/2 on $mux $procmux$1891.
    dead port 2/2 on $mux $procmux$1889.
    dead port 1/2 on $mux $procmux$1878.
    dead port 2/2 on $mux $procmux$1875.
    dead port 1/2 on $mux $ternary$rtl/arch_a/wire_itch_decoder.sv:182$539.
    dead port 1/2 on $mux $ternary$rtl/arch_a/wire_itch_decoder.sv:181$536.
    dead port 1/2 on $mux $ternary$rtl/arch_a/wire_itch_decoder.sv:180$533.
    dead port 1/2 on $mux $ternary$rtl/arch_a/wire_itch_decoder.sv:179$530.
    dead port 1/2 on $mux $ternary$rtl/arch_a/wire_itch_decoder.sv:178$527.
    dead port 1/2 on $mux $ternary$rtl/arch_a/wire_itch_decoder.sv:177$524.
    dead port 1/2 on $mux $ternary$rtl/arch_a/wire_itch_decoder.sv:176$521.
    dead port 1/2 on $mux $ternary$rtl/arch_a/wire_itch_decoder.sv:173$518.
Running muxtree optimizer on module \wire_mold_message_framer..
  Creating internal representation of mux trees.
  Evaluating internal representation of mux trees.
  Analyzing evaluation results.
Running muxtree optimizer on module \wire_mold_header_seq..
  Creating internal representation of mux trees.
  Evaluating internal representation of mux trees.
      Replacing known input bits on port A of cell $procmux$3469: \body_last_q -> 1'0
  Analyzing evaluation results.
    dead port 1/2 on $mux $procmux$3361.
    dead port 1/2 on $mux $procmux$3344.
    dead port 2/2 on $mux $procmux$3341.
    dead port 1/2 on $mux $procmux$3319.
    dead port 2/2 on $mux $procmux$3316.
    dead port 2/2 on $mux $procmux$3314.
    dead port 1/2 on $mux $procmux$3288.
    dead port 2/2 on $mux $procmux$3285.
    dead port 2/2 on $mux $procmux$3283.
    dead port 2/2 on $mux $procmux$3281.
Running muxtree optimizer on module \wire_udp_parser..
  Creating internal representation of mux trees.
  Evaluating internal representation of mux trees.
      Replacing known input bits on port A of cell $procmux$4230: \payload_last_q -> 1'0
  Analyzing evaluation results.
    dead port 1/2 on $mux $procmux$3932.
    dead port 1/2 on $mux $procmux$3915.
    dead port 2/2 on $mux $procmux$3912.
    dead port 1/2 on $mux $procmux$3890.
    dead port 2/2 on $mux $procmux$3887.
    dead port 2/2 on $mux $procmux$3885.
    dead port 1/2 on $mux $procmux$3859.
    dead port 2/2 on $mux $procmux$3856.
    dead port 2/2 on $mux $procmux$3854.
    dead port 1/2 on $mux $procmux$3852.
Running muxtree optimizer on module \wire_ipv4_parser..
  Creating internal representation of mux trees.
  Evaluating internal representation of mux trees.
      Replacing known input bits on port A of cell $procmux$4872: \payload_last_q -> 1'0
  Analyzing evaluation results.
    dead port 1/2 on $mux $procmux$4672.
    dead port 2/2 on $mux $procmux$4669.
    dead port 1/2 on $mux $procmux$4615.
    dead port 2/2 on $mux $procmux$4612.
    dead port 2/2 on $mux $procmux$4610.
    dead port 1/2 on $mux $procmux$4546.
    dead port 2/2 on $mux $procmux$4543.
    dead port 2/2 on $mux $procmux$4541.
    dead port 1/2 on $mux $procmux$4539.
    dead port 1/2 on $mux $procmux$4456.
    dead port 1/2 on $mux $procmux$4423.
    dead port 1/2 on $mux $procmux$4420.
    dead port 1/2 on $mux $procmux$4414.
    dead port 1/2 on $mux $procmux$4411.
    dead port 1/2 on $mux $procmux$4408.
    dead port 1/2 on $mux $procmux$4402.
    dead port 1/2 on $mux $procmux$4399.
    dead port 1/2 on $mux $procmux$4396.
    dead port 2/2 on $mux $procmux$4393.
    dead port 1/2 on $mux $procmux$4387.
    dead port 1/2 on $mux $procmux$4384.
    dead port 1/2 on $mux $procmux$4381.
    dead port 2/2 on $mux $procmux$4378.
    dead port 1/2 on $mux $procmux$4375.
    dead port 1/2 on $mux $procmux$4369.
    dead port 1/2 on $mux $procmux$4366.
    dead port 1/2 on $mux $procmux$4363.
    dead port 2/2 on $mux $procmux$4360.
    dead port 1/2 on $mux $procmux$4357.
    dead port 1/2 on $mux $procmux$4354.
    dead port 1/2 on $mux $procmux$4714.
Running muxtree optimizer on module \wire_eth_parser..
  Creating internal representation of mux trees.
  Evaluating internal representation of mux trees.
      Replacing known input bits on port A of cell $procmux$5031: \payload_last_q -> 1'0
  Analyzing evaluation results.
Running muxtree optimizer on module \wire_gearbox_64to8..
  Creating internal representation of mux trees.
  Evaluating internal representation of mux trees.
  Analyzing evaluation results.
    dead port 1/2 on $mux $procmux$5134.
    dead port 2/2 on $mux $procmux$5131.
Running muxtree optimizer on module \wire_ingress_buffer..
  Creating internal representation of mux trees.
  Evaluating internal representation of mux trees.
  Analyzing evaluation results.
    dead port 1/2 on $mux $procmux$5251.
    dead port 1/2 on $mux $procmux$5245.
    dead port 1/2 on $mux $procmux$5239.
    dead port 1/2 on $mux $procmux$5233.
    dead port 1/2 on $mux $procmux$5227.
    dead port 1/2 on $mux $procmux$5221.
    dead port 1/2 on $mux $procmux$5215.
    dead port 1/2 on $mux $procmux$5209.
    dead port 1/2 on $mux $procmux$5203.
Removed 88 multiplexer ports.
<suppressed ~2283 debug messages>

11.6.4. Executing OPT_REDUCE pass (consolidate $*mux and $reduce_* inputs).
  Optimizing cells in module \wire_arch_a_parser_top.
  Optimizing cells in module \wire_itch_decoder.
    Consolidated identical input bits for $mux cell $procmux$1871:
      Old ports: A=8'00000000, B=8'11111111, Y=$procmux$1871_Y
      New ports: A=1'0, B=1'1, Y=$procmux$1871_Y [0]
      New connections: $procmux$1871_Y [7:1] = { $procmux$1871_Y [0] $procmux$1871_Y [0] $procmux$1871_Y [0] $procmux$1871_Y [0] $procmux$1871_Y [0] $procmux$1871_Y [0] $procmux$1871_Y [0] }
    New ctrl vector for $pmux cell $procmux$2307: $auto$opt_reduce.cc:137:opt_pmux$5443
    New ctrl vector for $pmux cell $procmux$2881: $auto$opt_reduce.cc:137:opt_pmux$5445
    New ctrl vector for $pmux cell $procmux$2383: { $procmux$2251_CMP $auto$opt_reduce.cc:137:opt_pmux$5447 }
    New ctrl vector for $pmux cell $procmux$828: { $procmux$2601_CMP $procmux$2606_CMP $procmux$2611_CMP $procmux$2616_CMP $auto$opt_reduce.cc:137:opt_pmux$5449 $procmux$2621_CMP $procmux$2626_CMP }
    New ctrl vector for $pmux cell $procmux$2250: $auto$opt_reduce.cc:137:opt_pmux$5451
    New ctrl vector for $pmux cell $procmux$818: { $procmux$2601_CMP $procmux$2606_CMP $procmux$2611_CMP $procmux$2616_CMP $auto$opt_reduce.cc:137:opt_pmux$5453 $procmux$2621_CMP $procmux$2626_CMP }
    New ctrl vector for $pmux cell $procmux$2440: $auto$opt_reduce.cc:137:opt_pmux$5455
  Optimizing cells in module \wire_itch_decoder.
    Consolidated identical input bits for $mux cell $procmux$1918:
      Old ports: A=8'00000000, B=$4$memwr$\bytes_q$rtl/arch_a/wire_itch_decoder.sv:167$409_EN[7:0]$500, Y=$procmux$1918_Y
      New ports: A=1'0, B=$procmux$1871_Y [0], Y=$procmux$1918_Y [0]
      New connections: $procmux$1918_Y [7:1] = { $procmux$1918_Y [0] $procmux$1918_Y [0] $procmux$1918_Y [0] $procmux$1918_Y [0] $procmux$1918_Y [0] $procmux$1918_Y [0] $procmux$1918_Y [0] }
  Optimizing cells in module \wire_itch_decoder.
    Consolidated identical input bits for $mux cell $procmux$1956:
      Old ports: A=8'00000000, B=$3$memwr$\bytes_q$rtl/arch_a/wire_itch_decoder.sv:167$409_EN[7:0]$496, Y=$procmux$1956_Y
      New ports: A=1'0, B=$procmux$1918_Y [0], Y=$procmux$1956_Y [0]
      New connections: $procmux$1956_Y [7:1] = { $procmux$1956_Y [0] $procmux$1956_Y [0] $procmux$1956_Y [0] $procmux$1956_Y [0] $procmux$1956_Y [0] $procmux$1956_Y [0] $procmux$1956_Y [0] }
  Optimizing cells in module \wire_itch_decoder.
    Consolidated identical input bits for $mux cell $procmux$2135:
      Old ports: A=$2$memwr$\bytes_q$rtl/arch_a/wire_itch_decoder.sv:167$409_EN[7:0]$490, B=8'00000000, Y=$0$memwr$\bytes_q$rtl/arch_a/wire_itch_decoder.sv:167$409_EN[7:0]$448
      New ports: A=$procmux$1956_Y [0], B=1'0, Y=$0$memwr$\bytes_q$rtl/arch_a/wire_itch_decoder.sv:167$409_EN[7:0]$448 [0]
      New connections: $0$memwr$\bytes_q$rtl/arch_a/wire_itch_decoder.sv:167$409_EN[7:0]$448 [7:1] = { $0$memwr$\bytes_q$rtl/arch_a/wire_itch_decoder.sv:167$409_EN[7:0]$448 [0] $0$memwr$\bytes_q$rtl/arch_a/wire_itch_decoder.sv:167$409_EN[7:0]$448 [0] $0$memwr$\bytes_q$rtl/arch_a/wire_itch_decoder.sv:167$409_EN[7:0]$448 [0] $0$memwr$\bytes_q$rtl/arch_a/wire_itch_decoder.sv:167$409_EN[7:0]$448 [0] $0$memwr$\bytes_q$rtl/arch_a/wire_itch_decoder.sv:167$409_EN[7:0]$448 [0] $0$memwr$\bytes_q$rtl/arch_a/wire_itch_decoder.sv:167$409_EN[7:0]$448 [0] $0$memwr$\bytes_q$rtl/arch_a/wire_itch_decoder.sv:167$409_EN[7:0]$448 [0] }
  Optimizing cells in module \wire_itch_decoder.
  Optimizing cells in module \wire_mold_message_framer.
    New ctrl vector for $pmux cell $procmux$3216: { $auto$opt_reduce.cc:137:opt_pmux$5457 $procmux$3219_CMP $procmux$3220_CMP }
    New ctrl vector for $pmux cell $procmux$2999: $auto$opt_reduce.cc:137:opt_pmux$5459
    New ctrl vector for $pmux cell $procmux$2953: $auto$opt_reduce.cc:137:opt_pmux$5461
  Optimizing cells in module \wire_mold_message_framer.
  Optimizing cells in module \wire_mold_header_seq.
  Optimizing cells in module \wire_mold_header_seq.
  Optimizing cells in module \wire_udp_parser.
  Optimizing cells in module \wire_udp_parser.
  Optimizing cells in module \wire_ipv4_parser.
  Optimizing cells in module \wire_ipv4_parser.
  Optimizing cells in module \wire_eth_parser.
  Optimizing cells in module \wire_eth_parser.
  Optimizing cells in module \wire_gearbox_64to8.
  Optimizing cells in module \wire_ingress_buffer.
    Consolidated identical input bits for $mux cell $procmux$5236:
      Old ports: A=64'0000000000000000000000000000000000000000000000000000000000000000, B=64'1111111111111111111111111111111111111111111111111111111111111111, Y=$procmux$5236_Y
      New ports: A=1'0, B=1'1, Y=$procmux$5236_Y [0]
      New connections: $procmux$5236_Y [63:1] = { $procmux$5236_Y [0] $procmux$5236_Y [0] $procmux$5236_Y [0] $procmux$5236_Y [0] $procmux$5236_Y [0] $procmux$5236_Y [0] $procmux$5236_Y [0] $procmux$5236_Y [0] $procmux$5236_Y [0] $procmux$5236_Y [0] $procmux$5236_Y [0] $procmux$5236_Y [0] $procmux$5236_Y [0] $procmux$5236_Y [0] $procmux$5236_Y [0] $procmux$5236_Y [0] $procmux$5236_Y [0] $procmux$5236_Y [0] $procmux$5236_Y [0] $procmux$5236_Y [0] $procmux$5236_Y [0] $procmux$5236_Y [0] $procmux$5236_Y [0] $procmux$5236_Y [0] $procmux$5236_Y [0] $procmux$5236_Y [0] $procmux$5236_Y [0] $procmux$5236_Y [0] $procmux$5236_Y [0] $procmux$5236_Y [0] $procmux$5236_Y [0] $procmux$5236_Y [0] $procmux$5236_Y [0] $procmux$5236_Y [0] $procmux$5236_Y [0] $procmux$5236_Y [0] $procmux$5236_Y [0] $procmux$5236_Y [0] $procmux$5236_Y [0] $procmux$5236_Y [0] $procmux$5236_Y [0] $procmux$5236_Y [0] $procmux$5236_Y [0] $procmux$5236_Y [0] $procmux$5236_Y [0] $procmux$5236_Y [0] $procmux$5236_Y [0] $procmux$5236_Y [0] $procmux$5236_Y [0] $procmux$5236_Y [0] $procmux$5236_Y [0] $procmux$5236_Y [0] $procmux$5236_Y [0] $procmux$5236_Y [0] $procmux$5236_Y [0] $procmux$5236_Y [0] $procmux$5236_Y [0] $procmux$5236_Y [0] $procmux$5236_Y [0] $procmux$5236_Y [0] $procmux$5236_Y [0] $procmux$5236_Y [0] $procmux$5236_Y [0] }
    Consolidated identical input bits for $mux cell $procmux$5218:
      Old ports: A=8'00000000, B=8'11111111, Y=$procmux$5218_Y
      New ports: A=1'0, B=1'1, Y=$procmux$5218_Y [0]
      New connections: $procmux$5218_Y [7:1] = { $procmux$5218_Y [0] $procmux$5218_Y [0] $procmux$5218_Y [0] $procmux$5218_Y [0] $procmux$5218_Y [0] $procmux$5218_Y [0] $procmux$5218_Y [0] }
  Optimizing cells in module \wire_ingress_buffer.
    Consolidated identical input bits for $mux cell $procmux$5279:
      Old ports: A=$2$memwr$\data_q$rtl/common/wire_ingress_buffer.sv:44$1_EN[63:0]$33, B=64'0000000000000000000000000000000000000000000000000000000000000000, Y=$0$memwr$\data_q$rtl/common/wire_ingress_buffer.sv:44$1_EN[63:0]$15
      New ports: A=$procmux$5236_Y [0], B=1'0, Y=$0$memwr$\data_q$rtl/common/wire_ingress_buffer.sv:44$1_EN[63:0]$15 [0]
      New connections: $0$memwr$\data_q$rtl/common/wire_ingress_buffer.sv:44$1_EN[63:0]$15 [63:1] = { $0$memwr$\data_q$rtl/common/wire_ingress_buffer.sv:44$1_EN[63:0]$15 [0] $0$memwr$\data_q$rtl/common/wire_ingress_buffer.sv:44$1_EN[63:0]$15 [0] $0$memwr$\data_q$rtl/common/wire_ingress_buffer.sv:44$1_EN[63:0]$15 [0] $0$memwr$\data_q$rtl/common/wire_ingress_buffer.sv:44$1_EN[63:0]$15 [0] $0$memwr$\data_q$rtl/common/wire_ingress_buffer.sv:44$1_EN[63:0]$15 [0] $0$memwr$\data_q$rtl/common/wire_ingress_buffer.sv:44$1_EN[63:0]$15 [0] $0$memwr$\data_q$rtl/common/wire_ingress_buffer.sv:44$1_EN[63:0]$15 [0] $0$memwr$\data_q$rtl/common/wire_ingress_buffer.sv:44$1_EN[63:0]$15 [0] $0$memwr$\data_q$rtl/common/wire_ingress_buffer.sv:44$1_EN[63:0]$15 [0] $0$memwr$\data_q$rtl/common/wire_ingress_buffer.sv:44$1_EN[63:0]$15 [0] $0$memwr$\data_q$rtl/common/wire_ingress_buffer.sv:44$1_EN[63:0]$15 [0] $0$memwr$\data_q$rtl/common/wire_ingress_buffer.sv:44$1_EN[63:0]$15 [0] $0$memwr$\data_q$rtl/common/wire_ingress_buffer.sv:44$1_EN[63:0]$15 [0] $0$memwr$\data_q$rtl/common/wire_ingress_buffer.sv:44$1_EN[63:0]$15 [0] $0$memwr$\data_q$rtl/common/wire_ingress_buffer.sv:44$1_EN[63:0]$15 [0] $0$memwr$\data_q$rtl/common/wire_ingress_buffer.sv:44$1_EN[63:0]$15 [0] $0$memwr$\data_q$rtl/common/wire_ingress_buffer.sv:44$1_EN[63:0]$15 [0] $0$memwr$\data_q$rtl/common/wire_ingress_buffer.sv:44$1_EN[63:0]$15 [0] $0$memwr$\data_q$rtl/common/wire_ingress_buffer.sv:44$1_EN[63:0]$15 [0] $0$memwr$\data_q$rtl/common/wire_ingress_buffer.sv:44$1_EN[63:0]$15 [0] $0$memwr$\data_q$rtl/common/wire_ingress_buffer.sv:44$1_EN[63:0]$15 [0] $0$memwr$\data_q$rtl/common/wire_ingress_buffer.sv:44$1_EN[63:0]$15 [0] $0$memwr$\data_q$rtl/common/wire_ingress_buffer.sv:44$1_EN[63:0]$15 [0] $0$memwr$\data_q$rtl/common/wire_ingress_buffer.sv:44$1_EN[63:0]$15 [0] $0$memwr$\data_q$rtl/common/wire_ingress_buffer.sv:44$1_EN[63:0]$15 [0] $0$memwr$\data_q$rtl/common/wire_ingress_buffer.sv:44$1_EN[63:0]$15 [0] $0$memwr$\data_q$rtl/common/wire_ingress_buffer.sv:44$1_EN[63:0]$15 [0] $0$memwr$\data_q$rtl/common/wire_ingress_buffer.sv:44$1_EN[63:0]$15 [0] $0$memwr$\data_q$rtl/common/wire_ingress_buffer.sv:44$1_EN[63:0]$15 [0] $0$memwr$\data_q$rtl/common/wire_ingress_buffer.sv:44$1_EN[63:0]$15 [0] $0$memwr$\data_q$rtl/common/wire_ingress_buffer.sv:44$1_EN[63:0]$15 [0] $0$memwr$\data_q$rtl/common/wire_ingress_buffer.sv:44$1_EN[63:0]$15 [0] $0$memwr$\data_q$rtl/common/wire_ingress_buffer.sv:44$1_EN[63:0]$15 [0] $0$memwr$\data_q$rtl/common/wire_ingress_buffer.sv:44$1_EN[63:0]$15 [0] $0$memwr$\data_q$rtl/common/wire_ingress_buffer.sv:44$1_EN[63:0]$15 [0] $0$memwr$\data_q$rtl/common/wire_ingress_buffer.sv:44$1_EN[63:0]$15 [0] $0$memwr$\data_q$rtl/common/wire_ingress_buffer.sv:44$1_EN[63:0]$15 [0] $0$memwr$\data_q$rtl/common/wire_ingress_buffer.sv:44$1_EN[63:0]$15 [0] $0$memwr$\data_q$rtl/common/wire_ingress_buffer.sv:44$1_EN[63:0]$15 [0] $0$memwr$\data_q$rtl/common/wire_ingress_buffer.sv:44$1_EN[63:0]$15 [0] $0$memwr$\data_q$rtl/common/wire_ingress_buffer.sv:44$1_EN[63:0]$15 [0] $0$memwr$\data_q$rtl/common/wire_ingress_buffer.sv:44$1_EN[63:0]$15 [0] $0$memwr$\data_q$rtl/common/wire_ingress_buffer.sv:44$1_EN[63:0]$15 [0] $0$memwr$\data_q$rtl/common/wire_ingress_buffer.sv:44$1_EN[63:0]$15 [0] $0$memwr$\data_q$rtl/common/wire_ingress_buffer.sv:44$1_EN[63:0]$15 [0] $0$memwr$\data_q$rtl/common/wire_ingress_buffer.sv:44$1_EN[63:0]$15 [0] $0$memwr$\data_q$rtl/common/wire_ingress_buffer.sv:44$1_EN[63:0]$15 [0] $0$memwr$\data_q$rtl/common/wire_ingress_buffer.sv:44$1_EN[63:0]$15 [0] $0$memwr$\data_q$rtl/common/wire_ingress_buffer.sv:44$1_EN[63:0]$15 [0] $0$memwr$\data_q$rtl/common/wire_ingress_buffer.sv:44$1_EN[63:0]$15 [0] $0$memwr$\data_q$rtl/common/wire_ingress_buffer.sv:44$1_EN[63:0]$15 [0] $0$memwr$\data_q$rtl/common/wire_ingress_buffer.sv:44$1_EN[63:0]$15 [0] $0$memwr$\data_q$rtl/common/wire_ingress_buffer.sv:44$1_EN[63:0]$15 [0] $0$memwr$\data_q$rtl/common/wire_ingress_buffer.sv:44$1_EN[63:0]$15 [0] $0$memwr$\data_q$rtl/common/wire_ingress_buffer.sv:44$1_EN[63:0]$15 [0] $0$memwr$\data_q$rtl/common/wire_ingress_buffer.sv:44$1_EN[63:0]$15 [0] $0$memwr$\data_q$rtl/common/wire_ingress_buffer.sv:44$1_EN[63:0]$15 [0] $0$memwr$\data_q$rtl/common/wire_ingress_buffer.sv:44$1_EN[63:0]$15 [0] $0$memwr$\data_q$rtl/common/wire_ingress_buffer.sv:44$1_EN[63:0]$15 [0] $0$memwr$\data_q$rtl/common/wire_ingress_buffer.sv:44$1_EN[63:0]$15 [0] $0$memwr$\data_q$rtl/common/wire_ingress_buffer.sv:44$1_EN[63:0]$15 [0] $0$memwr$\data_q$rtl/common/wire_ingress_buffer.sv:44$1_EN[63:0]$15 [0] $0$memwr$\data_q$rtl/common/wire_ingress_buffer.sv:44$1_EN[63:0]$15 [0] }
    Consolidated identical input bits for $mux cell $procmux$5270:
      Old ports: A=$2$memwr$\keep_q$rtl/common/wire_ingress_buffer.sv:45$2_EN[7:0]$36, B=8'00000000, Y=$0$memwr$\keep_q$rtl/common/wire_ingress_buffer.sv:45$2_EN[7:0]$18
      New ports: A=$procmux$5218_Y [0], B=1'0, Y=$0$memwr$\keep_q$rtl/common/wire_ingress_buffer.sv:45$2_EN[7:0]$18 [0]
      New connections: $0$memwr$\keep_q$rtl/common/wire_ingress_buffer.sv:45$2_EN[7:0]$18 [7:1] = { $0$memwr$\keep_q$rtl/common/wire_ingress_buffer.sv:45$2_EN[7:0]$18 [0] $0$memwr$\keep_q$rtl/common/wire_ingress_buffer.sv:45$2_EN[7:0]$18 [0] $0$memwr$\keep_q$rtl/common/wire_ingress_buffer.sv:45$2_EN[7:0]$18 [0] $0$memwr$\keep_q$rtl/common/wire_ingress_buffer.sv:45$2_EN[7:0]$18 [0] $0$memwr$\keep_q$rtl/common/wire_ingress_buffer.sv:45$2_EN[7:0]$18 [0] $0$memwr$\keep_q$rtl/common/wire_ingress_buffer.sv:45$2_EN[7:0]$18 [0] $0$memwr$\keep_q$rtl/common/wire_ingress_buffer.sv:45$2_EN[7:0]$18 [0] }
  Optimizing cells in module \wire_ingress_buffer.
Performed a total of 33 changes.

11.6.5. Executing OPT_MERGE pass (detect identical cells).
Finding identical cells in module `\wire_arch_a_parser_top'.
Computing hashes of 51 cells of `\wire_arch_a_parser_top'.
Finding duplicate cells in `\wire_arch_a_parser_top'.
Finding identical cells in module `\wire_itch_decoder'.
Computing hashes of 386 cells of `\wire_itch_decoder'.
Finding duplicate cells in `\wire_itch_decoder'.
Computing hashes of 362 cells of `\wire_itch_decoder'.
Finding duplicate cells in `\wire_itch_decoder'.
Computing hashes of 358 cells of `\wire_itch_decoder'.
Finding duplicate cells in `\wire_itch_decoder'.
Computing hashes of 357 cells of `\wire_itch_decoder'.
Finding duplicate cells in `\wire_itch_decoder'.
Computing hashes of 356 cells of `\wire_itch_decoder'.
Finding duplicate cells in `\wire_itch_decoder'.
Computing hashes of 355 cells of `\wire_itch_decoder'.
Finding duplicate cells in `\wire_itch_decoder'.
<suppressed ~93 debug messages>
Finding identical cells in module `\wire_mold_message_framer'.
Computing hashes of 180 cells of `\wire_mold_message_framer'.
Finding duplicate cells in `\wire_mold_message_framer'.
Computing hashes of 176 cells of `\wire_mold_message_framer'.
Finding duplicate cells in `\wire_mold_message_framer'.
<suppressed ~12 debug messages>
Finding identical cells in module `\wire_mold_header_seq'.
Computing hashes of 213 cells of `\wire_mold_header_seq'.
Finding duplicate cells in `\wire_mold_header_seq'.
Computing hashes of 203 cells of `\wire_mold_header_seq'.
Finding duplicate cells in `\wire_mold_header_seq'.
<suppressed ~30 debug messages>
Finding identical cells in module `\wire_udp_parser'.
Computing hashes of 188 cells of `\wire_udp_parser'.
Finding duplicate cells in `\wire_udp_parser'.
Computing hashes of 180 cells of `\wire_udp_parser'.
Finding duplicate cells in `\wire_udp_parser'.
<suppressed ~24 debug messages>
Finding identical cells in module `\wire_ipv4_parser'.
Computing hashes of 160 cells of `\wire_ipv4_parser'.
Finding duplicate cells in `\wire_ipv4_parser'.
Finding identical cells in module `\wire_eth_parser'.
Computing hashes of 84 cells of `\wire_eth_parser'.
Finding duplicate cells in `\wire_eth_parser'.
Computing hashes of 82 cells of `\wire_eth_parser'.
Finding duplicate cells in `\wire_eth_parser'.
<suppressed ~6 debug messages>
Finding identical cells in module `\wire_gearbox_64to8'.
Computing hashes of 42 cells of `\wire_gearbox_64to8'.
Finding duplicate cells in `\wire_gearbox_64to8'.
Finding identical cells in module `\wire_ingress_buffer'.
Computing hashes of 44 cells of `\wire_ingress_buffer'.
Finding duplicate cells in `\wire_ingress_buffer'.
Computing hashes of 40 cells of `\wire_ingress_buffer'.
Finding duplicate cells in `\wire_ingress_buffer'.
Computing hashes of 36 cells of `\wire_ingress_buffer'.
Finding duplicate cells in `\wire_ingress_buffer'.
<suppressed ~24 debug messages>
Removed a total of 63 cells.

11.6.6. Executing OPT_DFF pass (perform DFF optimizations).

11.6.7. Executing OPT_CLEAN pass (remove unused cells and wires).
Finding unused cells or wires in module \wire_arch_a_parser_top..
Finding unused cells or wires in module \wire_itch_decoder..
Finding unused cells or wires in module \wire_mold_message_framer..
Finding unused cells or wires in module \wire_mold_header_seq..
Finding unused cells or wires in module \wire_udp_parser..
Finding unused cells or wires in module \wire_ipv4_parser..
Finding unused cells or wires in module \wire_eth_parser..
Finding unused cells or wires in module \wire_gearbox_64to8..
Finding unused cells or wires in module \wire_ingress_buffer..
Removed 0 unused cells and 499 unused wires.
<suppressed ~9 debug messages>

11.6.8. Executing OPT_EXPR pass (perform const folding).
Optimizing module wire_arch_a_parser_top.
Optimizing module wire_itch_decoder.
Optimizing module wire_mold_message_framer.
<suppressed ~1 debug messages>
Optimizing module wire_mold_header_seq.
Optimizing module wire_udp_parser.
<suppressed ~2 debug messages>
Optimizing module wire_ipv4_parser.
Optimizing module wire_eth_parser.
Optimizing module wire_gearbox_64to8.
Optimizing module wire_ingress_buffer.

11.6.9. Rerunning OPT passes. (Maybe there is more to do..)

11.6.10. Executing OPT_MUXTREE pass (detect dead branches in mux trees).
Running muxtree optimizer on module \wire_arch_a_parser_top..
  Creating internal representation of mux trees.
  Evaluating internal representation of mux trees.
  Analyzing evaluation results.
Running muxtree optimizer on module \wire_itch_decoder..
  Creating internal representation of mux trees.
  Evaluating internal representation of mux trees.
  Analyzing evaluation results.
Running muxtree optimizer on module \wire_mold_message_framer..
  Creating internal representation of mux trees.
  Evaluating internal representation of mux trees.
  Analyzing evaluation results.
Running muxtree optimizer on module \wire_mold_header_seq..
  Creating internal representation of mux trees.
  Evaluating internal representation of mux trees.
  Analyzing evaluation results.
Running muxtree optimizer on module \wire_udp_parser..
  Creating internal representation of mux trees.
  Evaluating internal representation of mux trees.
  Analyzing evaluation results.
Running muxtree optimizer on module \wire_ipv4_parser..
  Creating internal representation of mux trees.
  Evaluating internal representation of mux trees.
  Analyzing evaluation results.
Running muxtree optimizer on module \wire_eth_parser..
  Creating internal representation of mux trees.
  Evaluating internal representation of mux trees.
  Analyzing evaluation results.
Running muxtree optimizer on module \wire_gearbox_64to8..
  Creating internal representation of mux trees.
  Evaluating internal representation of mux trees.
  Analyzing evaluation results.
Running muxtree optimizer on module \wire_ingress_buffer..
  Creating internal representation of mux trees.
  Evaluating internal representation of mux trees.
  Analyzing evaluation results.
Removed 0 multiplexer ports.
<suppressed ~1967 debug messages>

11.6.11. Executing OPT_REDUCE pass (consolidate $*mux and $reduce_* inputs).
  Optimizing cells in module \wire_arch_a_parser_top.
  Optimizing cells in module \wire_itch_decoder.
  Optimizing cells in module \wire_mold_message_framer.
    New ctrl vector for $pmux cell $procmux$3027: $auto$opt_reduce.cc:137:opt_pmux$5463
    New ctrl vector for $pmux cell $procmux$2981: $auto$opt_reduce.cc:137:opt_pmux$5465
  Optimizing cells in module \wire_mold_message_framer.
  Optimizing cells in module \wire_mold_header_seq.
  Optimizing cells in module \wire_udp_parser.
  Optimizing cells in module \wire_ipv4_parser.
  Optimizing cells in module \wire_eth_parser.
  Optimizing cells in module \wire_gearbox_64to8.
  Optimizing cells in module \wire_ingress_buffer.
Performed a total of 2 changes.

11.6.12. Executing OPT_MERGE pass (detect identical cells).
Finding identical cells in module `\wire_arch_a_parser_top'.
Computing hashes of 51 cells of `\wire_arch_a_parser_top'.
Finding duplicate cells in `\wire_arch_a_parser_top'.
Finding identical cells in module `\wire_itch_decoder'.
Computing hashes of 355 cells of `\wire_itch_decoder'.
Finding duplicate cells in `\wire_itch_decoder'.
Finding identical cells in module `\wire_mold_message_framer'.
Computing hashes of 177 cells of `\wire_mold_message_framer'.
Finding duplicate cells in `\wire_mold_message_framer'.
Computing hashes of 176 cells of `\wire_mold_message_framer'.
Finding duplicate cells in `\wire_mold_message_framer'.
<suppressed ~3 debug messages>
Finding identical cells in module `\wire_mold_header_seq'.
Computing hashes of 203 cells of `\wire_mold_header_seq'.
Finding duplicate cells in `\wire_mold_header_seq'.
Finding identical cells in module `\wire_udp_parser'.
Computing hashes of 178 cells of `\wire_udp_parser'.
Finding duplicate cells in `\wire_udp_parser'.
Finding identical cells in module `\wire_ipv4_parser'.
Computing hashes of 160 cells of `\wire_ipv4_parser'.
Finding duplicate cells in `\wire_ipv4_parser'.
Finding identical cells in module `\wire_eth_parser'.
Computing hashes of 82 cells of `\wire_eth_parser'.
Finding duplicate cells in `\wire_eth_parser'.
Finding identical cells in module `\wire_gearbox_64to8'.
Computing hashes of 42 cells of `\wire_gearbox_64to8'.
Finding duplicate cells in `\wire_gearbox_64to8'.
Finding identical cells in module `\wire_ingress_buffer'.
Computing hashes of 36 cells of `\wire_ingress_buffer'.
Finding duplicate cells in `\wire_ingress_buffer'.
Removed a total of 1 cells.

11.6.13. Executing OPT_DFF pass (perform DFF optimizations).

11.6.14. Executing OPT_CLEAN pass (remove unused cells and wires).
Finding unused cells or wires in module \wire_arch_a_parser_top..
Finding unused cells or wires in module \wire_itch_decoder..
Finding unused cells or wires in module \wire_mold_message_framer..
Finding unused cells or wires in module \wire_mold_header_seq..
Finding unused cells or wires in module \wire_udp_parser..
Finding unused cells or wires in module \wire_ipv4_parser..
Finding unused cells or wires in module \wire_eth_parser..
Finding unused cells or wires in module \wire_gearbox_64to8..
Finding unused cells or wires in module \wire_ingress_buffer..
Removed 0 unused cells and 4 unused wires.
<suppressed ~2 debug messages>

11.6.15. Executing OPT_EXPR pass (perform const folding).
Optimizing module wire_arch_a_parser_top.
Optimizing module wire_itch_decoder.
Optimizing module wire_mold_message_framer.
Optimizing module wire_mold_header_seq.
Optimizing module wire_udp_parser.
Optimizing module wire_ipv4_parser.
Optimizing module wire_eth_parser.
Optimizing module wire_gearbox_64to8.
Optimizing module wire_ingress_buffer.

11.6.16. Rerunning OPT passes. (Maybe there is more to do..)

11.6.17. Executing OPT_MUXTREE pass (detect dead branches in mux trees).
Running muxtree optimizer on module \wire_arch_a_parser_top..
  Creating internal representation of mux trees.
  Evaluating internal representation of mux trees.
  Analyzing evaluation results.
Running muxtree optimizer on module \wire_itch_decoder..
  Creating internal representation of mux trees.
  Evaluating internal representation of mux trees.
  Analyzing evaluation results.
Running muxtree optimizer on module \wire_mold_message_framer..
  Creating internal representation of mux trees.
  Evaluating internal representation of mux trees.
  Analyzing evaluation results.
Running muxtree optimizer on module \wire_mold_header_seq..
  Creating internal representation of mux trees.
  Evaluating internal representation of mux trees.
  Analyzing evaluation results.
Running muxtree optimizer on module \wire_udp_parser..
  Creating internal representation of mux trees.
  Evaluating internal representation of mux trees.
  Analyzing evaluation results.
Running muxtree optimizer on module \wire_ipv4_parser..
  Creating internal representation of mux trees.
  Evaluating internal representation of mux trees.
  Analyzing evaluation results.
Running muxtree optimizer on module \wire_eth_parser..
  Creating internal representation of mux trees.
  Evaluating internal representation of mux trees.
  Analyzing evaluation results.
Running muxtree optimizer on module \wire_gearbox_64to8..
  Creating internal representation of mux trees.
  Evaluating internal representation of mux trees.
  Analyzing evaluation results.
Running muxtree optimizer on module \wire_ingress_buffer..
  Creating internal representation of mux trees.
  Evaluating internal representation of mux trees.
  Analyzing evaluation results.
Removed 0 multiplexer ports.
<suppressed ~2063 debug messages>

11.6.18. Executing OPT_REDUCE pass (consolidate $*mux and $reduce_* inputs).
  Optimizing cells in module \wire_arch_a_parser_top.
  Optimizing cells in module \wire_itch_decoder.
  Optimizing cells in module \wire_mold_message_framer.
  Optimizing cells in module \wire_mold_header_seq.
  Optimizing cells in module \wire_udp_parser.
  Optimizing cells in module \wire_ipv4_parser.
  Optimizing cells in module \wire_eth_parser.
  Optimizing cells in module \wire_gearbox_64to8.
  Optimizing cells in module \wire_ingress_buffer.
Performed a total of 0 changes.

11.6.19. Executing OPT_MERGE pass (detect identical cells).
Finding identical cells in module `\wire_arch_a_parser_top'.
Computing hashes of 51 cells of `\wire_arch_a_parser_top'.
Finding duplicate cells in `\wire_arch_a_parser_top'.
Finding identical cells in module `\wire_itch_decoder'.
Computing hashes of 355 cells of `\wire_itch_decoder'.
Finding duplicate cells in `\wire_itch_decoder'.
Finding identical cells in module `\wire_mold_message_framer'.
Computing hashes of 176 cells of `\wire_mold_message_framer'.
Finding duplicate cells in `\wire_mold_message_framer'.
Finding identical cells in module `\wire_mold_header_seq'.
Computing hashes of 203 cells of `\wire_mold_header_seq'.
Finding duplicate cells in `\wire_mold_header_seq'.
Finding identical cells in module `\wire_udp_parser'.
Computing hashes of 178 cells of `\wire_udp_parser'.
Finding duplicate cells in `\wire_udp_parser'.
Finding identical cells in module `\wire_ipv4_parser'.
Computing hashes of 160 cells of `\wire_ipv4_parser'.
Finding duplicate cells in `\wire_ipv4_parser'.
Finding identical cells in module `\wire_eth_parser'.
Computing hashes of 82 cells of `\wire_eth_parser'.
Finding duplicate cells in `\wire_eth_parser'.
Finding identical cells in module `\wire_gearbox_64to8'.
Computing hashes of 42 cells of `\wire_gearbox_64to8'.
Finding duplicate cells in `\wire_gearbox_64to8'.
Finding identical cells in module `\wire_ingress_buffer'.
Computing hashes of 36 cells of `\wire_ingress_buffer'.
Finding duplicate cells in `\wire_ingress_buffer'.
Removed a total of 0 cells.

11.6.20. Executing OPT_DFF pass (perform DFF optimizations).

11.6.21. Executing OPT_CLEAN pass (remove unused cells and wires).
Finding unused cells or wires in module \wire_arch_a_parser_top..
Finding unused cells or wires in module \wire_itch_decoder..
Finding unused cells or wires in module \wire_mold_message_framer..
Finding unused cells or wires in module \wire_mold_header_seq..
Finding unused cells or wires in module \wire_udp_parser..
Finding unused cells or wires in module \wire_ipv4_parser..
Finding unused cells or wires in module \wire_eth_parser..
Finding unused cells or wires in module \wire_gearbox_64to8..
Finding unused cells or wires in module \wire_ingress_buffer..

11.6.22. Executing OPT_EXPR pass (perform const folding).
Optimizing module wire_arch_a_parser_top.
Optimizing module wire_itch_decoder.
Optimizing module wire_mold_message_framer.
Optimizing module wire_mold_header_seq.
Optimizing module wire_udp_parser.
Optimizing module wire_ipv4_parser.
Optimizing module wire_eth_parser.
Optimizing module wire_gearbox_64to8.
Optimizing module wire_ingress_buffer.

11.6.23. Finished fast OPT passes. (There is nothing left to do.)

11.7. Executing FSM pass (extract and optimize FSM).

11.7.1. Executing FSM_DETECT pass (finding FSMs in design).
Not marking wire_arch_a_parser_top.recovery_stage_q as FSM state register:
    Register is connected to module port.
    Users of register don't seem to benefit from recoding.
Not marking wire_itch_decoder.event_kind_q as FSM state register:
    Register is connected to module port.
    Users of register don't seem to benefit from recoding.
Not marking wire_itch_decoder.reject_code_q as FSM state register:
    Register is connected to module port.
    Users of register don't seem to benefit from recoding.
Found FSM state register wire_itch_decoder.state_q.
Not marking wire_mold_message_framer.reject_code_q as FSM state register:
    Register is connected to module port.
    Users of register don't seem to benefit from recoding.
Found FSM state register wire_mold_message_framer.payload_action_q.
Found FSM state register wire_mold_message_framer.state_q.
Not marking wire_mold_header_seq.pending_code_q as FSM state register:
    Users of register don't seem to benefit from recoding.
Found FSM state register wire_mold_header_seq.state_q.
Not marking wire_udp_parser.pending_code_q as FSM state register:
    Users of register don't seem to benefit from recoding.
Found FSM state register wire_udp_parser.state_q.
Not marking wire_ipv4_parser.reject_code_q as FSM state register:
    Register is connected to module port.
    Users of register don't seem to benefit from recoding.
Found FSM state register wire_ipv4_parser.state_q.
Not marking wire_eth_parser.reject_code_q as FSM state register:
    Register is connected to module port.
    Users of register don't seem to benefit from recoding.
Found FSM state register wire_eth_parser.state_q.
Found FSM state register wire_gearbox_64to8.count_q.

11.7.2. Executing FSM_EXTRACT pass (extracting FSM from design).
Extracting FSM `\state_q' from module `\wire_itch_decoder'.
  found $dff cell for state register: $procdff$5301
  root of input selection tree: $0\state_q[2:0]
  found reset state: 3'000 (guessed from mux tree)
  found ctrl input: $logic_or$rtl/arch_a/wire_itch_decoder.sv:138$449_Y
  found ctrl input: $eq$rtl/arch_a/wire_itch_decoder.sv:113$419_Y
  found ctrl input: $eq$rtl/arch_a/wire_itch_decoder.sv:114$422_Y
  found ctrl input: \event_valid
  found ctrl input: $procmux$2214_CMP
  found ctrl input: $eq$rtl/arch_a/wire_itch_decoder.sv:114$421_Y
  found ctrl input: $eq$rtl/arch_a/wire_itch_decoder.sv:113$418_Y
  found state code: 3'000
  found ctrl input: $logic_and$rtl/arch_a/wire_itch_decoder.sv:228$727_Y
  found ctrl input: \message_fire
  found ctrl input: $logic_and$rtl/arch_a/wire_itch_decoder.sv:231$730_Y
  found state code: 3'100
  found state code: 3'101
  found ctrl input: \event_fire
  found ctrl input: $eq$rtl/arch_a/wire_itch_decoder.sv:204$554_Y
  found ctrl input: $ne$rtl/arch_a/wire_itch_decoder.sv:205$572_Y
  found ctrl input: $logic_or$rtl/arch_a/wire_itch_decoder.sv:206$591_Y
  found ctrl input: $auto$opt_reduce.cc:137:opt_pmux$5443
  found state code: 3'011
  found ctrl input: $logic_and$rtl/arch_a/wire_itch_decoder.sv:207$615_Y
  found ctrl input: $logic_and$rtl/arch_a/wire_itch_decoder.sv:209$624_Y
  found ctrl input: \byte_fire
  found ctrl input: \in_last
  found ctrl input: $eq$rtl/arch_a/wire_itch_decoder.sv:111$413_Y
  found ctrl input: $logic_and$rtl/arch_a/wire_itch_decoder.sv:169$516_Y
  found ctrl input: $procmux$2601_CMP
  found ctrl input: $procmux$2606_CMP
  found ctrl input: $procmux$2611_CMP
  found ctrl input: $procmux$2616_CMP
  found ctrl input: $procmux$2621_CMP
  found ctrl input: $procmux$2626_CMP
  found ctrl input: $auto$opt_reduce.cc:137:opt_pmux$5449
  found ctrl input: $ne$rtl/arch_a/wire_itch_decoder.sv:182$537_Y
  found ctrl input: $ne$rtl/arch_a/wire_itch_decoder.sv:181$534_Y
  found ctrl input: $ne$rtl/arch_a/wire_itch_decoder.sv:180$531_Y
  found ctrl input: $ne$rtl/arch_a/wire_itch_decoder.sv:179$528_Y
  found ctrl input: $ne$rtl/arch_a/wire_itch_decoder.sv:178$525_Y
  found ctrl input: $ne$rtl/arch_a/wire_itch_decoder.sv:177$522_Y
  found ctrl input: $ne$rtl/arch_a/wire_itch_decoder.sv:176$519_Y
  found ctrl input: \first_byte_invalid
  found ctrl input: $ne$rtl/arch_a/wire_itch_decoder.sv:190$541_Y
  found state code: 3'010
  found ctrl input: $logic_or$rtl/arch_a/wire_itch_decoder.sv:161$492_Y
  found state code: 3'001
  found ctrl output: $eq$rtl/arch_a/wire_itch_decoder.sv:114$421_Y
  found ctrl output: $procmux$2214_CMP
  found ctrl output: $eq$rtl/arch_a/wire_itch_decoder.sv:113$418_Y
  found ctrl output: $eq$rtl/arch_a/wire_itch_decoder.sv:113$419_Y
  found ctrl output: $eq$rtl/arch_a/wire_itch_decoder.sv:114$422_Y
  found ctrl output: \event_valid
  ctrl inputs: { $procmux$2626_CMP $procmux$2621_CMP $procmux$2616_CMP $procmux$2611_CMP $procmux$2606_CMP $procmux$2601_CMP $logic_and$rtl/arch_a/wire_itch_decoder.sv:231$730_Y $logic_and$rtl/arch_a/wire_itch_decoder.sv:228$727_Y $logic_and$rtl/arch_a/wire_itch_decoder.sv:209$624_Y $logic_and$rtl/arch_a/wire_itch_decoder.sv:207$615_Y $logic_or$rtl/arch_a/wire_itch_decoder.sv:206$591_Y $ne$rtl/arch_a/wire_itch_decoder.sv:205$572_Y $eq$rtl/arch_a/wire_itch_decoder.sv:204$554_Y $ne$rtl/arch_a/wire_itch_decoder.sv:190$541_Y $ne$rtl/arch_a/wire_itch_decoder.sv:182$537_Y $ne$rtl/arch_a/wire_itch_decoder.sv:181$534_Y $ne$rtl/arch_a/wire_itch_decoder.sv:180$531_Y $ne$rtl/arch_a/wire_itch_decoder.sv:179$528_Y $ne$rtl/arch_a/wire_itch_decoder.sv:178$525_Y $ne$rtl/arch_a/wire_itch_decoder.sv:177$522_Y $ne$rtl/arch_a/wire_itch_decoder.sv:176$519_Y $logic_and$rtl/arch_a/wire_itch_decoder.sv:169$516_Y $logic_or$rtl/arch_a/wire_itch_decoder.sv:161$492_Y $logic_or$rtl/arch_a/wire_itch_decoder.sv:138$449_Y $eq$rtl/arch_a/wire_itch_decoder.sv:111$413_Y \first_byte_invalid \event_fire \byte_fire \message_fire \in_last $auto$opt_reduce.cc:137:opt_pmux$5443 $auto$opt_reduce.cc:137:opt_pmux$5449 }
  ctrl outputs: { $procmux$2214_CMP $eq$rtl/arch_a/wire_itch_decoder.sv:114$422_Y $eq$rtl/arch_a/wire_itch_decoder.sv:114$421_Y $eq$rtl/arch_a/wire_itch_decoder.sv:113$419_Y $eq$rtl/arch_a/wire_itch_decoder.sv:113$418_Y \event_valid $0\state_q[2:0] }
  transition:      3'000 32'-----------------------0----0--- ->      3'000 9'000010000
  transition:      3'000 32'----------------------00----1--- ->      3'001 9'000010001
  transition:      3'000 32'----------------------10----1--- ->      3'101 9'000010101
  transition:      3'000 32'-----------------------1-------- ->      3'000 9'000010000
  transition:      3'100 32'-------0---------------0-------- ->      3'100 9'010000100
  transition:      3'100 32'-------1---------------0-------- ->      3'101 9'010000101
  transition:      3'100 32'-----------------------1-------- ->      3'000 9'010000000
  transition:      3'010 32'----------000----------0------0- ->      3'000 9'100000000
  transition:      3'010 32'----------000----------0------1- ->      3'011 9'100000011
  transition:      3'010 32'--------00100----------0-------- ->      3'011 9'100000011
  transition:      3'010 32'--------10100----------0-------- ->      3'101 9'100000101
  transition:      3'010 32'---------1100----------0-------- ->      3'101 9'100000101
  transition:      3'010 32'-----------10----------0-------- ->      3'000 9'100000000
  transition:      3'010 32'------------1----------0-------- ->      3'000 9'100000000
  transition:      3'010 32'-----------------------1-------- ->      3'000 9'100000000
  transition:      3'001 32'-----------------------0---0---- ->      3'001 9'001000001
  transition:      3'001 32'-----------------------00--1-0-- ->      3'001 9'001000001
  transition:      3'001 32'000000---------------0-01--1-0-0 ->      3'001 9'001000001
  transition:      3'001 32'--------------------00-01--1-0-1 ->      3'001 9'001000001
  transition:      3'001 32'--------------------10-01--1-0-1 ->      3'100 9'001000100
  transition:      3'001 32'1------------------0-0-01--1-0-- ->      3'001 9'001000001
  transition:      3'001 32'1------------------1-0-01--1-0-- ->      3'100 9'001000100
  transition:      3'001 32'-1----------------0--0-01--1-0-- ->      3'001 9'001000001
  transition:      3'001 32'-1----------------1--0-01--1-0-- ->      3'100 9'001000100
  transition:      3'001 32'--1--------------0---0-01--1-0-- ->      3'001 9'001000001
  transition:      3'001 32'--1--------------1---0-01--1-0-- ->      3'100 9'001000100
  transition:      3'001 32'---1------------0----0-01--1-0-- ->      3'001 9'001000001
  transition:      3'001 32'---1------------1----0-01--1-0-- ->      3'100 9'001000100
  transition:      3'001 32'----1----------0-----0-01--1-0-- ->      3'001 9'001000001
  transition:      3'001 32'----1----------1-----0-01--1-0-- ->      3'100 9'001000100
  transition:      3'001 32'-----1--------0------0-01--1-0-- ->      3'001 9'001000001
  transition:      3'001 32'-----1--------1------0-01--1-0-- ->      3'100 9'001000100
  transition:      3'001 32'---------------------1-01--1-0-- ->      3'100 9'001000100
  transition:      3'001 32'-------------0---------0-0-1-1-- ->      3'010 9'001000010
  transition:      3'001 32'-------------1---------0-0-1-1-- ->      3'101 9'001000101
  transition:      3'001 32'-----------------------0-1-1-1-- ->      3'101 9'001000101
  transition:      3'001 32'-----------------------1-------- ->      3'000 9'001000000
  transition:      3'101 32'-------0---------------0----0--- ->      3'101 9'000100101
  transition:      3'101 32'------00---------------0----1--- ->      3'101 9'000100101
  transition:      3'101 32'------10---------------0----1--- ->      3'100 9'000100100
  transition:      3'101 32'-------1---------------0-------- ->      3'101 9'000100101
  transition:      3'101 32'-----------------------1-------- ->      3'000 9'000100000
  transition:      3'011 32'-----------------------0--0----- ->      3'011 9'000001011
  transition:      3'011 32'-----------------------0--1----- ->      3'000 9'000001000
  transition:      3'011 32'-----------------------1-------- ->      3'000 9'000001000
Extracting FSM `\payload_action_q' from module `\wire_mold_message_framer'.
  found $dff cell for state register: $procdff$5353
  root of input selection tree: $0\payload_action_q[2:0]
  found reset state: 3'000 (guessed from mux tree)
  found ctrl input: $logic_or$rtl/arch_a/wire_mold_message_framer.sv:113$371_Y
  found ctrl input: \input_fire
  found ctrl input: $eq$rtl/arch_a/wire_mold_message_framer.sv:93$354_Y
  found ctrl input: $eq$rtl/arch_a/wire_mold_message_framer.sv:223$376_Y
  found ctrl input: \in_last
  found state code: 3'100
  found ctrl input: $eq$rtl/arch_a/wire_mold_message_framer.sv:162$373_Y
  found state code: 3'000
  found state code: 3'011
  found state code: 3'010
  found state code: 3'001
  found ctrl output: $procmux$2954_CMP
  found ctrl output: $procmux$2955_CMP
  found ctrl output: $procmux$2956_CMP
  found ctrl output: $procmux$3220_CMP
  ctrl inputs: { $eq$rtl/arch_a/wire_mold_message_framer.sv:223$376_Y $eq$rtl/arch_a/wire_mold_message_framer.sv:162$373_Y $logic_or$rtl/arch_a/wire_mold_message_framer.sv:113$371_Y $eq$rtl/arch_a/wire_mold_message_framer.sv:93$354_Y \input_fire \in_last }
  ctrl outputs: { $procmux$3220_CMP $procmux$2956_CMP $procmux$2955_CMP $procmux$2954_CMP $0\payload_action_q[2:0] }
  transition:      3'000 6'--0-0- ->      3'000 7'1000000
  transition:      3'000 6'--001- ->      3'000 7'1000000
  transition:      3'000 6'0-0110 ->      3'000 7'1000000
  transition:      3'000 6'0-0111 ->      3'100 7'1000100
  transition:      3'000 6'100110 ->      3'000 7'1000000
  transition:      3'000 6'110110 ->      3'011 7'1000011
  transition:      3'000 6'100111 ->      3'010 7'1000010
  transition:      3'000 6'110111 ->      3'001 7'1000001
  transition:      3'000 6'--1--- ->      3'000 7'1000000
  transition:      3'100 6'--0-0- ->      3'100 7'0001100
  transition:      3'100 6'--001- ->      3'100 7'0001100
  transition:      3'100 6'0-0110 ->      3'100 7'0001100
  transition:      3'100 6'0-0111 ->      3'100 7'0001100
  transition:      3'100 6'100110 ->      3'000 7'0001000
  transition:      3'100 6'110110 ->      3'011 7'0001011
  transition:      3'100 6'100111 ->      3'010 7'0001010
  transition:      3'100 6'110111 ->      3'001 7'0001001
  transition:      3'100 6'--1--- ->      3'000 7'0001000
  transition:      3'010 6'--0-0- ->      3'010 7'0010010
  transition:      3'010 6'--001- ->      3'010 7'0010010
  transition:      3'010 6'0-0110 ->      3'010 7'0010010
  transition:      3'010 6'0-0111 ->      3'100 7'0010100
  transition:      3'010 6'100110 ->      3'000 7'0010000
  transition:      3'010 6'110110 ->      3'011 7'0010011
  transition:      3'010 6'100111 ->      3'010 7'0010010
  transition:      3'010 6'110111 ->      3'001 7'0010001
  transition:      3'010 6'--1--- ->      3'000 7'0010000
  transition:      3'001 6'--0-0- ->      3'001 7'0100001
  transition:      3'001 6'--001- ->      3'001 7'0100001
  transition:      3'001 6'0-0110 ->      3'001 7'0100001
  transition:      3'001 6'0-0111 ->      3'100 7'0100100
  transition:      3'001 6'100110 ->      3'000 7'0100000
  transition:      3'001 6'110110 ->      3'011 7'0100011
  transition:      3'001 6'100111 ->      3'010 7'0100010
  transition:      3'001 6'110111 ->      3'001 7'0100001
  transition:      3'001 6'--1--- ->      3'000 7'0100000
  transition:      3'011 6'--0-0- ->      3'011 7'0000011
  transition:      3'011 6'--001- ->      3'011 7'0000011
  transition:      3'011 6'0-0110 ->      3'011 7'0000011
  transition:      3'011 6'0-0111 ->      3'100 7'0000100
  transition:      3'011 6'100110 ->      3'000 7'0000000
  transition:      3'011 6'110110 ->      3'011 7'0000011
  transition:      3'011 6'100111 ->      3'010 7'0000010
  transition:      3'011 6'110111 ->      3'001 7'0000001
  transition:      3'011 6'--1--- ->      3'000 7'0000000
Extracting FSM `\state_q' from module `\wire_mold_message_framer'.
  found $dff cell for state register: $procdff$5346
  root of input selection tree: $0\state_q[3:0]
  found reset state: 4'0000 (guessed from mux tree)
  found ctrl input: $logic_or$rtl/arch_a/wire_mold_message_framer.sv:113$371_Y
  found ctrl input: $eq$rtl/arch_a/wire_mold_message_framer.sv:106$364_Y
  found ctrl input: $logic_and$rtl/arch_a/wire_mold_message_framer.sv:260$381_Y
  found ctrl input: \input_fire
  found ctrl input: \packet_fire
  found ctrl input: \message_fire
  found ctrl input: \output_fire
  found ctrl input: $eq$rtl/arch_a/wire_mold_message_framer.sv:134$372_Y
  found ctrl input: $procmux$3220_CMP
  found ctrl input: $procmux$2956_CMP
  found ctrl input: $auto$opt_reduce.cc:137:opt_pmux$5457
  found state code: 4'0110
  found state code: 4'0001
  found state code: 4'0111
  found state code: 4'1000
  found ctrl input: \message_empty_q
  found ctrl input: \header_ended_q
  found state code: 4'0100
  found ctrl input: $eq$rtl/arch_a/wire_mold_message_framer.sv:162$373_Y
  found ctrl input: \packet_body_empty
  found ctrl input: $eq$rtl/arch_a/wire_mold_message_framer.sv:92$352_Y
  found ctrl input: $eq$rtl/arch_a/wire_mold_message_framer.sv:93$354_Y
  found ctrl input: $eq$rtl/arch_a/wire_mold_message_framer.sv:91$350_Y
  found ctrl input: $eq$rtl/arch_a/wire_mold_message_framer.sv:90$349_Y
  found ctrl input: \in_last
  found ctrl input: $eq$rtl/arch_a/wire_mold_message_framer.sv:223$376_Y
  found state code: 4'0101
  found state code: 4'0011
  found state code: 4'0010
  found state code: 4'0000
  found ctrl input: $logic_and$rtl/arch_a/wire_mold_message_framer.sv:268$387_Y
  found state code: 4'1001
  found ctrl output: \packet_ready
  found ctrl output: \message_valid
  found ctrl output: $eq$rtl/arch_a/wire_mold_message_framer.sv:134$372_Y
  found ctrl output: \packet_result_success
  found ctrl output: $eq$rtl/arch_a/wire_mold_message_framer.sv:106$364_Y
  found ctrl output: $eq$rtl/arch_a/wire_mold_message_framer.sv:92$352_Y
  found ctrl output: $eq$rtl/arch_a/wire_mold_message_framer.sv:93$354_Y
  found ctrl output: $eq$rtl/arch_a/wire_mold_message_framer.sv:91$350_Y
  found ctrl output: $eq$rtl/arch_a/wire_mold_message_framer.sv:90$349_Y
  ctrl inputs: { $procmux$3220_CMP $procmux$2956_CMP $logic_and$rtl/arch_a/wire_mold_message_framer.sv:268$387_Y $logic_and$rtl/arch_a/wire_mold_message_framer.sv:260$381_Y $eq$rtl/arch_a/wire_mold_message_framer.sv:223$376_Y $eq$rtl/arch_a/wire_mold_message_framer.sv:162$373_Y $logic_or$rtl/arch_a/wire_mold_message_framer.sv:113$371_Y \message_fire \header_ended_q \message_empty_q \packet_fire \packet_body_empty \input_fire \output_fire \in_last $auto$opt_reduce.cc:137:opt_pmux$5457 }
  ctrl outputs: { $eq$rtl/arch_a/wire_mold_message_framer.sv:134$372_Y $0\state_q[3:0] $eq$rtl/arch_a/wire_mold_message_framer.sv:106$364_Y $eq$rtl/arch_a/wire_mold_message_framer.sv:93$354_Y $eq$rtl/arch_a/wire_mold_message_framer.sv:92$352_Y $eq$rtl/arch_a/wire_mold_message_framer.sv:91$350_Y $eq$rtl/arch_a/wire_mold_message_framer.sv:90$349_Y \message_valid \packet_result_success \packet_ready }
  transition:     4'0000 16'---0--00--0-00-- ->     4'0000 13'0000000000001
  transition:     4'0000 16'---0--00--0-01-- ->     4'0000 13'0000000000001
  transition:     4'0000 16'---0--01000-0--- ->     4'0100 13'0010000000001
  transition:     4'0000 16'---0--01100-0--- ->     4'1000 13'0100000000001
  transition:     4'0000 16'---0-001010-0--- ->     4'0001 13'0000100000001
  transition:     4'0000 16'---0-101010-0--- ->     4'0110 13'0011000000001
  transition:     4'0000 16'---0-001110-0--- ->     4'1000 13'0100000000001
  transition:     4'0000 16'---0-101110-0--- ->     4'0111 13'0011100000001
  transition:     4'0000 16'---0--0---100--- ->     4'0001 13'0000100000001
  transition:     4'0000 16'---0--0---110--- ->     4'1000 13'0100000000001
  transition:     4'0000 16'---0--00--0-10-- ->     4'0000 13'0000000000001
  transition:     4'0000 16'---0--00--0-11-- ->     4'0000 13'0000000000001
  transition:     4'0000 16'---0--01000-1--- ->     4'0100 13'0010000000001
  transition:     4'0000 16'---0--01100-1--- ->     4'1000 13'0100000000001
  transition:     4'0000 16'---0-001010-1--- ->     4'0001 13'0000100000001
  transition:     4'0000 16'---0-101010-1--- ->     4'0110 13'0011000000001
  transition:     4'0000 16'---0-001110-1--- ->     4'1000 13'0100000000001
  transition:     4'0000 16'---0-101110-1--- ->     4'0111 13'0011100000001
  transition:     4'0000 16'---0--0---101--- ->     4'0001 13'0000100000001
  transition:     4'0000 16'---0--0---111--- ->     4'1000 13'0100000000001
  transition:     4'0000 16'---1--0--------- ->     4'0000 13'0000000000001
  transition:     4'0000 16'------1--------- ->     4'0000 13'0000000000001
  transition:     4'1000 16'--00--00--0-00-- ->     4'1000 13'0100010000000
  transition:     4'1000 16'--00--00--0-01-- ->     4'1000 13'0100010000000
  transition:     4'1000 16'--00--01000-0--- ->     4'0100 13'0010010000000
  transition:     4'1000 16'--00--01100-0--- ->     4'1000 13'0100010000000
  transition:     4'1000 16'--00-001010-0--- ->     4'0001 13'0000110000000
  transition:     4'1000 16'--00-101010-0--- ->     4'0110 13'0011010000000
  transition:     4'1000 16'--00-001110-0--- ->     4'1000 13'0100010000000
  transition:     4'1000 16'--00-101110-0--- ->     4'0111 13'0011110000000
  transition:     4'1000 16'--00--0---100--- ->     4'0001 13'0000110000000
  transition:     4'1000 16'--00--0---110--- ->     4'1000 13'0100010000000
  transition:     4'1000 16'--00--00--0-10-- ->     4'1000 13'0100010000000
  transition:     4'1000 16'--00--00--0-11-- ->     4'1000 13'0100010000000
  transition:     4'1000 16'--00--01000-1--- ->     4'0100 13'0010010000000
  transition:     4'1000 16'--00--01100-1--- ->     4'1000 13'0100010000000
  transition:     4'1000 16'--00-001010-1--- ->     4'0001 13'0000110000000
  transition:     4'1000 16'--00-101010-1--- ->     4'0110 13'0011010000000
  transition:     4'1000 16'--00-001110-1--- ->     4'1000 13'0100010000000
  transition:     4'1000 16'--00-101110-1--- ->     4'0111 13'0011110000000
  transition:     4'1000 16'--00--0---101--- ->     4'0001 13'0000110000000
  transition:     4'1000 16'--00--0---111--- ->     4'1000 13'0100010000000
  transition:     4'1000 16'--01--0--------- ->     4'0000 13'0000010000000
  transition:     4'1000 16'--1---0--------- ->     4'1001 13'0100110000000
  transition:     4'1000 16'------1--------- ->     4'0000 13'0000010000000
  transition:     4'0100 16'---0--00--0-00-- ->     4'0100 13'0010001000000
  transition:     4'0100 16'---0--00--0-01-- ->     4'0100 13'0010001000000
  transition:     4'0100 16'---0--01000-0--- ->     4'0100 13'0010001000000
  transition:     4'0100 16'---0--01100-0--- ->     4'1000 13'0100001000000
  transition:     4'0100 16'---0-001010-0--- ->     4'0001 13'0000101000000
  transition:     4'0100 16'---0-101010-0--- ->     4'0110 13'0011001000000
  transition:     4'0100 16'---0-001110-0--- ->     4'1000 13'0100001000000
  transition:     4'0100 16'---0-101110-0--- ->     4'0111 13'0011101000000
  transition:     4'0100 16'---0--0---100--- ->     4'0001 13'0000101000000
  transition:     4'0100 16'---0--0---110--- ->     4'1000 13'0100001000000
  transition:     4'0100 16'---00-00--0-100- ->     4'0100 13'0010001000000
  transition:     4'0100 16'---00-00--0-110- ->     4'0100 13'0010001000000
  transition:     4'0100 16'---00-01000-1-0- ->     4'0100 13'0010001000000
  transition:     4'0100 16'---00-01100-1-0- ->     4'1000 13'0100001000000
  transition:     4'0100 16'---00001010-1-0- ->     4'0001 13'0000101000000
  transition:     4'0100 16'---00101010-1-0- ->     4'0110 13'0011001000000
  transition:     4'0100 16'---00001110-1-0- ->     4'1000 13'0100001000000
  transition:     4'0100 16'---00101110-1-0- ->     4'0111 13'0011101000000
  transition:     4'0100 16'---00-0---101-0- ->     4'0001 13'0000101000000
  transition:     4'0100 16'---00-0---111-0- ->     4'1000 13'0100001000000
  transition:     4'0100 16'---00-0-----1-1- ->     4'0101 13'0010101000000
  transition:     4'0100 16'---01-0-----1--- ->     4'0101 13'0010101000000
  transition:     4'0100 16'---1--0--------- ->     4'0000 13'0000001000000
  transition:     4'0100 16'------1--------- ->     4'0000 13'0000001000000
  transition:     4'0010 16'---0--00--0-00-- ->     4'0010 13'0001000010000
  transition:     4'0010 16'---0--00--0-01-- ->     4'0010 13'0001000010000
  transition:     4'0010 16'---0--01000-0--- ->     4'0100 13'0010000010000
  transition:     4'0010 16'---0--01100-0--- ->     4'1000 13'0100000010000
  transition:     4'0010 16'---0-001010-0--- ->     4'0001 13'0000100010000
  transition:     4'0010 16'---0-101010-0--- ->     4'0110 13'0011000010000
  transition:     4'0010 16'---0-001110-0--- ->     4'1000 13'0100000010000
  transition:     4'0010 16'---0-101110-0--- ->     4'0111 13'0011100010000
  transition:     4'0010 16'---0--0---100--- ->     4'0001 13'0000100010000
  transition:     4'0010 16'---0--0---110--- ->     4'1000 13'0100000010000
  transition:     4'0010 16'---0--0-----1--- ->     4'0011 13'0001100010000
  transition:     4'0010 16'---1--0--------- ->     4'0000 13'0000000010000
  transition:     4'0010 16'------1--------- ->     4'0000 13'0000000010000
  transition:     4'0110 16'---0--00--0-00-- ->     4'0110 13'0011000100000
  transition:     4'0110 16'---0--00--0-01-- ->     4'0110 13'0011000100000
  transition:     4'0110 16'---0--01000-0--- ->     4'0100 13'0010000100000
  transition:     4'0110 16'---0--01100-0--- ->     4'1000 13'0100000100000
  transition:     4'0110 16'---0-001010-0--- ->     4'0001 13'0000100100000
  transition:     4'0110 16'---0-101010-0--- ->     4'0110 13'0011000100000
  transition:     4'0110 16'---0-001110-0--- ->     4'1000 13'0100000100000
  transition:     4'0110 16'---0-101110-0--- ->     4'0111 13'0011100100000
  transition:     4'0110 16'---0--0---100--- ->     4'0001 13'0000100100000
  transition:     4'0110 16'---0--0---110--- ->     4'1000 13'0100000100000
  transition:     4'0110 16'---0--00--0-100- ->     4'0110 13'0011000100000
  transition:     4'0110 16'---0--00--0-110- ->     4'0110 13'0011000100000
  transition:     4'0110 16'---0--01000-1-0- ->     4'0100 13'0010000100000
  transition:     4'0110 16'---0--01100-1-0- ->     4'1000 13'0100000100000
  transition:     4'0110 16'---0-001010-1-0- ->     4'0001 13'0000100100000
  transition:     4'0110 16'---0-101010-1-0- ->     4'0110 13'0011000100000
  transition:     4'0110 16'---0-001110-1-0- ->     4'1000 13'0100000100000
  transition:     4'0110 16'---0-101110-1-0- ->     4'0111 13'0011100100000
  transition:     4'0110 16'---0--0---101-0- ->     4'0001 13'0000100100000
  transition:     4'0110 16'---0--0---111-0- ->     4'1000 13'0100000100000
  transition:     4'0110 16'---0--0-----1-1- ->     4'1000 13'0100000100000
  transition:     4'0110 16'---1--0--------- ->     4'0000 13'0000000100000
  transition:     4'0110 16'------1--------- ->     4'0000 13'0000000100000
  transition:     4'0001 16'---0--00--0-00-- ->     4'0001 13'0000100001000
  transition:     4'0001 16'---0--00--0-01-- ->     4'0001 13'0000100001000
  transition:     4'0001 16'---0--01000-0--- ->     4'0100 13'0010000001000
  transition:     4'0001 16'---0--01100-0--- ->     4'1000 13'0100000001000
  transition:     4'0001 16'---0-001010-0--- ->     4'0001 13'0000100001000
  transition:     4'0001 16'---0-101010-0--- ->     4'0110 13'0011000001000
  transition:     4'0001 16'---0-001110-0--- ->     4'1000 13'0100000001000
  transition:     4'0001 16'---0-101110-0--- ->     4'0111 13'0011100001000
  transition:     4'0001 16'---0--0---100--- ->     4'0001 13'0000100001000
  transition:     4'0001 16'---0--0---110--- ->     4'1000 13'0100000001000
  transition:     4'0001 16'---0--0-----1-0- ->     4'0010 13'0001000001000
  transition:     4'0001 16'---0--0-----1-1- ->     4'1000 13'0100000001000
  transition:     4'0001 16'---1--0--------- ->     4'0000 13'0000000001000
  transition:     4'0001 16'------1--------- ->     4'0000 13'0000000001000
  transition:     4'1001 16'---0--00--0-00-- ->     4'1001 13'0100100000000
  transition:     4'1001 16'---0--00--0-01-- ->     4'1001 13'0100100000000
  transition:     4'1001 16'---0--01000-0--- ->     4'0100 13'0010000000000
  transition:     4'1001 16'---0--01100-0--- ->     4'1000 13'0100000000000
  transition:     4'1001 16'---0-001010-0--- ->     4'0001 13'0000100000000
  transition:     4'1001 16'---0-101010-0--- ->     4'0110 13'0011000000000
  transition:     4'1001 16'---0-001110-0--- ->     4'1000 13'0100000000000
  transition:     4'1001 16'---0-101110-0--- ->     4'0111 13'0011100000000
  transition:     4'1001 16'---0--0---100--- ->     4'0001 13'0000100000000
  transition:     4'1001 16'---0--0---110--- ->     4'1000 13'0100000000000
  transition:     4'1001 16'---0--00--0-10-- ->     4'1001 13'0100100000000
  transition:     4'1001 16'---0--00--0-11-- ->     4'1001 13'0100100000000
  transition:     4'1001 16'---0--01000-1--- ->     4'0100 13'0010000000000
  transition:     4'1001 16'---0--01100-1--- ->     4'1000 13'0100000000000
  transition:     4'1001 16'---0-001010-1--- ->     4'0001 13'0000100000000
  transition:     4'1001 16'---0-101010-1--- ->     4'0110 13'0011000000000
  transition:     4'1001 16'---0-001110-1--- ->     4'1000 13'0100000000000
  transition:     4'1001 16'---0-101110-1--- ->     4'0111 13'0011100000000
  transition:     4'1001 16'---0--0---101--- ->     4'0001 13'0000100000000
  transition:     4'1001 16'---0--0---111--- ->     4'1000 13'0100000000000
  transition:     4'1001 16'---1--0--------- ->     4'0000 13'0000000000000
  transition:     4'1001 16'------1--------- ->     4'0000 13'0000000000000
  transition:     4'0101 16'---0--00--0-00-- ->     4'0101 13'1010100000000
  transition:     4'0101 16'00-0--00--0-01-0 ->     4'0110 13'1011000000000
  transition:     4'0101 16'---0--00--0-01-1 ->     4'1000 13'1100000000000
  transition:     4'0101 16'-1-0--00--0-01-- ->     4'0111 13'1011100000000
  transition:     4'0101 16'1--0--00--0-01-- ->     4'0001 13'1000100000000
  transition:     4'0101 16'---0--01000-0--- ->     4'0100 13'1010000000000
  transition:     4'0101 16'---0--01100-0--- ->     4'1000 13'1100000000000
  transition:     4'0101 16'---0-001010-0--- ->     4'0001 13'1000100000000
  transition:     4'0101 16'---0-101010-0--- ->     4'0110 13'1011000000000
  transition:     4'0101 16'---0-001110-0--- ->     4'1000 13'1100000000000
  transition:     4'0101 16'---0-101110-0--- ->     4'0111 13'1011100000000
  transition:     4'0101 16'---0--0---100--- ->     4'0001 13'1000100000000
  transition:     4'0101 16'---0--0---110--- ->     4'1000 13'1100000000000
  transition:     4'0101 16'---0--00--0-10-- ->     4'0101 13'1010100000000
  transition:     4'0101 16'00-0--00--0-11-0 ->     4'0110 13'1011000000000
  transition:     4'0101 16'---0--00--0-11-1 ->     4'1000 13'1100000000000
  transition:     4'0101 16'-1-0--00--0-11-- ->     4'0111 13'1011100000000
  transition:     4'0101 16'1--0--00--0-11-- ->     4'0001 13'1000100000000
  transition:     4'0101 16'---0--01000-1--- ->     4'0100 13'1010000000000
  transition:     4'0101 16'---0--01100-1--- ->     4'1000 13'1100000000000
  transition:     4'0101 16'---0-001010-1--- ->     4'0001 13'1000100000000
  transition:     4'0101 16'---0-101010-1--- ->     4'0110 13'1011000000000
  transition:     4'0101 16'---0-001110-1--- ->     4'1000 13'1100000000000
  transition:     4'0101 16'---0-101110-1--- ->     4'0111 13'1011100000000
  transition:     4'0101 16'---0--0---101--- ->     4'0001 13'1000100000000
  transition:     4'0101 16'---0--0---111--- ->     4'1000 13'1100000000000
  transition:     4'0101 16'---1--0--------- ->     4'0000 13'1000000000000
  transition:     4'0101 16'------1--------- ->     4'0000 13'1000000000000
  transition:     4'0011 16'---0--00--0-00-- ->     4'0011 13'0001100000100
  transition:     4'0011 16'---0--00--0-01-- ->     4'0011 13'0001100000100
  transition:     4'0011 16'---0--01000-0--- ->     4'0100 13'0010000000100
  transition:     4'0011 16'---0--01100-0--- ->     4'1000 13'0100000000100
  transition:     4'0011 16'---0-001010-0--- ->     4'0001 13'0000100000100
  transition:     4'0011 16'---0-101010-0--- ->     4'0110 13'0011000000100
  transition:     4'0011 16'---0-001110-0--- ->     4'1000 13'0100000000100
  transition:     4'0011 16'---0-101110-0--- ->     4'0111 13'0011100000100
  transition:     4'0011 16'---0--0---100--- ->     4'0001 13'0000100000100
  transition:     4'0011 16'---0--0---110--- ->     4'1000 13'0100000000100
  transition:     4'0011 16'---0--00--0-10-- ->     4'0011 13'0001100000100
  transition:     4'0011 16'---0--00--0-11-- ->     4'0011 13'0001100000100
  transition:     4'0011 16'---0--01000-1--- ->     4'0100 13'0010000000100
  transition:     4'0011 16'---0--01100-1--- ->     4'1000 13'0100000000100
  transition:     4'0011 16'---0-001010-1--- ->     4'0001 13'0000100000100
  transition:     4'0011 16'---0-101010-1--- ->     4'0110 13'0011000000100
  transition:     4'0011 16'---0-001110-1--- ->     4'1000 13'0100000000100
  transition:     4'0011 16'---0-101110-1--- ->     4'0111 13'0011100000100
  transition:     4'0011 16'---0--0---101--- ->     4'0001 13'0000100000100
  transition:     4'0011 16'---0--0---111--- ->     4'1000 13'0100000000100
  transition:     4'0011 16'---1--0--------- ->     4'0000 13'0000000000100
  transition:     4'0011 16'------1--------- ->     4'0000 13'0000000000100
  transition:     4'0111 16'---0--00--0-00-- ->     4'0111 13'0011100000010
  transition:     4'0111 16'---0--00--0-01-- ->     4'0111 13'0011100000010
  transition:     4'0111 16'---0--01000-0--- ->     4'0100 13'0010000000010
  transition:     4'0111 16'---0--01100-0--- ->     4'1000 13'0100000000010
  transition:     4'0111 16'---0-001010-0--- ->     4'0001 13'0000100000010
  transition:     4'0111 16'---0-101010-0--- ->     4'0110 13'0011000000010
  transition:     4'0111 16'---0-001110-0--- ->     4'1000 13'0100000000010
  transition:     4'0111 16'---0-101110-0--- ->     4'0111 13'0011100000010
  transition:     4'0111 16'---0--0---100--- ->     4'0001 13'0000100000010
  transition:     4'0111 16'---0--0---110--- ->     4'1000 13'0100000000010
  transition:     4'0111 16'---0--00--0-10-- ->     4'0111 13'0011100000010
  transition:     4'0111 16'---0--00--0-11-- ->     4'0111 13'0011100000010
  transition:     4'0111 16'---0--01000-1--- ->     4'0100 13'0010000000010
  transition:     4'0111 16'---0--01100-1--- ->     4'1000 13'0100000000010
  transition:     4'0111 16'---0-001010-1--- ->     4'0001 13'0000100000010
  transition:     4'0111 16'---0-101010-1--- ->     4'0110 13'0011000000010
  transition:     4'0111 16'---0-001110-1--- ->     4'1000 13'0100000000010
  transition:     4'0111 16'---0-101110-1--- ->     4'0111 13'0011100000010
  transition:     4'0111 16'---0--0---101--- ->     4'0001 13'0000100000010
  transition:     4'0111 16'---0--0---111--- ->     4'1000 13'0100000000010
  transition:     4'0111 16'---1--0--------- ->     4'0000 13'0000000000010
  transition:     4'0111 16'------1--------- ->     4'0000 13'0000000000010
Extracting FSM `\state_q' from module `\wire_mold_header_seq'.
  found $dff cell for state register: $procdff$5362
  root of input selection tree: $0\state_q[2:0]
  found reset state: 3'000 (guessed from mux tree)
  found ctrl input: $logic_or$rtl/arch_a/wire_mold_header_seq.sv:112$312_Y
  found ctrl input: \input_fire
  found ctrl input: \reject_fire
  found ctrl input: \result_fire
  found ctrl input: \body_fire
  found ctrl input: \packet_fire
  found ctrl input: \packet_empty_q
  found state code: 3'010
  found state code: 3'011
  found ctrl input: \body_last_q
  found ctrl input: \packet_result_success
  found state code: 3'110
  found state code: 3'000
  found ctrl input: $eq$rtl/arch_a/wire_mold_header_seq.sv:104$299_Y
  found ctrl input: $eq$rtl/arch_a/wire_mold_header_seq.sv:104$298_Y
  found ctrl input: \in_last
  found state code: 3'101
  found ctrl input: $lt$rtl/arch_a/wire_mold_header_seq.sv:172$320_Y
  found ctrl input: $ne$rtl/arch_a/wire_mold_header_seq.sv:186$337_Y
  found ctrl input: $ne$rtl/arch_a/wire_mold_header_seq.sv:200$338_Y
  found ctrl input: $eq$rtl/arch_a/wire_mold_header_seq.sv:214$339_Y
  found ctrl input: $eq$rtl/arch_a/wire_mold_header_seq.sv:224$340_Y
  found state code: 3'001
  found state code: 3'100
  found ctrl output: \reject_valid
  found ctrl output: $ne$rtl/arch_a/wire_mold_header_seq.sv:96$292_Y
  found ctrl output: $ne$rtl/arch_a/wire_mold_header_seq.sv:97$293_Y
  found ctrl output: $eq$rtl/arch_a/wire_mold_header_seq.sv:100$296_Y
  found ctrl output: $eq$rtl/arch_a/wire_mold_header_seq.sv:105$301_Y
  found ctrl output: $eq$rtl/arch_a/wire_mold_header_seq.sv:104$299_Y
  found ctrl output: $eq$rtl/arch_a/wire_mold_header_seq.sv:104$298_Y
  ctrl inputs: { $eq$rtl/arch_a/wire_mold_header_seq.sv:224$340_Y $eq$rtl/arch_a/wire_mold_header_seq.sv:214$339_Y $ne$rtl/arch_a/wire_mold_header_seq.sv:200$338_Y $ne$rtl/arch_a/wire_mold_header_seq.sv:186$337_Y $lt$rtl/arch_a/wire_mold_header_seq.sv:172$320_Y $logic_or$rtl/arch_a/wire_mold_header_seq.sv:112$312_Y \reject_fire \result_fire \body_fire \packet_fire \body_last_q \packet_empty_q \packet_result_success \input_fire \in_last }
  ctrl outputs: { $eq$rtl/arch_a/wire_mold_header_seq.sv:105$301_Y $eq$rtl/arch_a/wire_mold_header_seq.sv:104$299_Y $eq$rtl/arch_a/wire_mold_header_seq.sv:104$298_Y $eq$rtl/arch_a/wire_mold_header_seq.sv:100$296_Y $ne$rtl/arch_a/wire_mold_header_seq.sv:97$293_Y $ne$rtl/arch_a/wire_mold_header_seq.sv:96$292_Y $0\state_q[2:0] \reject_valid }
  transition:      3'000 15'-----00000---0- ->      3'000 10'0010110000
  transition:      3'000 15'-----00001-0-0- ->      3'010 10'0010110100
  transition:      3'000 15'-----00001-1-0- ->      3'011 10'0010110110
  transition:      3'000 15'-----000100--0- ->      3'000 10'0010110000
  transition:      3'000 15'-----0001100-0- ->      3'010 10'0010110100
  transition:      3'000 15'-----0001101-0- ->      3'011 10'0010110110
  transition:      3'000 15'-----0001-1--0- ->      3'011 10'0010110110
  transition:      3'000 15'-----001----00- ->      3'110 10'0010111100
  transition:      3'000 15'-----001----10- ->      3'000 10'0010110000
  transition:      3'000 15'-----01------0- ->      3'110 10'0010111100
  transition:      3'000 15'000000-------1- ->      3'001 10'0010110010
  transition:      3'000 15'100000-------10 ->      3'100 10'0010111000
  transition:      3'000 15'100000-------11 ->      3'101 10'0010111010
  transition:      3'000 15'-10000-------10 ->      3'100 10'0010111000
  transition:      3'000 15'-10000-------11 ->      3'000 10'0010110000
  transition:      3'000 15'--1000-------10 ->      3'100 10'0010111000
  transition:      3'000 15'--1000-------11 ->      3'101 10'0010111010
  transition:      3'000 15'---100-------10 ->      3'100 10'0010111000
  transition:      3'000 15'---100-------11 ->      3'101 10'0010111010
  transition:      3'000 15'----100000---10 ->      3'000 10'0010110000
  transition:      3'000 15'----100001-0-10 ->      3'010 10'0010110100
  transition:      3'000 15'----100001-1-10 ->      3'011 10'0010110110
  transition:      3'000 15'----1000100--10 ->      3'000 10'0010110000
  transition:      3'000 15'----10001100-10 ->      3'010 10'0010110100
  transition:      3'000 15'----10001101-10 ->      3'011 10'0010110110
  transition:      3'000 15'----10001-1--10 ->      3'011 10'0010110110
  transition:      3'000 15'----1001----010 ->      3'110 10'0010111100
  transition:      3'000 15'----1001----110 ->      3'000 10'0010110000
  transition:      3'000 15'----101------10 ->      3'110 10'0010111100
  transition:      3'000 15'----10-------11 ->      3'101 10'0010111010
  transition:      3'000 15'-----1--------- ->      3'000 10'0010110000
  transition:      3'100 15'-----00000---0- ->      3'100 10'0100111000
  transition:      3'100 15'-----00001-0-0- ->      3'010 10'0100110100
  transition:      3'100 15'-----00001-1-0- ->      3'011 10'0100110110
  transition:      3'100 15'-----000100--0- ->      3'100 10'0100111000
  transition:      3'100 15'-----0001100-0- ->      3'010 10'0100110100
  transition:      3'100 15'-----0001101-0- ->      3'011 10'0100110110
  transition:      3'100 15'-----0001-1--0- ->      3'011 10'0100110110
  transition:      3'100 15'-----001----00- ->      3'110 10'0100111100
  transition:      3'100 15'-----001----10- ->      3'000 10'0100110000
  transition:      3'100 15'-----01------0- ->      3'110 10'0100111100
  transition:      3'100 15'-----00000---10 ->      3'100 10'0100111000
  transition:      3'100 15'-----00001-0-10 ->      3'010 10'0100110100
  transition:      3'100 15'-----00001-1-10 ->      3'011 10'0100110110
  transition:      3'100 15'-----000100--10 ->      3'100 10'0100111000
  transition:      3'100 15'-----0001100-10 ->      3'010 10'0100110100
  transition:      3'100 15'-----0001101-10 ->      3'011 10'0100110110
  transition:      3'100 15'-----0001-1--10 ->      3'011 10'0100110110
  transition:      3'100 15'-----001----010 ->      3'110 10'0100111100
  transition:      3'100 15'-----001----110 ->      3'000 10'0100110000
  transition:      3'100 15'-----01------10 ->      3'110 10'0100111100
  transition:      3'100 15'-----0-------11 ->      3'101 10'0100111010
  transition:      3'100 15'-----1--------- ->      3'000 10'0100110000
  transition:      3'010 15'-----00000---0- ->      3'010 10'1000110100
  transition:      3'010 15'-----00001-0-0- ->      3'010 10'1000110100
  transition:      3'010 15'-----00001-1-0- ->      3'011 10'1000110110
  transition:      3'010 15'-----000100--0- ->      3'010 10'1000110100
  transition:      3'010 15'-----0001100-0- ->      3'010 10'1000110100
  transition:      3'010 15'-----0001101-0- ->      3'011 10'1000110110
  transition:      3'010 15'-----0001-1--0- ->      3'011 10'1000110110
  transition:      3'010 15'-----001----00- ->      3'110 10'1000111100
  transition:      3'010 15'-----001----10- ->      3'000 10'1000110000
  transition:      3'010 15'-----01------0- ->      3'110 10'1000111100
  transition:      3'010 15'-----00000---1- ->      3'010 10'1000110100
  transition:      3'010 15'-----00001-0-1- ->      3'010 10'1000110100
  transition:      3'010 15'-----00001-1-1- ->      3'011 10'1000110110
  transition:      3'010 15'-----000100--1- ->      3'010 10'1000110100
  transition:      3'010 15'-----0001100-1- ->      3'010 10'1000110100
  transition:      3'010 15'-----0001101-1- ->      3'011 10'1000110110
  transition:      3'010 15'-----0001-1--1- ->      3'011 10'1000110110
  transition:      3'010 15'-----001----01- ->      3'110 10'1000111100
  transition:      3'010 15'-----001----11- ->      3'000 10'1000110000
  transition:      3'010 15'-----01------1- ->      3'110 10'1000111100
  transition:      3'010 15'-----1--------- ->      3'000 10'1000110000
  transition:      3'110 15'-----00000---0- ->      3'110 10'0000101100
  transition:      3'110 15'-----00001-0-0- ->      3'010 10'0000100100
  transition:      3'110 15'-----00001-1-0- ->      3'011 10'0000100110
  transition:      3'110 15'-----000100--0- ->      3'110 10'0000101100
  transition:      3'110 15'-----0001100-0- ->      3'010 10'0000100100
  transition:      3'110 15'-----0001101-0- ->      3'011 10'0000100110
  transition:      3'110 15'-----0001-1--0- ->      3'011 10'0000100110
  transition:      3'110 15'-----001----00- ->      3'110 10'0000101100
  transition:      3'110 15'-----001----10- ->      3'000 10'0000100000
  transition:      3'110 15'-----01------0- ->      3'110 10'0000101100
  transition:      3'110 15'-----00000---1- ->      3'110 10'0000101100
  transition:      3'110 15'-----00001-0-1- ->      3'010 10'0000100100
  transition:      3'110 15'-----00001-1-1- ->      3'011 10'0000100110
  transition:      3'110 15'-----000100--1- ->      3'110 10'0000101100
  transition:      3'110 15'-----0001100-1- ->      3'010 10'0000100100
  transition:      3'110 15'-----0001101-1- ->      3'011 10'0000100110
  transition:      3'110 15'-----0001-1--1- ->      3'011 10'0000100110
  transition:      3'110 15'-----001----01- ->      3'110 10'0000101100
  transition:      3'110 15'-----001----11- ->      3'000 10'0000100000
  transition:      3'110 15'-----01------1- ->      3'110 10'0000101100
  transition:      3'110 15'-----1--------- ->      3'000 10'0000100000
  transition:      3'001 15'-----00000---0- ->      3'001 10'0000110010
  transition:      3'001 15'-----00001-0-0- ->      3'010 10'0000110100
  transition:      3'001 15'-----00001-1-0- ->      3'011 10'0000110110
  transition:      3'001 15'-----000100--0- ->      3'001 10'0000110010
  transition:      3'001 15'-----0001100-0- ->      3'010 10'0000110100
  transition:      3'001 15'-----0001101-0- ->      3'011 10'0000110110
  transition:      3'001 15'-----0001-1--0- ->      3'011 10'0000110110
  transition:      3'001 15'-----001----00- ->      3'110 10'0000111100
  transition:      3'001 15'-----001----10- ->      3'000 10'0000110000
  transition:      3'001 15'-----01------0- ->      3'110 10'0000111100
  transition:      3'001 15'-----00000---1- ->      3'001 10'0000110010
  transition:      3'001 15'-----00001-0-1- ->      3'010 10'0000110100
  transition:      3'001 15'-----00001-1-1- ->      3'011 10'0000110110
  transition:      3'001 15'-----000100--1- ->      3'001 10'0000110010
  transition:      3'001 15'-----0001100-1- ->      3'010 10'0000110100
  transition:      3'001 15'-----0001101-1- ->      3'011 10'0000110110
  transition:      3'001 15'-----0001-1--1- ->      3'011 10'0000110110
  transition:      3'001 15'-----001----01- ->      3'110 10'0000111100
  transition:      3'001 15'-----001----11- ->      3'000 10'0000110000
  transition:      3'001 15'-----01------1- ->      3'110 10'0000111100
  transition:      3'001 15'-----1--------- ->      3'000 10'0000110000
  transition:      3'101 15'-----00000---0- ->      3'101 10'0000011011
  transition:      3'101 15'-----00001-0-0- ->      3'010 10'0000010101
  transition:      3'101 15'-----00001-1-0- ->      3'011 10'0000010111
  transition:      3'101 15'-----000100--0- ->      3'101 10'0000011011
  transition:      3'101 15'-----0001100-0- ->      3'010 10'0000010101
  transition:      3'101 15'-----0001101-0- ->      3'011 10'0000010111
  transition:      3'101 15'-----0001-1--0- ->      3'011 10'0000010111
  transition:      3'101 15'-----001----00- ->      3'110 10'0000011101
  transition:      3'101 15'-----001----10- ->      3'000 10'0000010001
  transition:      3'101 15'-----01------0- ->      3'110 10'0000011101
  transition:      3'101 15'-----00000---1- ->      3'101 10'0000011011
  transition:      3'101 15'-----00001-0-1- ->      3'010 10'0000010101
  transition:      3'101 15'-----00001-1-1- ->      3'011 10'0000010111
  transition:      3'101 15'-----000100--1- ->      3'101 10'0000011011
  transition:      3'101 15'-----0001100-1- ->      3'010 10'0000010101
  transition:      3'101 15'-----0001101-1- ->      3'011 10'0000010111
  transition:      3'101 15'-----0001-1--1- ->      3'011 10'0000010111
  transition:      3'101 15'-----001----01- ->      3'110 10'0000011101
  transition:      3'101 15'-----001----11- ->      3'000 10'0000010001
  transition:      3'101 15'-----01------1- ->      3'110 10'0000011101
  transition:      3'101 15'-----1--------- ->      3'000 10'0000010001
  transition:      3'011 15'-----00000---0- ->      3'011 10'0001110110
  transition:      3'011 15'-----00001-0-0- ->      3'010 10'0001110100
  transition:      3'011 15'-----00001-1-0- ->      3'011 10'0001110110
  transition:      3'011 15'-----000100--0- ->      3'011 10'0001110110
  transition:      3'011 15'-----0001100-0- ->      3'010 10'0001110100
  transition:      3'011 15'-----0001101-0- ->      3'011 10'0001110110
  transition:      3'011 15'-----0001-1--0- ->      3'011 10'0001110110
  transition:      3'011 15'-----001----00- ->      3'110 10'0001111100
  transition:      3'011 15'-----001----10- ->      3'000 10'0001110000
  transition:      3'011 15'-----01------0- ->      3'110 10'0001111100
  transition:      3'011 15'-----00000---1- ->      3'011 10'0001110110
  transition:      3'011 15'-----00001-0-1- ->      3'010 10'0001110100
  transition:      3'011 15'-----00001-1-1- ->      3'011 10'0001110110
  transition:      3'011 15'-----000100--1- ->      3'011 10'0001110110
  transition:      3'011 15'-----0001100-1- ->      3'010 10'0001110100
  transition:      3'011 15'-----0001101-1- ->      3'011 10'0001110110
  transition:      3'011 15'-----0001-1--1- ->      3'011 10'0001110110
  transition:      3'011 15'-----001----01- ->      3'110 10'0001111100
  transition:      3'011 15'-----001----11- ->      3'000 10'0001110000
  transition:      3'011 15'-----01------1- ->      3'110 10'0001111100
  transition:      3'011 15'-----1--------- ->      3'000 10'0001110000
Extracting FSM `\state_q' from module `\wire_udp_parser'.
  found $dff cell for state register: $procdff$5382
  root of input selection tree: $0\state_q[1:0]
  found reset state: 2'00 (guessed from mux tree)
  found ctrl input: \rst
  found ctrl input: \input_fire
  found ctrl input: $logic_and$rtl/arch_a/wire_udp_parser.sv:91$249_Y
  found ctrl input: $logic_and$rtl/arch_a/wire_udp_parser.sv:82$247_Y
  found ctrl input: \payload_last_q
  found state code: 2'00
  found ctrl input: $eq$rtl/arch_a/wire_udp_parser.sv:62$231_Y
  found ctrl input: $eq$rtl/arch_a/wire_udp_parser.sv:63$233_Y
  found ctrl input: $eq$rtl/arch_a/wire_udp_parser.sv:62$230_Y
  found ctrl input: \in_last
  found state code: 2'11
  found ctrl input: $logic_and$rtl/arch_a/wire_udp_parser.sv:166$278_Y
  found ctrl input: $eq$rtl/arch_a/wire_udp_parser.sv:170$279_Y
  found state code: 2'10
  found ctrl input: $logic_and$rtl/arch_a/wire_udp_parser.sv:99$255_Y
  found ctrl input: $lt$rtl/arch_a/wire_udp_parser.sv:103$258_Y
  found ctrl input: $lt$rtl/arch_a/wire_udp_parser.sv:111$273_Y
  found ctrl input: $eq$rtl/arch_a/wire_udp_parser.sv:121$274_Y
  found ctrl input: $logic_or$rtl/arch_a/wire_udp_parser.sv:139$275_Y
  found state code: 2'01
  found ctrl output: \reject_valid
  found ctrl output: $eq$rtl/arch_a/wire_udp_parser.sv:62$230_Y
  found ctrl output: $eq$rtl/arch_a/wire_udp_parser.sv:62$231_Y
  found ctrl output: $eq$rtl/arch_a/wire_udp_parser.sv:63$233_Y
  ctrl inputs: { $eq$rtl/arch_a/wire_udp_parser.sv:170$279_Y $logic_and$rtl/arch_a/wire_udp_parser.sv:166$278_Y $logic_or$rtl/arch_a/wire_udp_parser.sv:139$275_Y $eq$rtl/arch_a/wire_udp_parser.sv:121$274_Y $lt$rtl/arch_a/wire_udp_parser.sv:111$273_Y $lt$rtl/arch_a/wire_udp_parser.sv:103$258_Y $logic_and$rtl/arch_a/wire_udp_parser.sv:99$255_Y $logic_and$rtl/arch_a/wire_udp_parser.sv:91$249_Y $logic_and$rtl/arch_a/wire_udp_parser.sv:82$247_Y \input_fire \payload_last_q \in_last \rst }
  ctrl outputs: { $eq$rtl/arch_a/wire_udp_parser.sv:63$233_Y $eq$rtl/arch_a/wire_udp_parser.sv:62$231_Y $eq$rtl/arch_a/wire_udp_parser.sv:62$230_Y $0\state_q[1:0] \reject_valid }
  transition:       2'00 13'-------000--0 ->       2'00 6'001000
  transition:       2'00 13'-------0100-0 ->       2'00 6'001000
  transition:       2'00 13'-------0101-0 ->       2'00 6'001000
  transition:       2'00 13'-------1-0--0 ->       2'00 6'001000
  transition:       2'00 13'--00000--1-00 ->       2'01 6'001010
  transition:       2'00 13'--00000--1-10 ->       2'11 6'001110
  transition:       2'00 13'--10000--1-00 ->       2'10 6'001100
  transition:       2'00 13'--10000--1-10 ->       2'11 6'001110
  transition:       2'00 13'---1000--1-00 ->       2'10 6'001100
  transition:       2'00 13'---1000--1-10 ->       2'11 6'001110
  transition:       2'00 13'----100--1-00 ->       2'10 6'001100
  transition:       2'00 13'----100--1-10 ->       2'11 6'001110
  transition:       2'00 13'-----10001--0 ->       2'00 6'001000
  transition:       2'00 13'-----100110-0 ->       2'00 6'001000
  transition:       2'00 13'-----100111-0 ->       2'00 6'001000
  transition:       2'00 13'-----101-1--0 ->       2'00 6'001000
  transition:       2'00 13'------1--1--0 ->       2'11 6'001110
  transition:       2'00 13'------------1 ->       2'00 6'001000
  transition:       2'10 13'-------000--0 ->       2'10 6'010100
  transition:       2'10 13'-------0100-0 ->       2'10 6'010100
  transition:       2'10 13'-------0101-0 ->       2'00 6'010000
  transition:       2'10 13'-------1-0--0 ->       2'00 6'010000
  transition:       2'10 13'-------001-00 ->       2'10 6'010100
  transition:       2'10 13'-------011000 ->       2'10 6'010100
  transition:       2'10 13'-------011100 ->       2'00 6'010000
  transition:       2'10 13'-------1-1-00 ->       2'00 6'010000
  transition:       2'10 13'---------1-10 ->       2'11 6'010110
  transition:       2'10 13'------------1 ->       2'00 6'010000
  transition:       2'01 13'-------000--0 ->       2'01 6'100010
  transition:       2'01 13'-------0100-0 ->       2'01 6'100010
  transition:       2'01 13'-------0101-0 ->       2'00 6'100000
  transition:       2'01 13'-------1-0--0 ->       2'00 6'100000
  transition:       2'01 13'00-----001--0 ->       2'01 6'100010
  transition:       2'01 13'00-----0110-0 ->       2'01 6'100010
  transition:       2'01 13'00-----0111-0 ->       2'00 6'100000
  transition:       2'01 13'00-----1-1--0 ->       2'00 6'100000
  transition:       2'01 13'10-------1-00 ->       2'10 6'100100
  transition:       2'01 13'10-----001-10 ->       2'01 6'100010
  transition:       2'01 13'10-----011010 ->       2'01 6'100010
  transition:       2'01 13'10-----011110 ->       2'00 6'100000
  transition:       2'01 13'10-----1-1-10 ->       2'00 6'100000
  transition:       2'01 13'-1-------1--0 ->       2'11 6'100110
  transition:       2'01 13'------------1 ->       2'00 6'100000
  transition:       2'11 13'-------000--0 ->       2'11 6'000111
  transition:       2'11 13'-------0100-0 ->       2'11 6'000111
  transition:       2'11 13'-------0101-0 ->       2'00 6'000001
  transition:       2'11 13'-------1-0--0 ->       2'00 6'000001
  transition:       2'11 13'-------001--0 ->       2'11 6'000111
  transition:       2'11 13'-------0110-0 ->       2'11 6'000111
  transition:       2'11 13'-------0111-0 ->       2'00 6'000001
  transition:       2'11 13'-------1-1--0 ->       2'00 6'000001
  transition:       2'11 13'------------1 ->       2'00 6'000001
Extracting FSM `\state_q' from module `\wire_ipv4_parser'.
  found $dff cell for state register: $procdff$5397
  root of input selection tree: $0\state_q[2:0]
  found reset state: 3'000 (guessed from mux tree)
  found ctrl input: \rst
  found ctrl input: \input_fire
  found ctrl input: $logic_and$rtl/arch_a/wire_ipv4_parser.sv:142$126_Y
  found ctrl input: $logic_and$rtl/arch_a/wire_ipv4_parser.sv:132$123_Y
  found ctrl input: \payload_last_q
  found ctrl input: \payload_physical_last_q
  found state code: 3'010
  found state code: 3'000
  found ctrl input: $eq$rtl/arch_a/wire_ipv4_parser.sv:113$101_Y
  found ctrl input: $eq$rtl/arch_a/wire_ipv4_parser.sv:114$103_Y
  found ctrl input: $eq$rtl/arch_a/wire_ipv4_parser.sv:115$105_Y
  found ctrl input: $eq$rtl/arch_a/wire_ipv4_parser.sv:112$100_Y
  found ctrl input: \in_last
  found state code: 3'100
  found ctrl input: $logic_and$rtl/arch_a/wire_ipv4_parser.sv:183$173_Y
  found ctrl input: $logic_and$rtl/arch_a/wire_ipv4_parser.sv:150$136_Y
  found ctrl input: $lt$rtl/arch_a/wire_ipv4_parser.sv:150$135_Y
  found ctrl input: $eq$rtl/arch_a/wire_ipv4_parser.sv:159$158_Y
  found state code: 3'011
  found ctrl input: $eq$rtl/arch_a/wire_ipv4_parser.sv:160$161_Y
  found state code: 3'001
  found ctrl output: \reject_valid
  found ctrl output: $eq$rtl/arch_a/wire_ipv4_parser.sv:115$105_Y
  found ctrl output: $eq$rtl/arch_a/wire_ipv4_parser.sv:112$100_Y
  found ctrl output: $eq$rtl/arch_a/wire_ipv4_parser.sv:113$101_Y
  found ctrl output: $eq$rtl/arch_a/wire_ipv4_parser.sv:114$103_Y
  ctrl inputs: { $logic_and$rtl/arch_a/wire_ipv4_parser.sv:183$173_Y $eq$rtl/arch_a/wire_ipv4_parser.sv:160$161_Y $eq$rtl/arch_a/wire_ipv4_parser.sv:159$158_Y $logic_and$rtl/arch_a/wire_ipv4_parser.sv:150$136_Y $lt$rtl/arch_a/wire_ipv4_parser.sv:150$135_Y $logic_and$rtl/arch_a/wire_ipv4_parser.sv:142$126_Y $logic_and$rtl/arch_a/wire_ipv4_parser.sv:132$123_Y \payload_physical_last_q \input_fire \payload_last_q \in_last \rst }
  ctrl outputs: { $0\state_q[2:0] $eq$rtl/arch_a/wire_ipv4_parser.sv:115$105_Y $eq$rtl/arch_a/wire_ipv4_parser.sv:114$103_Y $eq$rtl/arch_a/wire_ipv4_parser.sv:113$101_Y $eq$rtl/arch_a/wire_ipv4_parser.sv:112$100_Y \reject_valid }
  transition:      3'000 12'-----00-0--0 ->      3'000 8'00000010
  transition:      3'000 12'-----01-00-0 ->      3'000 8'00000010
  transition:      3'000 12'-----01001-0 ->      3'010 8'01000010
  transition:      3'000 12'-----01101-0 ->      3'000 8'00000010
  transition:      3'000 12'-----1--0--0 ->      3'000 8'00000010
  transition:      3'000 12'--000---1-00 ->      3'011 8'01100010
  transition:      3'000 12'--000---1-10 ->      3'100 8'10000010
  transition:      3'000 12'-0100---1-00 ->      3'001 8'00100010
  transition:      3'000 12'-0100---1-10 ->      3'100 8'10000010
  transition:      3'000 12'-1100---1--0 ->      3'100 8'10000010
  transition:      3'000 12'---0100-1--0 ->      3'000 8'00000010
  transition:      3'000 12'---0101-10-0 ->      3'000 8'00000010
  transition:      3'000 12'---0101011-0 ->      3'010 8'01000010
  transition:      3'000 12'---0101111-0 ->      3'000 8'00000010
  transition:      3'000 12'---011--1--0 ->      3'000 8'00000010
  transition:      3'000 12'---1----1--0 ->      3'100 8'10000010
  transition:      3'000 12'-----------1 ->      3'000 8'00000010
  transition:      3'100 12'-----00-0--0 ->      3'100 8'10000001
  transition:      3'100 12'-----01-00-0 ->      3'100 8'10000001
  transition:      3'100 12'-----01001-0 ->      3'010 8'01000001
  transition:      3'100 12'-----01101-0 ->      3'000 8'00000001
  transition:      3'100 12'-----1--0--0 ->      3'000 8'00000001
  transition:      3'100 12'-----00-1--0 ->      3'100 8'10000001
  transition:      3'100 12'-----01-10-0 ->      3'100 8'10000001
  transition:      3'100 12'-----01011-0 ->      3'010 8'01000001
  transition:      3'100 12'-----01111-0 ->      3'000 8'00000001
  transition:      3'100 12'-----1--1--0 ->      3'000 8'00000001
  transition:      3'100 12'-----------1 ->      3'000 8'00000001
  transition:      3'010 12'-----00-0--0 ->      3'010 8'01001000
  transition:      3'010 12'-----01-00-0 ->      3'010 8'01001000
  transition:      3'010 12'-----01001-0 ->      3'010 8'01001000
  transition:      3'010 12'-----01101-0 ->      3'000 8'00001000
  transition:      3'010 12'-----1--0--0 ->      3'000 8'00001000
  transition:      3'010 12'-----00-1-00 ->      3'010 8'01001000
  transition:      3'010 12'-----01-1000 ->      3'010 8'01001000
  transition:      3'010 12'-----0101100 ->      3'010 8'01001000
  transition:      3'010 12'-----0111100 ->      3'000 8'00001000
  transition:      3'010 12'-----1--1-00 ->      3'000 8'00001000
  transition:      3'010 12'--------1-10 ->      3'000 8'00001000
  transition:      3'010 12'-----------1 ->      3'000 8'00001000
  transition:      3'001 12'-----00-0--0 ->      3'001 8'00110000
  transition:      3'001 12'-----01-00-0 ->      3'001 8'00110000
  transition:      3'001 12'-----01001-0 ->      3'010 8'01010000
  transition:      3'001 12'-----01101-0 ->      3'000 8'00010000
  transition:      3'001 12'-----1--0--0 ->      3'000 8'00010000
  transition:      3'001 12'0----00-1--0 ->      3'001 8'00110000
  transition:      3'001 12'0----01-10-0 ->      3'001 8'00110000
  transition:      3'001 12'0----01011-0 ->      3'010 8'01010000
  transition:      3'001 12'0----01111-0 ->      3'000 8'00010000
  transition:      3'001 12'0----1--1--0 ->      3'000 8'00010000
  transition:      3'001 12'1-------1--0 ->      3'100 8'10010000
  transition:      3'001 12'-----------1 ->      3'000 8'00010000
  transition:      3'011 12'-----00-0--0 ->      3'011 8'01100100
  transition:      3'011 12'-----01-00-0 ->      3'011 8'01100100
  transition:      3'011 12'-----01001-0 ->      3'010 8'01000100
  transition:      3'011 12'-----01101-0 ->      3'000 8'00000100
  transition:      3'011 12'-----1--0--0 ->      3'000 8'00000100
  transition:      3'011 12'-----00-1-00 ->      3'011 8'01100100
  transition:      3'011 12'-----01-1000 ->      3'011 8'01100100
  transition:      3'011 12'-----0101100 ->      3'010 8'01000100
  transition:      3'011 12'-----0111100 ->      3'000 8'00000100
  transition:      3'011 12'-----1--1-00 ->      3'000 8'00000100
  transition:      3'011 12'--------1-10 ->      3'100 8'10000100
  transition:      3'011 12'-----------1 ->      3'000 8'00000100
Extracting FSM `\state_q' from module `\wire_eth_parser'.
  found $dff cell for state register: $procdff$5411
  root of input selection tree: $0\state_q[1:0]
  found reset state: 2'00 (guessed from mux tree)
  found ctrl input: \rst
  found ctrl input: \input_fire
  found ctrl input: $logic_and$rtl/arch_a/wire_eth_parser.sv:75$86_Y
  found ctrl input: $logic_and$rtl/arch_a/wire_eth_parser.sv:66$84_Y
  found ctrl input: \payload_last_q
  found state code: 2'00
  found ctrl input: $eq$rtl/arch_a/wire_eth_parser.sv:46$72_Y
  found ctrl input: $eq$rtl/arch_a/wire_eth_parser.sv:45$71_Y
  found ctrl input: \in_last
  found state code: 2'11
  found ctrl input: $logic_and$rtl/arch_a/wire_eth_parser.sv:83$88_Y
  found ctrl input: $procmux$4986_CMP
  found ctrl input: $eq$rtl/arch_a/wire_eth_parser.sv:94$89_Y
  found state code: 2'10
  found state code: 2'01
  found ctrl output: \reject_valid
  found ctrl output: $eq$rtl/arch_a/wire_eth_parser.sv:47$74_Y
  found ctrl output: $eq$rtl/arch_a/wire_eth_parser.sv:46$72_Y
  found ctrl output: $eq$rtl/arch_a/wire_eth_parser.sv:45$71_Y
  ctrl inputs: { $procmux$4986_CMP $eq$rtl/arch_a/wire_eth_parser.sv:94$89_Y $logic_and$rtl/arch_a/wire_eth_parser.sv:83$88_Y $logic_and$rtl/arch_a/wire_eth_parser.sv:75$86_Y $logic_and$rtl/arch_a/wire_eth_parser.sv:66$84_Y \input_fire \payload_last_q \in_last \rst }
  ctrl outputs: { $0\state_q[1:0] $eq$rtl/arch_a/wire_eth_parser.sv:47$74_Y $eq$rtl/arch_a/wire_eth_parser.sv:46$72_Y $eq$rtl/arch_a/wire_eth_parser.sv:45$71_Y \reject_valid }
  transition:       2'00 9'---000--0 ->       2'00 6'000010
  transition:       2'00 9'---0100-0 ->       2'00 6'000010
  transition:       2'00 9'---0101-0 ->       2'00 6'000010
  transition:       2'00 9'---1-0--0 ->       2'00 6'000010
  transition:       2'00 9'0-0001--0 ->       2'00 6'000010
  transition:       2'00 9'0-00110-0 ->       2'00 6'000010
  transition:       2'00 9'0-00111-0 ->       2'00 6'000010
  transition:       2'00 9'0-01-1--0 ->       2'00 6'000010
  transition:       2'00 9'100--1-00 ->       2'10 6'100010
  transition:       2'00 9'100--1-10 ->       2'11 6'110010
  transition:       2'00 9'110--1-00 ->       2'01 6'010010
  transition:       2'00 9'110--1-10 ->       2'11 6'110010
  transition:       2'00 9'--1--1--0 ->       2'11 6'110010
  transition:       2'00 9'--------1 ->       2'00 6'000010
  transition:       2'10 9'---000--0 ->       2'10 6'100100
  transition:       2'10 9'---0100-0 ->       2'10 6'100100
  transition:       2'10 9'---0101-0 ->       2'00 6'000100
  transition:       2'10 9'---1-0--0 ->       2'00 6'000100
  transition:       2'10 9'---001-00 ->       2'10 6'100100
  transition:       2'10 9'---011000 ->       2'10 6'100100
  transition:       2'10 9'---011100 ->       2'00 6'000100
  transition:       2'10 9'---1-1-00 ->       2'00 6'000100
  transition:       2'10 9'-----1-10 ->       2'11 6'110100
  transition:       2'10 9'--------1 ->       2'00 6'000100
  transition:       2'01 9'---000--0 ->       2'01 6'011000
  transition:       2'01 9'---0100-0 ->       2'01 6'011000
  transition:       2'01 9'---0101-0 ->       2'00 6'001000
  transition:       2'01 9'---1-0--0 ->       2'00 6'001000
  transition:       2'01 9'---001--0 ->       2'01 6'011000
  transition:       2'01 9'---0110-0 ->       2'01 6'011000
  transition:       2'01 9'---0111-0 ->       2'00 6'001000
  transition:       2'01 9'---1-1--0 ->       2'00 6'001000
  transition:       2'01 9'--------1 ->       2'00 6'001000
  transition:       2'11 9'---000--0 ->       2'11 6'110001
  transition:       2'11 9'---0100-0 ->       2'11 6'110001
  transition:       2'11 9'---0101-0 ->       2'00 6'000001
  transition:       2'11 9'---1-0--0 ->       2'00 6'000001
  transition:       2'11 9'---001--0 ->       2'11 6'110001
  transition:       2'11 9'---0110-0 ->       2'11 6'110001
  transition:       2'11 9'---0111-0 ->       2'00 6'000001
  transition:       2'11 9'---1-1--0 ->       2'00 6'000001
  transition:       2'11 9'--------1 ->       2'00 6'000001
Extracting FSM `\count_q' from module `\wire_gearbox_64to8'.
  found $dff cell for state register: $procdff$5421
  root of input selection tree: $0\count_q[3:0]
  found reset state: 4'0000 (guessed from mux tree)
  found ctrl input: \rst
  found ctrl input: $logic_and$rtl/arch_a/wire_gearbox_64to8.sv:56$62_Y
  found ctrl input: $procmux$5123_CMP
  found ctrl input: $procmux$5124_CMP
  found ctrl input: $procmux$5125_CMP
  found ctrl input: $procmux$5126_CMP
  found ctrl input: $procmux$5127_CMP
  found ctrl input: $procmux$5128_CMP
  found ctrl input: $procmux$5129_CMP
  found ctrl input: $procmux$5130_CMP
  found state code: 4'0000
  found state code: 4'1000
  found state code: 4'0111
  found state code: 4'0110
  found state code: 4'0101
  found state code: 4'0100
  found state code: 4'0011
  found state code: 4'0010
  found state code: 4'0001
  ctrl inputs: { $procmux$5130_CMP $procmux$5129_CMP $procmux$5128_CMP $procmux$5127_CMP $procmux$5126_CMP $procmux$5125_CMP $procmux$5124_CMP $procmux$5123_CMP $logic_and$rtl/arch_a/wire_gearbox_64to8.sv:56$62_Y \rst }
  ctrl outputs: $0\count_q[3:0]
  transition:     4'0000 10'--------00 ->     4'0000 4'0000
  transition:     4'0000 10'0000000010 ->     4'0000 4'0000
  transition:     4'0000 10'1-------10 ->     4'0001 4'0001
  transition:     4'0000 10'-1------10 ->     4'0010 4'0010
  transition:     4'0000 10'--1-----10 ->     4'0011 4'0011
  transition:     4'0000 10'---1----10 ->     4'0100 4'0100
  transition:     4'0000 10'----1---10 ->     4'0101 4'0101
  transition:     4'0000 10'-----1--10 ->     4'0110 4'0110
  transition:     4'0000 10'------1-10 ->     4'0111 4'0111
  transition:     4'0000 10'-------110 ->     4'1000 4'1000
  transition:     4'0000 10'---------1 ->     4'0000 4'0000
  transition:     4'1000 10'--------00 ->     4'1000 4'1000
  transition:     4'1000 10'0000000010 ->     4'0000 4'0000
  transition:     4'1000 10'1-------10 ->     4'0001 4'0001
  transition:     4'1000 10'-1------10 ->     4'0010 4'0010
  transition:     4'1000 10'--1-----10 ->     4'0011 4'0011
  transition:     4'1000 10'---1----10 ->     4'0100 4'0100
  transition:     4'1000 10'----1---10 ->     4'0101 4'0101
  transition:     4'1000 10'-----1--10 ->     4'0110 4'0110
  transition:     4'1000 10'------1-10 ->     4'0111 4'0111
  transition:     4'1000 10'-------110 ->     4'1000 4'1000
  transition:     4'1000 10'---------1 ->     4'0000 4'0000
  transition:     4'0100 10'--------00 ->     4'0100 4'0100
  transition:     4'0100 10'0000000010 ->     4'0000 4'0000
  transition:     4'0100 10'1-------10 ->     4'0001 4'0001
  transition:     4'0100 10'-1------10 ->     4'0010 4'0010
  transition:     4'0100 10'--1-----10 ->     4'0011 4'0011
  transition:     4'0100 10'---1----10 ->     4'0100 4'0100
  transition:     4'0100 10'----1---10 ->     4'0101 4'0101
  transition:     4'0100 10'-----1--10 ->     4'0110 4'0110
  transition:     4'0100 10'------1-10 ->     4'0111 4'0111
  transition:     4'0100 10'-------110 ->     4'1000 4'1000
  transition:     4'0100 10'---------1 ->     4'0000 4'0000
  transition:     4'0010 10'--------00 ->     4'0010 4'0010
  transition:     4'0010 10'0000000010 ->     4'0000 4'0000
  transition:     4'0010 10'1-------10 ->     4'0001 4'0001
  transition:     4'0010 10'-1------10 ->     4'0010 4'0010
  transition:     4'0010 10'--1-----10 ->     4'0011 4'0011
  transition:     4'0010 10'---1----10 ->     4'0100 4'0100
  transition:     4'0010 10'----1---10 ->     4'0101 4'0101
  transition:     4'0010 10'-----1--10 ->     4'0110 4'0110
  transition:     4'0010 10'------1-10 ->     4'0111 4'0111
  transition:     4'0010 10'-------110 ->     4'1000 4'1000
  transition:     4'0010 10'---------1 ->     4'0000 4'0000
  transition:     4'0110 10'--------00 ->     4'0110 4'0110
  transition:     4'0110 10'0000000010 ->     4'0000 4'0000
  transition:     4'0110 10'1-------10 ->     4'0001 4'0001
  transition:     4'0110 10'-1------10 ->     4'0010 4'0010
  transition:     4'0110 10'--1-----10 ->     4'0011 4'0011
  transition:     4'0110 10'---1----10 ->     4'0100 4'0100
  transition:     4'0110 10'----1---10 ->     4'0101 4'0101
  transition:     4'0110 10'-----1--10 ->     4'0110 4'0110
  transition:     4'0110 10'------1-10 ->     4'0111 4'0111
  transition:     4'0110 10'-------110 ->     4'1000 4'1000
  transition:     4'0110 10'---------1 ->     4'0000 4'0000
  transition:     4'0001 10'--------00 ->     4'0001 4'0001
  transition:     4'0001 10'0000000010 ->     4'0000 4'0000
  transition:     4'0001 10'1-------10 ->     4'0001 4'0001
  transition:     4'0001 10'-1------10 ->     4'0010 4'0010
  transition:     4'0001 10'--1-----10 ->     4'0011 4'0011
  transition:     4'0001 10'---1----10 ->     4'0100 4'0100
  transition:     4'0001 10'----1---10 ->     4'0101 4'0101
  transition:     4'0001 10'-----1--10 ->     4'0110 4'0110
  transition:     4'0001 10'------1-10 ->     4'0111 4'0111
  transition:     4'0001 10'-------110 ->     4'1000 4'1000
  transition:     4'0001 10'---------1 ->     4'0000 4'0000
  transition:     4'0101 10'--------00 ->     4'0101 4'0101
  transition:     4'0101 10'0000000010 ->     4'0000 4'0000
  transition:     4'0101 10'1-------10 ->     4'0001 4'0001
  transition:     4'0101 10'-1------10 ->     4'0010 4'0010
  transition:     4'0101 10'--1-----10 ->     4'0011 4'0011
  transition:     4'0101 10'---1----10 ->     4'0100 4'0100
  transition:     4'0101 10'----1---10 ->     4'0101 4'0101
  transition:     4'0101 10'-----1--10 ->     4'0110 4'0110
  transition:     4'0101 10'------1-10 ->     4'0111 4'0111
  transition:     4'0101 10'-------110 ->     4'1000 4'1000
  transition:     4'0101 10'---------1 ->     4'0000 4'0000
  transition:     4'0011 10'--------00 ->     4'0011 4'0011
  transition:     4'0011 10'0000000010 ->     4'0000 4'0000
  transition:     4'0011 10'1-------10 ->     4'0001 4'0001
  transition:     4'0011 10'-1------10 ->     4'0010 4'0010
  transition:     4'0011 10'--1-----10 ->     4'0011 4'0011
  transition:     4'0011 10'---1----10 ->     4'0100 4'0100
  transition:     4'0011 10'----1---10 ->     4'0101 4'0101
  transition:     4'0011 10'-----1--10 ->     4'0110 4'0110
  transition:     4'0011 10'------1-10 ->     4'0111 4'0111
  transition:     4'0011 10'-------110 ->     4'1000 4'1000
  transition:     4'0011 10'---------1 ->     4'0000 4'0000
  transition:     4'0111 10'--------00 ->     4'0111 4'0111
  transition:     4'0111 10'0000000010 ->     4'0000 4'0000
  transition:     4'0111 10'1-------10 ->     4'0001 4'0001
  transition:     4'0111 10'-1------10 ->     4'0010 4'0010
  transition:     4'0111 10'--1-----10 ->     4'0011 4'0011
  transition:     4'0111 10'---1----10 ->     4'0100 4'0100
  transition:     4'0111 10'----1---10 ->     4'0101 4'0101
  transition:     4'0111 10'-----1--10 ->     4'0110 4'0110
  transition:     4'0111 10'------1-10 ->     4'0111 4'0111
  transition:     4'0111 10'-------110 ->     4'1000 4'1000
  transition:     4'0111 10'---------1 ->     4'0000 4'0000

11.7.3. Executing FSM_OPT pass (simple optimizations of FSMs).
Optimizing FSM `$fsm$\state_q$5466' from module `\wire_itch_decoder'.
Optimizing FSM `$fsm$\state_q$5480' from module `\wire_mold_message_framer'.
  Merging pattern 16'---0--00--0-00-- and 16'---0--00--0-01-- from group (0 0 13'0000000000001).
  Merging pattern 16'---0--00--0-10-- and 16'---0--00--0-11-- from group (0 0 13'0000000000001).
  Merging pattern 16'---0--00--0-01-- and 16'---0--00--0-00-- from group (0 0 13'0000000000001).
  Merging pattern 16'---0--00--0-11-- and 16'---0--00--0-10-- from group (0 0 13'0000000000001).
  Merging pattern 16'---0--00--0-0--- and 16'---0--00--0-1--- from group (0 0 13'0000000000001).
  Merging pattern 16'---0--00--0-1--- and 16'---0--00--0-0--- from group (0 0 13'0000000000001).
  Merging pattern 16'---0--0---110--- and 16'---0--0---111--- from group (0 1 13'0100000000001).
  Merging pattern 16'---0--01100-0--- and 16'---0--01100-1--- from group (0 1 13'0100000000001).
  Merging pattern 16'---0-001110-0--- and 16'---0-001110-1--- from group (0 1 13'0100000000001).
  Merging pattern 16'---0--0---111--- and 16'---0--0---110--- from group (0 1 13'0100000000001).
  Merging pattern 16'---0--01100-1--- and 16'---0--01100-0--- from group (0 1 13'0100000000001).
  Merging pattern 16'---0-001110-1--- and 16'---0-001110-0--- from group (0 1 13'0100000000001).
  Merging pattern 16'---0--01000-0--- and 16'---0--01000-1--- from group (0 2 13'0010000000001).
  Merging pattern 16'---0--01000-1--- and 16'---0--01000-0--- from group (0 2 13'0010000000001).
  Merging pattern 16'---0-101010-0--- and 16'---0-101010-1--- from group (0 4 13'0011000000001).
  Merging pattern 16'---0-101010-1--- and 16'---0-101010-0--- from group (0 4 13'0011000000001).
  Merging pattern 16'---0--0---100--- and 16'---0--0---101--- from group (0 5 13'0000100000001).
  Merging pattern 16'---0-001010-0--- and 16'---0-001010-1--- from group (0 5 13'0000100000001).
  Merging pattern 16'---0--0---101--- and 16'---0--0---100--- from group (0 5 13'0000100000001).
  Merging pattern 16'---0-001010-1--- and 16'---0-001010-0--- from group (0 5 13'0000100000001).
  Merging pattern 16'---0-101110-0--- and 16'---0-101110-1--- from group (0 9 13'0011100000001).
  Merging pattern 16'---0-101110-1--- and 16'---0-101110-0--- from group (0 9 13'0011100000001).
  Merging pattern 16'--00--00--0-00-- and 16'--00--00--0-01-- from group (1 1 13'0100010000000).
  Merging pattern 16'--00--00--0-10-- and 16'--00--00--0-11-- from group (1 1 13'0100010000000).
  Merging pattern 16'--00--00--0-01-- and 16'--00--00--0-00-- from group (1 1 13'0100010000000).
  Merging pattern 16'--00--00--0-11-- and 16'--00--00--0-10-- from group (1 1 13'0100010000000).
  Merging pattern 16'--00--0---110--- and 16'--00--0---111--- from group (1 1 13'0100010000000).
  Merging pattern 16'--00--01100-0--- and 16'--00--01100-1--- from group (1 1 13'0100010000000).
  Merging pattern 16'--00-001110-0--- and 16'--00-001110-1--- from group (1 1 13'0100010000000).
  Merging pattern 16'--00--00--0-0--- and 16'--00--00--0-1--- from group (1 1 13'0100010000000).
  Merging pattern 16'--00--0---111--- and 16'--00--0---110--- from group (1 1 13'0100010000000).
  Merging pattern 16'--00--01100-1--- and 16'--00--01100-0--- from group (1 1 13'0100010000000).
  Merging pattern 16'--00-001110-1--- and 16'--00-001110-0--- from group (1 1 13'0100010000000).
  Merging pattern 16'--00--00--0-1--- and 16'--00--00--0-0--- from group (1 1 13'0100010000000).
  Merging pattern 16'--00--01000-0--- and 16'--00--01000-1--- from group (1 2 13'0010010000000).
  Merging pattern 16'--00--01000-1--- and 16'--00--01000-0--- from group (1 2 13'0010010000000).
  Merging pattern 16'--00-101010-0--- and 16'--00-101010-1--- from group (1 4 13'0011010000000).
  Merging pattern 16'--00-101010-1--- and 16'--00-101010-0--- from group (1 4 13'0011010000000).
  Merging pattern 16'--00--0---100--- and 16'--00--0---101--- from group (1 5 13'0000110000000).
  Merging pattern 16'--00-001010-0--- and 16'--00-001010-1--- from group (1 5 13'0000110000000).
  Merging pattern 16'--00--0---101--- and 16'--00--0---100--- from group (1 5 13'0000110000000).
  Merging pattern 16'--00-001010-1--- and 16'--00-001010-0--- from group (1 5 13'0000110000000).
  Merging pattern 16'--00-101110-0--- and 16'--00-101110-1--- from group (1 9 13'0011110000000).
  Merging pattern 16'--00-101110-1--- and 16'--00-101110-0--- from group (1 9 13'0011110000000).
  Merging pattern 16'---00-00--0-100- and 16'---00-00--0-110- from group (2 2 13'0010001000000).
  Merging pattern 16'---00-00--0-110- and 16'---00-00--0-100- from group (2 2 13'0010001000000).
  Merging pattern 16'---0--00--0-00-- and 16'---0--00--0-01-- from group (2 2 13'0010001000000).
  Merging pattern 16'---0--00--0-01-- and 16'---0--00--0-00-- from group (2 2 13'0010001000000).
  Merging pattern 16'---0--00--0-00-- and 16'---0--00--0-01-- from group (3 3 13'0001000010000).
  Merging pattern 16'---0--00--0-01-- and 16'---0--00--0-00-- from group (3 3 13'0001000010000).
  Merging pattern 16'---0--00--0-100- and 16'---0--00--0-110- from group (4 4 13'0011000100000).
  Merging pattern 16'---0--00--0-110- and 16'---0--00--0-100- from group (4 4 13'0011000100000).
  Merging pattern 16'---0--00--0-00-- and 16'---0--00--0-01-- from group (4 4 13'0011000100000).
  Merging pattern 16'---0--00--0-01-- and 16'---0--00--0-00-- from group (4 4 13'0011000100000).
  Merging pattern 16'---0--00--0-00-- and 16'---0--00--0-01-- from group (5 5 13'0000100001000).
  Merging pattern 16'---0--00--0-01-- and 16'---0--00--0-00-- from group (5 5 13'0000100001000).
  Merging pattern 16'---0--0---110--- and 16'---0--0---111--- from group (6 1 13'0100000000000).
  Merging pattern 16'---0--01100-0--- and 16'---0--01100-1--- from group (6 1 13'0100000000000).
  Merging pattern 16'---0-001110-0--- and 16'---0-001110-1--- from group (6 1 13'0100000000000).
  Merging pattern 16'---0--0---111--- and 16'---0--0---110--- from group (6 1 13'0100000000000).
  Merging pattern 16'---0--01100-1--- and 16'---0--01100-0--- from group (6 1 13'0100000000000).
  Merging pattern 16'---0-001110-1--- and 16'---0-001110-0--- from group (6 1 13'0100000000000).
  Merging pattern 16'---0--01000-0--- and 16'---0--01000-1--- from group (6 2 13'0010000000000).
  Merging pattern 16'---0--01000-1--- and 16'---0--01000-0--- from group (6 2 13'0010000000000).
  Merging pattern 16'---0-101010-0--- and 16'---0-101010-1--- from group (6 4 13'0011000000000).
  Merging pattern 16'---0-101010-1--- and 16'---0-101010-0--- from group (6 4 13'0011000000000).
  Merging pattern 16'---0--0---100--- and 16'---0--0---101--- from group (6 5 13'0000100000000).
  Merging pattern 16'---0-001010-0--- and 16'---0-001010-1--- from group (6 5 13'0000100000000).
  Merging pattern 16'---0--0---101--- and 16'---0--0---100--- from group (6 5 13'0000100000000).
  Merging pattern 16'---0-001010-1--- and 16'---0-001010-0--- from group (6 5 13'0000100000000).
  Merging pattern 16'---0--00--0-00-- and 16'---0--00--0-01-- from group (6 6 13'0100100000000).
  Merging pattern 16'---0--00--0-10-- and 16'---0--00--0-11-- from group (6 6 13'0100100000000).
  Merging pattern 16'---0--00--0-01-- and 16'---0--00--0-00-- from group (6 6 13'0100100000000).
  Merging pattern 16'---0--00--0-11-- and 16'---0--00--0-10-- from group (6 6 13'0100100000000).
  Merging pattern 16'---0--00--0-0--- and 16'---0--00--0-1--- from group (6 6 13'0100100000000).
  Merging pattern 16'---0--00--0-1--- and 16'---0--00--0-0--- from group (6 6 13'0100100000000).
  Merging pattern 16'---0-101110-0--- and 16'---0-101110-1--- from group (6 9 13'0011100000000).
  Merging pattern 16'---0-101110-1--- and 16'---0-101110-0--- from group (6 9 13'0011100000000).
  Merging pattern 16'---0--00--0-01-1 and 16'---0--00--0-11-1 from group (7 1 13'1100000000000).
  Merging pattern 16'---0--00--0-11-1 and 16'---0--00--0-01-1 from group (7 1 13'1100000000000).
  Merging pattern 16'---0--0---110--- and 16'---0--0---111--- from group (7 1 13'1100000000000).
  Merging pattern 16'---0--01100-0--- and 16'---0--01100-1--- from group (7 1 13'1100000000000).
  Merging pattern 16'---0-001110-0--- and 16'---0-001110-1--- from group (7 1 13'1100000000000).
  Merging pattern 16'---0--0---111--- and 16'---0--0---110--- from group (7 1 13'1100000000000).
  Merging pattern 16'---0--01100-1--- and 16'---0--01100-0--- from group (7 1 13'1100000000000).
  Merging pattern 16'---0-001110-1--- and 16'---0-001110-0--- from group (7 1 13'1100000000000).
  Merging pattern 16'---0--01000-0--- and 16'---0--01000-1--- from group (7 2 13'1010000000000).
  Merging pattern 16'---0--01000-1--- and 16'---0--01000-0--- from group (7 2 13'1010000000000).
  Merging pattern 16'00-0--00--0-01-0 and 16'00-0--00--0-11-0 from group (7 4 13'1011000000000).
  Merging pattern 16'00-0--00--0-11-0 and 16'00-0--00--0-01-0 from group (7 4 13'1011000000000).
  Merging pattern 16'---0-101010-0--- and 16'---0-101010-1--- from group (7 4 13'1011000000000).
  Merging pattern 16'---0-101010-1--- and 16'---0-101010-0--- from group (7 4 13'1011000000000).
  Merging pattern 16'1--0--00--0-01-- and 16'1--0--00--0-11-- from group (7 5 13'1000100000000).
  Merging pattern 16'1--0--00--0-11-- and 16'1--0--00--0-01-- from group (7 5 13'1000100000000).
  Merging pattern 16'---0--0---100--- and 16'---0--0---101--- from group (7 5 13'1000100000000).
  Merging pattern 16'---0-001010-0--- and 16'---0-001010-1--- from group (7 5 13'1000100000000).
  Merging pattern 16'---0--0---101--- and 16'---0--0---100--- from group (7 5 13'1000100000000).
  Merging pattern 16'---0-001010-1--- and 16'---0-001010-0--- from group (7 5 13'1000100000000).
  Merging pattern 16'---0--00--0-00-- and 16'---0--00--0-10-- from group (7 7 13'1010100000000).
  Merging pattern 16'---0--00--0-10-- and 16'---0--00--0-00-- from group (7 7 13'1010100000000).
  Merging pattern 16'-1-0--00--0-01-- and 16'-1-0--00--0-11-- from group (7 9 13'1011100000000).
  Merging pattern 16'-1-0--00--0-11-- and 16'-1-0--00--0-01-- from group (7 9 13'1011100000000).
  Merging pattern 16'---0-101110-0--- and 16'---0-101110-1--- from group (7 9 13'1011100000000).
  Merging pattern 16'---0-101110-1--- and 16'---0-101110-0--- from group (7 9 13'1011100000000).
  Merging pattern 16'---0--0---110--- and 16'---0--0---111--- from group (8 1 13'0100000000100).
  Merging pattern 16'---0--01100-0--- and 16'---0--01100-1--- from group (8 1 13'0100000000100).
  Merging pattern 16'---0-001110-0--- and 16'---0-001110-1--- from group (8 1 13'0100000000100).
  Merging pattern 16'---0--0---111--- and 16'---0--0---110--- from group (8 1 13'0100000000100).
  Merging pattern 16'---0--01100-1--- and 16'---0--01100-0--- from group (8 1 13'0100000000100).
  Merging pattern 16'---0-001110-1--- and 16'---0-001110-0--- from group (8 1 13'0100000000100).
  Merging pattern 16'---0--01000-0--- and 16'---0--01000-1--- from group (8 2 13'0010000000100).
  Merging pattern 16'---0--01000-1--- and 16'---0--01000-0--- from group (8 2 13'0010000000100).
  Merging pattern 16'---0-101010-0--- and 16'---0-101010-1--- from group (8 4 13'0011000000100).
  Merging pattern 16'---0-101010-1--- and 16'---0-101010-0--- from group (8 4 13'0011000000100).
  Merging pattern 16'---0--0---100--- and 16'---0--0---101--- from group (8 5 13'0000100000100).
  Merging pattern 16'---0-001010-0--- and 16'---0-001010-1--- from group (8 5 13'0000100000100).
  Merging pattern 16'---0--0---101--- and 16'---0--0---100--- from group (8 5 13'0000100000100).
  Merging pattern 16'---0-001010-1--- and 16'---0-001010-0--- from group (8 5 13'0000100000100).
  Merging pattern 16'---0--00--0-00-- and 16'---0--00--0-01-- from group (8 8 13'0001100000100).
  Merging pattern 16'---0--00--0-10-- and 16'---0--00--0-11-- from group (8 8 13'0001100000100).
  Merging pattern 16'---0--00--0-01-- and 16'---0--00--0-00-- from group (8 8 13'0001100000100).
  Merging pattern 16'---0--00--0-11-- and 16'---0--00--0-10-- from group (8 8 13'0001100000100).
  Merging pattern 16'---0--00--0-0--- and 16'---0--00--0-1--- from group (8 8 13'0001100000100).
  Merging pattern 16'---0--00--0-1--- and 16'---0--00--0-0--- from group (8 8 13'0001100000100).
  Merging pattern 16'---0-101110-0--- and 16'---0-101110-1--- from group (8 9 13'0011100000100).
  Merging pattern 16'---0-101110-1--- and 16'---0-101110-0--- from group (8 9 13'0011100000100).
  Merging pattern 16'---0--0---110--- and 16'---0--0---111--- from group (9 1 13'0100000000010).
  Merging pattern 16'---0--01100-0--- and 16'---0--01100-1--- from group (9 1 13'0100000000010).
  Merging pattern 16'---0-001110-0--- and 16'---0-001110-1--- from group (9 1 13'0100000000010).
  Merging pattern 16'---0--0---111--- and 16'---0--0---110--- from group (9 1 13'0100000000010).
  Merging pattern 16'---0--01100-1--- and 16'---0--01100-0--- from group (9 1 13'0100000000010).
  Merging pattern 16'---0-001110-1--- and 16'---0-001110-0--- from group (9 1 13'0100000000010).
  Merging pattern 16'---0--01000-0--- and 16'---0--01000-1--- from group (9 2 13'0010000000010).
  Merging pattern 16'---0--01000-1--- and 16'---0--01000-0--- from group (9 2 13'0010000000010).
  Merging pattern 16'---0-101010-0--- and 16'---0-101010-1--- from group (9 4 13'0011000000010).
  Merging pattern 16'---0-101010-1--- and 16'---0-101010-0--- from group (9 4 13'0011000000010).
  Merging pattern 16'---0--0---100--- and 16'---0--0---101--- from group (9 5 13'0000100000010).
  Merging pattern 16'---0-001010-0--- and 16'---0-001010-1--- from group (9 5 13'0000100000010).
  Merging pattern 16'---0--0---101--- and 16'---0--0---100--- from group (9 5 13'0000100000010).
  Merging pattern 16'---0-001010-1--- and 16'---0-001010-0--- from group (9 5 13'0000100000010).
  Merging pattern 16'---0--00--0-00-- and 16'---0--00--0-01-- from group (9 9 13'0011100000010).
  Merging pattern 16'---0--00--0-10-- and 16'---0--00--0-11-- from group (9 9 13'0011100000010).
  Merging pattern 16'---0--00--0-01-- and 16'---0--00--0-00-- from group (9 9 13'0011100000010).
  Merging pattern 16'---0--00--0-11-- and 16'---0--00--0-10-- from group (9 9 13'0011100000010).
  Merging pattern 16'---0-101110-0--- and 16'---0-101110-1--- from group (9 9 13'0011100000010).
  Merging pattern 16'---0--00--0-0--- and 16'---0--00--0-1--- from group (9 9 13'0011100000010).
  Merging pattern 16'---0-101110-1--- and 16'---0-101110-0--- from group (9 9 13'0011100000010).
  Merging pattern 16'---0--00--0-1--- and 16'---0--00--0-0--- from group (9 9 13'0011100000010).
Optimizing FSM `$fsm$\payload_action_q$5474' from module `\wire_mold_message_framer'.
  Merging pattern 6'0-0110 and 6'0-0111 from group (1 1 7'0001100).
  Merging pattern 6'0-0111 and 6'0-0110 from group (1 1 7'0001100).
Optimizing FSM `$fsm$\state_q$5491' from module `\wire_mold_header_seq'.
  Merging pattern 15'-----001----10- and 15'-----001----11- from group (2 0 10'1000110000).
  Merging pattern 15'-----001----11- and 15'-----001----10- from group (2 0 10'1000110000).
  Merging pattern 15'-----0001100-0- and 15'-----0001100-1- from group (2 2 10'1000110100).
  Merging pattern 15'-----00001-0-0- and 15'-----00001-0-1- from group (2 2 10'1000110100).
  Merging pattern 15'-----000100--0- and 15'-----000100--1- from group (2 2 10'1000110100).
  Merging pattern 15'-----00000---0- and 15'-----00000---1- from group (2 2 10'1000110100).
  Merging pattern 15'-----0001100-1- and 15'-----0001100-0- from group (2 2 10'1000110100).
  Merging pattern 15'-----00001-0-1- and 15'-----00001-0-0- from group (2 2 10'1000110100).
  Merging pattern 15'-----000100--1- and 15'-----000100--0- from group (2 2 10'1000110100).
  Merging pattern 15'-----00000---1- and 15'-----00000---0- from group (2 2 10'1000110100).
  Merging pattern 15'-----001----00- and 15'-----001----01- from group (2 3 10'1000111100).
  Merging pattern 15'-----01------0- and 15'-----01------1- from group (2 3 10'1000111100).
  Merging pattern 15'-----001----01- and 15'-----001----00- from group (2 3 10'1000111100).
  Merging pattern 15'-----01------1- and 15'-----01------0- from group (2 3 10'1000111100).
  Merging pattern 15'-----0001101-0- and 15'-----0001101-1- from group (2 6 10'1000110110).
  Merging pattern 15'-----00001-1-0- and 15'-----00001-1-1- from group (2 6 10'1000110110).
  Merging pattern 15'-----0001-1--0- and 15'-----0001-1--1- from group (2 6 10'1000110110).
  Merging pattern 15'-----0001101-1- and 15'-----0001101-0- from group (2 6 10'1000110110).
  Merging pattern 15'-----00001-1-1- and 15'-----00001-1-0- from group (2 6 10'1000110110).
  Merging pattern 15'-----0001-1--1- and 15'-----0001-1--0- from group (2 6 10'1000110110).
  Merging pattern 15'-----001----10- and 15'-----001----11- from group (3 0 10'0000100000).
  Merging pattern 15'-----001----11- and 15'-----001----10- from group (3 0 10'0000100000).
  Merging pattern 15'-----0001100-0- and 15'-----0001100-1- from group (3 2 10'0000100100).
  Merging pattern 15'-----00001-0-0- and 15'-----00001-0-1- from group (3 2 10'0000100100).
  Merging pattern 15'-----0001100-1- and 15'-----0001100-0- from group (3 2 10'0000100100).
  Merging pattern 15'-----00001-0-1- and 15'-----00001-0-0- from group (3 2 10'0000100100).
  Merging pattern 15'-----001----00- and 15'-----001----01- from group (3 3 10'0000101100).
  Merging pattern 15'-----000100--0- and 15'-----000100--1- from group (3 3 10'0000101100).
  Merging pattern 15'-----00000---0- and 15'-----00000---1- from group (3 3 10'0000101100).
  Merging pattern 15'-----01------0- and 15'-----01------1- from group (3 3 10'0000101100).
  Merging pattern 15'-----001----01- and 15'-----001----00- from group (3 3 10'0000101100).
  Merging pattern 15'-----000100--1- and 15'-----000100--0- from group (3 3 10'0000101100).
  Merging pattern 15'-----00000---1- and 15'-----00000---0- from group (3 3 10'0000101100).
  Merging pattern 15'-----01------1- and 15'-----01------0- from group (3 3 10'0000101100).
  Merging pattern 15'-----0001101-0- and 15'-----0001101-1- from group (3 6 10'0000100110).
  Merging pattern 15'-----00001-1-0- and 15'-----00001-1-1- from group (3 6 10'0000100110).
  Merging pattern 15'-----0001-1--0- and 15'-----0001-1--1- from group (3 6 10'0000100110).
  Merging pattern 15'-----0001101-1- and 15'-----0001101-0- from group (3 6 10'0000100110).
  Merging pattern 15'-----00001-1-1- and 15'-----00001-1-0- from group (3 6 10'0000100110).
  Merging pattern 15'-----0001-1--1- and 15'-----0001-1--0- from group (3 6 10'0000100110).
  Merging pattern 15'-----001----10- and 15'-----001----11- from group (4 0 10'0000110000).
  Merging pattern 15'-----001----11- and 15'-----001----10- from group (4 0 10'0000110000).
  Merging pattern 15'-----0001100-0- and 15'-----0001100-1- from group (4 2 10'0000110100).
  Merging pattern 15'-----00001-0-0- and 15'-----00001-0-1- from group (4 2 10'0000110100).
  Merging pattern 15'-----0001100-1- and 15'-----0001100-0- from group (4 2 10'0000110100).
  Merging pattern 15'-----00001-0-1- and 15'-----00001-0-0- from group (4 2 10'0000110100).
  Merging pattern 15'-----001----00- and 15'-----001----01- from group (4 3 10'0000111100).
  Merging pattern 15'-----01------0- and 15'-----01------1- from group (4 3 10'0000111100).
  Merging pattern 15'-----001----01- and 15'-----001----00- from group (4 3 10'0000111100).
  Merging pattern 15'-----01------1- and 15'-----01------0- from group (4 3 10'0000111100).
  Merging pattern 15'-----000100--0- and 15'-----000100--1- from group (4 4 10'0000110010).
  Merging pattern 15'-----00000---0- and 15'-----00000---1- from group (4 4 10'0000110010).
  Merging pattern 15'-----000100--1- and 15'-----000100--0- from group (4 4 10'0000110010).
  Merging pattern 15'-----00000---1- and 15'-----00000---0- from group (4 4 10'0000110010).
  Merging pattern 15'-----0001101-0- and 15'-----0001101-1- from group (4 6 10'0000110110).
  Merging pattern 15'-----00001-1-0- and 15'-----00001-1-1- from group (4 6 10'0000110110).
  Merging pattern 15'-----0001-1--0- and 15'-----0001-1--1- from group (4 6 10'0000110110).
  Merging pattern 15'-----0001101-1- and 15'-----0001101-0- from group (4 6 10'0000110110).
  Merging pattern 15'-----00001-1-1- and 15'-----00001-1-0- from group (4 6 10'0000110110).
  Merging pattern 15'-----0001-1--1- and 15'-----0001-1--0- from group (4 6 10'0000110110).
  Merging pattern 15'-----001----10- and 15'-----001----11- from group (5 0 10'0000010001).
  Merging pattern 15'-----001----11- and 15'-----001----10- from group (5 0 10'0000010001).
  Merging pattern 15'-----0001100-0- and 15'-----0001100-1- from group (5 2 10'0000010101).
  Merging pattern 15'-----00001-0-0- and 15'-----00001-0-1- from group (5 2 10'0000010101).
  Merging pattern 15'-----0001100-1- and 15'-----0001100-0- from group (5 2 10'0000010101).
  Merging pattern 15'-----00001-0-1- and 15'-----00001-0-0- from group (5 2 10'0000010101).
  Merging pattern 15'-----001----00- and 15'-----001----01- from group (5 3 10'0000011101).
  Merging pattern 15'-----01------0- and 15'-----01------1- from group (5 3 10'0000011101).
  Merging pattern 15'-----001----01- and 15'-----001----00- from group (5 3 10'0000011101).
  Merging pattern 15'-----01------1- and 15'-----01------0- from group (5 3 10'0000011101).
  Merging pattern 15'-----000100--0- and 15'-----000100--1- from group (5 5 10'0000011011).
  Merging pattern 15'-----00000---0- and 15'-----00000---1- from group (5 5 10'0000011011).
  Merging pattern 15'-----000100--1- and 15'-----000100--0- from group (5 5 10'0000011011).
  Merging pattern 15'-----00000---1- and 15'-----00000---0- from group (5 5 10'0000011011).
  Merging pattern 15'-----0001101-0- and 15'-----0001101-1- from group (5 6 10'0000010111).
  Merging pattern 15'-----00001-1-0- and 15'-----00001-1-1- from group (5 6 10'0000010111).
  Merging pattern 15'-----0001-1--0- and 15'-----0001-1--1- from group (5 6 10'0000010111).
  Merging pattern 15'-----0001101-1- and 15'-----0001101-0- from group (5 6 10'0000010111).
  Merging pattern 15'-----00001-1-1- and 15'-----00001-1-0- from group (5 6 10'0000010111).
  Merging pattern 15'-----0001-1--1- and 15'-----0001-1--0- from group (5 6 10'0000010111).
  Merging pattern 15'-----001----10- and 15'-----001----11- from group (6 0 10'0001110000).
  Merging pattern 15'-----001----11- and 15'-----001----10- from group (6 0 10'0001110000).
  Merging pattern 15'-----0001100-0- and 15'-----0001100-1- from group (6 2 10'0001110100).
  Merging pattern 15'-----00001-0-0- and 15'-----00001-0-1- from group (6 2 10'0001110100).
  Merging pattern 15'-----0001100-1- and 15'-----0001100-0- from group (6 2 10'0001110100).
  Merging pattern 15'-----00001-0-1- and 15'-----00001-0-0- from group (6 2 10'0001110100).
  Merging pattern 15'-----001----00- and 15'-----001----01- from group (6 3 10'0001111100).
  Merging pattern 15'-----01------0- and 15'-----01------1- from group (6 3 10'0001111100).
  Merging pattern 15'-----001----01- and 15'-----001----00- from group (6 3 10'0001111100).
  Merging pattern 15'-----01------1- and 15'-----01------0- from group (6 3 10'0001111100).
  Merging pattern 15'-----0001101-0- and 15'-----0001101-1- from group (6 6 10'0001110110).
  Merging pattern 15'-----00001-1-0- and 15'-----00001-1-1- from group (6 6 10'0001110110).
  Merging pattern 15'-----000100--0- and 15'-----000100--1- from group (6 6 10'0001110110).
  Merging pattern 15'-----0001-1--0- and 15'-----0001-1--1- from group (6 6 10'0001110110).
  Merging pattern 15'-----00000---0- and 15'-----00000---1- from group (6 6 10'0001110110).
  Merging pattern 15'-----0001101-1- and 15'-----0001101-0- from group (6 6 10'0001110110).
  Merging pattern 15'-----00001-1-1- and 15'-----00001-1-0- from group (6 6 10'0001110110).
  Merging pattern 15'-----000100--1- and 15'-----000100--0- from group (6 6 10'0001110110).
  Merging pattern 15'-----0001-1--1- and 15'-----0001-1--0- from group (6 6 10'0001110110).
  Merging pattern 15'-----00000---1- and 15'-----00000---0- from group (6 6 10'0001110110).
Optimizing FSM `$fsm$\state_q$5500' from module `\wire_udp_parser'.
  Merging pattern 13'-------0100-0 and 13'-------0101-0 from group (0 0 6'001000).
  Merging pattern 13'-----100110-0 and 13'-----100111-0 from group (0 0 6'001000).
  Merging pattern 13'-------0101-0 and 13'-------0100-0 from group (0 0 6'001000).
  Merging pattern 13'-----100111-0 and 13'-----100110-0 from group (0 0 6'001000).
  Merging pattern 13'-------000--0 and 13'-------010--0 from group (0 0 6'001000).
  Merging pattern 13'-------010--0 and 13'-------000--0 from group (0 0 6'001000).
  Merging pattern 13'-----10001--0 and 13'-----10011--0 from group (0 0 6'001000).
  Merging pattern 13'-----10011--0 and 13'-----10001--0 from group (0 0 6'001000).
  Merging pattern 13'-------0-0--0 and 13'-------1-0--0 from group (0 0 6'001000).
  Merging pattern 13'-------1-0--0 and 13'-------0-0--0 from group (0 0 6'001000).
  Merging pattern 13'-----100-1--0 and 13'-----101-1--0 from group (0 0 6'001000).
  Merging pattern 13'-----101-1--0 and 13'-----100-1--0 from group (0 0 6'001000).
  Merging pattern 13'--00000--1-10 and 13'--10000--1-10 from group (0 3 6'001110).
  Merging pattern 13'--10000--1-10 and 13'--00000--1-10 from group (0 3 6'001110).
  Merging pattern 13'---0000--1-10 and 13'---1000--1-10 from group (0 3 6'001110).
  Merging pattern 13'---1000--1-10 and 13'---0000--1-10 from group (0 3 6'001110).
  Merging pattern 13'----000--1-10 and 13'----100--1-10 from group (0 3 6'001110).
  Merging pattern 13'----100--1-10 and 13'----000--1-10 from group (0 3 6'001110).
  Merging pattern 13'-------0101-0 and 13'-------0111-0 from group (3 0 6'000001).
  Merging pattern 13'-------0111-0 and 13'-------0101-0 from group (3 0 6'000001).
  Merging pattern 13'-------1-0--0 and 13'-------1-1--0 from group (3 0 6'000001).
  Merging pattern 13'-------1-1--0 and 13'-------1-0--0 from group (3 0 6'000001).
  Merging pattern 13'-------0100-0 and 13'-------0110-0 from group (3 3 6'000111).
  Merging pattern 13'-------0110-0 and 13'-------0100-0 from group (3 3 6'000111).
  Merging pattern 13'-------000--0 and 13'-------001--0 from group (3 3 6'000111).
  Merging pattern 13'-------001--0 and 13'-------000--0 from group (3 3 6'000111).
Optimizing FSM `$fsm$\state_q$5506' from module `\wire_ipv4_parser'.
  Merging pattern 12'-----01101-0 and 12'-----01111-0 from group (1 0 8'00000001).
  Merging pattern 12'-----01111-0 and 12'-----01101-0 from group (1 0 8'00000001).
  Merging pattern 12'-----1--0--0 and 12'-----1--1--0 from group (1 0 8'00000001).
  Merging pattern 12'-----1--1--0 and 12'-----1--0--0 from group (1 0 8'00000001).
  Merging pattern 12'-----01-00-0 and 12'-----01-10-0 from group (1 1 8'10000001).
  Merging pattern 12'-----01-10-0 and 12'-----01-00-0 from group (1 1 8'10000001).
  Merging pattern 12'-----00-0--0 and 12'-----00-1--0 from group (1 1 8'10000001).
  Merging pattern 12'-----00-1--0 and 12'-----00-0--0 from group (1 1 8'10000001).
  Merging pattern 12'-----01001-0 and 12'-----01011-0 from group (1 2 8'01000001).
  Merging pattern 12'-----01011-0 and 12'-----01001-0 from group (1 2 8'01000001).
Optimizing FSM `$fsm$\state_q$5513' from module `\wire_eth_parser'.
  Merging pattern 9'---0100-0 and 9'---0101-0 from group (0 0 6'000010).
  Merging pattern 9'0-00110-0 and 9'0-00111-0 from group (0 0 6'000010).
  Merging pattern 9'---0101-0 and 9'---0100-0 from group (0 0 6'000010).
  Merging pattern 9'0-00111-0 and 9'0-00110-0 from group (0 0 6'000010).
  Merging pattern 9'---000--0 and 9'---010--0 from group (0 0 6'000010).
  Merging pattern 9'---010--0 and 9'---000--0 from group (0 0 6'000010).
  Merging pattern 9'0-0001--0 and 9'0-0011--0 from group (0 0 6'000010).
  Merging pattern 9'0-0011--0 and 9'0-0001--0 from group (0 0 6'000010).
  Merging pattern 9'---0-0--0 and 9'---1-0--0 from group (0 0 6'000010).
  Merging pattern 9'---1-0--0 and 9'---0-0--0 from group (0 0 6'000010).
  Merging pattern 9'0-00-1--0 and 9'0-01-1--0 from group (0 0 6'000010).
  Merging pattern 9'0-01-1--0 and 9'0-00-1--0 from group (0 0 6'000010).
  Merging pattern 9'100--1-10 and 9'110--1-10 from group (0 3 6'110010).
  Merging pattern 9'110--1-10 and 9'100--1-10 from group (0 3 6'110010).
  Merging pattern 9'---0101-0 and 9'---0111-0 from group (2 0 6'001000).
  Merging pattern 9'---0111-0 and 9'---0101-0 from group (2 0 6'001000).
  Merging pattern 9'---1-0--0 and 9'---1-1--0 from group (2 0 6'001000).
  Merging pattern 9'---1-1--0 and 9'---1-0--0 from group (2 0 6'001000).
  Merging pattern 9'---0100-0 and 9'---0110-0 from group (2 2 6'011000).
  Merging pattern 9'---0110-0 and 9'---0100-0 from group (2 2 6'011000).
  Merging pattern 9'---000--0 and 9'---001--0 from group (2 2 6'011000).
  Merging pattern 9'---001--0 and 9'---000--0 from group (2 2 6'011000).
  Merging pattern 9'---0101-0 and 9'---0111-0 from group (3 0 6'000001).
  Merging pattern 9'---0111-0 and 9'---0101-0 from group (3 0 6'000001).
  Merging pattern 9'---1-0--0 and 9'---1-1--0 from group (3 0 6'000001).
  Merging pattern 9'---1-1--0 and 9'---1-0--0 from group (3 0 6'000001).
  Merging pattern 9'---0100-0 and 9'---0110-0 from group (3 3 6'110001).
  Merging pattern 9'---0110-0 and 9'---0100-0 from group (3 3 6'110001).
  Merging pattern 9'---000--0 and 9'---001--0 from group (3 3 6'110001).
  Merging pattern 9'---001--0 and 9'---000--0 from group (3 3 6'110001).
Optimizing FSM `$fsm$\count_q$5519' from module `\wire_gearbox_64to8'.

11.7.4. Executing OPT_CLEAN pass (remove unused cells and wires).
Finding unused cells or wires in module \wire_arch_a_parser_top..
Finding unused cells or wires in module \wire_itch_decoder..
Finding unused cells or wires in module \wire_mold_message_framer..
Finding unused cells or wires in module \wire_mold_header_seq..
Finding unused cells or wires in module \wire_udp_parser..
Finding unused cells or wires in module \wire_ipv4_parser..
Finding unused cells or wires in module \wire_eth_parser..
Finding unused cells or wires in module \wire_gearbox_64to8..
Finding unused cells or wires in module \wire_ingress_buffer..
Removed 170 unused cells and 170 unused wires.
<suppressed ~177 debug messages>

11.7.5. Executing FSM_OPT pass (simple optimizations of FSMs).
Optimizing FSM `$fsm$\state_q$5466' from module `\wire_itch_decoder'.
  Removing unused output signal $0\state_q[2:0] [0].
  Removing unused output signal $0\state_q[2:0] [1].
  Removing unused output signal $0\state_q[2:0] [2].
Optimizing FSM `$fsm$\payload_action_q$5474' from module `\wire_mold_message_framer'.
  Removing unused output signal $0\payload_action_q[2:0] [0].
  Removing unused output signal $0\payload_action_q[2:0] [1].
  Removing unused output signal $0\payload_action_q[2:0] [2].
Optimizing FSM `$fsm$\state_q$5480' from module `\wire_mold_message_framer'.
  Removing unused output signal $0\state_q[3:0] [0].
  Removing unused output signal $0\state_q[3:0] [1].
  Removing unused output signal $0\state_q[3:0] [2].
  Removing unused output signal $0\state_q[3:0] [3].
Optimizing FSM `$fsm$\state_q$5491' from module `\wire_mold_header_seq'.
  Removing unused output signal $0\state_q[2:0] [0].
  Removing unused output signal $0\state_q[2:0] [1].
  Removing unused output signal $0\state_q[2:0] [2].
Optimizing FSM `$fsm$\state_q$5500' from module `\wire_udp_parser'.
  Removing unused output signal $0\state_q[1:0] [0].
  Removing unused output signal $0\state_q[1:0] [1].
Optimizing FSM `$fsm$\state_q$5506' from module `\wire_ipv4_parser'.
  Removing unused output signal $0\state_q[2:0] [0].
  Removing unused output signal $0\state_q[2:0] [1].
  Removing unused output signal $0\state_q[2:0] [2].
Optimizing FSM `$fsm$\state_q$5513' from module `\wire_eth_parser'.
  Removing unused output signal $0\state_q[1:0] [0].
  Removing unused output signal $0\state_q[1:0] [1].
Optimizing FSM `$fsm$\count_q$5519' from module `\wire_gearbox_64to8'.

11.7.6. Executing FSM_RECODE pass (re-assigning FSM state encoding).
Recoding FSM `$fsm$\state_q$5466' from module `\wire_itch_decoder' using `auto' encoding:
  mapping auto encoding to `one-hot` for this FSM.
  000 -> -----1
  100 -> ----1-
  010 -> ---1--
  001 -> --1---
  101 -> -1----
  011 -> 1-----
Recoding FSM `$fsm$\payload_action_q$5474' from module `\wire_mold_message_framer' using `auto' encoding:
  mapping auto encoding to `one-hot` for this FSM.
  000 -> ----1
  100 -> ---1-
  010 -> --1--
  001 -> -1---
  011 -> 1----
Recoding FSM `$fsm$\state_q$5480' from module `\wire_mold_message_framer' using `auto' encoding:
  mapping auto encoding to `one-hot` for this FSM.
  0000 -> ---------1
  1000 -> --------1-
  0100 -> -------1--
  0010 -> ------1---
  0110 -> -----1----
  0001 -> ----1-----
  1001 -> ---1------
  0101 -> --1-------
  0011 -> -1--------
  0111 -> 1---------
Recoding FSM `$fsm$\state_q$5491' from module `\wire_mold_header_seq' using `auto' encoding:
  mapping auto encoding to `one-hot` for this FSM.
  000 -> ------1
  100 -> -----1-
  010 -> ----1--
  110 -> ---1---
  001 -> --1----
  101 -> -1-----
  011 -> 1------
Recoding FSM `$fsm$\state_q$5500' from module `\wire_udp_parser' using `auto' encoding:
  mapping auto encoding to `one-hot` for this FSM.
  00 -> ---1
  10 -> --1-
  01 -> -1--
  11 -> 1---
Recoding FSM `$fsm$\state_q$5506' from module `\wire_ipv4_parser' using `auto' encoding:
  mapping auto encoding to `one-hot` for this FSM.
  000 -> ----1
  100 -> ---1-
  010 -> --1--
  001 -> -1---
  011 -> 1----
Recoding FSM `$fsm$\state_q$5513' from module `\wire_eth_parser' using `auto' encoding:
  mapping auto encoding to `one-hot` for this FSM.
  00 -> ---1
  10 -> --1-
  01 -> -1--
  11 -> 1---
Recoding FSM `$fsm$\count_q$5519' from module `\wire_gearbox_64to8' using `auto' encoding:
  mapping auto encoding to `one-hot` for this FSM.
  0000 -> --------1
  1000 -> -------1-
  0100 -> ------1--
  0010 -> -----1---
  0110 -> ----1----
  0001 -> ---1-----
  0101 -> --1------
  0011 -> -1-------
  0111 -> 1--------

11.7.7. Executing FSM_INFO pass (dumping all available information on FSM cells).

FSM `$fsm$\state_q$5466' from module `wire_itch_decoder':
-------------------------------------

  Information on FSM $fsm$\state_q$5466 (\state_q):

  Number of input signals:   32
  Number of output signals:   6
  Number of state bits:       6

  Input signals:
    0: $auto$opt_reduce.cc:137:opt_pmux$5449
    1: $auto$opt_reduce.cc:137:opt_pmux$5443
    2: \in_last
    3: \message_fire
    4: \byte_fire
    5: \event_fire
    6: \first_byte_invalid
    7: $eq$rtl/arch_a/wire_itch_decoder.sv:111$413_Y
    8: $logic_or$rtl/arch_a/wire_itch_decoder.sv:138$449_Y
    9: $logic_or$rtl/arch_a/wire_itch_decoder.sv:161$492_Y
   10: $logic_and$rtl/arch_a/wire_itch_decoder.sv:169$516_Y
   11: $ne$rtl/arch_a/wire_itch_decoder.sv:176$519_Y
   12: $ne$rtl/arch_a/wire_itch_decoder.sv:177$522_Y
   13: $ne$rtl/arch_a/wire_itch_decoder.sv:178$525_Y
   14: $ne$rtl/arch_a/wire_itch_decoder.sv:179$528_Y
   15: $ne$rtl/arch_a/wire_itch_decoder.sv:180$531_Y
   16: $ne$rtl/arch_a/wire_itch_decoder.sv:181$534_Y
   17: $ne$rtl/arch_a/wire_itch_decoder.sv:182$537_Y
   18: $ne$rtl/arch_a/wire_itch_decoder.sv:190$541_Y
   19: $eq$rtl/arch_a/wire_itch_decoder.sv:204$554_Y
   20: $ne$rtl/arch_a/wire_itch_decoder.sv:205$572_Y
   21: $logic_or$rtl/arch_a/wire_itch_decoder.sv:206$591_Y
   22: $logic_and$rtl/arch_a/wire_itch_decoder.sv:207$615_Y
   23: $logic_and$rtl/arch_a/wire_itch_decoder.sv:209$624_Y
   24: $logic_and$rtl/arch_a/wire_itch_decoder.sv:228$727_Y
   25: $logic_and$rtl/arch_a/wire_itch_decoder.sv:231$730_Y
   26: $procmux$2601_CMP
   27: $procmux$2606_CMP
   28: $procmux$2611_CMP
   29: $procmux$2616_CMP
   30: $procmux$2621_CMP
   31: $procmux$2626_CMP

  Output signals:
    0: \event_valid
    1: $eq$rtl/arch_a/wire_itch_decoder.sv:113$418_Y
    2: $eq$rtl/arch_a/wire_itch_decoder.sv:113$419_Y
    3: $eq$rtl/arch_a/wire_itch_decoder.sv:114$421_Y
    4: $eq$rtl/arch_a/wire_itch_decoder.sv:114$422_Y
    5: $procmux$2214_CMP

  State encoding:
    0:   6'-----1  <RESET STATE>
    1:   6'----1-
    2:   6'---1--
    3:   6'--1---
    4:   6'-1----
    5:   6'1-----

  Transition Table (state_in, ctrl_in, state_out, ctrl_out):
      0:     0 32'-----------------------0----0---   ->     0 6'000010
      1:     0 32'-----------------------1--------   ->     0 6'000010
      2:     0 32'----------------------00----1---   ->     3 6'000010
      3:     0 32'----------------------10----1---   ->     4 6'000010
      4:     1 32'-----------------------1--------   ->     0 6'010000
      5:     1 32'-------0---------------0--------   ->     1 6'010000
      6:     1 32'-------1---------------0--------   ->     4 6'010000
      7:     2 32'----------000----------0------0-   ->     0 6'100000
      8:     2 32'-----------10----------0--------   ->     0 6'100000
      9:     2 32'------------1----------0--------   ->     0 6'100000
     10:     2 32'-----------------------1--------   ->     0 6'100000
     11:     2 32'--------10100----------0--------   ->     4 6'100000
     12:     2 32'---------1100----------0--------   ->     4 6'100000
     13:     2 32'----------000----------0------1-   ->     5 6'100000
     14:     2 32'--------00100----------0--------   ->     5 6'100000
     15:     3 32'-----------------------1--------   ->     0 6'001000
     16:     3 32'--------------------10-01--1-0-1   ->     1 6'001000
     17:     3 32'1------------------1-0-01--1-0--   ->     1 6'001000
     18:     3 32'-1----------------1--0-01--1-0--   ->     1 6'001000
     19:     3 32'--1--------------1---0-01--1-0--   ->     1 6'001000
     20:     3 32'---1------------1----0-01--1-0--   ->     1 6'001000
     21:     3 32'----1----------1-----0-01--1-0--   ->     1 6'001000
     22:     3 32'-----1--------1------0-01--1-0--   ->     1 6'001000
     23:     3 32'---------------------1-01--1-0--   ->     1 6'001000
     24:     3 32'-------------0---------0-0-1-1--   ->     2 6'001000
     25:     3 32'000000---------------0-01--1-0-0   ->     3 6'001000
     26:     3 32'--------------------00-01--1-0-1   ->     3 6'001000
     27:     3 32'-----------------------00--1-0--   ->     3 6'001000
     28:     3 32'1------------------0-0-01--1-0--   ->     3 6'001000
     29:     3 32'-1----------------0--0-01--1-0--   ->     3 6'001000
     30:     3 32'--1--------------0---0-01--1-0--   ->     3 6'001000
     31:     3 32'---1------------0----0-01--1-0--   ->     3 6'001000
     32:     3 32'----1----------0-----0-01--1-0--   ->     3 6'001000
     33:     3 32'-----1--------0------0-01--1-0--   ->     3 6'001000
     34:     3 32'-----------------------0---0----   ->     3 6'001000
     35:     3 32'-------------1---------0-0-1-1--   ->     4 6'001000
     36:     3 32'-----------------------0-1-1-1--   ->     4 6'001000
     37:     4 32'-----------------------1--------   ->     0 6'000100
     38:     4 32'------10---------------0----1---   ->     1 6'000100
     39:     4 32'-------0---------------0----0---   ->     4 6'000100
     40:     4 32'------00---------------0----1---   ->     4 6'000100
     41:     4 32'-------1---------------0--------   ->     4 6'000100
     42:     5 32'-----------------------0--1-----   ->     0 6'000001
     43:     5 32'-----------------------1--------   ->     0 6'000001
     44:     5 32'-----------------------0--0-----   ->     5 6'000001

-------------------------------------

FSM `$fsm$\payload_action_q$5474' from module `wire_mold_message_framer':
-------------------------------------

  Information on FSM $fsm$\payload_action_q$5474 (\payload_action_q):

  Number of input signals:    6
  Number of output signals:   4
  Number of state bits:       5

  Input signals:
    0: \in_last
    1: \input_fire
    2: $eq$rtl/arch_a/wire_mold_message_framer.sv:93$354_Y
    3: $logic_or$rtl/arch_a/wire_mold_message_framer.sv:113$371_Y
    4: $eq$rtl/arch_a/wire_mold_message_framer.sv:162$373_Y
    5: $eq$rtl/arch_a/wire_mold_message_framer.sv:223$376_Y

  Output signals:
    0: $procmux$2954_CMP
    1: $procmux$2955_CMP
    2: $procmux$2956_CMP
    3: $procmux$3220_CMP

  State encoding:
    0:    5'----1  <RESET STATE>
    1:    5'---1-
    2:    5'--1--
    3:    5'-1---
    4:    5'1----

  Transition Table (state_in, ctrl_in, state_out, ctrl_out):
      0:     0 6'100110   ->     0 4'1000
      1:     0 6'0-0110   ->     0 4'1000
      2:     0 6'--0-0-   ->     0 4'1000
      3:     0 6'--001-   ->     0 4'1000
      4:     0 6'--1---   ->     0 4'1000
      5:     0 6'0-0111   ->     1 4'1000
      6:     0 6'100111   ->     2 4'1000
      7:     0 6'110111   ->     3 4'1000
      8:     0 6'110110   ->     4 4'1000
      9:     1 6'100110   ->     0 4'0001
     10:     1 6'--1---   ->     0 4'0001
     11:     1 6'--0-0-   ->     1 4'0001
     12:     1 6'--001-   ->     1 4'0001
     13:     1 6'0-011-   ->     1 4'0001
     14:     1 6'100111   ->     2 4'0001
     15:     1 6'110111   ->     3 4'0001
     16:     1 6'110110   ->     4 4'0001
     17:     2 6'100110   ->     0 4'0010
     18:     2 6'--1---   ->     0 4'0010
     19:     2 6'0-0111   ->     1 4'0010
     20:     2 6'0-0110   ->     2 4'0010
     21:     2 6'100111   ->     2 4'0010
     22:     2 6'--0-0-   ->     2 4'0010
     23:     2 6'--001-   ->     2 4'0010
     24:     2 6'110111   ->     3 4'0010
     25:     2 6'110110   ->     4 4'0010
     26:     3 6'100110   ->     0 4'0100
     27:     3 6'--1---   ->     0 4'0100
     28:     3 6'0-0111   ->     1 4'0100
     29:     3 6'100111   ->     2 4'0100
     30:     3 6'0-0110   ->     3 4'0100
     31:     3 6'110111   ->     3 4'0100
     32:     3 6'--0-0-   ->     3 4'0100
     33:     3 6'--001-   ->     3 4'0100
     34:     3 6'110110   ->     4 4'0100
     35:     4 6'100110   ->     0 4'0000
     36:     4 6'--1---   ->     0 4'0000
     37:     4 6'0-0111   ->     1 4'0000
     38:     4 6'100111   ->     2 4'0000
     39:     4 6'110111   ->     3 4'0000
     40:     4 6'110110   ->     4 4'0000
     41:     4 6'0-0110   ->     4 4'0000
     42:     4 6'--0-0-   ->     4 4'0000
     43:     4 6'--001-   ->     4 4'0000

-------------------------------------

FSM `$fsm$\state_q$5480' from module `wire_mold_message_framer':
-------------------------------------

  Information on FSM $fsm$\state_q$5480 (\state_q):

  Number of input signals:   16
  Number of output signals:   9
  Number of state bits:      10

  Input signals:
    0: $auto$opt_reduce.cc:137:opt_pmux$5457
    1: \in_last
    2: \output_fire
    3: \input_fire
    4: \packet_body_empty
    5: \packet_fire
    6: \message_empty_q
    7: \header_ended_q
    8: \message_fire
    9: $logic_or$rtl/arch_a/wire_mold_message_framer.sv:113$371_Y
   10: $eq$rtl/arch_a/wire_mold_message_framer.sv:162$373_Y
   11: $eq$rtl/arch_a/wire_mold_message_framer.sv:223$376_Y
   12: $logic_and$rtl/arch_a/wire_mold_message_framer.sv:260$381_Y
   13: $logic_and$rtl/arch_a/wire_mold_message_framer.sv:268$387_Y
   14: $procmux$2956_CMP
   15: $procmux$3220_CMP

  Output signals:
    0: \packet_ready
    1: \packet_result_success
    2: \message_valid
    3: $eq$rtl/arch_a/wire_mold_message_framer.sv:90$349_Y
    4: $eq$rtl/arch_a/wire_mold_message_framer.sv:91$350_Y
    5: $eq$rtl/arch_a/wire_mold_message_framer.sv:92$352_Y
    6: $eq$rtl/arch_a/wire_mold_message_framer.sv:93$354_Y
    7: $eq$rtl/arch_a/wire_mold_message_framer.sv:106$364_Y
    8: $eq$rtl/arch_a/wire_mold_message_framer.sv:134$372_Y

  State encoding:
    0: 10'---------1  <RESET STATE>
    1: 10'--------1-
    2: 10'-------1--
    3: 10'------1---
    4: 10'-----1----
    5: 10'----1-----
    6: 10'---1------
    7: 10'--1-------
    8: 10'-1--------
    9: 10'1---------

  Transition Table (state_in, ctrl_in, state_out, ctrl_out):
      0:     0 16'---0--00--0-----   ->     0 9'000000001
      1:     0 16'---1--0---------   ->     0 9'000000001
      2:     0 16'------1---------   ->     0 9'000000001
      3:     0 16'---0--0---11----   ->     1 9'000000001
      4:     0 16'---0--01100-----   ->     1 9'000000001
      5:     0 16'---0-001110-----   ->     1 9'000000001
      6:     0 16'---0--01000-----   ->     2 9'000000001
      7:     0 16'---0-101010-----   ->     4 9'000000001
      8:     0 16'---0--0---10----   ->     5 9'000000001
      9:     0 16'---0-001010-----   ->     5 9'000000001
     10:     0 16'---0-101110-----   ->     9 9'000000001
     11:     1 16'--01--0---------   ->     0 9'010000000
     12:     1 16'------1---------   ->     0 9'010000000
     13:     1 16'--00--0---11----   ->     1 9'010000000
     14:     1 16'--00--01100-----   ->     1 9'010000000
     15:     1 16'--00-001110-----   ->     1 9'010000000
     16:     1 16'--00--00--0-----   ->     1 9'010000000
     17:     1 16'--00--01000-----   ->     2 9'010000000
     18:     1 16'--00-101010-----   ->     4 9'010000000
     19:     1 16'--00--0---10----   ->     5 9'010000000
     20:     1 16'--00-001010-----   ->     5 9'010000000
     21:     1 16'--1---0---------   ->     6 9'010000000
     22:     1 16'--00-101110-----   ->     9 9'010000000
     23:     2 16'---1--0---------   ->     0 9'001000000
     24:     2 16'------1---------   ->     0 9'001000000
     25:     2 16'---00-0---111-0-   ->     1 9'001000000
     26:     2 16'---00-01100-1-0-   ->     1 9'001000000
     27:     2 16'---00001110-1-0-   ->     1 9'001000000
     28:     2 16'---0--0---110---   ->     1 9'001000000
     29:     2 16'---0--01100-0---   ->     1 9'001000000
     30:     2 16'---0-001110-0---   ->     1 9'001000000
     31:     2 16'---00-01000-1-0-   ->     2 9'001000000
     32:     2 16'---00-00--0-1-0-   ->     2 9'001000000
     33:     2 16'---0--01000-0---   ->     2 9'001000000
     34:     2 16'---0--00--0-0---   ->     2 9'001000000
     35:     2 16'---00101010-1-0-   ->     4 9'001000000
     36:     2 16'---0-101010-0---   ->     4 9'001000000
     37:     2 16'---00-0---101-0-   ->     5 9'001000000
     38:     2 16'---00001010-1-0-   ->     5 9'001000000
     39:     2 16'---0--0---100---   ->     5 9'001000000
     40:     2 16'---0-001010-0---   ->     5 9'001000000
     41:     2 16'---00-0-----1-1-   ->     7 9'001000000
     42:     2 16'---01-0-----1---   ->     7 9'001000000
     43:     2 16'---00101110-1-0-   ->     9 9'001000000
     44:     2 16'---0-101110-0---   ->     9 9'001000000
     45:     3 16'---1--0---------   ->     0 9'000010000
     46:     3 16'------1---------   ->     0 9'000010000
     47:     3 16'---0--0---110---   ->     1 9'000010000
     48:     3 16'---0--01100-0---   ->     1 9'000010000
     49:     3 16'---0-001110-0---   ->     1 9'000010000
     50:     3 16'---0--01000-0---   ->     2 9'000010000
     51:     3 16'---0--00--0-0---   ->     3 9'000010000
     52:     3 16'---0-101010-0---   ->     4 9'000010000
     53:     3 16'---0--0---100---   ->     5 9'000010000
     54:     3 16'---0-001010-0---   ->     5 9'000010000
     55:     3 16'---0--0-----1---   ->     8 9'000010000
     56:     3 16'---0-101110-0---   ->     9 9'000010000
     57:     4 16'---1--0---------   ->     0 9'000100000
     58:     4 16'------1---------   ->     0 9'000100000
     59:     4 16'---0--0---111-0-   ->     1 9'000100000
     60:     4 16'---0--01100-1-0-   ->     1 9'000100000
     61:     4 16'---0-001110-1-0-   ->     1 9'000100000
     62:     4 16'---0--0-----1-1-   ->     1 9'000100000
     63:     4 16'---0--0---110---   ->     1 9'000100000
     64:     4 16'---0--01100-0---   ->     1 9'000100000
     65:     4 16'---0-001110-0---   ->     1 9'000100000
     66:     4 16'---0--01000-1-0-   ->     2 9'000100000
     67:     4 16'---0--01000-0---   ->     2 9'000100000
     68:     4 16'---0-101010-1-0-   ->     4 9'000100000
     69:     4 16'---0--00--0-1-0-   ->     4 9'000100000
     70:     4 16'---0-101010-0---   ->     4 9'000100000
     71:     4 16'---0--00--0-0---   ->     4 9'000100000
     72:     4 16'---0--0---101-0-   ->     5 9'000100000
     73:     4 16'---0-001010-1-0-   ->     5 9'000100000
     74:     4 16'---0--0---100---   ->     5 9'000100000
     75:     4 16'---0-001010-0---   ->     5 9'000100000
     76:     4 16'---0-101110-1-0-   ->     9 9'000100000
     77:     4 16'---0-101110-0---   ->     9 9'000100000
     78:     5 16'---1--0---------   ->     0 9'000001000
     79:     5 16'------1---------   ->     0 9'000001000
     80:     5 16'---0--0-----1-1-   ->     1 9'000001000
     81:     5 16'---0--0---110---   ->     1 9'000001000
     82:     5 16'---0--01100-0---   ->     1 9'000001000
     83:     5 16'---0-001110-0---   ->     1 9'000001000
     84:     5 16'---0--01000-0---   ->     2 9'000001000
     85:     5 16'---0--0-----1-0-   ->     3 9'000001000
     86:     5 16'---0-101010-0---   ->     4 9'000001000
     87:     5 16'---0--0---100---   ->     5 9'000001000
     88:     5 16'---0-001010-0---   ->     5 9'000001000
     89:     5 16'---0--00--0-0---   ->     5 9'000001000
     90:     5 16'---0-101110-0---   ->     9 9'000001000
     91:     6 16'---1--0---------   ->     0 9'000000000
     92:     6 16'------1---------   ->     0 9'000000000
     93:     6 16'---0--0---11----   ->     1 9'000000000
     94:     6 16'---0--01100-----   ->     1 9'000000000
     95:     6 16'---0-001110-----   ->     1 9'000000000
     96:     6 16'---0--01000-----   ->     2 9'000000000
     97:     6 16'---0-101010-----   ->     4 9'000000000
     98:     6 16'---0--0---10----   ->     5 9'000000000
     99:     6 16'---0-001010-----   ->     5 9'000000000
    100:     6 16'---0--00--0-----   ->     6 9'000000000
    101:     6 16'---0-101110-----   ->     9 9'000000000
    102:     7 16'---1--0---------   ->     0 9'100000000
    103:     7 16'------1---------   ->     0 9'100000000
    104:     7 16'---0--00--0--1-1   ->     1 9'100000000
    105:     7 16'---0--0---11----   ->     1 9'100000000
    106:     7 16'---0--01100-----   ->     1 9'100000000
    107:     7 16'---0-001110-----   ->     1 9'100000000
    108:     7 16'---0--01000-----   ->     2 9'100000000
    109:     7 16'00-0--00--0--1-0   ->     4 9'100000000
    110:     7 16'---0-101010-----   ->     4 9'100000000
    111:     7 16'1--0--00--0--1--   ->     5 9'100000000
    112:     7 16'---0--0---10----   ->     5 9'100000000
    113:     7 16'---0-001010-----   ->     5 9'100000000
    114:     7 16'---0--00--0--0--   ->     7 9'100000000
    115:     7 16'-1-0--00--0--1--   ->     9 9'100000000
    116:     7 16'---0-101110-----   ->     9 9'100000000
    117:     8 16'---1--0---------   ->     0 9'000000100
    118:     8 16'------1---------   ->     0 9'000000100
    119:     8 16'---0--0---11----   ->     1 9'000000100
    120:     8 16'---0--01100-----   ->     1 9'000000100
    121:     8 16'---0-001110-----   ->     1 9'000000100
    122:     8 16'---0--01000-----   ->     2 9'000000100
    123:     8 16'---0-101010-----   ->     4 9'000000100
    124:     8 16'---0--0---10----   ->     5 9'000000100
    125:     8 16'---0-001010-----   ->     5 9'000000100
    126:     8 16'---0--00--0-----   ->     8 9'000000100
    127:     8 16'---0-101110-----   ->     9 9'000000100
    128:     9 16'---1--0---------   ->     0 9'000000010
    129:     9 16'------1---------   ->     0 9'000000010
    130:     9 16'---0--0---11----   ->     1 9'000000010
    131:     9 16'---0--01100-----   ->     1 9'000000010
    132:     9 16'---0-001110-----   ->     1 9'000000010
    133:     9 16'---0--01000-----   ->     2 9'000000010
    134:     9 16'---0-101010-----   ->     4 9'000000010
    135:     9 16'---0--0---10----   ->     5 9'000000010
    136:     9 16'---0-001010-----   ->     5 9'000000010
    137:     9 16'---0-101110-----   ->     9 9'000000010
    138:     9 16'---0--00--0-----   ->     9 9'000000010

-------------------------------------

FSM `$fsm$\state_q$5491' from module `wire_mold_header_seq':
-------------------------------------

  Information on FSM $fsm$\state_q$5491 (\state_q):

  Number of input signals:   15
  Number of output signals:   7
  Number of state bits:       7

  Input signals:
    0: \in_last
    1: \input_fire
    2: \packet_result_success
    3: \packet_empty_q
    4: \body_last_q
    5: \packet_fire
    6: \body_fire
    7: \result_fire
    8: \reject_fire
    9: $logic_or$rtl/arch_a/wire_mold_header_seq.sv:112$312_Y
   10: $lt$rtl/arch_a/wire_mold_header_seq.sv:172$320_Y
   11: $ne$rtl/arch_a/wire_mold_header_seq.sv:186$337_Y
   12: $ne$rtl/arch_a/wire_mold_header_seq.sv:200$338_Y
   13: $eq$rtl/arch_a/wire_mold_header_seq.sv:214$339_Y
   14: $eq$rtl/arch_a/wire_mold_header_seq.sv:224$340_Y

  Output signals:
    0: \reject_valid
    1: $ne$rtl/arch_a/wire_mold_header_seq.sv:96$292_Y
    2: $ne$rtl/arch_a/wire_mold_header_seq.sv:97$293_Y
    3: $eq$rtl/arch_a/wire_mold_header_seq.sv:100$296_Y
    4: $eq$rtl/arch_a/wire_mold_header_seq.sv:104$298_Y
    5: $eq$rtl/arch_a/wire_mold_header_seq.sv:104$299_Y
    6: $eq$rtl/arch_a/wire_mold_header_seq.sv:105$301_Y

  State encoding:
    0:  7'------1  <RESET STATE>
    1:  7'-----1-
    2:  7'----1--
    3:  7'---1---
    4:  7'--1----
    5:  7'-1-----
    6:  7'1------

  Transition Table (state_in, ctrl_in, state_out, ctrl_out):
      0:     0 15'----1001----110   ->     0 7'0010110
      1:     0 15'----1000100--10   ->     0 7'0010110
      2:     0 15'----100000---10   ->     0 7'0010110
      3:     0 15'-10000-------11   ->     0 7'0010110
      4:     0 15'-----001----10-   ->     0 7'0010110
      5:     0 15'-----000100--0-   ->     0 7'0010110
      6:     0 15'-----00000---0-   ->     0 7'0010110
      7:     0 15'-----1---------   ->     0 7'0010110
      8:     0 15'100000-------10   ->     1 7'0010110
      9:     0 15'-10000-------10   ->     1 7'0010110
     10:     0 15'--1000-------10   ->     1 7'0010110
     11:     0 15'---100-------10   ->     1 7'0010110
     12:     0 15'----10001100-10   ->     2 7'0010110
     13:     0 15'----100001-0-10   ->     2 7'0010110
     14:     0 15'-----0001100-0-   ->     2 7'0010110
     15:     0 15'-----00001-0-0-   ->     2 7'0010110
     16:     0 15'----1001----010   ->     3 7'0010110
     17:     0 15'----101------10   ->     3 7'0010110
     18:     0 15'-----001----00-   ->     3 7'0010110
     19:     0 15'-----01------0-   ->     3 7'0010110
     20:     0 15'000000-------1-   ->     4 7'0010110
     21:     0 15'100000-------11   ->     5 7'0010110
     22:     0 15'--1000-------11   ->     5 7'0010110
     23:     0 15'---100-------11   ->     5 7'0010110
     24:     0 15'----10-------11   ->     5 7'0010110
     25:     0 15'----10001101-10   ->     6 7'0010110
     26:     0 15'----100001-1-10   ->     6 7'0010110
     27:     0 15'----10001-1--10   ->     6 7'0010110
     28:     0 15'-----0001101-0-   ->     6 7'0010110
     29:     0 15'-----00001-1-0-   ->     6 7'0010110
     30:     0 15'-----0001-1--0-   ->     6 7'0010110
     31:     1 15'-----001----110   ->     0 7'0100110
     32:     1 15'-----001----10-   ->     0 7'0100110
     33:     1 15'-----1---------   ->     0 7'0100110
     34:     1 15'-----000100--10   ->     1 7'0100110
     35:     1 15'-----00000---10   ->     1 7'0100110
     36:     1 15'-----000100--0-   ->     1 7'0100110
     37:     1 15'-----00000---0-   ->     1 7'0100110
     38:     1 15'-----0001100-10   ->     2 7'0100110
     39:     1 15'-----00001-0-10   ->     2 7'0100110
     40:     1 15'-----0001100-0-   ->     2 7'0100110
     41:     1 15'-----00001-0-0-   ->     2 7'0100110
     42:     1 15'-----001----010   ->     3 7'0100110
     43:     1 15'-----01------10   ->     3 7'0100110
     44:     1 15'-----001----00-   ->     3 7'0100110
     45:     1 15'-----01------0-   ->     3 7'0100110
     46:     1 15'-----0-------11   ->     5 7'0100110
     47:     1 15'-----0001101-10   ->     6 7'0100110
     48:     1 15'-----00001-1-10   ->     6 7'0100110
     49:     1 15'-----0001-1--10   ->     6 7'0100110
     50:     1 15'-----0001101-0-   ->     6 7'0100110
     51:     1 15'-----00001-1-0-   ->     6 7'0100110
     52:     1 15'-----0001-1--0-   ->     6 7'0100110
     53:     2 15'-----001----1--   ->     0 7'1000110
     54:     2 15'-----1---------   ->     0 7'1000110
     55:     2 15'-----0001100---   ->     2 7'1000110
     56:     2 15'-----00001-0---   ->     2 7'1000110
     57:     2 15'-----000100----   ->     2 7'1000110
     58:     2 15'-----00000-----   ->     2 7'1000110
     59:     2 15'-----001----0--   ->     3 7'1000110
     60:     2 15'-----01--------   ->     3 7'1000110
     61:     2 15'-----0001101---   ->     6 7'1000110
     62:     2 15'-----00001-1---   ->     6 7'1000110
     63:     2 15'-----0001-1----   ->     6 7'1000110
     64:     3 15'-----001----1--   ->     0 7'0000100
     65:     3 15'-----1---------   ->     0 7'0000100
     66:     3 15'-----0001100---   ->     2 7'0000100
     67:     3 15'-----00001-0---   ->     2 7'0000100
     68:     3 15'-----001----0--   ->     3 7'0000100
     69:     3 15'-----000100----   ->     3 7'0000100
     70:     3 15'-----00000-----   ->     3 7'0000100
     71:     3 15'-----01--------   ->     3 7'0000100
     72:     3 15'-----0001101---   ->     6 7'0000100
     73:     3 15'-----00001-1---   ->     6 7'0000100
     74:     3 15'-----0001-1----   ->     6 7'0000100
     75:     4 15'-----001----1--   ->     0 7'0000110
     76:     4 15'-----1---------   ->     0 7'0000110
     77:     4 15'-----0001100---   ->     2 7'0000110
     78:     4 15'-----00001-0---   ->     2 7'0000110
     79:     4 15'-----001----0--   ->     3 7'0000110
     80:     4 15'-----01--------   ->     3 7'0000110
     81:     4 15'-----000100----   ->     4 7'0000110
     82:     4 15'-----00000-----   ->     4 7'0000110
     83:     4 15'-----0001101---   ->     6 7'0000110
     84:     4 15'-----00001-1---   ->     6 7'0000110
     85:     4 15'-----0001-1----   ->     6 7'0000110
     86:     5 15'-----001----1--   ->     0 7'0000011
     87:     5 15'-----1---------   ->     0 7'0000011
     88:     5 15'-----0001100---   ->     2 7'0000011
     89:     5 15'-----00001-0---   ->     2 7'0000011
     90:     5 15'-----001----0--   ->     3 7'0000011
     91:     5 15'-----01--------   ->     3 7'0000011
     92:     5 15'-----000100----   ->     5 7'0000011
     93:     5 15'-----00000-----   ->     5 7'0000011
     94:     5 15'-----0001101---   ->     6 7'0000011
     95:     5 15'-----00001-1---   ->     6 7'0000011
     96:     5 15'-----0001-1----   ->     6 7'0000011
     97:     6 15'-----001----1--   ->     0 7'0001110
     98:     6 15'-----1---------   ->     0 7'0001110
     99:     6 15'-----0001100---   ->     2 7'0001110
    100:     6 15'-----00001-0---   ->     2 7'0001110
    101:     6 15'-----001----0--   ->     3 7'0001110
    102:     6 15'-----01--------   ->     3 7'0001110
    103:     6 15'-----0001101---   ->     6 7'0001110
    104:     6 15'-----00001-1---   ->     6 7'0001110
    105:     6 15'-----000100----   ->     6 7'0001110
    106:     6 15'-----0001-1----   ->     6 7'0001110
    107:     6 15'-----00000-----   ->     6 7'0001110

-------------------------------------

FSM `$fsm$\state_q$5500' from module `wire_udp_parser':
-------------------------------------

  Information on FSM $fsm$\state_q$5500 (\state_q):

  Number of input signals:   13
  Number of output signals:   4
  Number of state bits:       4

  Input signals:
    0: \rst
    1: \in_last
    2: \payload_last_q
    3: \input_fire
    4: $logic_and$rtl/arch_a/wire_udp_parser.sv:82$247_Y
    5: $logic_and$rtl/arch_a/wire_udp_parser.sv:91$249_Y
    6: $logic_and$rtl/arch_a/wire_udp_parser.sv:99$255_Y
    7: $lt$rtl/arch_a/wire_udp_parser.sv:103$258_Y
    8: $lt$rtl/arch_a/wire_udp_parser.sv:111$273_Y
    9: $eq$rtl/arch_a/wire_udp_parser.sv:121$274_Y
   10: $logic_or$rtl/arch_a/wire_udp_parser.sv:139$275_Y
   11: $logic_and$rtl/arch_a/wire_udp_parser.sv:166$278_Y
   12: $eq$rtl/arch_a/wire_udp_parser.sv:170$279_Y

  Output signals:
    0: \reject_valid
    1: $eq$rtl/arch_a/wire_udp_parser.sv:62$230_Y
    2: $eq$rtl/arch_a/wire_udp_parser.sv:62$231_Y
    3: $eq$rtl/arch_a/wire_udp_parser.sv:63$233_Y

  State encoding:
    0:     4'---1  <RESET STATE>
    1:     4'--1-
    2:     4'-1--
    3:     4'1---

  Transition Table (state_in, ctrl_in, state_out, ctrl_out):
      0:     0 13'---------0--0   ->     0 4'0010
      1:     0 13'-----10--1--0   ->     0 4'0010
      2:     0 13'------------1   ->     0 4'0010
      3:     0 13'--10000--1-00   ->     1 4'0010
      4:     0 13'---1000--1-00   ->     1 4'0010
      5:     0 13'----100--1-00   ->     1 4'0010
      6:     0 13'--00000--1-00   ->     2 4'0010
      7:     0 13'-----00--1-10   ->     3 4'0010
      8:     0 13'------1--1--0   ->     3 4'0010
      9:     1 13'-------011100   ->     0 4'0100
     10:     1 13'-------1-1-00   ->     0 4'0100
     11:     1 13'-------0101-0   ->     0 4'0100
     12:     1 13'-------1-0--0   ->     0 4'0100
     13:     1 13'------------1   ->     0 4'0100
     14:     1 13'-------011000   ->     1 4'0100
     15:     1 13'-------001-00   ->     1 4'0100
     16:     1 13'-------0100-0   ->     1 4'0100
     17:     1 13'-------000--0   ->     1 4'0100
     18:     1 13'---------1-10   ->     3 4'0100
     19:     2 13'10-----011110   ->     0 4'1000
     20:     2 13'10-----1-1-10   ->     0 4'1000
     21:     2 13'-------0101-0   ->     0 4'1000
     22:     2 13'00-----0111-0   ->     0 4'1000
     23:     2 13'-------1-0--0   ->     0 4'1000
     24:     2 13'00-----1-1--0   ->     0 4'1000
     25:     2 13'------------1   ->     0 4'1000
     26:     2 13'10-------1-00   ->     1 4'1000
     27:     2 13'10-----011010   ->     2 4'1000
     28:     2 13'10-----001-10   ->     2 4'1000
     29:     2 13'-------0100-0   ->     2 4'1000
     30:     2 13'00-----0110-0   ->     2 4'1000
     31:     2 13'-------000--0   ->     2 4'1000
     32:     2 13'00-----001--0   ->     2 4'1000
     33:     2 13'-1-------1--0   ->     3 4'1000
     34:     3 13'-------01-1-0   ->     0 4'0001
     35:     3 13'-------1----0   ->     0 4'0001
     36:     3 13'------------1   ->     0 4'0001
     37:     3 13'-------01-0-0   ->     3 4'0001
     38:     3 13'-------00---0   ->     3 4'0001

-------------------------------------

FSM `$fsm$\state_q$5506' from module `wire_ipv4_parser':
-------------------------------------

  Information on FSM $fsm$\state_q$5506 (\state_q):

  Number of input signals:   12
  Number of output signals:   5
  Number of state bits:       5

  Input signals:
    0: \rst
    1: \in_last
    2: \payload_last_q
    3: \input_fire
    4: \payload_physical_last_q
    5: $logic_and$rtl/arch_a/wire_ipv4_parser.sv:132$123_Y
    6: $logic_and$rtl/arch_a/wire_ipv4_parser.sv:142$126_Y
    7: $lt$rtl/arch_a/wire_ipv4_parser.sv:150$135_Y
    8: $logic_and$rtl/arch_a/wire_ipv4_parser.sv:150$136_Y
    9: $eq$rtl/arch_a/wire_ipv4_parser.sv:159$158_Y
   10: $eq$rtl/arch_a/wire_ipv4_parser.sv:160$161_Y
   11: $logic_and$rtl/arch_a/wire_ipv4_parser.sv:183$173_Y

  Output signals:
    0: \reject_valid
    1: $eq$rtl/arch_a/wire_ipv4_parser.sv:112$100_Y
    2: $eq$rtl/arch_a/wire_ipv4_parser.sv:113$101_Y
    3: $eq$rtl/arch_a/wire_ipv4_parser.sv:114$103_Y
    4: $eq$rtl/arch_a/wire_ipv4_parser.sv:115$105_Y

  State encoding:
    0:    5'----1  <RESET STATE>
    1:    5'---1-
    2:    5'--1--
    3:    5'-1---
    4:    5'1----

  Transition Table (state_in, ctrl_in, state_out, ctrl_out):
      0:     0 12'-----01-00-0   ->     0 5'00010
      1:     0 12'---0101-10-0   ->     0 5'00010
      2:     0 12'-----01101-0   ->     0 5'00010
      3:     0 12'---0101111-0   ->     0 5'00010
      4:     0 12'-----00-0--0   ->     0 5'00010
      5:     0 12'-----1--0--0   ->     0 5'00010
      6:     0 12'---0100-1--0   ->     0 5'00010
      7:     0 12'---011--1--0   ->     0 5'00010
      8:     0 12'-----------1   ->     0 5'00010
      9:     0 12'--000---1-10   ->     1 5'00010
     10:     0 12'-0100---1-10   ->     1 5'00010
     11:     0 12'-1100---1--0   ->     1 5'00010
     12:     0 12'---1----1--0   ->     1 5'00010
     13:     0 12'-----01001-0   ->     2 5'00010
     14:     0 12'---0101011-0   ->     2 5'00010
     15:     0 12'-0100---1-00   ->     3 5'00010
     16:     0 12'--000---1-00   ->     4 5'00010
     17:     1 12'-----011-1-0   ->     0 5'00001
     18:     1 12'-----1-----0   ->     0 5'00001
     19:     1 12'-----------1   ->     0 5'00001
     20:     1 12'-----01--0-0   ->     1 5'00001
     21:     1 12'-----00----0   ->     1 5'00001
     22:     1 12'-----010-1-0   ->     2 5'00001
     23:     2 12'-----0111100   ->     0 5'01000
     24:     2 12'-----1--1-00   ->     0 5'01000
     25:     2 12'--------1-10   ->     0 5'01000
     26:     2 12'-----01101-0   ->     0 5'01000
     27:     2 12'-----1--0--0   ->     0 5'01000
     28:     2 12'-----------1   ->     0 5'01000
     29:     2 12'-----01-1000   ->     2 5'01000
     30:     2 12'-----0101100   ->     2 5'01000
     31:     2 12'-----00-1-00   ->     2 5'01000
     32:     2 12'-----01-00-0   ->     2 5'01000
     33:     2 12'-----01001-0   ->     2 5'01000
     34:     2 12'-----00-0--0   ->     2 5'01000
     35:     3 12'-----01101-0   ->     0 5'10000
     36:     3 12'0----01111-0   ->     0 5'10000
     37:     3 12'-----1--0--0   ->     0 5'10000
     38:     3 12'0----1--1--0   ->     0 5'10000
     39:     3 12'-----------1   ->     0 5'10000
     40:     3 12'1-------1--0   ->     1 5'10000
     41:     3 12'-----01001-0   ->     2 5'10000
     42:     3 12'0----01011-0   ->     2 5'10000
     43:     3 12'-----01-00-0   ->     3 5'10000
     44:     3 12'0----01-10-0   ->     3 5'10000
     45:     3 12'-----00-0--0   ->     3 5'10000
     46:     3 12'0----00-1--0   ->     3 5'10000
     47:     4 12'-----0111100   ->     0 5'00100
     48:     4 12'-----1--1-00   ->     0 5'00100
     49:     4 12'-----01101-0   ->     0 5'00100
     50:     4 12'-----1--0--0   ->     0 5'00100
     51:     4 12'-----------1   ->     0 5'00100
     52:     4 12'--------1-10   ->     1 5'00100
     53:     4 12'-----0101100   ->     2 5'00100
     54:     4 12'-----01001-0   ->     2 5'00100
     55:     4 12'-----01-1000   ->     4 5'00100
     56:     4 12'-----00-1-00   ->     4 5'00100
     57:     4 12'-----01-00-0   ->     4 5'00100
     58:     4 12'-----00-0--0   ->     4 5'00100

-------------------------------------

FSM `$fsm$\state_q$5513' from module `wire_eth_parser':
-------------------------------------

  Information on FSM $fsm$\state_q$5513 (\state_q):

  Number of input signals:    9
  Number of output signals:   4
  Number of state bits:       4

  Input signals:
    0: \rst
    1: \in_last
    2: \payload_last_q
    3: \input_fire
    4: $logic_and$rtl/arch_a/wire_eth_parser.sv:66$84_Y
    5: $logic_and$rtl/arch_a/wire_eth_parser.sv:75$86_Y
    6: $logic_and$rtl/arch_a/wire_eth_parser.sv:83$88_Y
    7: $eq$rtl/arch_a/wire_eth_parser.sv:94$89_Y
    8: $procmux$4986_CMP

  Output signals:
    0: \reject_valid
    1: $eq$rtl/arch_a/wire_eth_parser.sv:45$71_Y
    2: $eq$rtl/arch_a/wire_eth_parser.sv:46$72_Y
    3: $eq$rtl/arch_a/wire_eth_parser.sv:47$74_Y

  State encoding:
    0:     4'---1  <RESET STATE>
    1:     4'--1-
    2:     4'-1--
    3:     4'1---

  Transition Table (state_in, ctrl_in, state_out, ctrl_out):
      0:     0 9'-----0--0   ->     0 4'0010
      1:     0 9'0-0--1--0   ->     0 4'0010
      2:     0 9'--------1   ->     0 4'0010
      3:     0 9'100--1-00   ->     1 4'0010
      4:     0 9'110--1-00   ->     2 4'0010
      5:     0 9'1-0--1-10   ->     3 4'0010
      6:     0 9'--1--1--0   ->     3 4'0010
      7:     1 9'---011100   ->     0 4'0100
      8:     1 9'---1-1-00   ->     0 4'0100
      9:     1 9'---0101-0   ->     0 4'0100
     10:     1 9'---1-0--0   ->     0 4'0100
     11:     1 9'--------1   ->     0 4'0100
     12:     1 9'---011000   ->     1 4'0100
     13:     1 9'---001-00   ->     1 4'0100
     14:     1 9'---0100-0   ->     1 4'0100
     15:     1 9'---000--0   ->     1 4'0100
     16:     1 9'-----1-10   ->     3 4'0100
     17:     2 9'---01-1-0   ->     0 4'1000
     18:     2 9'---1----0   ->     0 4'1000
     19:     2 9'--------1   ->     0 4'1000
     20:     2 9'---01-0-0   ->     2 4'1000
     21:     2 9'---00---0   ->     2 4'1000
     22:     3 9'---01-1-0   ->     0 4'0001
     23:     3 9'---1----0   ->     0 4'0001
     24:     3 9'--------1   ->     0 4'0001
     25:     3 9'---01-0-0   ->     3 4'0001
     26:     3 9'---00---0   ->     3 4'0001

-------------------------------------

FSM `$fsm$\count_q$5519' from module `wire_gearbox_64to8':
-------------------------------------

  Information on FSM $fsm$\count_q$5519 (\count_q):

  Number of input signals:   10
  Number of output signals:   4
  Number of state bits:       9

  Input signals:
    0: \rst
    1: $logic_and$rtl/arch_a/wire_gearbox_64to8.sv:56$62_Y
    2: $procmux$5123_CMP
    3: $procmux$5124_CMP
    4: $procmux$5125_CMP
    5: $procmux$5126_CMP
    6: $procmux$5127_CMP
    7: $procmux$5128_CMP
    8: $procmux$5129_CMP
    9: $procmux$5130_CMP

  Output signals:
    0: $0\count_q[3:0] [0]
    1: $0\count_q[3:0] [1]
    2: $0\count_q[3:0] [2]
    3: $0\count_q[3:0] [3]

  State encoding:
    0: 9'--------1  <RESET STATE>
    1: 9'-------1-
    2: 9'------1--
    3: 9'-----1---
    4: 9'----1----
    5: 9'---1-----
    6: 9'--1------
    7: 9'-1-------
    8: 9'1--------

  Transition Table (state_in, ctrl_in, state_out, ctrl_out):
      0:     0 10'--------00   ->     0 4'0000
      1:     0 10'0000000010   ->     0 4'0000
      2:     0 10'---------1   ->     0 4'0000
      3:     0 10'-------110   ->     1 4'1000
      4:     0 10'---1----10   ->     2 4'0100
      5:     0 10'-1------10   ->     3 4'0010
      6:     0 10'-----1--10   ->     4 4'0110
      7:     0 10'1-------10   ->     5 4'0001
      8:     0 10'----1---10   ->     6 4'0101
      9:     0 10'--1-----10   ->     7 4'0011
     10:     0 10'------1-10   ->     8 4'0111
     11:     1 10'0000000010   ->     0 4'0000
     12:     1 10'---------1   ->     0 4'0000
     13:     1 10'--------00   ->     1 4'1000
     14:     1 10'-------110   ->     1 4'1000
     15:     1 10'---1----10   ->     2 4'0100
     16:     1 10'-1------10   ->     3 4'0010
     17:     1 10'-----1--10   ->     4 4'0110
     18:     1 10'1-------10   ->     5 4'0001
     19:     1 10'----1---10   ->     6 4'0101
     20:     1 10'--1-----10   ->     7 4'0011
     21:     1 10'------1-10   ->     8 4'0111
     22:     2 10'0000000010   ->     0 4'0000
     23:     2 10'---------1   ->     0 4'0000
     24:     2 10'-------110   ->     1 4'1000
     25:     2 10'--------00   ->     2 4'0100
     26:     2 10'---1----10   ->     2 4'0100
     27:     2 10'-1------10   ->     3 4'0010
     28:     2 10'-----1--10   ->     4 4'0110
     29:     2 10'1-------10   ->     5 4'0001
     30:     2 10'----1---10   ->     6 4'0101
     31:     2 10'--1-----10   ->     7 4'0011
     32:     2 10'------1-10   ->     8 4'0111
     33:     3 10'0000000010   ->     0 4'0000
     34:     3 10'---------1   ->     0 4'0000
     35:     3 10'-------110   ->     1 4'1000
     36:     3 10'---1----10   ->     2 4'0100
     37:     3 10'--------00   ->     3 4'0010
     38:     3 10'-1------10   ->     3 4'0010
     39:     3 10'-----1--10   ->     4 4'0110
     40:     3 10'1-------10   ->     5 4'0001
     41:     3 10'----1---10   ->     6 4'0101
     42:     3 10'--1-----10   ->     7 4'0011
     43:     3 10'------1-10   ->     8 4'0111
     44:     4 10'0000000010   ->     0 4'0000
     45:     4 10'---------1   ->     0 4'0000
     46:     4 10'-------110   ->     1 4'1000
     47:     4 10'---1----10   ->     2 4'0100
     48:     4 10'-1------10   ->     3 4'0010
     49:     4 10'--------00   ->     4 4'0110
     50:     4 10'-----1--10   ->     4 4'0110
     51:     4 10'1-------10   ->     5 4'0001
     52:     4 10'----1---10   ->     6 4'0101
     53:     4 10'--1-----10   ->     7 4'0011
     54:     4 10'------1-10   ->     8 4'0111
     55:     5 10'0000000010   ->     0 4'0000
     56:     5 10'---------1   ->     0 4'0000
     57:     5 10'-------110   ->     1 4'1000
     58:     5 10'---1----10   ->     2 4'0100
     59:     5 10'-1------10   ->     3 4'0010
     60:     5 10'-----1--10   ->     4 4'0110
     61:     5 10'--------00   ->     5 4'0001
     62:     5 10'1-------10   ->     5 4'0001
     63:     5 10'----1---10   ->     6 4'0101
     64:     5 10'--1-----10   ->     7 4'0011
     65:     5 10'------1-10   ->     8 4'0111
     66:     6 10'0000000010   ->     0 4'0000
     67:     6 10'---------1   ->     0 4'0000
     68:     6 10'-------110   ->     1 4'1000
     69:     6 10'---1----10   ->     2 4'0100
     70:     6 10'-1------10   ->     3 4'0010
     71:     6 10'-----1--10   ->     4 4'0110
     72:     6 10'1-------10   ->     5 4'0001
     73:     6 10'--------00   ->     6 4'0101
     74:     6 10'----1---10   ->     6 4'0101
     75:     6 10'--1-----10   ->     7 4'0011
     76:     6 10'------1-10   ->     8 4'0111
     77:     7 10'0000000010   ->     0 4'0000
     78:     7 10'---------1   ->     0 4'0000
     79:     7 10'-------110   ->     1 4'1000
     80:     7 10'---1----10   ->     2 4'0100
     81:     7 10'-1------10   ->     3 4'0010
     82:     7 10'-----1--10   ->     4 4'0110
     83:     7 10'1-------10   ->     5 4'0001
     84:     7 10'----1---10   ->     6 4'0101
     85:     7 10'--------00   ->     7 4'0011
     86:     7 10'--1-----10   ->     7 4'0011
     87:     7 10'------1-10   ->     8 4'0111
     88:     8 10'0000000010   ->     0 4'0000
     89:     8 10'---------1   ->     0 4'0000
     90:     8 10'-------110   ->     1 4'1000
     91:     8 10'---1----10   ->     2 4'0100
     92:     8 10'-1------10   ->     3 4'0010
     93:     8 10'-----1--10   ->     4 4'0110
     94:     8 10'1-------10   ->     5 4'0001
     95:     8 10'----1---10   ->     6 4'0101
     96:     8 10'--1-----10   ->     7 4'0011
     97:     8 10'--------00   ->     8 4'0111
     98:     8 10'------1-10   ->     8 4'0111

-------------------------------------

11.7.8. Executing FSM_MAP pass (mapping FSMs to basic logic).
Mapping FSM `$fsm$\state_q$5466' from module `\wire_itch_decoder'.
Mapping FSM `$fsm$\payload_action_q$5474' from module `\wire_mold_message_framer'.
Mapping FSM `$fsm$\state_q$5480' from module `\wire_mold_message_framer'.
Mapping FSM `$fsm$\state_q$5491' from module `\wire_mold_header_seq'.
Mapping FSM `$fsm$\state_q$5500' from module `\wire_udp_parser'.
Mapping FSM `$fsm$\state_q$5506' from module `\wire_ipv4_parser'.
Mapping FSM `$fsm$\state_q$5513' from module `\wire_eth_parser'.
Mapping FSM `$fsm$\count_q$5519' from module `\wire_gearbox_64to8'.

11.8. Executing OPT pass (performing simple optimizations).

11.8.1. Executing OPT_EXPR pass (perform const folding).
Optimizing module wire_arch_a_parser_top.
Optimizing module wire_itch_decoder.
<suppressed ~7 debug messages>
Optimizing module wire_mold_message_framer.
<suppressed ~17 debug messages>
Optimizing module wire_mold_header_seq.
<suppressed ~8 debug messages>
Optimizing module wire_udp_parser.
<suppressed ~5 debug messages>
Optimizing module wire_ipv4_parser.
<suppressed ~6 debug messages>
Optimizing module wire_eth_parser.
<suppressed ~5 debug messages>
Optimizing module wire_gearbox_64to8.
<suppressed ~14 debug messages>
Optimizing module wire_ingress_buffer.

11.8.2. Executing OPT_MERGE pass (detect identical cells).
Finding identical cells in module `\wire_arch_a_parser_top'.
Computing hashes of 51 cells of `\wire_arch_a_parser_top'.
Finding duplicate cells in `\wire_arch_a_parser_top'.
Finding identical cells in module `\wire_itch_decoder'.
Computing hashes of 402 cells of `\wire_itch_decoder'.
Finding duplicate cells in `\wire_itch_decoder'.
Finding identical cells in module `\wire_mold_message_framer'.
Computing hashes of 329 cells of `\wire_mold_message_framer'.
Finding duplicate cells in `\wire_mold_message_framer'.
Computing hashes of 297 cells of `\wire_mold_message_framer'.
Finding duplicate cells in `\wire_mold_message_framer'.
<suppressed ~96 debug messages>
Finding identical cells in module `\wire_mold_header_seq'.
Computing hashes of 301 cells of `\wire_mold_header_seq'.
Finding duplicate cells in `\wire_mold_header_seq'.
Computing hashes of 284 cells of `\wire_mold_header_seq'.
Finding duplicate cells in `\wire_mold_header_seq'.
<suppressed ~51 debug messages>
Finding identical cells in module `\wire_udp_parser'.
Computing hashes of 225 cells of `\wire_udp_parser'.
Finding duplicate cells in `\wire_udp_parser'.
Computing hashes of 223 cells of `\wire_udp_parser'.
Finding duplicate cells in `\wire_udp_parser'.
<suppressed ~6 debug messages>
Finding identical cells in module `\wire_ipv4_parser'.
Computing hashes of 228 cells of `\wire_ipv4_parser'.
Finding duplicate cells in `\wire_ipv4_parser'.
Computing hashes of 217 cells of `\wire_ipv4_parser'.
Finding duplicate cells in `\wire_ipv4_parser'.
<suppressed ~33 debug messages>
Finding identical cells in module `\wire_eth_parser'.
Computing hashes of 112 cells of `\wire_eth_parser'.
Finding duplicate cells in `\wire_eth_parser'.
Computing hashes of 109 cells of `\wire_eth_parser'.
Finding duplicate cells in `\wire_eth_parser'.
<suppressed ~9 debug messages>
Finding identical cells in module `\wire_gearbox_64to8'.
Computing hashes of 104 cells of `\wire_gearbox_64to8'.
Finding duplicate cells in `\wire_gearbox_64to8'.
Computing hashes of 79 cells of `\wire_gearbox_64to8'.
Finding duplicate cells in `\wire_gearbox_64to8'.
Computing hashes of 78 cells of `\wire_gearbox_64to8'.
Finding duplicate cells in `\wire_gearbox_64to8'.
Computing hashes of 77 cells of `\wire_gearbox_64to8'.
Finding duplicate cells in `\wire_gearbox_64to8'.
<suppressed ~81 debug messages>
Finding identical cells in module `\wire_ingress_buffer'.
Computing hashes of 36 cells of `\wire_ingress_buffer'.
Finding duplicate cells in `\wire_ingress_buffer'.
Removed a total of 92 cells.

11.8.3. Executing OPT_MUXTREE pass (detect dead branches in mux trees).
Running muxtree optimizer on module \wire_arch_a_parser_top..
  Creating internal representation of mux trees.
  Evaluating internal representation of mux trees.
  Analyzing evaluation results.
Running muxtree optimizer on module \wire_itch_decoder..
  Creating internal representation of mux trees.
  Evaluating internal representation of mux trees.
  Analyzing evaluation results.
Running muxtree optimizer on module \wire_mold_message_framer..
  Creating internal representation of mux trees.
  Evaluating internal representation of mux trees.
  Analyzing evaluation results.
Running muxtree optimizer on module \wire_mold_header_seq..
  Creating internal representation of mux trees.
  Evaluating internal representation of mux trees.
  Analyzing evaluation results.
Running muxtree optimizer on module \wire_udp_parser..
  Creating internal representation of mux trees.
  Evaluating internal representation of mux trees.
  Analyzing evaluation results.
Running muxtree optimizer on module \wire_ipv4_parser..
  Creating internal representation of mux trees.
  Evaluating internal representation of mux trees.
  Analyzing evaluation results.
Running muxtree optimizer on module \wire_eth_parser..
  Creating internal representation of mux trees.
  Evaluating internal representation of mux trees.
  Analyzing evaluation results.
Running muxtree optimizer on module \wire_gearbox_64to8..
  Creating internal representation of mux trees.
  Evaluating internal representation of mux trees.
  Analyzing evaluation results.
Running muxtree optimizer on module \wire_ingress_buffer..
  Creating internal representation of mux trees.
  Evaluating internal representation of mux trees.
  Analyzing evaluation results.
Removed 0 multiplexer ports.
<suppressed ~1664 debug messages>

11.8.4. Executing OPT_REDUCE pass (consolidate $*mux and $reduce_* inputs).
  Optimizing cells in module \wire_arch_a_parser_top.
  Optimizing cells in module \wire_itch_decoder.
  Optimizing cells in module \wire_mold_message_framer.
  Optimizing cells in module \wire_mold_header_seq.
  Optimizing cells in module \wire_udp_parser.
  Optimizing cells in module \wire_ipv4_parser.
  Optimizing cells in module \wire_eth_parser.
  Optimizing cells in module \wire_gearbox_64to8.
  Optimizing cells in module \wire_ingress_buffer.
Performed a total of 0 changes.

11.8.5. Executing OPT_MERGE pass (detect identical cells).
Finding identical cells in module `\wire_arch_a_parser_top'.
Computing hashes of 51 cells of `\wire_arch_a_parser_top'.
Finding duplicate cells in `\wire_arch_a_parser_top'.
Finding identical cells in module `\wire_itch_decoder'.
Computing hashes of 402 cells of `\wire_itch_decoder'.
Finding duplicate cells in `\wire_itch_decoder'.
Finding identical cells in module `\wire_mold_message_framer'.
Computing hashes of 297 cells of `\wire_mold_message_framer'.
Finding duplicate cells in `\wire_mold_message_framer'.
Finding identical cells in module `\wire_mold_header_seq'.
Computing hashes of 284 cells of `\wire_mold_header_seq'.
Finding duplicate cells in `\wire_mold_header_seq'.
Finding identical cells in module `\wire_udp_parser'.
Computing hashes of 223 cells of `\wire_udp_parser'.
Finding duplicate cells in `\wire_udp_parser'.
Finding identical cells in module `\wire_ipv4_parser'.
Computing hashes of 217 cells of `\wire_ipv4_parser'.
Finding duplicate cells in `\wire_ipv4_parser'.
Finding identical cells in module `\wire_eth_parser'.
Computing hashes of 109 cells of `\wire_eth_parser'.
Finding duplicate cells in `\wire_eth_parser'.
Finding identical cells in module `\wire_gearbox_64to8'.
Computing hashes of 77 cells of `\wire_gearbox_64to8'.
Finding duplicate cells in `\wire_gearbox_64to8'.
Finding identical cells in module `\wire_ingress_buffer'.
Computing hashes of 36 cells of `\wire_ingress_buffer'.
Finding duplicate cells in `\wire_ingress_buffer'.
Removed a total of 0 cells.

11.8.6. Executing OPT_DFF pass (perform DFF optimizations).
Adding SRST signal on $procdff$5298 ($dff) from module wire_arch_a_parser_top (D = $procmux$812_Y, Q = \parser_recovery_q, rval = 1'0).
Adding EN signal on $auto$ff.cc:337:slice$6848 ($sdff) from module wire_arch_a_parser_top (D = 1'1, Q = \parser_recovery_q).
Adding SRST signal on $procdff$5299 ($dff) from module wire_arch_a_parser_top (D = $procmux$807_Y, Q = \recovery_stage_q, rval = 4'0000).
Adding EN signal on $auto$ff.cc:337:slice$6850 ($sdff) from module wire_arch_a_parser_top (D = $procmux$805_Y, Q = \recovery_stage_q).
Adding SRST signal on $procdff$5300 ($dff) from module wire_arch_a_parser_top (D = $procmux$787_Y, Q = \frame_open_q, rval = 1'0).
Adding EN signal on $auto$ff.cc:337:slice$6852 ($sdff) from module wire_arch_a_parser_top (D = $logic_not$rtl/arch_a/wire_arch_a_parser_top.sv:143$770_Y, Q = \frame_open_q).
Adding SRST signal on $procdff$5325 ($dff) from module wire_itch_decoder (D = $procmux$2213_Y, Q = \side_valid_q, rval = 1'0).
Adding EN signal on $auto$ff.cc:337:slice$6854 ($sdff) from module wire_itch_decoder (D = $procmux$2211_Y, Q = \side_valid_q).
Adding SRST signal on $procdff$5324 ($dff) from module wire_itch_decoder (D = $procmux$2240_Y, Q = \price_valid_q, rval = 1'0).
Adding EN signal on $auto$ff.cc:337:slice$6856 ($sdff) from module wire_itch_decoder (D = $procmux$2238_Y, Q = \price_valid_q).
Adding SRST signal on $procdff$5323 ($dff) from module wire_itch_decoder (D = $procmux$2270_Y, Q = \quantity_valid_q, rval = 1'0).
Adding EN signal on $auto$ff.cc:337:slice$6858 ($sdff) from module wire_itch_decoder (D = $procmux$2268_Y, Q = \quantity_valid_q).
Adding SRST signal on $procdff$5322 ($dff) from module wire_itch_decoder (D = $procmux$2297_Y, Q = \new_valid_q, rval = 1'0).
Adding EN signal on $auto$ff.cc:337:slice$6860 ($sdff) from module wire_itch_decoder (D = $procmux$2238_Y, Q = \new_valid_q).
Adding SRST signal on $procdff$5321 ($dff) from module wire_itch_decoder (D = $procmux$2322_Y, Q = \old_valid_q, rval = 1'0).
Adding EN signal on $auto$ff.cc:337:slice$6862 ($sdff) from module wire_itch_decoder (D = $procmux$2320_Y, Q = \old_valid_q).
Adding SRST signal on $procdff$5320 ($dff) from module wire_itch_decoder (D = $procmux$2346_Y, Q = \side_q, rval = 1'0).
Adding EN signal on $auto$ff.cc:337:slice$6864 ($sdff) from module wire_itch_decoder (D = $procmux$2344_Y, Q = \side_q).
Adding SRST signal on $procdff$5319 ($dff) from module wire_itch_decoder (D = $procmux$2373_Y, Q = \price_q, rval = 0).
Adding EN signal on $auto$ff.cc:337:slice$6866 ($sdff) from module wire_itch_decoder (D = $procmux$2371_Y, Q = \price_q).
Adding SRST signal on $procdff$5318 ($dff) from module wire_itch_decoder (D = $procmux$2403_Y, Q = \quantity_q, rval = 0).
Adding EN signal on $auto$ff.cc:337:slice$6868 ($sdff) from module wire_itch_decoder (D = $procmux$2401_Y, Q = \quantity_q).
Adding SRST signal on $procdff$5317 ($dff) from module wire_itch_decoder (D = $procmux$2430_Y, Q = \new_ref_q, rval = 64'0000000000000000000000000000000000000000000000000000000000000000).
Adding EN signal on $auto$ff.cc:337:slice$6870 ($sdff) from module wire_itch_decoder (D = $procmux$2428_Y, Q = \new_ref_q).
Adding SRST signal on $procdff$5316 ($dff) from module wire_itch_decoder (D = $procmux$2455_Y, Q = \old_ref_q, rval = 64'0000000000000000000000000000000000000000000000000000000000000000).
Adding EN signal on $auto$ff.cc:337:slice$6872 ($sdff) from module wire_itch_decoder (D = $procmux$2453_Y, Q = \old_ref_q).
Adding SRST signal on $procdff$5315 ($dff) from module wire_itch_decoder (D = $procmux$2464_Y, Q = \stock_locate_q, rval = 16'0000000000000000).
Adding EN signal on $auto$ff.cc:337:slice$6874 ($sdff) from module wire_itch_decoder (D = { $memrd$\bytes_q$rtl/arch_a/wire_itch_decoder.sv:81$552_DATA $memrd$\bytes_q$rtl/arch_a/wire_itch_decoder.sv:81$551_DATA }, Q = \stock_locate_q).
Adding SRST signal on $procdff$5314 ($dff) from module wire_itch_decoder (D = $procmux$2473_Y, Q = \timestamp_q, rval = 48'000000000000000000000000000000000000000000000000).
Adding EN signal on $auto$ff.cc:337:slice$6876 ($sdff) from module wire_itch_decoder (D = { $memrd$\bytes_q$rtl/arch_a/wire_itch_decoder.sv:91$550_DATA $memrd$\bytes_q$rtl/arch_a/wire_itch_decoder.sv:91$549_DATA $memrd$\bytes_q$rtl/arch_a/wire_itch_decoder.sv:91$548_DATA $memrd$\bytes_q$rtl/arch_a/wire_itch_decoder.sv:92$547_DATA $memrd$\bytes_q$rtl/arch_a/wire_itch_decoder.sv:92$546_DATA $memrd$\bytes_q$rtl/arch_a/wire_itch_decoder.sv:92$545_DATA }, Q = \timestamp_q).
Adding SRST signal on $procdff$5313 ($dff) from module wire_itch_decoder (D = $procmux$2482_Y, Q = \mold_sequence_q, rval = 64'0000000000000000000000000000000000000000000000000000000000000000).
Adding EN signal on $auto$ff.cc:337:slice$6878 ($sdff) from module wire_itch_decoder (D = \message_sequence_q, Q = \mold_sequence_q).
Adding SRST signal on $procdff$5312 ($dff) from module wire_itch_decoder (D = $procmux$2491_Y, Q = \source_type_q, rval = 8'00000000).
Adding EN signal on $auto$ff.cc:337:slice$6880 ($sdff) from module wire_itch_decoder (D = $memrd$\bytes_q$rtl/arch_a/wire_itch_decoder.sv:197$544_DATA, Q = \source_type_q).
Adding SRST signal on $procdff$5311 ($dff) from module wire_itch_decoder (D = $procmux$2522_Y, Q = \event_kind_q, rval = 3'000).
Adding EN signal on $auto$ff.cc:337:slice$6882 ($sdff) from module wire_itch_decoder (D = $procmux$2514_Y, Q = \event_kind_q).
Adding EN signal on $procdff$5310 ($dff) from module wire_itch_decoder (D = \cfg_expected_stock_symbol, Q = \expected_symbol_q).
Adding EN signal on $procdff$5309 ($dff) from module wire_itch_decoder (D = \cfg_symbol_check_enable, Q = \symbol_enable_q).
Adding EN signal on $procdff$5308 ($dff) from module wire_itch_decoder (D = \cfg_tracked_stock_locate, Q = \tracked_locate_q).
Adding SRST signal on $procdff$5307 ($dff) from module wire_itch_decoder (D = $procmux$2544_Y, Q = \message_sequence_q, rval = 64'0000000000000000000000000000000000000000000000000000000000000000).
Adding EN signal on $auto$ff.cc:337:slice$6899 ($sdff) from module wire_itch_decoder (D = \message_sequence, Q = \message_sequence_q).
Adding SRST signal on $procdff$5306 ($dff) from module wire_itch_decoder (D = $procmux$2560_Y, Q = \byte_index_q, rval = 6'000000).
Adding EN signal on $auto$ff.cc:337:slice$6903 ($sdff) from module wire_itch_decoder (D = $procmux$2560_Y, Q = \byte_index_q).
Adding SRST signal on $procdff$5305 ($dff) from module wire_itch_decoder (D = $procmux$2593_Y, Q = \reject_pending_q, rval = 1'0).
Adding SRST signal on $procdff$5304 ($dff) from module wire_itch_decoder (D = $procmux$2687_Y, Q = \recovery_required, rval = 1'0).
Adding EN signal on $auto$ff.cc:337:slice$6916 ($sdff) from module wire_itch_decoder (D = $procmux$2687_Y, Q = \recovery_required).
Adding SRST signal on $procdff$5303 ($dff) from module wire_itch_decoder (D = $procmux$2766_Y, Q = \declared_length_q, rval = 16'0000000000000000).
Adding EN signal on $auto$ff.cc:337:slice$6936 ($sdff) from module wire_itch_decoder (D = \message_length, Q = \declared_length_q).
Adding SRST signal on $procdff$5302 ($dff) from module wire_itch_decoder (D = $procmux$2794_Y, Q = \reject_code_q, rval = 3'000).
Adding EN signal on $auto$ff.cc:337:slice$6940 ($sdff) from module wire_itch_decoder (D = $procmux$2794_Y, Q = \reject_code_q).
Adding SRST signal on $procdff$5359 ($dff) from module wire_mold_message_framer (D = $procmux$3046_Y, Q = \header_ended_q, rval = 1'0).
Adding EN signal on $auto$ff.cc:337:slice$6966 ($sdff) from module wire_mold_message_framer (D = \in_last, Q = \header_ended_q).
Adding SRST signal on $procdff$5358 ($dff) from module wire_mold_message_framer (D = $procmux$3055_Y, Q = \message_empty_q, rval = 1'0).
Adding EN signal on $auto$ff.cc:337:slice$6970 ($sdff) from module wire_mold_message_framer (D = $eq$rtl/arch_a/wire_mold_message_framer.sv:216$375_Y, Q = \message_empty_q).
Adding SRST signal on $procdff$5357 ($dff) from module wire_mold_message_framer (D = $procmux$3067_Y, Q = \payload_remaining_q, rval = 16'0000000000000000).
Adding EN signal on $auto$ff.cc:337:slice$6974 ($sdff) from module wire_mold_message_framer (D = $procmux$3064_Y, Q = \payload_remaining_q).
Adding SRST signal on $procdff$5356 ($dff) from module wire_mold_message_framer (D = $procmux$3076_Y, Q = \message_length_q, rval = 16'0000000000000000).
Adding EN signal on $auto$ff.cc:337:slice$6982 ($sdff) from module wire_mold_message_framer (D = { \length_hi_q \in_data }, Q = \message_length_q).
Adding SRST signal on $procdff$5347 ($dff) from module wire_mold_message_framer (D = $procmux$3210_Y, Q = \payload_data_q, rval = 8'00000000).
Adding EN signal on $auto$ff.cc:337:slice$6986 ($sdff) from module wire_mold_message_framer (D = \in_data, Q = \payload_data_q).
Adding SRST signal on $procdff$5348 ($dff) from module wire_mold_message_framer (D = $procmux$3202_Y, Q = \payload_last_q, rval = 1'0).
Adding SRST signal on $procdff$5349 ($dff) from module wire_mold_message_framer (D = $procmux$3189_Y, Q = \payload_valid_q, rval = 1'0).
Adding SRST signal on $procdff$5350 ($dff) from module wire_mold_message_framer (D = $procmux$3179_Y, Q = \reject_code_q, rval = 2'00).
Adding SRST signal on $procdff$5351 ($dff) from module wire_mold_message_framer (D = $procmux$3139_Y, Q = \packet_sequence_q, rval = 64'0000000000000000000000000000000000000000000000000000000000000000).
Adding EN signal on $auto$ff.cc:337:slice$6993 ($sdff) from module wire_mold_message_framer (D = \packet_sequence, Q = \packet_sequence_q).
Adding SRST signal on $procdff$5352 ($dff) from module wire_mold_message_framer (D = $procmux$3134_Y, Q = \packet_count_q, rval = 16'0000000000000000).
Adding EN signal on $auto$ff.cc:337:slice$6995 ($sdff) from module wire_mold_message_framer (D = \packet_message_count, Q = \packet_count_q).
Adding SRST signal on $procdff$5360 ($dff) from module wire_mold_message_framer (D = $procmux$3037_Y, Q = \reject_pending_q, rval = 1'0).
Adding SRST signal on $procdff$5361 ($dff) from module wire_mold_message_framer (D = $procmux$2993_Y, Q = \result_pending_q, rval = 1'0).
Adding SRST signal on $procdff$5354 ($dff) from module wire_mold_message_framer (D = $procmux$3107_Y, Q = \messages_done_q, rval = 16'0000000000000000).
Adding SRST signal on $procdff$5355 ($dff) from module wire_mold_message_framer (D = $procmux$3089_Y, Q = \length_hi_q, rval = 8'00000000).
Adding EN signal on $auto$ff.cc:337:slice$7000 ($sdff) from module wire_mold_message_framer (D = \in_data, Q = \length_hi_q).
Adding SRST signal on $procdff$5379 ($dff) from module wire_mold_header_seq (D = $procmux$3417_Y, Q = \recovery_required_q, rval = 1'0).
Adding SRST signal on $procdff$5378 ($dff) from module wire_mold_header_seq (D = $procmux$3464_Y, Q = \controller_valid_q, rval = 1'1).
Adding SRST signal on $procdff$5377 ($dff) from module wire_mold_header_seq (D = $procmux$3477_Y, Q = \body_last_q, rval = 1'0).
Adding SRST signal on $procdff$5376 ($dff) from module wire_mold_header_seq (D = $procmux$3488_Y, Q = \body_valid_q, rval = 1'0).
Adding SRST signal on $procdff$5375 ($dff) from module wire_mold_header_seq (D = $procmux$3497_Y, Q = \body_data_q, rval = 8'00000000).
Adding EN signal on $auto$ff.cc:337:slice$7010 ($sdff) from module wire_mold_header_seq (D = \in_data, Q = \body_data_q).
Adding SRST signal on $procdff$5374 ($dff) from module wire_mold_header_seq (D = $procmux$3525_Y, Q = \packet_valid_q, rval = 1'0).
Adding SRST signal on $procdff$5373 ($dff) from module wire_mold_header_seq (D = $procmux$3551_Y, Q = \packet_empty_q, rval = 1'0).
Adding EN signal on $auto$ff.cc:337:slice$7015 ($sdff) from module wire_mold_header_seq (D = \in_last, Q = \packet_empty_q).
Adding SRST signal on $procdff$5372 ($dff) from module wire_mold_header_seq (D = $procmux$3577_Y, Q = \packet_count_q, rval = 16'0000000000000000).
Adding EN signal on $auto$ff.cc:337:slice$7029 ($sdff) from module wire_mold_header_seq (D = { \header_q [7:0] \in_data }, Q = \packet_count_q).
Adding SRST signal on $procdff$5371 ($dff) from module wire_mold_header_seq (D = $procmux$3603_Y, Q = \packet_sequence_q, rval = 64'0000000000000000000000000000000000000000000000000000000000000000).
Adding EN signal on $auto$ff.cc:337:slice$7043 ($sdff) from module wire_mold_header_seq (D = \header_q [71:8], Q = \packet_sequence_q).
Adding EN signal on $procdff$5370 ($dff) from module wire_mold_header_seq (D = $0\expected_sequence_q[63:0], Q = \expected_sequence_q).
Adding EN signal on $procdff$5369 ($dff) from module wire_mold_header_seq (D = \cfg_active_session, Q = \active_session_q).
Adding SRST signal on $procdff$5368 ($dff) from module wire_mold_header_seq (D = $procmux$3646_Y, Q = \pending_fatal_q, rval = 1'1).
Adding EN signal on $auto$ff.cc:337:slice$7065 ($sdff) from module wire_mold_header_seq (D = $procmux$3639_Y, Q = \pending_fatal_q).
Adding SRST signal on $procdff$5367 ($dff) from module wire_mold_header_seq (D = $procmux$3678_Y, Q = \pending_code_q, rval = 3'011).
Adding EN signal on $auto$ff.cc:337:slice$7073 ($sdff) from module wire_mold_header_seq (D = $procmux$3671_Y, Q = \pending_code_q).
Adding SRST signal on $procdff$5366 ($dff) from module wire_mold_header_seq (D = $2$lookahead\header_q$308[151:0]$317, Q = \header_q, rval = 152'00000000000000000000000000000000000000000000000000000000000000000000000000000000000000000000000000000000000000000000000000000000000000000000000000000000).
Adding EN signal on $auto$ff.cc:337:slice$7081 ($sdff) from module wire_mold_header_seq (D = $or$rtl/arch_a/wire_mold_header_seq.sv:180$335_Y, Q = \header_q).
Adding SRST signal on $procdff$5365 ($dff) from module wire_mold_header_seq (D = $procmux$3718_Y, Q = \reject_code_q, rval = 3'000).
Adding EN signal on $auto$ff.cc:337:slice$7087 ($sdff) from module wire_mold_header_seq (D = $procmux$3688_Y, Q = \reject_code_q).
Adding SRST signal on $procdff$5364 ($dff) from module wire_mold_header_seq (D = $procmux$3758_Y, Q = \reject_fatal_q, rval = 1'1).
Adding EN signal on $auto$ff.cc:337:slice$7107 ($sdff) from module wire_mold_header_seq (D = $procmux$3728_Y, Q = \reject_fatal_q).
Adding SRST signal on $procdff$5363 ($dff) from module wire_mold_header_seq (D = $procmux$3780_Y, Q = \header_index_q, rval = 5'00000).
Adding SRST signal on $procdff$5394 ($dff) from module wire_udp_parser (D = $procmux$3981_Y, Q = \pending_fatal_q, rval = 1'1).
Adding EN signal on $auto$ff.cc:337:slice$7120 ($sdff) from module wire_udp_parser (D = $procmux$3958_Y, Q = \pending_fatal_q).
Adding SRST signal on $procdff$5393 ($dff) from module wire_udp_parser (D = $procmux$4022_Y, Q = \pending_code_q, rval = 3'001).
Adding EN signal on $auto$ff.cc:337:slice$7136 ($sdff) from module wire_udp_parser (D = $procmux$3998_Y, Q = \pending_code_q).
Adding SRST signal on $procdff$5392 ($dff) from module wire_udp_parser (D = $procmux$4048_Y, Q = \actual_count_q, rval = 16'0000000000000000).
Adding EN signal on $auto$ff.cc:337:slice$7152 ($sdff) from module wire_udp_parser (D = $procmux$4029_Y, Q = \actual_count_q).
Adding SRST signal on $procdff$5391 ($dff) from module wire_udp_parser (D = $procmux$4065_Y, Q = \declared_length_q, rval = 16'0000000000000000).
Adding EN signal on $auto$ff.cc:337:slice$7168 ($sdff) from module wire_udp_parser (D = \header_q [23:8], Q = \declared_length_q).
Adding SRST signal on $procdff$5390 ($dff) from module wire_udp_parser (D = $procmux$4100_Y, Q = \remaining_q, rval = 16'0000000000000000).
Adding EN signal on $auto$ff.cc:337:slice$7176 ($sdff) from module wire_udp_parser (D = $procmux$4079_Y, Q = \remaining_q).
Adding SRST signal on $procdff$5389 ($dff) from module wire_udp_parser (D = $2$lookahead\header_q$240[55:0]$251, Q = \header_q, rval = 56'00000000000000000000000000000000000000000000000000000000).
Adding EN signal on $auto$ff.cc:337:slice$7196 ($sdff) from module wire_udp_parser (D = $or$rtl/arch_a/wire_udp_parser.sv:104$271_Y, Q = \header_q).
Adding SRST signal on $procdff$5388 ($dff) from module wire_udp_parser (D = $procmux$4152_Y, Q = \reject_code_q, rval = 3'001).
Adding EN signal on $auto$ff.cc:337:slice$7202 ($sdff) from module wire_udp_parser (D = $procmux$4112_Y, Q = \reject_code_q).
Adding SRST signal on $procdff$5387 ($dff) from module wire_udp_parser (D = $procmux$4204_Y, Q = \reject_fatal_q, rval = 1'0).
Adding EN signal on $auto$ff.cc:337:slice$7216 ($sdff) from module wire_udp_parser (D = $procmux$4164_Y, Q = \reject_fatal_q).
Adding SRST signal on $procdff$5386 ($dff) from module wire_udp_parser (D = $procmux$4225_Y, Q = \payload_valid_q, rval = 1'0).
Adding SRST signal on $procdff$5385 ($dff) from module wire_udp_parser (D = $procmux$4248_Y, Q = \payload_last_q, rval = 1'0).
Adding SRST signal on $procdff$5384 ($dff) from module wire_udp_parser (D = $procmux$4267_Y, Q = \payload_data_q, rval = 8'00000000).
Adding EN signal on $auto$ff.cc:337:slice$7232 ($sdff) from module wire_udp_parser (D = $procmux$4260_Y, Q = \payload_data_q).
Adding SRST signal on $procdff$5383 ($dff) from module wire_udp_parser (D = $procmux$4290_Y, Q = \header_index_q, rval = 4'0000).
Adding SRST signal on $procdff$5406 ($dff) from module wire_ipv4_parser (D = $procmux$4759_Y, Q = \payload_physical_last_q, rval = 1'0).
Adding SRST signal on $procdff$5405 ($dff) from module wire_ipv4_parser (D = $procmux$4791_Y, Q = \remaining_q, rval = 16'0000000000000000).
Adding EN signal on $auto$ff.cc:337:slice$7242 ($sdff) from module wire_ipv4_parser (D = $procmux$4773_Y, Q = \remaining_q).
Adding SRST signal on $procdff$5404 ($dff) from module wire_ipv4_parser (D = $2$lookahead\header_q$112[151:0]$130, Q = \header_q, rval = 152'00000000000000000000000000000000000000000000000000000000000000000000000000000000000000000000000000000000000000000000000000000000000000000000000000000000).
Adding EN signal on $auto$ff.cc:337:slice$7262 ($sdff) from module wire_ipv4_parser (D = $or$rtl/arch_a/wire_ipv4_parser.sv:155$156_Y, Q = \header_q).
Adding SRST signal on $procdff$5403 ($dff) from module wire_ipv4_parser (D = $procmux$4821_Y, Q = \reject_code_q, rval = 4'0000).
Adding EN signal on $auto$ff.cc:337:slice$7268 ($sdff) from module wire_ipv4_parser (D = $procmux$4803_Y, Q = \reject_code_q).
Adding SRST signal on $procdff$5402 ($dff) from module wire_ipv4_parser (D = $procmux$4851_Y, Q = \reject_fatal_q, rval = 1'0).
Adding EN signal on $auto$ff.cc:337:slice$7280 ($sdff) from module wire_ipv4_parser (D = $procmux$4833_Y, Q = \reject_fatal_q).
Adding SRST signal on $procdff$5401 ($dff) from module wire_ipv4_parser (D = $procmux$4867_Y, Q = \payload_valid_q, rval = 1'0).
Adding SRST signal on $procdff$5400 ($dff) from module wire_ipv4_parser (D = $procmux$4885_Y, Q = \payload_last_q, rval = 1'0).
Adding SRST signal on $procdff$5399 ($dff) from module wire_ipv4_parser (D = $procmux$4899_Y, Q = \payload_data_q, rval = 8'00000000).
Adding EN signal on $auto$ff.cc:337:slice$7294 ($sdff) from module wire_ipv4_parser (D = \in_data, Q = \payload_data_q).
Adding SRST signal on $procdff$5398 ($dff) from module wire_ipv4_parser (D = $procmux$4923_Y, Q = \header_index_q, rval = 5'00000).
Adding SRST signal on $procdff$5417 ($dff) from module wire_eth_parser (D = $procmux$5016_Y, Q = \reject_fatal_q, rval = 1'0).
Adding EN signal on $auto$ff.cc:337:slice$7301 ($sdff) from module wire_eth_parser (D = $procmux$4998_Y, Q = \reject_fatal_q).
Adding SRST signal on $procdff$5412 ($dff) from module wire_eth_parser (D = $procmux$5084_Y, Q = \header_index_q, rval = 4'0000).
Adding SRST signal on $procdff$5413 ($dff) from module wire_eth_parser (D = $procmux$5062_Y, Q = \ethertype_high_q, rval = 8'00000000).
Adding EN signal on $auto$ff.cc:337:slice$7312 ($sdff) from module wire_eth_parser (D = \in_data, Q = \ethertype_high_q).
Adding SRST signal on $procdff$5418 ($dff) from module wire_eth_parser (D = $procmux$4991_Y, Q = \reject_code_q, rval = 2'00).
Adding EN signal on $auto$ff.cc:337:slice$7318 ($sdff) from module wire_eth_parser (D = $procmux$4973_Y, Q = \reject_code_q).
Adding SRST signal on $procdff$5414 ($dff) from module wire_eth_parser (D = $procmux$5046_Y, Q = \payload_data_q, rval = 8'00000000).
Adding EN signal on $auto$ff.cc:337:slice$7328 ($sdff) from module wire_eth_parser (D = \in_data, Q = \payload_data_q).
Adding SRST signal on $procdff$5415 ($dff) from module wire_eth_parser (D = $procmux$5038_Y, Q = \payload_last_q, rval = 1'0).
Adding SRST signal on $procdff$5416 ($dff) from module wire_eth_parser (D = $procmux$5026_Y, Q = \payload_valid_q, rval = 1'0).
Adding SRST signal on $procdff$5423 ($dff) from module wire_gearbox_64to8 (D = $procmux$5160_Y, Q = \valid_q, rval = 1'0).
Adding EN signal on $auto$ff.cc:337:slice$7334 ($sdff) from module wire_gearbox_64to8 (D = $procmux$5160_Y, Q = \valid_q).
Adding SRST signal on $procdff$5422 ($dff) from module wire_gearbox_64to8 (D = $procmux$5168_Y, Q = \index_q, rval = 3'000).
Adding EN signal on $auto$ff.cc:337:slice$7342 ($sdff) from module wire_gearbox_64to8 (D = $procmux$5166_Y, Q = \index_q).
Adding SRST signal on $procdff$5420 ($dff) from module wire_gearbox_64to8 (D = $procmux$5188_Y, Q = \last_q, rval = 1'0).
Adding EN signal on $auto$ff.cc:337:slice$7346 ($sdff) from module wire_gearbox_64to8 (D = $procmux$5188_Y, Q = \last_q).
Adding SRST signal on $procdff$5419 ($dff) from module wire_gearbox_64to8 (D = $procmux$5194_Y, Q = \data_q, rval = 64'0000000000000000000000000000000000000000000000000000000000000000).
Adding EN signal on $auto$ff.cc:337:slice$7354 ($sdff) from module wire_gearbox_64to8 (D = \in_data, Q = \data_q).
Adding SRST signal on $procdff$5426 ($dff) from module wire_ingress_buffer (D = $procmux$5293_Y, Q = \read_ptr_q, rval = 1'0).
Adding EN signal on $auto$ff.cc:337:slice$7356 ($sdff) from module wire_ingress_buffer (D = $add$rtl/common/wire_ingress_buffer.sv:51$41_Y, Q = \read_ptr_q).
Adding SRST signal on $procdff$5427 ($dff) from module wire_ingress_buffer (D = $procmux$5288_Y, Q = \write_ptr_q, rval = 1'0).
Adding EN signal on $auto$ff.cc:337:slice$7358 ($sdff) from module wire_ingress_buffer (D = $add$rtl/common/wire_ingress_buffer.sv:47$40_Y, Q = \write_ptr_q).
Adding SRST signal on $procdff$5428 ($dff) from module wire_ingress_buffer (D = $procmux$5254_Y, Q = \count_q, rval = 2'00).
Adding EN signal on $auto$ff.cc:337:slice$7360 ($sdff) from module wire_ingress_buffer (D = $procmux$5254_Y, Q = \count_q).

11.8.7. Executing OPT_CLEAN pass (remove unused cells and wires).
Finding unused cells or wires in module \wire_arch_a_parser_top..
Finding unused cells or wires in module \wire_itch_decoder..
Finding unused cells or wires in module \wire_mold_message_framer..
Finding unused cells or wires in module \wire_mold_header_seq..
Finding unused cells or wires in module \wire_udp_parser..
Finding unused cells or wires in module \wire_ipv4_parser..
Finding unused cells or wires in module \wire_eth_parser..
Finding unused cells or wires in module \wire_gearbox_64to8..
Finding unused cells or wires in module \wire_ingress_buffer..
Removed 205 unused cells and 356 unused wires.
<suppressed ~214 debug messages>

11.8.8. Executing OPT_EXPR pass (perform const folding).
Optimizing module wire_arch_a_parser_top.
Optimizing module wire_itch_decoder.
<suppressed ~4 debug messages>
Optimizing module wire_mold_message_framer.
<suppressed ~1 debug messages>
Optimizing module wire_mold_header_seq.
<suppressed ~6 debug messages>
Optimizing module wire_udp_parser.
<suppressed ~6 debug messages>
Optimizing module wire_ipv4_parser.
<suppressed ~3 debug messages>
Optimizing module wire_eth_parser.
<suppressed ~2 debug messages>
Optimizing module wire_gearbox_64to8.
<suppressed ~4 debug messages>
Optimizing module wire_ingress_buffer.
<suppressed ~1 debug messages>

11.8.9. Rerunning OPT passes. (Maybe there is more to do..)

11.8.10. Executing OPT_MUXTREE pass (detect dead branches in mux trees).
Running muxtree optimizer on module \wire_arch_a_parser_top..
  Creating internal representation of mux trees.
  Evaluating internal representation of mux trees.
  Analyzing evaluation results.
Running muxtree optimizer on module \wire_itch_decoder..
  Creating internal representation of mux trees.
  Evaluating internal representation of mux trees.
  Analyzing evaluation results.
Running muxtree optimizer on module \wire_mold_message_framer..
  Creating internal representation of mux trees.
  Evaluating internal representation of mux trees.
  Analyzing evaluation results.
Running muxtree optimizer on module \wire_mold_header_seq..
  Creating internal representation of mux trees.
  Evaluating internal representation of mux trees.
  Analyzing evaluation results.
Running muxtree optimizer on module \wire_udp_parser..
  Creating internal representation of mux trees.
  Evaluating internal representation of mux trees.
  Analyzing evaluation results.
Running muxtree optimizer on module \wire_ipv4_parser..
  Creating internal representation of mux trees.
  Evaluating internal representation of mux trees.
  Analyzing evaluation results.
Running muxtree optimizer on module \wire_eth_parser..
  Creating internal representation of mux trees.
  Evaluating internal representation of mux trees.
  Analyzing evaluation results.
Running muxtree optimizer on module \wire_gearbox_64to8..
  Creating internal representation of mux trees.
  Evaluating internal representation of mux trees.
  Analyzing evaluation results.
Running muxtree optimizer on module \wire_ingress_buffer..
  Creating internal representation of mux trees.
  Evaluating internal representation of mux trees.
  Analyzing evaluation results.
Removed 0 multiplexer ports.
<suppressed ~1412 debug messages>

11.8.11. Executing OPT_REDUCE pass (consolidate $*mux and $reduce_* inputs).
  Optimizing cells in module \wire_arch_a_parser_top.
  Optimizing cells in module \wire_itch_decoder.
  Optimizing cells in module \wire_mold_message_framer.
  Optimizing cells in module \wire_mold_header_seq.
  Optimizing cells in module \wire_udp_parser.
  Optimizing cells in module \wire_ipv4_parser.
  Optimizing cells in module \wire_eth_parser.
  Optimizing cells in module \wire_gearbox_64to8.
  Optimizing cells in module \wire_ingress_buffer.
Performed a total of 0 changes.

11.8.12. Executing OPT_MERGE pass (detect identical cells).
Finding identical cells in module `\wire_arch_a_parser_top'.
Computing hashes of 45 cells of `\wire_arch_a_parser_top'.
Finding duplicate cells in `\wire_arch_a_parser_top'.
Finding identical cells in module `\wire_itch_decoder'.
Computing hashes of 391 cells of `\wire_itch_decoder'.
Finding duplicate cells in `\wire_itch_decoder'.
Computing hashes of 379 cells of `\wire_itch_decoder'.
Finding duplicate cells in `\wire_itch_decoder'.
<suppressed ~36 debug messages>
Finding identical cells in module `\wire_mold_message_framer'.
Computing hashes of 278 cells of `\wire_mold_message_framer'.
Finding duplicate cells in `\wire_mold_message_framer'.
Computing hashes of 276 cells of `\wire_mold_message_framer'.
Finding duplicate cells in `\wire_mold_message_framer'.
<suppressed ~6 debug messages>
Finding identical cells in module `\wire_mold_header_seq'.
Computing hashes of 277 cells of `\wire_mold_header_seq'.
Finding duplicate cells in `\wire_mold_header_seq'.
Computing hashes of 260 cells of `\wire_mold_header_seq'.
Finding duplicate cells in `\wire_mold_header_seq'.
Computing hashes of 257 cells of `\wire_mold_header_seq'.
Finding duplicate cells in `\wire_mold_header_seq'.
<suppressed ~60 debug messages>
Finding identical cells in module `\wire_udp_parser'.
Computing hashes of 244 cells of `\wire_udp_parser'.
Finding duplicate cells in `\wire_udp_parser'.
Computing hashes of 223 cells of `\wire_udp_parser'.
Finding duplicate cells in `\wire_udp_parser'.
Computing hashes of 221 cells of `\wire_udp_parser'.
Finding duplicate cells in `\wire_udp_parser'.
<suppressed ~69 debug messages>
Finding identical cells in module `\wire_ipv4_parser'.
Computing hashes of 221 cells of `\wire_ipv4_parser'.
Finding duplicate cells in `\wire_ipv4_parser'.
Computing hashes of 216 cells of `\wire_ipv4_parser'.
Finding duplicate cells in `\wire_ipv4_parser'.
Computing hashes of 215 cells of `\wire_ipv4_parser'.
Finding duplicate cells in `\wire_ipv4_parser'.
<suppressed ~18 debug messages>
Finding identical cells in module `\wire_eth_parser'.
Computing hashes of 105 cells of `\wire_eth_parser'.
Finding duplicate cells in `\wire_eth_parser'.
Computing hashes of 102 cells of `\wire_eth_parser'.
Finding duplicate cells in `\wire_eth_parser'.
Computing hashes of 101 cells of `\wire_eth_parser'.
Finding duplicate cells in `\wire_eth_parser'.
<suppressed ~12 debug messages>
Finding identical cells in module `\wire_gearbox_64to8'.
Computing hashes of 77 cells of `\wire_gearbox_64to8'.
Finding duplicate cells in `\wire_gearbox_64to8'.
Computing hashes of 74 cells of `\wire_gearbox_64to8'.
Finding duplicate cells in `\wire_gearbox_64to8'.
Computing hashes of 72 cells of `\wire_gearbox_64to8'.
Finding duplicate cells in `\wire_gearbox_64to8'.
<suppressed ~15 debug messages>
Finding identical cells in module `\wire_ingress_buffer'.
Computing hashes of 32 cells of `\wire_ingress_buffer'.
Finding duplicate cells in `\wire_ingress_buffer'.
Removed a total of 72 cells.

11.8.13. Executing OPT_DFF pass (perform DFF optimizations).

11.8.14. Executing OPT_CLEAN pass (remove unused cells and wires).
Finding unused cells or wires in module \wire_arch_a_parser_top..
Finding unused cells or wires in module \wire_itch_decoder..
Finding unused cells or wires in module \wire_mold_message_framer..
Finding unused cells or wires in module \wire_mold_header_seq..
Finding unused cells or wires in module \wire_udp_parser..
Finding unused cells or wires in module \wire_ipv4_parser..
Finding unused cells or wires in module \wire_eth_parser..
Finding unused cells or wires in module \wire_gearbox_64to8..
Finding unused cells or wires in module \wire_ingress_buffer..
Removed 0 unused cells and 71 unused wires.
<suppressed ~7 debug messages>

11.8.15. Executing OPT_EXPR pass (perform const folding).
Optimizing module wire_arch_a_parser_top.
Optimizing module wire_itch_decoder.
Optimizing module wire_mold_message_framer.
Optimizing module wire_mold_header_seq.
Optimizing module wire_udp_parser.
Optimizing module wire_ipv4_parser.
Optimizing module wire_eth_parser.
Optimizing module wire_gearbox_64to8.
Optimizing module wire_ingress_buffer.

11.8.16. Rerunning OPT passes. (Maybe there is more to do..)

11.8.17. Executing OPT_MUXTREE pass (detect dead branches in mux trees).
Running muxtree optimizer on module \wire_arch_a_parser_top..
  Creating internal representation of mux trees.
  Evaluating internal representation of mux trees.
  Analyzing evaluation results.
Running muxtree optimizer on module \wire_itch_decoder..
  Creating internal representation of mux trees.
  Evaluating internal representation of mux trees.
  Analyzing evaluation results.
Running muxtree optimizer on module \wire_mold_message_framer..
  Creating internal representation of mux trees.
  Evaluating internal representation of mux trees.
  Analyzing evaluation results.
Running muxtree optimizer on module \wire_mold_header_seq..
  Creating internal representation of mux trees.
  Evaluating internal representation of mux trees.
  Analyzing evaluation results.
Running muxtree optimizer on module \wire_udp_parser..
  Creating internal representation of mux trees.
  Evaluating internal representation of mux trees.
  Analyzing evaluation results.
Running muxtree optimizer on module \wire_ipv4_parser..
  Creating internal representation of mux trees.
  Evaluating internal representation of mux trees.
  Analyzing evaluation results.
Running muxtree optimizer on module \wire_eth_parser..
  Creating internal representation of mux trees.
  Evaluating internal representation of mux trees.
  Analyzing evaluation results.
Running muxtree optimizer on module \wire_gearbox_64to8..
  Creating internal representation of mux trees.
  Evaluating internal representation of mux trees.
  Analyzing evaluation results.
Running muxtree optimizer on module \wire_ingress_buffer..
  Creating internal representation of mux trees.
  Evaluating internal representation of mux trees.
  Analyzing evaluation results.
Removed 0 multiplexer ports.
<suppressed ~1415 debug messages>

11.8.18. Executing OPT_REDUCE pass (consolidate $*mux and $reduce_* inputs).
  Optimizing cells in module \wire_arch_a_parser_top.
  Optimizing cells in module \wire_itch_decoder.
  Optimizing cells in module \wire_mold_message_framer.
  Optimizing cells in module \wire_mold_header_seq.
  Optimizing cells in module \wire_udp_parser.
  Optimizing cells in module \wire_ipv4_parser.
  Optimizing cells in module \wire_eth_parser.
  Optimizing cells in module \wire_gearbox_64to8.
  Optimizing cells in module \wire_ingress_buffer.
Performed a total of 0 changes.

11.8.19. Executing OPT_MERGE pass (detect identical cells).
Finding identical cells in module `\wire_arch_a_parser_top'.
Computing hashes of 45 cells of `\wire_arch_a_parser_top'.
Finding duplicate cells in `\wire_arch_a_parser_top'.
Finding identical cells in module `\wire_itch_decoder'.
Computing hashes of 379 cells of `\wire_itch_decoder'.
Finding duplicate cells in `\wire_itch_decoder'.
Finding identical cells in module `\wire_mold_message_framer'.
Computing hashes of 276 cells of `\wire_mold_message_framer'.
Finding duplicate cells in `\wire_mold_message_framer'.
Finding identical cells in module `\wire_mold_header_seq'.
Computing hashes of 257 cells of `\wire_mold_header_seq'.
Finding duplicate cells in `\wire_mold_header_seq'.
Finding identical cells in module `\wire_udp_parser'.
Computing hashes of 221 cells of `\wire_udp_parser'.
Finding duplicate cells in `\wire_udp_parser'.
Finding identical cells in module `\wire_ipv4_parser'.
Computing hashes of 215 cells of `\wire_ipv4_parser'.
Finding duplicate cells in `\wire_ipv4_parser'.
Finding identical cells in module `\wire_eth_parser'.
Computing hashes of 101 cells of `\wire_eth_parser'.
Finding duplicate cells in `\wire_eth_parser'.
Finding identical cells in module `\wire_gearbox_64to8'.
Computing hashes of 72 cells of `\wire_gearbox_64to8'.
Finding duplicate cells in `\wire_gearbox_64to8'.
Finding identical cells in module `\wire_ingress_buffer'.
Computing hashes of 32 cells of `\wire_ingress_buffer'.
Finding duplicate cells in `\wire_ingress_buffer'.
Removed a total of 0 cells.

11.8.20. Executing OPT_DFF pass (perform DFF optimizations).

11.8.21. Executing OPT_CLEAN pass (remove unused cells and wires).
Finding unused cells or wires in module \wire_arch_a_parser_top..
Finding unused cells or wires in module \wire_itch_decoder..
Finding unused cells or wires in module \wire_mold_message_framer..
Finding unused cells or wires in module \wire_mold_header_seq..
Finding unused cells or wires in module \wire_udp_parser..
Finding unused cells or wires in module \wire_ipv4_parser..
Finding unused cells or wires in module \wire_eth_parser..
Finding unused cells or wires in module \wire_gearbox_64to8..
Finding unused cells or wires in module \wire_ingress_buffer..

11.8.22. Executing OPT_EXPR pass (perform const folding).
Optimizing module wire_arch_a_parser_top.
Optimizing module wire_itch_decoder.
Optimizing module wire_mold_message_framer.
Optimizing module wire_mold_header_seq.
Optimizing module wire_udp_parser.
Optimizing module wire_ipv4_parser.
Optimizing module wire_eth_parser.
Optimizing module wire_gearbox_64to8.
Optimizing module wire_ingress_buffer.

11.8.23. Finished fast OPT passes. (There is nothing left to do.)

11.9. Executing WREDUCE pass (reducing word size of cells).
Removed top 2 bits (of 4) from mux cell wire_arch_a_parser_top.$procmux$793 ($mux).
Removed top 2 bits (of 4) from mux cell wire_arch_a_parser_top.$procmux$796 ($mux).
Removed top 1 bits (of 4) from mux cell wire_arch_a_parser_top.$procmux$799 ($mux).
Removed top 1 bits (of 4) from mux cell wire_arch_a_parser_top.$procmux$802 ($mux).
Removed top 1 bits (of 4) from mux cell wire_arch_a_parser_top.$procmux$805 ($mux).
Removed top 1 bits (of 4) from wire wire_arch_a_parser_top.$procmux$802_Y.
Removed top 2 bits (of 4) from wire wire_arch_a_parser_top.$procmux$793_Y.
Removed top 1 bits (of 4) from wire wire_arch_a_parser_top.$procmux$799_Y.
Removed top 1 bits (of 4) from wire wire_arch_a_parser_top.$procmux$805_Y.
Removed top 2 bits (of 4) from wire wire_arch_a_parser_top.$procmux$796_Y.
Removed top 26 address bits (of 32) from memory read port wire_itch_decoder.$memrd$\bytes_q$rtl/arch_a/wire_itch_decoder.sv:84$726 (bytes_q).
Removed top 26 address bits (of 32) from memory read port wire_itch_decoder.$memrd$\bytes_q$rtl/arch_a/wire_itch_decoder.sv:84$725 (bytes_q).
Removed top 26 address bits (of 32) from memory read port wire_itch_decoder.$memrd$\bytes_q$rtl/arch_a/wire_itch_decoder.sv:84$724 (bytes_q).
Removed top 26 address bits (of 32) from memory read port wire_itch_decoder.$memrd$\bytes_q$rtl/arch_a/wire_itch_decoder.sv:84$723 (bytes_q).
Removed top 26 address bits (of 32) from memory read port wire_itch_decoder.$memrd$\bytes_q$rtl/arch_a/wire_itch_decoder.sv:84$722 (bytes_q).
Removed top 26 address bits (of 32) from memory read port wire_itch_decoder.$memrd$\bytes_q$rtl/arch_a/wire_itch_decoder.sv:84$721 (bytes_q).
Removed top 26 address bits (of 32) from memory read port wire_itch_decoder.$memrd$\bytes_q$rtl/arch_a/wire_itch_decoder.sv:84$720 (bytes_q).
Removed top 26 address bits (of 32) from memory read port wire_itch_decoder.$memrd$\bytes_q$rtl/arch_a/wire_itch_decoder.sv:84$719 (bytes_q).
Removed top 26 address bits (of 32) from memory read port wire_itch_decoder.$memrd$\bytes_q$rtl/arch_a/wire_itch_decoder.sv:87$718 (bytes_q).
Removed top 26 address bits (of 32) from memory read port wire_itch_decoder.$memrd$\bytes_q$rtl/arch_a/wire_itch_decoder.sv:87$717 (bytes_q).
Removed top 26 address bits (of 32) from memory read port wire_itch_decoder.$memrd$\bytes_q$rtl/arch_a/wire_itch_decoder.sv:87$716 (bytes_q).
Removed top 26 address bits (of 32) from memory read port wire_itch_decoder.$memrd$\bytes_q$rtl/arch_a/wire_itch_decoder.sv:87$715 (bytes_q).
Removed top 26 address bits (of 32) from memory read port wire_itch_decoder.$memrd$\bytes_q$rtl/arch_a/wire_itch_decoder.sv:88$714 (bytes_q).
Removed top 26 address bits (of 32) from memory read port wire_itch_decoder.$memrd$\bytes_q$rtl/arch_a/wire_itch_decoder.sv:88$713 (bytes_q).
Removed top 26 address bits (of 32) from memory read port wire_itch_decoder.$memrd$\bytes_q$rtl/arch_a/wire_itch_decoder.sv:88$712 (bytes_q).
Removed top 26 address bits (of 32) from memory read port wire_itch_decoder.$memrd$\bytes_q$rtl/arch_a/wire_itch_decoder.sv:88$711 (bytes_q).
Removed top 26 address bits (of 32) from memory read port wire_itch_decoder.$memrd$\bytes_q$rtl/arch_a/wire_itch_decoder.sv:87$710 (bytes_q).
Removed top 26 address bits (of 32) from memory read port wire_itch_decoder.$memrd$\bytes_q$rtl/arch_a/wire_itch_decoder.sv:87$709 (bytes_q).
Removed top 26 address bits (of 32) from memory read port wire_itch_decoder.$memrd$\bytes_q$rtl/arch_a/wire_itch_decoder.sv:87$708 (bytes_q).
Removed top 26 address bits (of 32) from memory read port wire_itch_decoder.$memrd$\bytes_q$rtl/arch_a/wire_itch_decoder.sv:87$707 (bytes_q).
Removed top 26 address bits (of 32) from memory read port wire_itch_decoder.$memrd$\bytes_q$rtl/arch_a/wire_itch_decoder.sv:88$706 (bytes_q).
Removed top 26 address bits (of 32) from memory read port wire_itch_decoder.$memrd$\bytes_q$rtl/arch_a/wire_itch_decoder.sv:88$705 (bytes_q).
Removed top 26 address bits (of 32) from memory read port wire_itch_decoder.$memrd$\bytes_q$rtl/arch_a/wire_itch_decoder.sv:88$704 (bytes_q).
Removed top 26 address bits (of 32) from memory read port wire_itch_decoder.$memrd$\bytes_q$rtl/arch_a/wire_itch_decoder.sv:88$703 (bytes_q).
Removed top 26 address bits (of 32) from memory read port wire_itch_decoder.$memrd$\bytes_q$rtl/arch_a/wire_itch_decoder.sv:217$647 (bytes_q).
Removed top 26 address bits (of 32) from memory read port wire_itch_decoder.$memrd$\bytes_q$rtl/arch_a/wire_itch_decoder.sv:84$641 (bytes_q).
Removed top 26 address bits (of 32) from memory read port wire_itch_decoder.$memrd$\bytes_q$rtl/arch_a/wire_itch_decoder.sv:81$571 (bytes_q).
Removed top 26 address bits (of 32) from memory read port wire_itch_decoder.$memrd$\bytes_q$rtl/arch_a/wire_itch_decoder.sv:81$570 (bytes_q).
Removed top 26 address bits (of 32) from memory read port wire_itch_decoder.$memrd$\bytes_q$rtl/arch_a/wire_itch_decoder.sv:91$550 (bytes_q).
Removed top 26 address bits (of 32) from memory read port wire_itch_decoder.$memrd$\bytes_q$rtl/arch_a/wire_itch_decoder.sv:91$549 (bytes_q).
Removed top 26 address bits (of 32) from memory read port wire_itch_decoder.$memrd$\bytes_q$rtl/arch_a/wire_itch_decoder.sv:91$548 (bytes_q).
Removed top 26 address bits (of 32) from memory read port wire_itch_decoder.$memrd$\bytes_q$rtl/arch_a/wire_itch_decoder.sv:92$547 (bytes_q).
Removed top 26 address bits (of 32) from memory read port wire_itch_decoder.$memrd$\bytes_q$rtl/arch_a/wire_itch_decoder.sv:92$546 (bytes_q).
Removed top 26 address bits (of 32) from memory read port wire_itch_decoder.$memrd$\bytes_q$rtl/arch_a/wire_itch_decoder.sv:92$545 (bytes_q).
Removed top 1 bits (of 2) from port B of cell wire_itch_decoder.$auto$simple.cc:194:make_patterns_logic$6959 ($ne).
Removed top 1 bits (of 2) from port B of cell wire_itch_decoder.$auto$simple.cc:194:make_patterns_logic$6949 ($ne).
Removed top 1 bits (of 2) from port B of cell wire_itch_decoder.$auto$simple.cc:194:make_patterns_logic$6947 ($ne).
Removed top 1 bits (of 2) from port B of cell wire_itch_decoder.$auto$simple.cc:194:make_patterns_logic$6933 ($ne).
Removed top 2 bits (of 3) from port B of cell wire_itch_decoder.$auto$simple.cc:194:make_patterns_logic$6931 ($ne).
Removed top 2 bits (of 6) from port B of cell wire_itch_decoder.$auto$fsm_map.cc:77:implement_pattern_cache$5682 ($eq).
Removed top 4 bits (of 5) from port B of cell wire_itch_decoder.$auto$fsm_map.cc:77:implement_pattern_cache$5674 ($eq).
Removed top 3 bits (of 4) from port B of cell wire_itch_decoder.$auto$fsm_map.cc:77:implement_pattern_cache$5655 ($eq).
Removed top 1 bits (of 4) from port B of cell wire_itch_decoder.$auto$fsm_map.cc:77:implement_pattern_cache$5643 ($eq).
Removed top 2 bits (of 3) from port B of cell wire_itch_decoder.$auto$fsm_map.cc:77:implement_pattern_cache$5630 ($eq).
Removed top 2 bits (of 4) from port B of cell wire_itch_decoder.$auto$fsm_map.cc:77:implement_pattern_cache$5602 ($eq).
Removed top 3 bits (of 7) from port B of cell wire_itch_decoder.$auto$fsm_map.cc:77:implement_pattern_cache$5598 ($eq).
Removed top 8 bits (of 12) from port B of cell wire_itch_decoder.$auto$fsm_map.cc:77:implement_pattern_cache$5594 ($eq).
Removed top 3 bits (of 5) from port B of cell wire_itch_decoder.$auto$fsm_map.cc:77:implement_pattern_cache$5590 ($eq).
Removed top 1 bits (of 2) from port B of cell wire_itch_decoder.$auto$fsm_map.cc:77:implement_pattern_cache$5534 ($eq).
Removed top 26 bits (of 32) from port B of cell wire_itch_decoder.$lt$rtl/arch_a/wire_itch_decoder.sv:167$497 ($lt).
Removed top 1 bits (of 8) from port B of cell wire_itch_decoder.$ne$rtl/arch_a/wire_itch_decoder.sv:169$502 ($ne).
Removed top 1 bits (of 8) from port B of cell wire_itch_decoder.$ne$rtl/arch_a/wire_itch_decoder.sv:169$503 ($ne).
Removed top 1 bits (of 8) from port B of cell wire_itch_decoder.$ne$rtl/arch_a/wire_itch_decoder.sv:169$505 ($ne).
Removed top 1 bits (of 8) from port B of cell wire_itch_decoder.$ne$rtl/arch_a/wire_itch_decoder.sv:170$507 ($ne).
Removed top 1 bits (of 8) from port B of cell wire_itch_decoder.$ne$rtl/arch_a/wire_itch_decoder.sv:170$509 ($ne).
Removed top 1 bits (of 8) from port B of cell wire_itch_decoder.$ne$rtl/arch_a/wire_itch_decoder.sv:170$511 ($ne).
Removed top 1 bits (of 8) from port B of cell wire_itch_decoder.$ne$rtl/arch_a/wire_itch_decoder.sv:171$513 ($ne).
Removed top 1 bits (of 8) from port B of cell wire_itch_decoder.$ne$rtl/arch_a/wire_itch_decoder.sv:171$515 ($ne).
Removed top 10 bits (of 16) from port B of cell wire_itch_decoder.$ne$rtl/arch_a/wire_itch_decoder.sv:176$519 ($ne).
Removed top 10 bits (of 16) from port B of cell wire_itch_decoder.$ne$rtl/arch_a/wire_itch_decoder.sv:177$522 ($ne).
Removed top 11 bits (of 16) from port B of cell wire_itch_decoder.$ne$rtl/arch_a/wire_itch_decoder.sv:178$525 ($ne).
Removed top 11 bits (of 16) from port B of cell wire_itch_decoder.$ne$rtl/arch_a/wire_itch_decoder.sv:179$528 ($ne).
Removed top 11 bits (of 16) from port B of cell wire_itch_decoder.$ne$rtl/arch_a/wire_itch_decoder.sv:180$531 ($ne).
Removed top 10 bits (of 16) from port B of cell wire_itch_decoder.$ne$rtl/arch_a/wire_itch_decoder.sv:181$534 ($ne).
Removed top 10 bits (of 16) from port B of cell wire_itch_decoder.$ne$rtl/arch_a/wire_itch_decoder.sv:182$537 ($ne).
Removed top 10 bits (of 16) from port A of cell wire_itch_decoder.$add$rtl/arch_a/wire_itch_decoder.sv:190$540 ($add).
Removed top 15 bits (of 16) from port B of cell wire_itch_decoder.$add$rtl/arch_a/wire_itch_decoder.sv:190$540 ($add).
Removed top 9 bits (of 16) from port Y of cell wire_itch_decoder.$add$rtl/arch_a/wire_itch_decoder.sv:190$540 ($add).
Removed top 9 bits (of 16) from port A of cell wire_itch_decoder.$ne$rtl/arch_a/wire_itch_decoder.sv:190$541 ($ne).
Removed top 1 bits (of 8) from port B of cell wire_itch_decoder.$eq$rtl/arch_a/wire_itch_decoder.sv:204$554 ($eq).
Removed top 1 bits (of 8) from port B of cell wire_itch_decoder.$eq$rtl/arch_a/wire_itch_decoder.sv:206$588 ($eq).
Removed top 1 bits (of 8) from port B of cell wire_itch_decoder.$eq$rtl/arch_a/wire_itch_decoder.sv:206$590 ($eq).
Removed top 1 bits (of 8) from port B of cell wire_itch_decoder.$ne$rtl/arch_a/wire_itch_decoder.sv:209$621 ($ne).
Removed top 1 bits (of 8) from port B of cell wire_itch_decoder.$ne$rtl/arch_a/wire_itch_decoder.sv:209$623 ($ne).
Removed top 1 bits (of 8) from port B of cell wire_itch_decoder.$eq$rtl/arch_a/wire_itch_decoder.sv:213$646 ($eq).
Removed top 10 bits (of 16) from mux cell wire_itch_decoder.$procmux$828 ($pmux).
Removed top 1 bits (of 8) from port B of cell wire_itch_decoder.$procmux$2251_CMP0 ($eq).
Removed top 1 bits (of 8) from port B of cell wire_itch_decoder.$procmux$2252_CMP0 ($eq).
Removed top 1 bits (of 8) from port B of cell wire_itch_decoder.$procmux$2253_CMP0 ($eq).
Removed top 1 bits (of 8) from port B of cell wire_itch_decoder.$procmux$2254_CMP0 ($eq).
Removed top 1 bits (of 8) from port B of cell wire_itch_decoder.$procmux$2309_CMP0 ($eq).
Removed top 1 bits (of 8) from port B of cell wire_itch_decoder.$procmux$2601_CMP0 ($eq).
Removed top 1 bits (of 8) from port B of cell wire_itch_decoder.$procmux$2606_CMP0 ($eq).
Removed top 1 bits (of 8) from port B of cell wire_itch_decoder.$procmux$2611_CMP0 ($eq).
Removed top 1 bits (of 8) from port B of cell wire_itch_decoder.$procmux$2616_CMP0 ($eq).
Removed top 1 bits (of 8) from port B of cell wire_itch_decoder.$procmux$2621_CMP0 ($eq).
Removed top 1 bits (of 8) from port B of cell wire_itch_decoder.$procmux$2626_CMP0 ($eq).
Removed top 1 bits (of 8) from port B of cell wire_itch_decoder.$procmux$2631_CMP0 ($eq).
Removed top 1 bits (of 8) from port B of cell wire_itch_decoder.$procmux$2631_CMP1 ($eq).
Removed top 9 bits (of 16) from wire wire_itch_decoder.$add$rtl/arch_a/wire_itch_decoder.sv:190$540_Y.
Removed top 10 bits (of 16) from wire wire_itch_decoder.required_length$func$rtl/arch_a/wire_itch_decoder.sv:112$388.$result.
Removed top 1 bits (of 7) from port B of cell wire_mold_message_framer.$auto$fsm_map.cc:77:implement_pattern_cache$6063 ($eq).
Removed top 2 bits (of 8) from port B of cell wire_mold_message_framer.$auto$fsm_map.cc:77:implement_pattern_cache$6059 ($eq).
Removed top 1 bits (of 8) from port B of cell wire_mold_message_framer.$auto$fsm_map.cc:77:implement_pattern_cache$6053 ($eq).
Removed top 1 bits (of 9) from port B of cell wire_mold_message_framer.$auto$fsm_map.cc:77:implement_pattern_cache$6045 ($eq).
Removed top 2 bits (of 10) from port B of cell wire_mold_message_framer.$auto$fsm_map.cc:77:implement_pattern_cache$6041 ($eq).
Removed top 2 bits (of 3) from port B of cell wire_mold_message_framer.$auto$fsm_map.cc:77:implement_pattern_cache$6032 ($eq).
Removed top 1 bits (of 4) from port B of cell wire_mold_message_framer.$auto$fsm_map.cc:77:implement_pattern_cache$6027 ($eq).
Removed top 3 bits (of 5) from port B of cell wire_mold_message_framer.$auto$fsm_map.cc:77:implement_pattern_cache$6019 ($eq).
Removed top 3 bits (of 7) from port B of cell wire_mold_message_framer.$auto$fsm_map.cc:77:implement_pattern_cache$6003 ($eq).
Removed top 4 bits (of 8) from port B of cell wire_mold_message_framer.$auto$fsm_map.cc:77:implement_pattern_cache$5999 ($eq).
Removed top 2 bits (of 4) from port B of cell wire_mold_message_framer.$auto$fsm_map.cc:77:implement_pattern_cache$5993 ($eq).
Removed top 3 bits (of 5) from port B of cell wire_mold_message_framer.$auto$fsm_map.cc:77:implement_pattern_cache$5989 ($eq).
Removed top 3 bits (of 8) from port B of cell wire_mold_message_framer.$auto$fsm_map.cc:77:implement_pattern_cache$5979 ($eq).
Removed top 2 bits (of 5) from port B of cell wire_mold_message_framer.$auto$fsm_map.cc:77:implement_pattern_cache$5973 ($eq).
Removed top 3 bits (of 9) from port B of cell wire_mold_message_framer.$auto$fsm_map.cc:77:implement_pattern_cache$5965 ($eq).
Removed top 4 bits (of 10) from port B of cell wire_mold_message_framer.$auto$fsm_map.cc:77:implement_pattern_cache$5961 ($eq).
Removed top 2 bits (of 6) from port B of cell wire_mold_message_framer.$auto$fsm_map.cc:77:implement_pattern_cache$5957 ($eq).
Removed top 3 bits (of 7) from port B of cell wire_mold_message_framer.$auto$fsm_map.cc:77:implement_pattern_cache$5953 ($eq).
Removed top 1 bits (of 7) from port B of cell wire_mold_message_framer.$auto$fsm_map.cc:77:implement_pattern_cache$5946 ($eq).
Removed top 2 bits (of 8) from port B of cell wire_mold_message_framer.$auto$fsm_map.cc:77:implement_pattern_cache$5942 ($eq).
Removed top 1 bits (of 8) from port B of cell wire_mold_message_framer.$auto$fsm_map.cc:77:implement_pattern_cache$5932 ($eq).
Removed top 4 bits (of 6) from port B of cell wire_mold_message_framer.$auto$fsm_map.cc:77:implement_pattern_cache$5928 ($eq).
Removed top 1 bits (of 9) from port B of cell wire_mold_message_framer.$auto$fsm_map.cc:77:implement_pattern_cache$5924 ($eq).
Removed top 2 bits (of 10) from port B of cell wire_mold_message_framer.$auto$fsm_map.cc:77:implement_pattern_cache$5920 ($eq).
Removed top 6 bits (of 8) from port B of cell wire_mold_message_framer.$auto$fsm_map.cc:77:implement_pattern_cache$5916 ($eq).
Removed top 2 bits (of 4) from port B of cell wire_mold_message_framer.$auto$fsm_map.cc:77:implement_pattern_cache$5907 ($eq).
Removed top 2 bits (of 6) from port B of cell wire_mold_message_framer.$auto$fsm_map.cc:77:implement_pattern_cache$5900 ($eq).
Removed top 3 bits (of 7) from port B of cell wire_mold_message_framer.$auto$fsm_map.cc:77:implement_pattern_cache$5896 ($eq).
Removed top 2 bits (of 7) from port B of cell wire_mold_message_framer.$auto$fsm_map.cc:77:implement_pattern_cache$5886 ($eq).
Removed top 5 bits (of 7) from port B of cell wire_mold_message_framer.$auto$fsm_map.cc:77:implement_pattern_cache$5882 ($eq).
Removed top 2 bits (of 8) from port B of cell wire_mold_message_framer.$auto$fsm_map.cc:77:implement_pattern_cache$5878 ($eq).
Removed top 3 bits (of 9) from port B of cell wire_mold_message_framer.$auto$fsm_map.cc:77:implement_pattern_cache$5874 ($eq).
Removed top 3 bits (of 7) from port B of cell wire_mold_message_framer.$auto$fsm_map.cc:77:implement_pattern_cache$5863 ($eq).
Removed top 4 bits (of 8) from port B of cell wire_mold_message_framer.$auto$fsm_map.cc:77:implement_pattern_cache$5859 ($eq).
Removed top 2 bits (of 6) from port B of cell wire_mold_message_framer.$auto$fsm_map.cc:77:implement_pattern_cache$5853 ($eq).
Removed top 3 bits (of 7) from port B of cell wire_mold_message_framer.$auto$fsm_map.cc:77:implement_pattern_cache$5849 ($eq).
Removed top 2 bits (of 4) from port B of cell wire_mold_message_framer.$auto$fsm_map.cc:77:implement_pattern_cache$5843 ($eq).
Removed top 3 bits (of 5) from port B of cell wire_mold_message_framer.$auto$fsm_map.cc:77:implement_pattern_cache$5839 ($eq).
Removed top 3 bits (of 8) from port B of cell wire_mold_message_framer.$auto$fsm_map.cc:77:implement_pattern_cache$5833 ($eq).
Removed top 2 bits (of 7) from port B of cell wire_mold_message_framer.$auto$fsm_map.cc:77:implement_pattern_cache$5827 ($eq).
Removed top 2 bits (of 5) from port B of cell wire_mold_message_framer.$auto$fsm_map.cc:77:implement_pattern_cache$5821 ($eq).
Removed top 2 bits (of 4) from port B of cell wire_mold_message_framer.$auto$fsm_map.cc:77:implement_pattern_cache$5815 ($eq).
Removed top 3 bits (of 9) from port B of cell wire_mold_message_framer.$auto$fsm_map.cc:77:implement_pattern_cache$5811 ($eq).
Removed top 4 bits (of 10) from port B of cell wire_mold_message_framer.$auto$fsm_map.cc:77:implement_pattern_cache$5807 ($eq).
Removed top 2 bits (of 8) from port B of cell wire_mold_message_framer.$auto$fsm_map.cc:77:implement_pattern_cache$5803 ($eq).
Removed top 3 bits (of 9) from port B of cell wire_mold_message_framer.$auto$fsm_map.cc:77:implement_pattern_cache$5799 ($eq).
Removed top 2 bits (of 6) from port B of cell wire_mold_message_framer.$auto$fsm_map.cc:77:implement_pattern_cache$5795 ($eq).
Removed top 3 bits (of 7) from port B of cell wire_mold_message_framer.$auto$fsm_map.cc:77:implement_pattern_cache$5791 ($eq).
Removed top 4 bits (of 6) from port B of cell wire_mold_message_framer.$auto$fsm_map.cc:77:implement_pattern_cache$5787 ($eq).
Removed top 1 bits (of 3) from port B of cell wire_mold_message_framer.$auto$fsm_map.cc:77:implement_pattern_cache$5776 ($eq).
Removed top 2 bits (of 3) from port B of cell wire_mold_message_framer.$auto$fsm_map.cc:77:implement_pattern_cache$5763 ($eq).
Removed top 2 bits (of 5) from port B of cell wire_mold_message_framer.$auto$fsm_map.cc:77:implement_pattern_cache$5755 ($eq).
Removed top 2 bits (of 4) from port B of cell wire_mold_message_framer.$auto$fsm_map.cc:77:implement_pattern_cache$5718 ($eq).
Removed top 2 bits (of 5) from port B of cell wire_mold_message_framer.$auto$fsm_map.cc:77:implement_pattern_cache$5708 ($eq).
Removed top 15 bits (of 16) from port B of cell wire_mold_message_framer.$add$rtl/arch_a/wire_mold_message_framer.sv:86$347 ($add).
Removed top 48 bits (of 64) from port B of cell wire_mold_message_framer.$add$rtl/arch_a/wire_mold_message_framer.sv:97$360 ($add).
Removed top 15 bits (of 16) from port B of cell wire_mold_message_framer.$eq$rtl/arch_a/wire_mold_message_framer.sv:223$376 ($eq).
Removed top 15 bits (of 16) from port B of cell wire_mold_message_framer.$sub$rtl/arch_a/wire_mold_message_framer.sv:239$379 ($sub).
Removed top 4 bits (of 5) from port B of cell wire_mold_header_seq.$auto$simple.cc:194:make_patterns_logic$7104 ($ne).
Removed top 3 bits (of 5) from port B of cell wire_mold_header_seq.$auto$fsm_map.cc:77:implement_pattern_cache$6304 ($eq).
Removed top 3 bits (of 6) from port B of cell wire_mold_header_seq.$auto$fsm_map.cc:77:implement_pattern_cache$6300 ($eq).
Removed top 4 bits (of 6) from port B of cell wire_mold_header_seq.$auto$fsm_map.cc:77:implement_pattern_cache$6294 ($eq).
Removed top 3 bits (of 7) from port B of cell wire_mold_header_seq.$auto$fsm_map.cc:77:implement_pattern_cache$6288 ($eq).
Removed top 3 bits (of 6) from port B of cell wire_mold_header_seq.$auto$fsm_map.cc:77:implement_pattern_cache$6286 ($eq).
Removed top 4 bits (of 7) from port B of cell wire_mold_header_seq.$auto$fsm_map.cc:77:implement_pattern_cache$6284 ($eq).
Removed top 3 bits (of 8) from port B of cell wire_mold_header_seq.$auto$fsm_map.cc:77:implement_pattern_cache$6282 ($eq).
Removed top 3 bits (of 7) from port B of cell wire_mold_header_seq.$auto$fsm_map.cc:77:implement_pattern_cache$6278 ($eq).
Removed top 4 bits (of 8) from port B of cell wire_mold_header_seq.$auto$fsm_map.cc:77:implement_pattern_cache$6272 ($eq).
Removed top 3 bits (of 9) from port B of cell wire_mold_header_seq.$auto$fsm_map.cc:77:implement_pattern_cache$6266 ($eq).
Removed top 1 bits (of 3) from port B of cell wire_mold_header_seq.$auto$fsm_map.cc:77:implement_pattern_cache$6251 ($eq).
Removed top 6 bits (of 7) from port B of cell wire_mold_header_seq.$auto$fsm_map.cc:77:implement_pattern_cache$6222 ($eq).
Removed top 1 bits (of 2) from port B of cell wire_mold_header_seq.$auto$fsm_map.cc:77:implement_pattern_cache$6215 ($eq).
Removed top 2 bits (of 4) from port B of cell wire_mold_header_seq.$auto$fsm_map.cc:77:implement_pattern_cache$6201 ($eq).
Removed top 1 bits (of 3) from port B of cell wire_mold_header_seq.$auto$fsm_map.cc:77:implement_pattern_cache$6199 ($eq).
Removed top 2 bits (of 5) from port B of cell wire_mold_header_seq.$auto$fsm_map.cc:77:implement_pattern_cache$6197 ($eq).
Removed top 1 bits (of 4) from port B of cell wire_mold_header_seq.$auto$fsm_map.cc:77:implement_pattern_cache$6193 ($eq).
Removed top 2 bits (of 6) from port B of cell wire_mold_header_seq.$auto$fsm_map.cc:77:implement_pattern_cache$6187 ($eq).
Removed top 4 bits (of 6) from port B of cell wire_mold_header_seq.$auto$fsm_map.cc:77:implement_pattern_cache$6170 ($eq).
Removed top 3 bits (of 7) from port B of cell wire_mold_header_seq.$auto$fsm_map.cc:77:implement_pattern_cache$6164 ($eq).
Removed top 4 bits (of 7) from port B of cell wire_mold_header_seq.$auto$fsm_map.cc:77:implement_pattern_cache$6162 ($eq).
Removed top 3 bits (of 8) from port B of cell wire_mold_header_seq.$auto$fsm_map.cc:77:implement_pattern_cache$6160 ($eq).
Removed top 4 bits (of 8) from port B of cell wire_mold_header_seq.$auto$fsm_map.cc:77:implement_pattern_cache$6156 ($eq).
Removed top 3 bits (of 9) from port B of cell wire_mold_header_seq.$auto$fsm_map.cc:77:implement_pattern_cache$6150 ($eq).
Removed top 3 bits (of 7) from port B of cell wire_mold_header_seq.$auto$fsm_map.cc:77:implement_pattern_cache$6139 ($eq).
Removed top 5 bits (of 7) from port B of cell wire_mold_header_seq.$auto$fsm_map.cc:77:implement_pattern_cache$6119 ($eq).
Removed top 3 bits (of 8) from port B of cell wire_mold_header_seq.$auto$fsm_map.cc:77:implement_pattern_cache$6115 ($eq).
Removed top 2 bits (of 4) from port B of cell wire_mold_header_seq.$auto$fsm_map.cc:77:implement_pattern_cache$6106 ($eq).
Removed top 2 bits (of 5) from port B of cell wire_mold_header_seq.$auto$fsm_map.cc:77:implement_pattern_cache$6096 ($eq).
Removed top 2 bits (of 6) from port B of cell wire_mold_header_seq.$auto$fsm_map.cc:77:implement_pattern_cache$6080 ($eq).
Removed top 48 bits (of 64) from port B of cell wire_mold_header_seq.$add$rtl/arch_a/wire_mold_header_seq.sv:151$315 ($add).
Removed top 24 bits (of 32) from port A of cell wire_mold_header_seq.$sub$rtl/arch_a/wire_mold_header_seq.sv:180$326 ($sub).
Removed top 24 bits (of 32) from port B of cell wire_mold_header_seq.$sub$rtl/arch_a/wire_mold_header_seq.sv:180$326 ($sub).
Removed top 23 bits (of 32) from port Y of cell wire_mold_header_seq.$sub$rtl/arch_a/wire_mold_header_seq.sv:180$326 ($sub).
Converting cell wire_mold_header_seq.$add$rtl/arch_a/wire_mold_header_seq.sv:180$327 ($add) from unsigned to signed.
Removed top 23 bits (of 32) from port A of cell wire_mold_header_seq.$add$rtl/arch_a/wire_mold_header_seq.sv:180$327 ($add).
Removed top 30 bits (of 32) from port B of cell wire_mold_header_seq.$add$rtl/arch_a/wire_mold_header_seq.sv:180$327 ($add).
Removed top 22 bits (of 32) from port Y of cell wire_mold_header_seq.$add$rtl/arch_a/wire_mold_header_seq.sv:180$327 ($add).
Converting cell wire_mold_header_seq.$sub$rtl/arch_a/wire_mold_header_seq.sv:180$328 ($sub) from unsigned to signed.
Removed top 22 bits (of 32) from port A of cell wire_mold_header_seq.$sub$rtl/arch_a/wire_mold_header_seq.sv:180$328 ($sub).
Removed top 27 bits (of 32) from port B of cell wire_mold_header_seq.$sub$rtl/arch_a/wire_mold_header_seq.sv:180$328 ($sub).
Removed top 21 bits (of 32) from port Y of cell wire_mold_header_seq.$sub$rtl/arch_a/wire_mold_header_seq.sv:180$328 ($sub).
Converting cell wire_mold_header_seq.$neg$rtl/arch_a/wire_mold_header_seq.sv:180$333 ($neg) from signed to unsigned.
Removed top 1 bits (of 33) from port A of cell wire_mold_header_seq.$neg$rtl/arch_a/wire_mold_header_seq.sv:180$333 ($neg).
Removed top 4 bits (of 5) from port B of cell wire_mold_header_seq.$add$rtl/arch_a/wire_mold_header_seq.sv:181$336 ($add).
Removed top 1 bits (of 2) from port B of cell wire_udp_parser.$auto$simple.cc:194:make_patterns_logic$7213 ($ne).
Removed top 1 bits (of 2) from port B of cell wire_udp_parser.$auto$simple.cc:194:make_patterns_logic$7165 ($ne).
Removed top 3 bits (of 4) from port B of cell wire_udp_parser.$auto$simple.cc:194:make_patterns_logic$7145 ($ne).
Removed top 1 bits (of 4) from port B of cell wire_udp_parser.$auto$fsm_map.cc:77:implement_pattern_cache$6438 ($eq).
Removed top 2 bits (of 5) from port B of cell wire_udp_parser.$auto$fsm_map.cc:77:implement_pattern_cache$6430 ($eq).
Removed top 4 bits (of 6) from port B of cell wire_udp_parser.$auto$fsm_map.cc:77:implement_pattern_cache$6425 ($eq).
Removed top 3 bits (of 7) from port B of cell wire_udp_parser.$auto$fsm_map.cc:77:implement_pattern_cache$6417 ($eq).
Removed top 1 bits (of 5) from port B of cell wire_udp_parser.$auto$fsm_map.cc:77:implement_pattern_cache$6413 ($eq).
Removed top 5 bits (of 8) from port B of cell wire_udp_parser.$auto$fsm_map.cc:77:implement_pattern_cache$6401 ($eq).
Removed top 2 bits (of 5) from port B of cell wire_udp_parser.$auto$fsm_map.cc:77:implement_pattern_cache$6372 ($eq).
Removed top 1 bits (of 6) from port B of cell wire_udp_parser.$auto$fsm_map.cc:77:implement_pattern_cache$6368 ($eq).
Removed top 2 bits (of 5) from port B of cell wire_udp_parser.$auto$fsm_map.cc:77:implement_pattern_cache$6353 ($eq).
Removed top 1 bits (of 4) from port B of cell wire_udp_parser.$auto$fsm_map.cc:77:implement_pattern_cache$6343 ($eq).
Removed top 3 bits (of 7) from port B of cell wire_udp_parser.$auto$fsm_map.cc:77:implement_pattern_cache$6339 ($eq).
Removed top 1 bits (of 5) from port B of cell wire_udp_parser.$auto$fsm_map.cc:77:implement_pattern_cache$6337 ($eq).
Removed top 1 bits (of 6) from port B of cell wire_udp_parser.$auto$fsm_map.cc:77:implement_pattern_cache$6321 ($eq).
Removed top 1 bits (of 4) from port B of cell wire_udp_parser.$lt$rtl/arch_a/wire_udp_parser.sv:103$258 ($lt).
Removed top 26 bits (of 32) from port A of cell wire_udp_parser.$sub$rtl/arch_a/wire_udp_parser.sv:104$262 ($sub).
Removed top 25 bits (of 32) from port B of cell wire_udp_parser.$sub$rtl/arch_a/wire_udp_parser.sv:104$262 ($sub).
Removed top 24 bits (of 32) from port Y of cell wire_udp_parser.$sub$rtl/arch_a/wire_udp_parser.sv:104$262 ($sub).
Converting cell wire_udp_parser.$add$rtl/arch_a/wire_udp_parser.sv:104$263 ($add) from unsigned to signed.
Removed top 24 bits (of 32) from port A of cell wire_udp_parser.$add$rtl/arch_a/wire_udp_parser.sv:104$263 ($add).
Removed top 30 bits (of 32) from port B of cell wire_udp_parser.$add$rtl/arch_a/wire_udp_parser.sv:104$263 ($add).
Removed top 23 bits (of 32) from port Y of cell wire_udp_parser.$add$rtl/arch_a/wire_udp_parser.sv:104$263 ($add).
Converting cell wire_udp_parser.$sub$rtl/arch_a/wire_udp_parser.sv:104$264 ($sub) from unsigned to signed.
Removed top 23 bits (of 32) from port A of cell wire_udp_parser.$sub$rtl/arch_a/wire_udp_parser.sv:104$264 ($sub).
Removed top 27 bits (of 32) from port B of cell wire_udp_parser.$sub$rtl/arch_a/wire_udp_parser.sv:104$264 ($sub).
Removed top 22 bits (of 32) from port Y of cell wire_udp_parser.$sub$rtl/arch_a/wire_udp_parser.sv:104$264 ($sub).
Converting cell wire_udp_parser.$neg$rtl/arch_a/wire_udp_parser.sv:104$269 ($neg) from signed to unsigned.
Removed top 1 bits (of 33) from port A of cell wire_udp_parser.$neg$rtl/arch_a/wire_udp_parser.sv:104$269 ($neg).
Removed top 3 bits (of 4) from port B of cell wire_udp_parser.$add$rtl/arch_a/wire_udp_parser.sv:105$272 ($add).
Removed top 12 bits (of 16) from port B of cell wire_udp_parser.$lt$rtl/arch_a/wire_udp_parser.sv:111$273 ($lt).
Removed top 12 bits (of 16) from port B of cell wire_udp_parser.$eq$rtl/arch_a/wire_udp_parser.sv:121$274 ($eq).
Removed top 12 bits (of 16) from port B of cell wire_udp_parser.$sub$rtl/arch_a/wire_udp_parser.sv:159$276 ($sub).
Removed top 15 bits (of 16) from port B of cell wire_udp_parser.$gt$rtl/arch_a/wire_udp_parser.sv:166$277 ($gt).
Removed top 15 bits (of 16) from port B of cell wire_udp_parser.$eq$rtl/arch_a/wire_udp_parser.sv:170$279 ($eq).
Removed top 15 bits (of 16) from port B of cell wire_udp_parser.$sub$rtl/arch_a/wire_udp_parser.sv:186$280 ($sub).
Removed top 15 bits (of 16) from port B of cell wire_udp_parser.$add$rtl/arch_a/wire_udp_parser.sv:193$282 ($add).
Removed top 2 bits (of 3) from mux cell wire_udp_parser.$procmux$4002 ($mux).
Removed top 2 bits (of 3) from wire wire_udp_parser.$procmux$4002_Y.
Removed top 1 bits (of 2) from port B of cell wire_ipv4_parser.$auto$simple.cc:194:make_patterns_logic$7277 ($ne).
Removed top 1 bits (of 3) from port B of cell wire_ipv4_parser.$auto$simple.cc:194:make_patterns_logic$7275 ($ne).
Removed top 1 bits (of 5) from port B of cell wire_ipv4_parser.$auto$simple.cc:194:make_patterns_logic$7271 ($ne).
Removed top 1 bits (of 2) from port B of cell wire_ipv4_parser.$auto$simple.cc:194:make_patterns_logic$7259 ($ne).
Removed top 1 bits (of 2) from port B of cell wire_ipv4_parser.$auto$simple.cc:194:make_patterns_logic$7253 ($ne).
Removed top 1 bits (of 5) from port B of cell wire_ipv4_parser.$auto$fsm_map.cc:77:implement_pattern_cache$6625 ($eq).
Removed top 3 bits (of 6) from port B of cell wire_ipv4_parser.$auto$fsm_map.cc:77:implement_pattern_cache$6621 ($eq).
Removed top 2 bits (of 5) from port B of cell wire_ipv4_parser.$auto$fsm_map.cc:77:implement_pattern_cache$6617 ($eq).
Removed top 1 bits (of 6) from port B of cell wire_ipv4_parser.$auto$fsm_map.cc:77:implement_pattern_cache$6613 ($eq).
Removed top 3 bits (of 5) from port B of cell wire_ipv4_parser.$auto$fsm_map.cc:77:implement_pattern_cache$6608 ($eq).
Removed top 2 bits (of 6) from port B of cell wire_ipv4_parser.$auto$fsm_map.cc:77:implement_pattern_cache$6600 ($eq).
Removed top 1 bits (of 7) from port B of cell wire_ipv4_parser.$auto$fsm_map.cc:77:implement_pattern_cache$6592 ($eq).
Removed top 1 bits (of 5) from port B of cell wire_ipv4_parser.$auto$fsm_map.cc:77:implement_pattern_cache$6583 ($eq).
Removed top 2 bits (of 7) from port B of cell wire_ipv4_parser.$auto$fsm_map.cc:77:implement_pattern_cache$6579 ($eq).
Removed top 1 bits (of 8) from port B of cell wire_ipv4_parser.$auto$fsm_map.cc:77:implement_pattern_cache$6575 ($eq).
Removed top 1 bits (of 6) from port B of cell wire_ipv4_parser.$auto$fsm_map.cc:77:implement_pattern_cache$6573 ($eq).
Removed top 1 bits (of 7) from port B of cell wire_ipv4_parser.$auto$fsm_map.cc:77:implement_pattern_cache$6559 ($eq).
Removed top 1 bits (of 4) from port B of cell wire_ipv4_parser.$auto$fsm_map.cc:77:implement_pattern_cache$6534 ($eq).
Removed top 1 bits (of 7) from port B of cell wire_ipv4_parser.$auto$fsm_map.cc:77:implement_pattern_cache$6526 ($eq).
Removed top 3 bits (of 6) from port B of cell wire_ipv4_parser.$auto$fsm_map.cc:77:implement_pattern_cache$6522 ($eq).
Removed top 1 bits (of 4) from port B of cell wire_ipv4_parser.$auto$fsm_map.cc:77:implement_pattern_cache$6511 ($eq).
Removed top 1 bits (of 5) from port B of cell wire_ipv4_parser.$auto$fsm_map.cc:77:implement_pattern_cache$6507 ($eq).
Removed top 1 bits (of 6) from port B of cell wire_ipv4_parser.$auto$fsm_map.cc:77:implement_pattern_cache$6503 ($eq).
Removed top 1 bits (of 5) from port B of cell wire_ipv4_parser.$auto$fsm_map.cc:77:implement_pattern_cache$6493 ($eq).
Removed top 2 bits (of 7) from port B of cell wire_ipv4_parser.$auto$fsm_map.cc:77:implement_pattern_cache$6489 ($eq).
Removed top 1 bits (of 8) from port B of cell wire_ipv4_parser.$auto$fsm_map.cc:77:implement_pattern_cache$6485 ($eq).
Removed top 1 bits (of 6) from port B of cell wire_ipv4_parser.$auto$fsm_map.cc:77:implement_pattern_cache$6483 ($eq).
Removed top 1 bits (of 7) from port B of cell wire_ipv4_parser.$auto$fsm_map.cc:77:implement_pattern_cache$6479 ($eq).
Removed top 1 bits (of 7) from port B of cell wire_ipv4_parser.$auto$fsm_map.cc:77:implement_pattern_cache$6459 ($eq).
Removed top 24 bits (of 32) from port A of cell wire_ipv4_parser.$sub$rtl/arch_a/wire_ipv4_parser.sv:155$147 ($sub).
Removed top 24 bits (of 32) from port B of cell wire_ipv4_parser.$sub$rtl/arch_a/wire_ipv4_parser.sv:155$147 ($sub).
Removed top 23 bits (of 32) from port Y of cell wire_ipv4_parser.$sub$rtl/arch_a/wire_ipv4_parser.sv:155$147 ($sub).
Converting cell wire_ipv4_parser.$add$rtl/arch_a/wire_ipv4_parser.sv:155$148 ($add) from unsigned to signed.
Removed top 23 bits (of 32) from port A of cell wire_ipv4_parser.$add$rtl/arch_a/wire_ipv4_parser.sv:155$148 ($add).
Removed top 30 bits (of 32) from port B of cell wire_ipv4_parser.$add$rtl/arch_a/wire_ipv4_parser.sv:155$148 ($add).
Removed top 22 bits (of 32) from port Y of cell wire_ipv4_parser.$add$rtl/arch_a/wire_ipv4_parser.sv:155$148 ($add).
Converting cell wire_ipv4_parser.$sub$rtl/arch_a/wire_ipv4_parser.sv:155$149 ($sub) from unsigned to signed.
Removed top 22 bits (of 32) from port A of cell wire_ipv4_parser.$sub$rtl/arch_a/wire_ipv4_parser.sv:155$149 ($sub).
Removed top 27 bits (of 32) from port B of cell wire_ipv4_parser.$sub$rtl/arch_a/wire_ipv4_parser.sv:155$149 ($sub).
Removed top 21 bits (of 32) from port Y of cell wire_ipv4_parser.$sub$rtl/arch_a/wire_ipv4_parser.sv:155$149 ($sub).
Converting cell wire_ipv4_parser.$neg$rtl/arch_a/wire_ipv4_parser.sv:155$154 ($neg) from signed to unsigned.
Removed top 1 bits (of 33) from port A of cell wire_ipv4_parser.$neg$rtl/arch_a/wire_ipv4_parser.sv:155$154 ($neg).
Removed top 4 bits (of 5) from port B of cell wire_ipv4_parser.$add$rtl/arch_a/wire_ipv4_parser.sv:156$157 ($add).
Removed top 11 bits (of 16) from port B of cell wire_ipv4_parser.$eq$rtl/arch_a/wire_ipv4_parser.sv:160$161 ($eq).
Removed top 11 bits (of 16) from port B of cell wire_ipv4_parser.$sub$rtl/arch_a/wire_ipv4_parser.sv:169$162 ($sub).
Removed top 2 bits (of 4) from port B of cell wire_ipv4_parser.$eq$rtl/arch_a/wire_ipv4_parser.sv:91$163 ($eq).
Removed top 2 bits (of 4) from port B of cell wire_ipv4_parser.$eq$rtl/arch_a/wire_ipv4_parser.sv:92$164 ($eq).
Removed top 1 bits (of 4) from port B of cell wire_ipv4_parser.$eq$rtl/arch_a/wire_ipv4_parser.sv:93$166 ($eq).
Removed top 1 bits (of 4) from port B of cell wire_ipv4_parser.$eq$rtl/arch_a/wire_ipv4_parser.sv:94$168 ($eq).
Removed top 15 bits (of 16) from port B of cell wire_ipv4_parser.$gt$rtl/arch_a/wire_ipv4_parser.sv:183$172 ($gt).
Removed top 15 bits (of 16) from port B of cell wire_ipv4_parser.$eq$rtl/arch_a/wire_ipv4_parser.sv:189$174 ($eq).
Removed top 15 bits (of 16) from port B of cell wire_ipv4_parser.$sub$rtl/arch_a/wire_ipv4_parser.sv:193$176 ($sub).
Removed top 1 bits (of 4) from port B of cell wire_ipv4_parser.$ne$rtl/arch_a/wire_ipv4_parser.sv:70$187 ($ne).
Removed top 1 bits (of 4) from port B of cell wire_ipv4_parser.$ne$rtl/arch_a/wire_ipv4_parser.sv:72$192 ($ne).
Removed top 11 bits (of 16) from port B of cell wire_ipv4_parser.$lt$rtl/arch_a/wire_ipv4_parser.sv:74$197 ($lt).
Removed top 2 bits (of 18) from port A of cell wire_ipv4_parser.$add$rtl/arch_a/wire_ipv4_parser.sv:50$202 ($add).
Removed top 2 bits (of 18) from port B of cell wire_ipv4_parser.$add$rtl/arch_a/wire_ipv4_parser.sv:50$202 ($add).
Removed top 1 bits (of 18) from port Y of cell wire_ipv4_parser.$add$rtl/arch_a/wire_ipv4_parser.sv:50$202 ($add).
Removed top 1 bits (of 18) from port A of cell wire_ipv4_parser.$add$rtl/arch_a/wire_ipv4_parser.sv:50$203 ($add).
Removed top 2 bits (of 18) from port B of cell wire_ipv4_parser.$add$rtl/arch_a/wire_ipv4_parser.sv:50$203 ($add).
Removed top 2 bits (of 18) from port B of cell wire_ipv4_parser.$add$rtl/arch_a/wire_ipv4_parser.sv:50$204 ($add).
Removed top 2 bits (of 18) from port B of cell wire_ipv4_parser.$add$rtl/arch_a/wire_ipv4_parser.sv:50$205 ($add).
Removed top 2 bits (of 18) from port B of cell wire_ipv4_parser.$add$rtl/arch_a/wire_ipv4_parser.sv:50$206 ($add).
Removed top 2 bits (of 18) from port B of cell wire_ipv4_parser.$add$rtl/arch_a/wire_ipv4_parser.sv:50$207 ($add).
Removed top 2 bits (of 18) from port B of cell wire_ipv4_parser.$add$rtl/arch_a/wire_ipv4_parser.sv:50$208 ($add).
Removed top 2 bits (of 18) from port B of cell wire_ipv4_parser.$add$rtl/arch_a/wire_ipv4_parser.sv:50$209 ($add).
Removed top 2 bits (of 18) from port B of cell wire_ipv4_parser.$add$rtl/arch_a/wire_ipv4_parser.sv:50$210 ($add).
Removed top 2 bits (of 18) from port A of cell wire_ipv4_parser.$add$rtl/arch_a/wire_ipv4_parser.sv:55$211 ($add).
Removed top 16 bits (of 18) from port B of cell wire_ipv4_parser.$add$rtl/arch_a/wire_ipv4_parser.sv:55$211 ($add).
Removed top 1 bits (of 18) from port Y of cell wire_ipv4_parser.$add$rtl/arch_a/wire_ipv4_parser.sv:55$211 ($add).
Removed top 2 bits (of 18) from port A of cell wire_ipv4_parser.$add$rtl/arch_a/wire_ipv4_parser.sv:56$212 ($add).
Removed top 17 bits (of 18) from port B of cell wire_ipv4_parser.$add$rtl/arch_a/wire_ipv4_parser.sv:56$212 ($add).
Removed top 2 bits (of 18) from port Y of cell wire_ipv4_parser.$add$rtl/arch_a/wire_ipv4_parser.sv:56$212 ($add).
Removed top 3 bits (of 8) from port B of cell wire_ipv4_parser.$ne$rtl/arch_a/wire_ipv4_parser.sv:82$221 ($ne).
Removed top 1 bits (of 18) from wire wire_ipv4_parser.$add$rtl/arch_a/wire_ipv4_parser.sv:50$202_Y.
Removed top 2 bits (of 18) from wire wire_ipv4_parser.$add$rtl/arch_a/wire_ipv4_parser.sv:56$212_Y.
Removed top 1 bits (of 18) from wire wire_ipv4_parser.$add$rtl/arch_a/wire_ipv4_parser.sv:55$211_Y.
Removed top 2 bits (of 3) from port B of cell wire_eth_parser.$auto$simple.cc:194:make_patterns_logic$7308 ($ne).
Removed top 1 bits (of 4) from port B of cell wire_eth_parser.$auto$fsm_map.cc:77:implement_pattern_cache$6715 ($eq).
Removed top 1 bits (of 5) from port B of cell wire_eth_parser.$auto$fsm_map.cc:77:implement_pattern_cache$6685 ($eq).
Removed top 2 bits (of 5) from port B of cell wire_eth_parser.$auto$fsm_map.cc:77:implement_pattern_cache$6677 ($eq).
Removed top 1 bits (of 6) from port B of cell wire_eth_parser.$auto$fsm_map.cc:77:implement_pattern_cache$6673 ($eq).
Removed top 2 bits (of 4) from port B of cell wire_eth_parser.$auto$fsm_map.cc:77:implement_pattern_cache$6660 ($eq).
Removed top 1 bits (of 4) from port B of cell wire_eth_parser.$auto$fsm_map.cc:77:implement_pattern_cache$6648 ($eq).
Removed top 1 bits (of 5) from port B of cell wire_eth_parser.$auto$fsm_map.cc:77:implement_pattern_cache$6646 ($eq).
Removed top 1 bits (of 6) from port B of cell wire_eth_parser.$auto$fsm_map.cc:77:implement_pattern_cache$6638 ($eq).
Removed top 4 bits (of 16) from port B of cell wire_eth_parser.$eq$rtl/arch_a/wire_eth_parser.sv:94$89 ($eq).
Removed top 3 bits (of 4) from port B of cell wire_eth_parser.$add$rtl/arch_a/wire_eth_parser.sv:110$90 ($add).
Removed top 8 bits (of 10) from port B of cell wire_gearbox_64to8.$auto$fsm_map.cc:77:implement_pattern_cache$6736 ($eq).
Removed top 3 bits (of 4) from port B of cell wire_gearbox_64to8.$sub$rtl/arch_a/wire_gearbox_64to8.sv:38$45 ($sub).
Removed top 1 bits (of 4) from port A of cell wire_gearbox_64to8.$eq$rtl/arch_a/wire_gearbox_64to8.sv:38$46 ($eq).
Removed top 25 bits (of 32) from port B of cell wire_gearbox_64to8.$shiftx$rtl/arch_a/wire_gearbox_64to8.sv:42$51 ($shiftx).
Removed top 2 bits (of 3) from port B of cell wire_gearbox_64to8.$add$rtl/arch_a/wire_gearbox_64to8.sv:68$67 ($add).
Removed top 1 bits (of 8) from port B of cell wire_gearbox_64to8.$procmux$5124_CMP0 ($eq).
Removed top 2 bits (of 8) from port B of cell wire_gearbox_64to8.$procmux$5125_CMP0 ($eq).
Removed top 3 bits (of 8) from port B of cell wire_gearbox_64to8.$procmux$5126_CMP0 ($eq).
Removed top 4 bits (of 8) from port B of cell wire_gearbox_64to8.$procmux$5127_CMP0 ($eq).
Removed top 5 bits (of 8) from port B of cell wire_gearbox_64to8.$procmux$5128_CMP0 ($eq).
Removed top 6 bits (of 8) from port B of cell wire_gearbox_64to8.$procmux$5129_CMP0 ($eq).
Removed top 7 bits (of 8) from port B of cell wire_gearbox_64to8.$procmux$5130_CMP0 ($eq).
Removed top 1 bits (of 2) from port B of cell wire_ingress_buffer.$add$rtl/common/wire_ingress_buffer.sv:54$42 ($add).
Removed top 1 bits (of 2) from port B of cell wire_ingress_buffer.$sub$rtl/common/wire_ingress_buffer.sv:55$43 ($sub).
Removed top 1 bits (of 2) from port B of cell wire_ingress_buffer.$procmux$5255_CMP0 ($eq).

11.10. Executing PEEPOPT pass (run peephole optimizers).
shiftpow2 pattern in wire_gearbox_64to8: shift=$shiftx$rtl/arch_a/wire_gearbox_64to8.sv:42$51, index=\index_q, stride=8, width=8, ways=8

11.11. Executing OPT_CLEAN pass (remove unused cells and wires).
Finding unused cells or wires in module \wire_arch_a_parser_top..
Finding unused cells or wires in module \wire_itch_decoder..
Finding unused cells or wires in module \wire_mold_message_framer..
Finding unused cells or wires in module \wire_mold_header_seq..
Finding unused cells or wires in module \wire_udp_parser..
Finding unused cells or wires in module \wire_ipv4_parser..
Finding unused cells or wires in module \wire_eth_parser..
Finding unused cells or wires in module \wire_gearbox_64to8..
Finding unused cells or wires in module \wire_ingress_buffer..
Removed 0 unused cells and 11 unused wires.
<suppressed ~4 debug messages>

11.12. Executing ALUMACC pass (create $alu and $macc cells).
Extracting $alu and $macc cells in module wire_arch_a_parser_top:
  created 0 $alu and 0 $macc cells.
Extracting $alu and $macc cells in module wire_itch_decoder:
  creating $macc model for $add$rtl/arch_a/wire_itch_decoder.sv:194$543 ($add).
  creating $macc model for $add$rtl/arch_a/wire_itch_decoder.sv:190$540 ($add).
  creating $alu model for $macc $add$rtl/arch_a/wire_itch_decoder.sv:190$540.
  creating $alu model for $macc $add$rtl/arch_a/wire_itch_decoder.sv:194$543.
  creating $alu model for $lt$rtl/arch_a/wire_itch_decoder.sv:167$497 ($lt): new $alu
  creating $alu cell for $lt$rtl/arch_a/wire_itch_decoder.sv:167$497: $auto$alumacc.cc:576:replace_alu$7377
  creating $alu cell for $add$rtl/arch_a/wire_itch_decoder.sv:194$543: $auto$alumacc.cc:576:replace_alu$7382
  creating $alu cell for $add$rtl/arch_a/wire_itch_decoder.sv:190$540: $auto$alumacc.cc:576:replace_alu$7385
  created 3 $alu and 0 $macc cells.
Extracting $alu and $macc cells in module wire_mold_message_framer:
  creating $macc model for $sub$rtl/arch_a/wire_mold_message_framer.sv:239$379 ($sub).
  creating $macc model for $add$rtl/arch_a/wire_mold_message_framer.sv:97$360 ($add).
  creating $macc model for $add$rtl/arch_a/wire_mold_message_framer.sv:86$347 ($add).
  creating $alu model for $macc $add$rtl/arch_a/wire_mold_message_framer.sv:86$347.
  creating $alu model for $macc $add$rtl/arch_a/wire_mold_message_framer.sv:97$360.
  creating $alu model for $macc $sub$rtl/arch_a/wire_mold_message_framer.sv:239$379.
  creating $alu model for $eq$rtl/arch_a/wire_mold_message_framer.sv:223$376 ($eq): merged with $sub$rtl/arch_a/wire_mold_message_framer.sv:239$379.
  creating $alu cell for $sub$rtl/arch_a/wire_mold_message_framer.sv:239$379, $eq$rtl/arch_a/wire_mold_message_framer.sv:223$376: $auto$alumacc.cc:576:replace_alu$7388
  creating $alu cell for $add$rtl/arch_a/wire_mold_message_framer.sv:97$360: $auto$alumacc.cc:576:replace_alu$7393
  creating $alu cell for $add$rtl/arch_a/wire_mold_message_framer.sv:86$347: $auto$alumacc.cc:576:replace_alu$7396
  created 3 $alu and 0 $macc cells.
Extracting $alu and $macc cells in module wire_mold_header_seq:
  creating $macc model for $add$rtl/arch_a/wire_mold_header_seq.sv:181$336 ($add).
  creating $macc model for $neg$rtl/arch_a/wire_mold_header_seq.sv:180$333 ($neg).
  creating $macc model for $sub$rtl/arch_a/wire_mold_header_seq.sv:180$328 ($sub).
  creating $macc model for $add$rtl/arch_a/wire_mold_header_seq.sv:180$327 ($add).
  creating $macc model for $sub$rtl/arch_a/wire_mold_header_seq.sv:180$326 ($sub).
  creating $macc model for $add$rtl/arch_a/wire_mold_header_seq.sv:151$315 ($add).
  merging $macc model for $add$rtl/arch_a/wire_mold_header_seq.sv:180$327 into $sub$rtl/arch_a/wire_mold_header_seq.sv:180$328.
  creating $alu model for $macc $sub$rtl/arch_a/wire_mold_header_seq.sv:180$326.
  creating $alu model for $macc $add$rtl/arch_a/wire_mold_header_seq.sv:151$315.
  creating $alu model for $macc $neg$rtl/arch_a/wire_mold_header_seq.sv:180$333.
  creating $alu model for $macc $add$rtl/arch_a/wire_mold_header_seq.sv:181$336.
  creating $macc cell for $sub$rtl/arch_a/wire_mold_header_seq.sv:180$328: $auto$alumacc.cc:427:replace_macc$7399
  creating $alu model for $lt$rtl/arch_a/wire_mold_header_seq.sv:172$320 ($lt): new $alu
  creating $alu cell for $lt$rtl/arch_a/wire_mold_header_seq.sv:172$320: $auto$alumacc.cc:576:replace_alu$7401
  creating $alu cell for $add$rtl/arch_a/wire_mold_header_seq.sv:181$336: $auto$alumacc.cc:576:replace_alu$7406
  creating $alu cell for $neg$rtl/arch_a/wire_mold_header_seq.sv:180$333: $auto$alumacc.cc:576:replace_alu$7409
  creating $alu cell for $add$rtl/arch_a/wire_mold_header_seq.sv:151$315: $auto$alumacc.cc:576:replace_alu$7412
  creating $alu cell for $sub$rtl/arch_a/wire_mold_header_seq.sv:180$326: $auto$alumacc.cc:576:replace_alu$7415
  created 5 $alu and 1 $macc cells.
Extracting $alu and $macc cells in module wire_udp_parser:
  creating $macc model for $add$rtl/arch_a/wire_udp_parser.sv:193$282 ($add).
  creating $macc model for $sub$rtl/arch_a/wire_udp_parser.sv:186$280 ($sub).
  creating $macc model for $sub$rtl/arch_a/wire_udp_parser.sv:159$276 ($sub).
  creating $macc model for $add$rtl/arch_a/wire_udp_parser.sv:105$272 ($add).
  creating $macc model for $neg$rtl/arch_a/wire_udp_parser.sv:104$269 ($neg).
  creating $macc model for $sub$rtl/arch_a/wire_udp_parser.sv:104$264 ($sub).
  creating $macc model for $add$rtl/arch_a/wire_udp_parser.sv:104$263 ($add).
  creating $macc model for $sub$rtl/arch_a/wire_udp_parser.sv:104$262 ($sub).
  merging $macc model for $add$rtl/arch_a/wire_udp_parser.sv:104$263 into $sub$rtl/arch_a/wire_udp_parser.sv:104$264.
  creating $alu model for $macc $sub$rtl/arch_a/wire_udp_parser.sv:104$262.
  creating $alu model for $macc $neg$rtl/arch_a/wire_udp_parser.sv:104$269.
  creating $alu model for $macc $add$rtl/arch_a/wire_udp_parser.sv:105$272.
  creating $alu model for $macc $sub$rtl/arch_a/wire_udp_parser.sv:159$276.
  creating $alu model for $macc $sub$rtl/arch_a/wire_udp_parser.sv:186$280.
  creating $alu model for $macc $add$rtl/arch_a/wire_udp_parser.sv:193$282.
  creating $macc cell for $sub$rtl/arch_a/wire_udp_parser.sv:104$264: $auto$alumacc.cc:427:replace_macc$7418
  creating $alu model for $gt$rtl/arch_a/wire_udp_parser.sv:166$277 ($gt): merged with $sub$rtl/arch_a/wire_udp_parser.sv:186$280.
  creating $alu model for $lt$rtl/arch_a/wire_udp_parser.sv:111$273 ($lt): merged with $sub$rtl/arch_a/wire_udp_parser.sv:159$276.
  creating $alu model for $lt$rtl/arch_a/wire_udp_parser.sv:103$258 ($lt): new $alu
  creating $alu model for $eq$rtl/arch_a/wire_udp_parser.sv:170$279 ($eq): merged with $sub$rtl/arch_a/wire_udp_parser.sv:186$280.
  creating $alu model for $eq$rtl/arch_a/wire_udp_parser.sv:121$274 ($eq): merged with $sub$rtl/arch_a/wire_udp_parser.sv:159$276.
  creating $alu cell for $lt$rtl/arch_a/wire_udp_parser.sv:103$258: $auto$alumacc.cc:576:replace_alu$7420
  creating $alu cell for $add$rtl/arch_a/wire_udp_parser.sv:193$282: $auto$alumacc.cc:576:replace_alu$7425
  creating $alu cell for $sub$rtl/arch_a/wire_udp_parser.sv:186$280, $gt$rtl/arch_a/wire_udp_parser.sv:166$277, $eq$rtl/arch_a/wire_udp_parser.sv:170$279: $auto$alumacc.cc:576:replace_alu$7428
  creating $alu cell for $sub$rtl/arch_a/wire_udp_parser.sv:159$276, $lt$rtl/arch_a/wire_udp_parser.sv:111$273, $eq$rtl/arch_a/wire_udp_parser.sv:121$274: $auto$alumacc.cc:576:replace_alu$7439
  creating $alu cell for $add$rtl/arch_a/wire_udp_parser.sv:105$272: $auto$alumacc.cc:576:replace_alu$7446
  creating $alu cell for $neg$rtl/arch_a/wire_udp_parser.sv:104$269: $auto$alumacc.cc:576:replace_alu$7449
  creating $alu cell for $sub$rtl/arch_a/wire_udp_parser.sv:104$262: $auto$alumacc.cc:576:replace_alu$7452
  created 7 $alu and 1 $macc cells.
Extracting $alu and $macc cells in module wire_ipv4_parser:
  creating $macc model for $add$rtl/arch_a/wire_ipv4_parser.sv:56$212 ($add).
  creating $macc model for $add$rtl/arch_a/wire_ipv4_parser.sv:55$211 ($add).
  creating $macc model for $add$rtl/arch_a/wire_ipv4_parser.sv:50$210 ($add).
  creating $macc model for $add$rtl/arch_a/wire_ipv4_parser.sv:50$209 ($add).
  creating $macc model for $add$rtl/arch_a/wire_ipv4_parser.sv:50$208 ($add).
  creating $macc model for $add$rtl/arch_a/wire_ipv4_parser.sv:50$207 ($add).
  creating $macc model for $add$rtl/arch_a/wire_ipv4_parser.sv:50$206 ($add).
  creating $macc model for $add$rtl/arch_a/wire_ipv4_parser.sv:50$205 ($add).
  creating $macc model for $add$rtl/arch_a/wire_ipv4_parser.sv:50$204 ($add).
  creating $macc model for $add$rtl/arch_a/wire_ipv4_parser.sv:50$203 ($add).
  creating $macc model for $add$rtl/arch_a/wire_ipv4_parser.sv:50$202 ($add).
  creating $macc model for $sub$rtl/arch_a/wire_ipv4_parser.sv:193$176 ($sub).
  creating $macc model for $sub$rtl/arch_a/wire_ipv4_parser.sv:169$162 ($sub).
  creating $macc model for $add$rtl/arch_a/wire_ipv4_parser.sv:156$157 ($add).
  creating $macc model for $neg$rtl/arch_a/wire_ipv4_parser.sv:155$154 ($neg).
  creating $macc model for $sub$rtl/arch_a/wire_ipv4_parser.sv:155$149 ($sub).
  creating $macc model for $add$rtl/arch_a/wire_ipv4_parser.sv:155$148 ($add).
  creating $macc model for $sub$rtl/arch_a/wire_ipv4_parser.sv:155$147 ($sub).
  merging $macc model for $add$rtl/arch_a/wire_ipv4_parser.sv:155$148 into $sub$rtl/arch_a/wire_ipv4_parser.sv:155$149.
  merging $macc model for $add$rtl/arch_a/wire_ipv4_parser.sv:50$202 into $add$rtl/arch_a/wire_ipv4_parser.sv:50$203.
  merging $macc model for $add$rtl/arch_a/wire_ipv4_parser.sv:50$203 into $add$rtl/arch_a/wire_ipv4_parser.sv:50$204.
  merging $macc model for $add$rtl/arch_a/wire_ipv4_parser.sv:50$204 into $add$rtl/arch_a/wire_ipv4_parser.sv:50$205.
  merging $macc model for $add$rtl/arch_a/wire_ipv4_parser.sv:50$205 into $add$rtl/arch_a/wire_ipv4_parser.sv:50$206.
  merging $macc model for $add$rtl/arch_a/wire_ipv4_parser.sv:50$206 into $add$rtl/arch_a/wire_ipv4_parser.sv:50$207.
  merging $macc model for $add$rtl/arch_a/wire_ipv4_parser.sv:50$207 into $add$rtl/arch_a/wire_ipv4_parser.sv:50$208.
  merging $macc model for $add$rtl/arch_a/wire_ipv4_parser.sv:50$208 into $add$rtl/arch_a/wire_ipv4_parser.sv:50$209.
  merging $macc model for $add$rtl/arch_a/wire_ipv4_parser.sv:50$209 into $add$rtl/arch_a/wire_ipv4_parser.sv:50$210.
  creating $alu model for $macc $sub$rtl/arch_a/wire_ipv4_parser.sv:169$162.
  creating $alu model for $macc $add$rtl/arch_a/wire_ipv4_parser.sv:156$157.
  creating $alu model for $macc $neg$rtl/arch_a/wire_ipv4_parser.sv:155$154.
  creating $alu model for $macc $sub$rtl/arch_a/wire_ipv4_parser.sv:193$176.
  creating $alu model for $macc $sub$rtl/arch_a/wire_ipv4_parser.sv:155$147.
  creating $alu model for $macc $add$rtl/arch_a/wire_ipv4_parser.sv:55$211.
  creating $alu model for $macc $add$rtl/arch_a/wire_ipv4_parser.sv:56$212.
  creating $macc cell for $sub$rtl/arch_a/wire_ipv4_parser.sv:155$149: $auto$alumacc.cc:427:replace_macc$7455
  creating $macc cell for $add$rtl/arch_a/wire_ipv4_parser.sv:50$210: $auto$alumacc.cc:427:replace_macc$7456
  creating $alu model for $lt$rtl/arch_a/wire_ipv4_parser.sv:74$197 ($lt): merged with $sub$rtl/arch_a/wire_ipv4_parser.sv:169$162.
  creating $alu model for $gt$rtl/arch_a/wire_ipv4_parser.sv:183$172 ($gt): merged with $sub$rtl/arch_a/wire_ipv4_parser.sv:193$176.
  creating $alu model for $lt$rtl/arch_a/wire_ipv4_parser.sv:154$141 ($lt): new $alu
  creating $alu model for $eq$rtl/arch_a/wire_ipv4_parser.sv:189$174 ($eq): merged with $sub$rtl/arch_a/wire_ipv4_parser.sv:193$176.
  creating $alu model for $eq$rtl/arch_a/wire_ipv4_parser.sv:160$161 ($eq): merged with $sub$rtl/arch_a/wire_ipv4_parser.sv:169$162.
  creating $alu cell for $lt$rtl/arch_a/wire_ipv4_parser.sv:154$141: $auto$alumacc.cc:576:replace_alu$7458
  creating $alu cell for $add$rtl/arch_a/wire_ipv4_parser.sv:56$212: $auto$alumacc.cc:576:replace_alu$7463
  creating $alu cell for $add$rtl/arch_a/wire_ipv4_parser.sv:55$211: $auto$alumacc.cc:576:replace_alu$7466
  creating $alu cell for $sub$rtl/arch_a/wire_ipv4_parser.sv:155$147: $auto$alumacc.cc:576:replace_alu$7469
  creating $alu cell for $sub$rtl/arch_a/wire_ipv4_parser.sv:193$176, $gt$rtl/arch_a/wire_ipv4_parser.sv:183$172, $eq$rtl/arch_a/wire_ipv4_parser.sv:189$174: $auto$alumacc.cc:576:replace_alu$7472
  creating $alu cell for $neg$rtl/arch_a/wire_ipv4_parser.sv:155$154: $auto$alumacc.cc:576:replace_alu$7483
  creating $alu cell for $add$rtl/arch_a/wire_ipv4_parser.sv:156$157: $auto$alumacc.cc:576:replace_alu$7486
  creating $alu cell for $sub$rtl/arch_a/wire_ipv4_parser.sv:169$162, $lt$rtl/arch_a/wire_ipv4_parser.sv:74$197, $eq$rtl/arch_a/wire_ipv4_parser.sv:160$161: $auto$alumacc.cc:576:replace_alu$7489
  created 8 $alu and 2 $macc cells.
Extracting $alu and $macc cells in module wire_eth_parser:
  creating $macc model for $add$rtl/arch_a/wire_eth_parser.sv:110$90 ($add).
  creating $alu model for $macc $add$rtl/arch_a/wire_eth_parser.sv:110$90.
  creating $alu model for $lt$rtl/arch_a/wire_eth_parser.sv:83$87 ($lt): new $alu
  creating $alu model for $procmux$5110_CMP0 ($eq): merged with $lt$rtl/arch_a/wire_eth_parser.sv:83$87.
  creating $alu cell for $lt$rtl/arch_a/wire_eth_parser.sv:83$87, $procmux$5110_CMP0: $auto$alumacc.cc:576:replace_alu$7497
  creating $alu cell for $add$rtl/arch_a/wire_eth_parser.sv:110$90: $auto$alumacc.cc:576:replace_alu$7504
  created 2 $alu and 0 $macc cells.
Extracting $alu and $macc cells in module wire_gearbox_64to8:
  creating $macc model for $add$rtl/arch_a/wire_gearbox_64to8.sv:68$67 ($add).
  creating $macc model for $sub$rtl/arch_a/wire_gearbox_64to8.sv:38$45 ($sub).
  creating $alu model for $macc $sub$rtl/arch_a/wire_gearbox_64to8.sv:38$45.
  creating $alu model for $macc $add$rtl/arch_a/wire_gearbox_64to8.sv:68$67.
  creating $alu cell for $add$rtl/arch_a/wire_gearbox_64to8.sv:68$67: $auto$alumacc.cc:576:replace_alu$7507
  creating $alu cell for $sub$rtl/arch_a/wire_gearbox_64to8.sv:38$45: $auto$alumacc.cc:576:replace_alu$7510
  created 2 $alu and 0 $macc cells.
Extracting $alu and $macc cells in module wire_ingress_buffer:
  creating $macc model for $sub$rtl/common/wire_ingress_buffer.sv:55$43 ($sub).
  creating $macc model for $add$rtl/common/wire_ingress_buffer.sv:54$42 ($add).
  creating $macc model for $add$rtl/common/wire_ingress_buffer.sv:51$41 ($add).
  creating $macc model for $add$rtl/common/wire_ingress_buffer.sv:47$40 ($add).
  creating $alu model for $macc $add$rtl/common/wire_ingress_buffer.sv:47$40.
  creating $alu model for $macc $add$rtl/common/wire_ingress_buffer.sv:51$41.
  creating $alu model for $macc $add$rtl/common/wire_ingress_buffer.sv:54$42.
  creating $alu model for $macc $sub$rtl/common/wire_ingress_buffer.sv:55$43.
  creating $alu cell for $sub$rtl/common/wire_ingress_buffer.sv:55$43: $auto$alumacc.cc:576:replace_alu$7513
  creating $alu cell for $add$rtl/common/wire_ingress_buffer.sv:54$42: $auto$alumacc.cc:576:replace_alu$7516
  creating $alu cell for $add$rtl/common/wire_ingress_buffer.sv:51$41: $auto$alumacc.cc:576:replace_alu$7519
  creating $alu cell for $add$rtl/common/wire_ingress_buffer.sv:47$40: $auto$alumacc.cc:576:replace_alu$7522
  created 4 $alu and 0 $macc cells.

11.13. Executing SHARE pass (SAT-based resource sharing).

11.14. Executing OPT pass (performing simple optimizations).

11.14.1. Executing OPT_EXPR pass (perform const folding).
Optimizing module wire_arch_a_parser_top.
Optimizing module wire_itch_decoder.
<suppressed ~3 debug messages>
Optimizing module wire_mold_message_framer.
Optimizing module wire_mold_header_seq.
<suppressed ~7 debug messages>
Optimizing module wire_udp_parser.
<suppressed ~13 debug messages>
Optimizing module wire_ipv4_parser.
<suppressed ~5 debug messages>
Optimizing module wire_eth_parser.
Optimizing module wire_gearbox_64to8.
Optimizing module wire_ingress_buffer.

11.14.2. Executing OPT_MERGE pass (detect identical cells).
Finding identical cells in module `\wire_arch_a_parser_top'.
Computing hashes of 45 cells of `\wire_arch_a_parser_top'.
Finding duplicate cells in `\wire_arch_a_parser_top'.
Finding identical cells in module `\wire_itch_decoder'.
Computing hashes of 380 cells of `\wire_itch_decoder'.
Finding duplicate cells in `\wire_itch_decoder'.
Finding identical cells in module `\wire_mold_message_framer'.
Computing hashes of 276 cells of `\wire_mold_message_framer'.
Finding duplicate cells in `\wire_mold_message_framer'.
Finding identical cells in module `\wire_mold_header_seq'.
Computing hashes of 257 cells of `\wire_mold_header_seq'.
Finding duplicate cells in `\wire_mold_header_seq'.
Finding identical cells in module `\wire_udp_parser'.
Computing hashes of 223 cells of `\wire_udp_parser'.
Finding duplicate cells in `\wire_udp_parser'.
Finding identical cells in module `\wire_ipv4_parser'.
Computing hashes of 218 cells of `\wire_ipv4_parser'.
Finding duplicate cells in `\wire_ipv4_parser'.
Finding identical cells in module `\wire_eth_parser'.
Computing hashes of 102 cells of `\wire_eth_parser'.
Finding duplicate cells in `\wire_eth_parser'.
Finding identical cells in module `\wire_gearbox_64to8'.
Computing hashes of 72 cells of `\wire_gearbox_64to8'.
Finding duplicate cells in `\wire_gearbox_64to8'.
Finding identical cells in module `\wire_ingress_buffer'.
Computing hashes of 32 cells of `\wire_ingress_buffer'.
Finding duplicate cells in `\wire_ingress_buffer'.
Removed a total of 0 cells.

11.14.3. Executing OPT_MUXTREE pass (detect dead branches in mux trees).
Running muxtree optimizer on module \wire_arch_a_parser_top..
  Creating internal representation of mux trees.
  Evaluating internal representation of mux trees.
  Analyzing evaluation results.
Running muxtree optimizer on module \wire_itch_decoder..
  Creating internal representation of mux trees.
  Evaluating internal representation of mux trees.
  Analyzing evaluation results.
Running muxtree optimizer on module \wire_mold_message_framer..
  Creating internal representation of mux trees.
  Evaluating internal representation of mux trees.
  Analyzing evaluation results.
Running muxtree optimizer on module \wire_mold_header_seq..
  Creating internal representation of mux trees.
  Evaluating internal representation of mux trees.
  Analyzing evaluation results.
Running muxtree optimizer on module \wire_udp_parser..
  Creating internal representation of mux trees.
  Evaluating internal representation of mux trees.
  Analyzing evaluation results.
Running muxtree optimizer on module \wire_ipv4_parser..
  Creating internal representation of mux trees.
  Evaluating internal representation of mux trees.
  Analyzing evaluation results.
Running muxtree optimizer on module \wire_eth_parser..
  Creating internal representation of mux trees.
  Evaluating internal representation of mux trees.
  Analyzing evaluation results.
Running muxtree optimizer on module \wire_gearbox_64to8..
  Creating internal representation of mux trees.
  Evaluating internal representation of mux trees.
  Analyzing evaluation results.
Running muxtree optimizer on module \wire_ingress_buffer..
  Creating internal representation of mux trees.
  Evaluating internal representation of mux trees.
  Analyzing evaluation results.
Removed 0 multiplexer ports.
<suppressed ~1415 debug messages>

11.14.4. Executing OPT_REDUCE pass (consolidate $*mux and $reduce_* inputs).
  Optimizing cells in module \wire_arch_a_parser_top.
  Optimizing cells in module \wire_itch_decoder.
  Optimizing cells in module \wire_mold_message_framer.
  Optimizing cells in module \wire_mold_header_seq.
  Optimizing cells in module \wire_udp_parser.
  Optimizing cells in module \wire_ipv4_parser.
  Optimizing cells in module \wire_eth_parser.
  Optimizing cells in module \wire_gearbox_64to8.
  Optimizing cells in module \wire_ingress_buffer.
Performed a total of 0 changes.

11.14.5. Executing OPT_MERGE pass (detect identical cells).
Finding identical cells in module `\wire_arch_a_parser_top'.
Computing hashes of 45 cells of `\wire_arch_a_parser_top'.
Finding duplicate cells in `\wire_arch_a_parser_top'.
Finding identical cells in module `\wire_itch_decoder'.
Computing hashes of 380 cells of `\wire_itch_decoder'.
Finding duplicate cells in `\wire_itch_decoder'.
Finding identical cells in module `\wire_mold_message_framer'.
Computing hashes of 276 cells of `\wire_mold_message_framer'.
Finding duplicate cells in `\wire_mold_message_framer'.
Finding identical cells in module `\wire_mold_header_seq'.
Computing hashes of 257 cells of `\wire_mold_header_seq'.
Finding duplicate cells in `\wire_mold_header_seq'.
Finding identical cells in module `\wire_udp_parser'.
Computing hashes of 223 cells of `\wire_udp_parser'.
Finding duplicate cells in `\wire_udp_parser'.
Finding identical cells in module `\wire_ipv4_parser'.
Computing hashes of 218 cells of `\wire_ipv4_parser'.
Finding duplicate cells in `\wire_ipv4_parser'.
Finding identical cells in module `\wire_eth_parser'.
Computing hashes of 102 cells of `\wire_eth_parser'.
Finding duplicate cells in `\wire_eth_parser'.
Finding identical cells in module `\wire_gearbox_64to8'.
Computing hashes of 72 cells of `\wire_gearbox_64to8'.
Finding duplicate cells in `\wire_gearbox_64to8'.
Finding identical cells in module `\wire_ingress_buffer'.
Computing hashes of 32 cells of `\wire_ingress_buffer'.
Finding duplicate cells in `\wire_ingress_buffer'.
Removed a total of 0 cells.

11.14.6. Executing OPT_DFF pass (perform DFF optimizations).
Setting constant 0-bit at position 3 on $auto$ff.cc:337:slice$6851 ($sdffe) from module wire_arch_a_parser_top.

11.14.7. Executing OPT_CLEAN pass (remove unused cells and wires).
Finding unused cells or wires in module \wire_arch_a_parser_top..
Finding unused cells or wires in module \wire_itch_decoder..
Finding unused cells or wires in module \wire_mold_message_framer..
Finding unused cells or wires in module \wire_mold_header_seq..
Finding unused cells or wires in module \wire_udp_parser..
Finding unused cells or wires in module \wire_ipv4_parser..
Finding unused cells or wires in module \wire_eth_parser..
Finding unused cells or wires in module \wire_gearbox_64to8..
Finding unused cells or wires in module \wire_ingress_buffer..
Removed 13 unused cells and 30 unused wires.
<suppressed ~19 debug messages>

11.14.8. Executing OPT_EXPR pass (perform const folding).
Optimizing module wire_arch_a_parser_top.
Optimizing module wire_itch_decoder.
Optimizing module wire_mold_message_framer.
Optimizing module wire_mold_header_seq.
Optimizing module wire_udp_parser.
Optimizing module wire_ipv4_parser.
Optimizing module wire_eth_parser.
Optimizing module wire_gearbox_64to8.
Optimizing module wire_ingress_buffer.

11.14.9. Rerunning OPT passes. (Maybe there is more to do..)

11.14.10. Executing OPT_MUXTREE pass (detect dead branches in mux trees).
Running muxtree optimizer on module \wire_arch_a_parser_top..
  Creating internal representation of mux trees.
  Evaluating internal representation of mux trees.
  Analyzing evaluation results.
Running muxtree optimizer on module \wire_itch_decoder..
  Creating internal representation of mux trees.
  Evaluating internal representation of mux trees.
  Analyzing evaluation results.
Running muxtree optimizer on module \wire_mold_message_framer..
  Creating internal representation of mux trees.
  Evaluating internal representation of mux trees.
  Analyzing evaluation results.
Running muxtree optimizer on module \wire_mold_header_seq..
  Creating internal representation of mux trees.
  Evaluating internal representation of mux trees.
  Analyzing evaluation results.
Running muxtree optimizer on module \wire_udp_parser..
  Creating internal representation of mux trees.
  Evaluating internal representation of mux trees.
  Analyzing evaluation results.
Running muxtree optimizer on module \wire_ipv4_parser..
  Creating internal representation of mux trees.
  Evaluating internal representation of mux trees.
  Analyzing evaluation results.
Running muxtree optimizer on module \wire_eth_parser..
  Creating internal representation of mux trees.
  Evaluating internal representation of mux trees.
  Analyzing evaluation results.
Running muxtree optimizer on module \wire_gearbox_64to8..
  Creating internal representation of mux trees.
  Evaluating internal representation of mux trees.
  Analyzing evaluation results.
Running muxtree optimizer on module \wire_ingress_buffer..
  Creating internal representation of mux trees.
  Evaluating internal representation of mux trees.
  Analyzing evaluation results.
Removed 0 multiplexer ports.
<suppressed ~1415 debug messages>

11.14.11. Executing OPT_REDUCE pass (consolidate $*mux and $reduce_* inputs).
  Optimizing cells in module \wire_arch_a_parser_top.
  Optimizing cells in module \wire_itch_decoder.
  Optimizing cells in module \wire_mold_message_framer.
  Optimizing cells in module \wire_mold_header_seq.
  Optimizing cells in module \wire_udp_parser.
  Optimizing cells in module \wire_ipv4_parser.
  Optimizing cells in module \wire_eth_parser.
  Optimizing cells in module \wire_gearbox_64to8.
  Optimizing cells in module \wire_ingress_buffer.
Performed a total of 0 changes.

11.14.12. Executing OPT_MERGE pass (detect identical cells).
Finding identical cells in module `\wire_arch_a_parser_top'.
Computing hashes of 45 cells of `\wire_arch_a_parser_top'.
Finding duplicate cells in `\wire_arch_a_parser_top'.
Finding identical cells in module `\wire_itch_decoder'.
Computing hashes of 379 cells of `\wire_itch_decoder'.
Finding duplicate cells in `\wire_itch_decoder'.
Finding identical cells in module `\wire_mold_message_framer'.
Computing hashes of 276 cells of `\wire_mold_message_framer'.
Finding duplicate cells in `\wire_mold_message_framer'.
Finding identical cells in module `\wire_mold_header_seq'.
Computing hashes of 256 cells of `\wire_mold_header_seq'.
Finding duplicate cells in `\wire_mold_header_seq'.
Finding identical cells in module `\wire_udp_parser'.
Computing hashes of 222 cells of `\wire_udp_parser'.
Finding duplicate cells in `\wire_udp_parser'.
Finding identical cells in module `\wire_ipv4_parser'.
Computing hashes of 208 cells of `\wire_ipv4_parser'.
Finding duplicate cells in `\wire_ipv4_parser'.
Finding identical cells in module `\wire_eth_parser'.
Computing hashes of 102 cells of `\wire_eth_parser'.
Finding duplicate cells in `\wire_eth_parser'.
Finding identical cells in module `\wire_gearbox_64to8'.
Computing hashes of 72 cells of `\wire_gearbox_64to8'.
Finding duplicate cells in `\wire_gearbox_64to8'.
Finding identical cells in module `\wire_ingress_buffer'.
Computing hashes of 32 cells of `\wire_ingress_buffer'.
Finding duplicate cells in `\wire_ingress_buffer'.
Removed a total of 0 cells.

11.14.13. Executing OPT_DFF pass (perform DFF optimizations).

11.14.14. Executing OPT_CLEAN pass (remove unused cells and wires).
Finding unused cells or wires in module \wire_arch_a_parser_top..
Finding unused cells or wires in module \wire_itch_decoder..
Finding unused cells or wires in module \wire_mold_message_framer..
Finding unused cells or wires in module \wire_mold_header_seq..
Finding unused cells or wires in module \wire_udp_parser..
Finding unused cells or wires in module \wire_ipv4_parser..
Finding unused cells or wires in module \wire_eth_parser..
Finding unused cells or wires in module \wire_gearbox_64to8..
Finding unused cells or wires in module \wire_ingress_buffer..

11.14.15. Executing OPT_EXPR pass (perform const folding).
Optimizing module wire_arch_a_parser_top.
Optimizing module wire_itch_decoder.
Optimizing module wire_mold_message_framer.
Optimizing module wire_mold_header_seq.
Optimizing module wire_udp_parser.
Optimizing module wire_ipv4_parser.
Optimizing module wire_eth_parser.
Optimizing module wire_gearbox_64to8.
Optimizing module wire_ingress_buffer.

11.14.16. Finished fast OPT passes. (There is nothing left to do.)

11.15. Executing MEMORY pass.

11.15.1. Executing OPT_MEM pass (optimize memories).
Performed a total of 0 transformations.

11.15.2. Executing OPT_MEM_PRIORITY pass (removing unnecessary memory write priority relations).
Performed a total of 0 transformations.

11.15.3. Executing OPT_MEM_FEEDBACK pass (finding memory read-to-write feedback paths).
  Analyzing wire_itch_decoder.bytes_q write port 0.
  Analyzing wire_ingress_buffer.last_q write port 0.
  Analyzing wire_ingress_buffer.keep_q write port 0.
  Analyzing wire_ingress_buffer.data_q write port 0.

11.15.4. Executing MEMORY_BMUX2ROM pass (converting muxes to ROMs).

11.15.5. Executing MEMORY_DFF pass (merging $dff cells to $memrd).
Checking read port `\bytes_q'[0] in module `\wire_itch_decoder': merging output FF to cell.
    Write port 0: don't care on collision.
Checking read port `\bytes_q'[1] in module `\wire_itch_decoder': merging output FF to cell.
    Write port 0: don't care on collision.
Checking read port `\bytes_q'[2] in module `\wire_itch_decoder': merging output FF to cell.
    Write port 0: don't care on collision.
Checking read port `\bytes_q'[3] in module `\wire_itch_decoder': merging output FF to cell.
    Write port 0: don't care on collision.
Checking read port `\bytes_q'[4] in module `\wire_itch_decoder': merging output FF to cell.
    Write port 0: don't care on collision.
Checking read port `\bytes_q'[5] in module `\wire_itch_decoder': merging output FF to cell.
    Write port 0: don't care on collision.
Checking read port `\bytes_q'[6] in module `\wire_itch_decoder': no output FF found.
Checking read port `\bytes_q'[7] in module `\wire_itch_decoder': no output FF found.
Checking read port `\bytes_q'[8] in module `\wire_itch_decoder': FF found, but with a mux select that doesn't seem to correspond to transparency logic.
Checking read port `\bytes_q'[9] in module `\wire_itch_decoder': no output FF found.
Checking read port `\bytes_q'[10] in module `\wire_itch_decoder': no output FF found.
Checking read port `\bytes_q'[11] in module `\wire_itch_decoder': no output FF found.
Checking read port `\bytes_q'[12] in module `\wire_itch_decoder': no output FF found.
Checking read port `\bytes_q'[13] in module `\wire_itch_decoder': no output FF found.
Checking read port `\bytes_q'[14] in module `\wire_itch_decoder': no output FF found.
Checking read port `\bytes_q'[15] in module `\wire_itch_decoder': no output FF found.
Checking read port `\bytes_q'[16] in module `\wire_itch_decoder': no output FF found.
Checking read port `\bytes_q'[17] in module `\wire_itch_decoder': no output FF found.
Checking read port `\bytes_q'[18] in module `\wire_itch_decoder': no output FF found.
Checking read port `\bytes_q'[19] in module `\wire_itch_decoder': no output FF found.
Checking read port `\bytes_q'[20] in module `\wire_itch_decoder': no output FF found.
Checking read port `\bytes_q'[21] in module `\wire_itch_decoder': no output FF found.
Checking read port `\bytes_q'[22] in module `\wire_itch_decoder': no output FF found.
Checking read port `\bytes_q'[23] in module `\wire_itch_decoder': no output FF found.
Checking read port `\bytes_q'[24] in module `\wire_itch_decoder': no output FF found.
Checking read port `\bytes_q'[25] in module `\wire_itch_decoder': no output FF found.
Checking read port `\bytes_q'[26] in module `\wire_itch_decoder': no output FF found.
Checking read port `\bytes_q'[27] in module `\wire_itch_decoder': no output FF found.
Checking read port `\bytes_q'[28] in module `\wire_itch_decoder': no output FF found.
Checking read port `\bytes_q'[29] in module `\wire_itch_decoder': no output FF found.
Checking read port `\bytes_q'[30] in module `\wire_itch_decoder': no output FF found.
Checking read port `\bytes_q'[31] in module `\wire_itch_decoder': no output FF found.
Checking read port `\bytes_q'[32] in module `\wire_itch_decoder': no output FF found.
Checking read port `\bytes_q'[33] in module `\wire_itch_decoder': no output FF found.
Checking read port address `\bytes_q'[6] in module `\wire_itch_decoder': no address FF found.
Checking read port address `\bytes_q'[7] in module `\wire_itch_decoder': no address FF found.
Checking read port address `\bytes_q'[8] in module `\wire_itch_decoder': no address FF found.
Checking read port address `\bytes_q'[9] in module `\wire_itch_decoder': no address FF found.
Checking read port address `\bytes_q'[10] in module `\wire_itch_decoder': no address FF found.
Checking read port address `\bytes_q'[11] in module `\wire_itch_decoder': no address FF found.
Checking read port address `\bytes_q'[12] in module `\wire_itch_decoder': no address FF found.
Checking read port address `\bytes_q'[13] in module `\wire_itch_decoder': no address FF found.
Checking read port address `\bytes_q'[14] in module `\wire_itch_decoder': no address FF found.
Checking read port address `\bytes_q'[15] in module `\wire_itch_decoder': no address FF found.
Checking read port address `\bytes_q'[16] in module `\wire_itch_decoder': no address FF found.
Checking read port address `\bytes_q'[17] in module `\wire_itch_decoder': no address FF found.
Checking read port address `\bytes_q'[18] in module `\wire_itch_decoder': no address FF found.
Checking read port address `\bytes_q'[19] in module `\wire_itch_decoder': no address FF found.
Checking read port address `\bytes_q'[20] in module `\wire_itch_decoder': no address FF found.
Checking read port address `\bytes_q'[21] in module `\wire_itch_decoder': no address FF found.
Checking read port address `\bytes_q'[22] in module `\wire_itch_decoder': no address FF found.
Checking read port address `\bytes_q'[23] in module `\wire_itch_decoder': no address FF found.
Checking read port address `\bytes_q'[24] in module `\wire_itch_decoder': no address FF found.
Checking read port address `\bytes_q'[25] in module `\wire_itch_decoder': no address FF found.
Checking read port address `\bytes_q'[26] in module `\wire_itch_decoder': no address FF found.
Checking read port address `\bytes_q'[27] in module `\wire_itch_decoder': no address FF found.
Checking read port address `\bytes_q'[28] in module `\wire_itch_decoder': no address FF found.
Checking read port address `\bytes_q'[29] in module `\wire_itch_decoder': no address FF found.
Checking read port address `\bytes_q'[30] in module `\wire_itch_decoder': no address FF found.
Checking read port address `\bytes_q'[31] in module `\wire_itch_decoder': no address FF found.
Checking read port address `\bytes_q'[32] in module `\wire_itch_decoder': no address FF found.
Checking read port address `\bytes_q'[33] in module `\wire_itch_decoder': no address FF found.
Checking read port `\last_q'[0] in module `\wire_ingress_buffer': no output FF found.
Checking read port `\keep_q'[0] in module `\wire_ingress_buffer': no output FF found.
Checking read port `\data_q'[0] in module `\wire_ingress_buffer': no output FF found.
Checking read port address `\last_q'[0] in module `\wire_ingress_buffer': merged address FF to cell.
Checking read port address `\keep_q'[0] in module `\wire_ingress_buffer': merged address FF to cell.
Checking read port address `\data_q'[0] in module `\wire_ingress_buffer': merged address FF to cell.

11.15.6. Executing OPT_CLEAN pass (remove unused cells and wires).
Finding unused cells or wires in module \wire_arch_a_parser_top..
Finding unused cells or wires in module \wire_itch_decoder..
Finding unused cells or wires in module \wire_mold_message_framer..
Finding unused cells or wires in module \wire_mold_header_seq..
Finding unused cells or wires in module \wire_udp_parser..
Finding unused cells or wires in module \wire_ipv4_parser..
Finding unused cells or wires in module \wire_eth_parser..
Finding unused cells or wires in module \wire_gearbox_64to8..
Finding unused cells or wires in module \wire_ingress_buffer..
Removed 1 unused cells and 54 unused wires.
<suppressed ~2 debug messages>

11.15.7. Executing MEMORY_SHARE pass (consolidating $memrd/$memwr cells).
Consolidating read ports of memory wire_itch_decoder.bytes_q by address:
  Merging ports 1, 2 (address 6'001001).
  Merging ports 3, 4 (address 6'000111).
  Merging ports 3, 5 (address 6'000110).
  Merging ports 7, 9 (address 6'000001).
  Merging ports 8, 30 (address 6'100011).
  Merging ports 8, 31 (address 6'100010).
  Merging ports 8, 32 (address 6'100000).
  Merging ports 10, 25 (address 6'010010).
  Merging ports 11, 12 (address 6'010001).
  Merging ports 13, 14 (address 6'001111).
  Merging ports 13, 15 (address 6'001110).
  Merging ports 13, 16 (address 6'001100).
  Merging ports 13, 17 (address 6'001100).
  Merging ports 18, 29 (address 6'011010).
  Merging ports 19, 20 (address 6'011001).
  Merging ports 21, 22 (address 6'010111).
  Merging ports 21, 23 (address 6'010110).
  Merging ports 21, 24 (address 6'010100).
  Merging ports 26, 33 (address 6'011110).
  Merging ports 27, 28 (address 6'011101).
Consolidating read ports of memory wire_itch_decoder.bytes_q by address:
  Merging ports 0, 1 (address 6'001010).
  Merging ports 3, 4 (address 6'000010).
  Merging ports 3, 8 (address 6'000000).
  Merging ports 3, 9 (address 6'000000).
  Merging ports 3, 10 (address 6'000000).
  Merging ports 3, 11 (address 6'000000).
  Merging ports 3, 12 (address 6'000000).
  Merging ports 3, 13 (address 6'000000).
  Merging ports 6, 7 (address 6'010010).
Consolidating read ports of memory wire_itch_decoder.bytes_q by address:
  Merging ports 2, 3 (address 6'000000).
Consolidating read ports of memory wire_itch_decoder.bytes_q by address:

11.15.8. Executing OPT_MEM_WIDEN pass (optimize memories where all ports are wide).
Performed a total of 0 transformations.

11.15.9. Executing OPT_CLEAN pass (remove unused cells and wires).
Finding unused cells or wires in module \wire_arch_a_parser_top..
Finding unused cells or wires in module \wire_itch_decoder..
Finding unused cells or wires in module \wire_mold_message_framer..
Finding unused cells or wires in module \wire_mold_header_seq..
Finding unused cells or wires in module \wire_udp_parser..
Finding unused cells or wires in module \wire_ipv4_parser..
Finding unused cells or wires in module \wire_eth_parser..
Finding unused cells or wires in module \wire_gearbox_64to8..
Finding unused cells or wires in module \wire_ingress_buffer..
Removed 0 unused cells and 38 unused wires.
<suppressed ~1 debug messages>

11.15.10. Executing MEMORY_COLLECT pass (generating $mem cells).

11.16. Executing OPT_CLEAN pass (remove unused cells and wires).
Finding unused cells or wires in module \wire_arch_a_parser_top..
Finding unused cells or wires in module \wire_itch_decoder..
Finding unused cells or wires in module \wire_mold_message_framer..
Finding unused cells or wires in module \wire_mold_header_seq..
Finding unused cells or wires in module \wire_udp_parser..
Finding unused cells or wires in module \wire_ipv4_parser..
Finding unused cells or wires in module \wire_eth_parser..
Finding unused cells or wires in module \wire_gearbox_64to8..
Finding unused cells or wires in module \wire_ingress_buffer..

11.17. Executing OPT pass (performing simple optimizations).

11.17.1. Executing OPT_EXPR pass (perform const folding).
Optimizing module wire_arch_a_parser_top.
Optimizing module wire_itch_decoder.
<suppressed ~54 debug messages>
Optimizing module wire_mold_message_framer.
<suppressed ~12 debug messages>
Optimizing module wire_mold_header_seq.
<suppressed ~37 debug messages>
Optimizing module wire_udp_parser.
<suppressed ~51 debug messages>
Optimizing module wire_ipv4_parser.
<suppressed ~23 debug messages>
Optimizing module wire_eth_parser.
<suppressed ~8 debug messages>
Optimizing module wire_gearbox_64to8.
<suppressed ~4 debug messages>
Optimizing module wire_ingress_buffer.
<suppressed ~10 debug messages>

11.17.2. Executing OPT_MERGE pass (detect identical cells).
Finding identical cells in module `\wire_arch_a_parser_top'.
Computing hashes of 45 cells of `\wire_arch_a_parser_top'.
Finding duplicate cells in `\wire_arch_a_parser_top'.
Finding identical cells in module `\wire_itch_decoder'.
Computing hashes of 312 cells of `\wire_itch_decoder'.
Finding duplicate cells in `\wire_itch_decoder'.
Finding identical cells in module `\wire_mold_message_framer'.
Computing hashes of 274 cells of `\wire_mold_message_framer'.
Finding duplicate cells in `\wire_mold_message_framer'.
Finding identical cells in module `\wire_mold_header_seq'.
Computing hashes of 236 cells of `\wire_mold_header_seq'.
Finding duplicate cells in `\wire_mold_header_seq'.
Finding identical cells in module `\wire_udp_parser'.
Computing hashes of 193 cells of `\wire_udp_parser'.
Finding duplicate cells in `\wire_udp_parser'.
Finding identical cells in module `\wire_ipv4_parser'.
Computing hashes of 196 cells of `\wire_ipv4_parser'.
Finding duplicate cells in `\wire_ipv4_parser'.
Finding identical cells in module `\wire_eth_parser'.
Computing hashes of 98 cells of `\wire_eth_parser'.
Finding duplicate cells in `\wire_eth_parser'.
Finding identical cells in module `\wire_gearbox_64to8'.
Computing hashes of 69 cells of `\wire_gearbox_64to8'.
Finding duplicate cells in `\wire_gearbox_64to8'.
Finding identical cells in module `\wire_ingress_buffer'.
Computing hashes of 26 cells of `\wire_ingress_buffer'.
Finding duplicate cells in `\wire_ingress_buffer'.
Computing hashes of 24 cells of `\wire_ingress_buffer'.
Finding duplicate cells in `\wire_ingress_buffer'.
Computing hashes of 22 cells of `\wire_ingress_buffer'.
Finding duplicate cells in `\wire_ingress_buffer'.
<suppressed ~12 debug messages>
Removed a total of 4 cells.

11.17.3. Executing OPT_DFF pass (perform DFF optimizations).
Adding EN signal on $auto$ff.cc:337:slice$7074 ($sdffe) from module wire_mold_header_seq (D = $procmux$3671_Y, Q = \pending_code_q).

11.17.4. Executing OPT_CLEAN pass (remove unused cells and wires).
Finding unused cells or wires in module \wire_arch_a_parser_top..
Finding unused cells or wires in module \wire_itch_decoder..
Finding unused cells or wires in module \wire_mold_message_framer..
Finding unused cells or wires in module \wire_mold_header_seq..
Finding unused cells or wires in module \wire_udp_parser..
Finding unused cells or wires in module \wire_ipv4_parser..
Finding unused cells or wires in module \wire_eth_parser..
Finding unused cells or wires in module \wire_gearbox_64to8..
Finding unused cells or wires in module \wire_ingress_buffer..
Removed 2 unused cells and 138 unused wires.
<suppressed ~10 debug messages>

11.17.5. Rerunning OPT passes. (Removed registers in this run.)

11.17.6. Executing OPT_EXPR pass (perform const folding).
Optimizing module wire_arch_a_parser_top.
Optimizing module wire_itch_decoder.
Optimizing module wire_mold_message_framer.
Optimizing module wire_mold_header_seq.
<suppressed ~1 debug messages>
Optimizing module wire_udp_parser.
<suppressed ~1 debug messages>
Optimizing module wire_ipv4_parser.
<suppressed ~2 debug messages>
Optimizing module wire_eth_parser.
<suppressed ~1 debug messages>
Optimizing module wire_gearbox_64to8.
<suppressed ~1 debug messages>
Optimizing module wire_ingress_buffer.

11.17.7. Executing OPT_MERGE pass (detect identical cells).
Finding identical cells in module `\wire_arch_a_parser_top'.
Computing hashes of 45 cells of `\wire_arch_a_parser_top'.
Finding duplicate cells in `\wire_arch_a_parser_top'.
Finding identical cells in module `\wire_itch_decoder'.
Computing hashes of 310 cells of `\wire_itch_decoder'.
Finding duplicate cells in `\wire_itch_decoder'.
Finding identical cells in module `\wire_mold_message_framer'.
Computing hashes of 274 cells of `\wire_mold_message_framer'.
Finding duplicate cells in `\wire_mold_message_framer'.
Finding identical cells in module `\wire_mold_header_seq'.
Computing hashes of 237 cells of `\wire_mold_header_seq'.
Finding duplicate cells in `\wire_mold_header_seq'.
Finding identical cells in module `\wire_udp_parser'.
Computing hashes of 193 cells of `\wire_udp_parser'.
Finding duplicate cells in `\wire_udp_parser'.
Finding identical cells in module `\wire_ipv4_parser'.
Computing hashes of 196 cells of `\wire_ipv4_parser'.
Finding duplicate cells in `\wire_ipv4_parser'.
Finding identical cells in module `\wire_eth_parser'.
Computing hashes of 98 cells of `\wire_eth_parser'.
Finding duplicate cells in `\wire_eth_parser'.
Finding identical cells in module `\wire_gearbox_64to8'.
Computing hashes of 69 cells of `\wire_gearbox_64to8'.
Finding duplicate cells in `\wire_gearbox_64to8'.
Finding identical cells in module `\wire_ingress_buffer'.
Computing hashes of 22 cells of `\wire_ingress_buffer'.
Finding duplicate cells in `\wire_ingress_buffer'.
Removed a total of 0 cells.

11.17.8. Executing OPT_DFF pass (perform DFF optimizations).

11.17.9. Executing OPT_CLEAN pass (remove unused cells and wires).
Finding unused cells or wires in module \wire_arch_a_parser_top..
Finding unused cells or wires in module \wire_itch_decoder..
Finding unused cells or wires in module \wire_mold_message_framer..
Finding unused cells or wires in module \wire_mold_header_seq..
Finding unused cells or wires in module \wire_udp_parser..
Finding unused cells or wires in module \wire_ipv4_parser..
Finding unused cells or wires in module \wire_eth_parser..
Finding unused cells or wires in module \wire_gearbox_64to8..
Finding unused cells or wires in module \wire_ingress_buffer..
Removed 0 unused cells and 1 unused wires.
<suppressed ~1 debug messages>

11.17.10. Finished fast OPT passes.

11.18. Executing MEMORY_MAP pass (converting memories to logic and flip-flops).
Mapping memory \bytes_q in module \wire_itch_decoder:
  created 64 $dff cells and 0 static cells of width 8.
Extracted data FF from read port 0 of wire_itch_decoder.bytes_q: $\bytes_q$rdreg[0]
Extracted data FF from read port 1 of wire_itch_decoder.bytes_q: $\bytes_q$rdreg[1]
  read interface: 2 $dff and 45 $mux cells.
  write interface: 64 write mux blocks.
Mapping memory \last_q in module \wire_ingress_buffer:
  created 2 $dff cells and 0 static cells of width 1.
Extracted addr FF from read port 0 of wire_ingress_buffer.last_q: $\last_q$rdreg[0]
  read interface: 1 $dff and 1 $mux cells.
  write interface: 2 write mux blocks.
Mapping memory \keep_q in module \wire_ingress_buffer:
  created 2 $dff cells and 0 static cells of width 8.
Extracted addr FF from read port 0 of wire_ingress_buffer.keep_q: $\keep_q$rdreg[0]
  read interface: 1 $dff and 1 $mux cells.
  write interface: 2 write mux blocks.
Mapping memory \data_q in module \wire_ingress_buffer:
  created 2 $dff cells and 0 static cells of width 64.
Extracted addr FF from read port 0 of wire_ingress_buffer.data_q: $\data_q$rdreg[0]
  read interface: 1 $dff and 1 $mux cells.
  write interface: 2 write mux blocks.

11.19. Executing OPT pass (performing simple optimizations).

11.19.1. Executing OPT_EXPR pass (perform const folding).
Optimizing module wire_arch_a_parser_top.
Optimizing module wire_itch_decoder.
<suppressed ~65 debug messages>
Optimizing module wire_mold_message_framer.
Optimizing module wire_mold_header_seq.
Optimizing module wire_udp_parser.
Optimizing module wire_ipv4_parser.
Optimizing module wire_eth_parser.
Optimizing module wire_gearbox_64to8.
Optimizing module wire_ingress_buffer.
<suppressed ~2 debug messages>

11.19.2. Executing OPT_MERGE pass (detect identical cells).
Finding identical cells in module `\wire_arch_a_parser_top'.
Computing hashes of 45 cells of `\wire_arch_a_parser_top'.
Finding duplicate cells in `\wire_arch_a_parser_top'.
Finding identical cells in module `\wire_itch_decoder'.
Computing hashes of 613 cells of `\wire_itch_decoder'.
Finding duplicate cells in `\wire_itch_decoder'.
Finding identical cells in module `\wire_mold_message_framer'.
Computing hashes of 274 cells of `\wire_mold_message_framer'.
Finding duplicate cells in `\wire_mold_message_framer'.
Finding identical cells in module `\wire_mold_header_seq'.
Computing hashes of 237 cells of `\wire_mold_header_seq'.
Finding duplicate cells in `\wire_mold_header_seq'.
Finding identical cells in module `\wire_udp_parser'.
Computing hashes of 193 cells of `\wire_udp_parser'.
Finding duplicate cells in `\wire_udp_parser'.
Finding identical cells in module `\wire_ipv4_parser'.
Computing hashes of 196 cells of `\wire_ipv4_parser'.
Finding duplicate cells in `\wire_ipv4_parser'.
Finding identical cells in module `\wire_eth_parser'.
Computing hashes of 98 cells of `\wire_eth_parser'.
Finding duplicate cells in `\wire_eth_parser'.
Finding identical cells in module `\wire_gearbox_64to8'.
Computing hashes of 69 cells of `\wire_gearbox_64to8'.
Finding duplicate cells in `\wire_gearbox_64to8'.
Finding identical cells in module `\wire_ingress_buffer'.
Computing hashes of 44 cells of `\wire_ingress_buffer'.
Finding duplicate cells in `\wire_ingress_buffer'.
Computing hashes of 38 cells of `\wire_ingress_buffer'.
Finding duplicate cells in `\wire_ingress_buffer'.
<suppressed ~18 debug messages>
Removed a total of 6 cells.

11.19.3. Executing OPT_MUXTREE pass (detect dead branches in mux trees).
Running muxtree optimizer on module \wire_arch_a_parser_top..
  Creating internal representation of mux trees.
  Evaluating internal representation of mux trees.
  Analyzing evaluation results.
Running muxtree optimizer on module \wire_itch_decoder..
  Creating internal representation of mux trees.
  Evaluating internal representation of mux trees.
  Analyzing evaluation results.
Running muxtree optimizer on module \wire_mold_message_framer..
  Creating internal representation of mux trees.
  Evaluating internal representation of mux trees.
  Analyzing evaluation results.
Running muxtree optimizer on module \wire_mold_header_seq..
  Creating internal representation of mux trees.
  Evaluating internal representation of mux trees.
  Analyzing evaluation results.
Running muxtree optimizer on module \wire_udp_parser..
  Creating internal representation of mux trees.
  Evaluating internal representation of mux trees.
  Analyzing evaluation results.
Running muxtree optimizer on module \wire_ipv4_parser..
  Creating internal representation of mux trees.
  Evaluating internal representation of mux trees.
  Analyzing evaluation results.
Running muxtree optimizer on module \wire_eth_parser..
  Creating internal representation of mux trees.
  Evaluating internal representation of mux trees.
  Analyzing evaluation results.
Running muxtree optimizer on module \wire_gearbox_64to8..
  Creating internal representation of mux trees.
  Evaluating internal representation of mux trees.
  Analyzing evaluation results.
Running muxtree optimizer on module \wire_ingress_buffer..
  Creating internal representation of mux trees.
  Evaluating internal representation of mux trees.
  Analyzing evaluation results.
Removed 0 multiplexer ports.
<suppressed ~1083 debug messages>

11.19.4. Executing OPT_REDUCE pass (consolidate $*mux and $reduce_* inputs).
  Optimizing cells in module \wire_arch_a_parser_top.
  Optimizing cells in module \wire_itch_decoder.
    Consolidated identical input bits for $mux cell $procmux$2784:
      Old ports: A=3'011, B=3'100, Y=$procmux$2784_Y
      New ports: A=2'01, B=2'10, Y={ $procmux$2784_Y [2] $procmux$2784_Y [0] }
      New connections: $procmux$2784_Y [1] = $procmux$2784_Y [0]
    Consolidated identical input bits for $pmux cell $procmux$828:
      Old ports: A=6'000000, B=42'101100100011010011010111100100011111101000, Y=\required_length$func$rtl/arch_a/wire_itch_decoder.sv:112$388.$result
      New ports: A=5'00000, B=35'10110100010100101011100100111110100, Y={ \required_length$func$rtl/arch_a/wire_itch_decoder.sv:112$388.$result [5:2] \required_length$func$rtl/arch_a/wire_itch_decoder.sv:112$388.$result [0] }
      New connections: \required_length$func$rtl/arch_a/wire_itch_decoder.sv:112$388.$result [1] = \required_length$func$rtl/arch_a/wire_itch_decoder.sv:112$388.$result [0]
    New ctrl vector for $pmux cell $procmux$2687: \state_q [3]
  Optimizing cells in module \wire_itch_decoder.
  Optimizing cells in module \wire_mold_message_framer.
  Optimizing cells in module \wire_mold_header_seq.
    New input vector for $reduce_and cell $auto$simple.cc:211:make_patterns_logic$7720: { \input_fire \state_q [0] $auto$simple.cc:193:make_patterns_logic$7067 $auto$alumacc.cc:593:replace_alu$7403 [4] $auto$simple.cc:193:make_patterns_logic$7717 }
    Consolidated identical input bits for $mux cell $procmux$3703:
      Old ports: A=3'100, B=3'010, Y=$procmux$3703_Y
      New ports: A=2'10, B=2'01, Y=$procmux$3703_Y [2:1]
      New connections: $procmux$3703_Y [0] = 1'0
    Consolidated identical input bits for $mux cell $procmux$3668:
      Old ports: A=3'011, B=3'010, Y=$procmux$3668_Y
      New ports: A=1'1, B=1'0, Y=$procmux$3668_Y [0]
      New connections: $procmux$3668_Y [2:1] = 2'01
  Optimizing cells in module \wire_mold_header_seq.
    Consolidated identical input bits for $mux cell $procmux$3671:
      Old ports: A=$procmux$3668_Y, B=3'001, Y=$procmux$3671_Y
      New ports: A={ 1'1 $procmux$3668_Y [0] }, B=2'01, Y=$procmux$3671_Y [1:0]
      New connections: $procmux$3671_Y [2] = 1'0
  Optimizing cells in module \wire_mold_header_seq.
  Optimizing cells in module \wire_udp_parser.
    Consolidated identical input bits for $mux cell $procmux$4130:
      Old ports: A=3'100, B=3'011, Y=$procmux$4130_Y
      New ports: A=2'10, B=2'01, Y={ $procmux$4130_Y [2] $procmux$4130_Y [0] }
      New connections: $procmux$4130_Y [1] = $procmux$4130_Y [0]
  Optimizing cells in module \wire_udp_parser.
  Optimizing cells in module \wire_ipv4_parser.
    Consolidated identical input bits for $mux cell $procmux$4810:
      Old ports: A=4'0010, B=4'1000, Y=$procmux$4810_Y
      New ports: A=2'01, B=2'10, Y={ $procmux$4810_Y [3] $procmux$4810_Y [1] }
      New connections: { $procmux$4810_Y [2] $procmux$4810_Y [0] } = 2'00
    Consolidated identical input bits for $mux cell $procmux$4351:
      Old ports: A=4'1111, B=4'0110, Y=$7\classify_header$func$rtl/arch_a/wire_ipv4_parser.sv:102$94.$result[3:0]$222
      New ports: A=1'1, B=1'0, Y=$7\classify_header$func$rtl/arch_a/wire_ipv4_parser.sv:102$94.$result[3:0]$222 [0]
      New connections: $7\classify_header$func$rtl/arch_a/wire_ipv4_parser.sv:102$94.$result[3:0]$222 [3:1] = { $7\classify_header$func$rtl/arch_a/wire_ipv4_parser.sv:102$94.$result[3:0]$222 [0] 2'11 }
  Optimizing cells in module \wire_ipv4_parser.
    Consolidated identical input bits for $mux cell $procmux$4372:
      Old ports: A=$7\classify_header$func$rtl/arch_a/wire_ipv4_parser.sv:102$94.$result[3:0]$222, B=4'0101, Y=$6\classify_header$func$rtl/arch_a/wire_ipv4_parser.sv:102$94.$result[3:0]$220
      New ports: A={ $7\classify_header$func$rtl/arch_a/wire_ipv4_parser.sv:102$94.$result[3:0]$222 [0] 1'1 $7\classify_header$func$rtl/arch_a/wire_ipv4_parser.sv:102$94.$result[3:0]$222 [0] }, B=3'001, Y={ $6\classify_header$func$rtl/arch_a/wire_ipv4_parser.sv:102$94.$result[3:0]$220 [3] $6\classify_header$func$rtl/arch_a/wire_ipv4_parser.sv:102$94.$result[3:0]$220 [1:0] }
      New connections: $6\classify_header$func$rtl/arch_a/wire_ipv4_parser.sv:102$94.$result[3:0]$220 [2] = 1'1
  Optimizing cells in module \wire_ipv4_parser.
    Consolidated identical input bits for $mux cell $procmux$4390:
      Old ports: A=$6\classify_header$func$rtl/arch_a/wire_ipv4_parser.sv:102$94.$result[3:0]$220, B=4'0100, Y=$5\classify_header$func$rtl/arch_a/wire_ipv4_parser.sv:102$94.$result[3:0]$218
      New ports: A={ $6\classify_header$func$rtl/arch_a/wire_ipv4_parser.sv:102$94.$result[3:0]$220 [3] $6\classify_header$func$rtl/arch_a/wire_ipv4_parser.sv:102$94.$result[3:0]$220 [1:0] }, B=3'000, Y={ $5\classify_header$func$rtl/arch_a/wire_ipv4_parser.sv:102$94.$result[3:0]$218 [3] $5\classify_header$func$rtl/arch_a/wire_ipv4_parser.sv:102$94.$result[3:0]$218 [1:0] }
      New connections: $5\classify_header$func$rtl/arch_a/wire_ipv4_parser.sv:102$94.$result[3:0]$218 [2] = 1'1
  Optimizing cells in module \wire_ipv4_parser.
  Optimizing cells in module \wire_eth_parser.
  Optimizing cells in module \wire_gearbox_64to8.
  Optimizing cells in module \wire_ingress_buffer.
Performed a total of 12 changes.

11.19.5. Executing OPT_MERGE pass (detect identical cells).
Finding identical cells in module `\wire_arch_a_parser_top'.
Computing hashes of 45 cells of `\wire_arch_a_parser_top'.
Finding duplicate cells in `\wire_arch_a_parser_top'.
Finding identical cells in module `\wire_itch_decoder'.
Computing hashes of 613 cells of `\wire_itch_decoder'.
Finding duplicate cells in `\wire_itch_decoder'.
Finding identical cells in module `\wire_mold_message_framer'.
Computing hashes of 274 cells of `\wire_mold_message_framer'.
Finding duplicate cells in `\wire_mold_message_framer'.
Finding identical cells in module `\wire_mold_header_seq'.
Computing hashes of 237 cells of `\wire_mold_header_seq'.
Finding duplicate cells in `\wire_mold_header_seq'.
Finding identical cells in module `\wire_udp_parser'.
Computing hashes of 193 cells of `\wire_udp_parser'.
Finding duplicate cells in `\wire_udp_parser'.
Finding identical cells in module `\wire_ipv4_parser'.
Computing hashes of 196 cells of `\wire_ipv4_parser'.
Finding duplicate cells in `\wire_ipv4_parser'.
Finding identical cells in module `\wire_eth_parser'.
Computing hashes of 98 cells of `\wire_eth_parser'.
Finding duplicate cells in `\wire_eth_parser'.
Finding identical cells in module `\wire_gearbox_64to8'.
Computing hashes of 69 cells of `\wire_gearbox_64to8'.
Finding duplicate cells in `\wire_gearbox_64to8'.
Finding identical cells in module `\wire_ingress_buffer'.
Computing hashes of 38 cells of `\wire_ingress_buffer'.
Finding duplicate cells in `\wire_ingress_buffer'.
Removed a total of 0 cells.

11.19.6. Executing OPT_SHARE pass.
    Found cells that share an operand and can be merged by moving the $pmux $procmux$2694 in front of them:
        $procmux$2692
        $procmux$2698
        $procmux$2703
        $procmux$2708
        $procmux$2713
        $procmux$2718
        $procmux$2723

    Found cells that share an operand and can be merged by moving the $mux $procmux$5254 in front of them:
        $auto$alumacc.cc:576:replace_alu$7513
        $auto$alumacc.cc:576:replace_alu$7516

11.19.7. Executing OPT_DFF pass (perform DFF optimizations).
Setting constant 0-bit at position 2 on $auto$ff.cc:337:slice$7716 ($sdffe) from module wire_mold_header_seq.
Adding SRST signal on $\data_q$rdreg[0] ($dff) from module wire_ingress_buffer (D = $auto$rtlil.cc:3369:Mux$7641, Q = $\data_q$rdreg[0]$q, rval = 1'0).

11.19.8. Executing OPT_CLEAN pass (remove unused cells and wires).
Finding unused cells or wires in module \wire_arch_a_parser_top..
Finding unused cells or wires in module \wire_itch_decoder..
Finding unused cells or wires in module \wire_mold_message_framer..
Finding unused cells or wires in module \wire_mold_header_seq..
Finding unused cells or wires in module \wire_udp_parser..
Finding unused cells or wires in module \wire_ipv4_parser..
Finding unused cells or wires in module \wire_eth_parser..
Finding unused cells or wires in module \wire_gearbox_64to8..
Finding unused cells or wires in module \wire_ingress_buffer..
Removed 137 unused cells and 357 unused wires.
<suppressed ~168 debug messages>

11.19.9. Executing OPT_EXPR pass (perform const folding).
Optimizing module wire_arch_a_parser_top.
Optimizing module wire_itch_decoder.
<suppressed ~1 debug messages>
Optimizing module wire_mold_message_framer.
Optimizing module wire_mold_header_seq.
<suppressed ~1 debug messages>
Optimizing module wire_udp_parser.
Optimizing module wire_ipv4_parser.
<suppressed ~1 debug messages>
Optimizing module wire_eth_parser.
Optimizing module wire_gearbox_64to8.
Optimizing module wire_ingress_buffer.
<suppressed ~2 debug messages>

11.19.10. Rerunning OPT passes. (Maybe there is more to do..)

11.19.11. Executing OPT_MUXTREE pass (detect dead branches in mux trees).
Running muxtree optimizer on module \wire_arch_a_parser_top..
  Creating internal representation of mux trees.
  Evaluating internal representation of mux trees.
  Analyzing evaluation results.
Running muxtree optimizer on module \wire_itch_decoder..
  Creating internal representation of mux trees.
  Evaluating internal representation of mux trees.
  Analyzing evaluation results.
Running muxtree optimizer on module \wire_mold_message_framer..
  Creating internal representation of mux trees.
  Evaluating internal representation of mux trees.
  Analyzing evaluation results.
Running muxtree optimizer on module \wire_mold_header_seq..
  Creating internal representation of mux trees.
  Evaluating internal representation of mux trees.
  Analyzing evaluation results.
Running muxtree optimizer on module \wire_udp_parser..
  Creating internal representation of mux trees.
  Evaluating internal representation of mux trees.
  Analyzing evaluation results.
Running muxtree optimizer on module \wire_ipv4_parser..
  Creating internal representation of mux trees.
  Evaluating internal representation of mux trees.
  Analyzing evaluation results.
Running muxtree optimizer on module \wire_eth_parser..
  Creating internal representation of mux trees.
  Evaluating internal representation of mux trees.
  Analyzing evaluation results.
Running muxtree optimizer on module \wire_gearbox_64to8..
  Creating internal representation of mux trees.
  Evaluating internal representation of mux trees.
  Analyzing evaluation results.
Running muxtree optimizer on module \wire_ingress_buffer..
  Creating internal representation of mux trees.
  Evaluating internal representation of mux trees.
  Analyzing evaluation results.
Removed 0 multiplexer ports.
<suppressed ~1024 debug messages>

11.19.12. Executing OPT_REDUCE pass (consolidate $*mux and $reduce_* inputs).
  Optimizing cells in module \wire_arch_a_parser_top.
  Optimizing cells in module \wire_itch_decoder.
    New ctrl vector for $pmux cell $procmux$2694: $auto$opt_reduce.cc:137:opt_pmux$8526
    New input vector for $reduce_or cell $auto$opt_reduce.cc:131:opt_pmux$8525: { $procmux$2631_CMP $procmux$2626_CMP $procmux$2621_CMP $procmux$2616_CMP $procmux$2611_CMP $procmux$2606_CMP $procmux$2601_CMP }
  Optimizing cells in module \wire_itch_decoder.
  Optimizing cells in module \wire_mold_message_framer.
  Optimizing cells in module \wire_mold_header_seq.
  Optimizing cells in module \wire_udp_parser.
  Optimizing cells in module \wire_ipv4_parser.
  Optimizing cells in module \wire_eth_parser.
  Optimizing cells in module \wire_gearbox_64to8.
  Optimizing cells in module \wire_ingress_buffer.
    Consolidated identical input bits for $mux cell $auto$opt_share.cc:244:merge_operators$8519:
      Old ports: A=2'11, B=2'01, Y=$auto$rtlil.cc:3369:Mux$8520
      New ports: A=1'1, B=1'0, Y=$auto$rtlil.cc:3369:Mux$8520 [1]
      New connections: $auto$rtlil.cc:3369:Mux$8520 [0] = 1'1
  Optimizing cells in module \wire_ingress_buffer.
Performed a total of 3 changes.

11.19.13. Executing OPT_MERGE pass (detect identical cells).
Finding identical cells in module `\wire_arch_a_parser_top'.
Computing hashes of 45 cells of `\wire_arch_a_parser_top'.
Finding duplicate cells in `\wire_arch_a_parser_top'.
Finding identical cells in module `\wire_itch_decoder'.
Computing hashes of 473 cells of `\wire_itch_decoder'.
Finding duplicate cells in `\wire_itch_decoder'.
Finding identical cells in module `\wire_mold_message_framer'.
Computing hashes of 274 cells of `\wire_mold_message_framer'.
Finding duplicate cells in `\wire_mold_message_framer'.
Finding identical cells in module `\wire_mold_header_seq'.
Computing hashes of 237 cells of `\wire_mold_header_seq'.
Finding duplicate cells in `\wire_mold_header_seq'.
Computing hashes of 236 cells of `\wire_mold_header_seq'.
Finding duplicate cells in `\wire_mold_header_seq'.
<suppressed ~3 debug messages>
Finding identical cells in module `\wire_udp_parser'.
Computing hashes of 193 cells of `\wire_udp_parser'.
Finding duplicate cells in `\wire_udp_parser'.
Finding identical cells in module `\wire_ipv4_parser'.
Computing hashes of 196 cells of `\wire_ipv4_parser'.
Finding duplicate cells in `\wire_ipv4_parser'.
Finding identical cells in module `\wire_eth_parser'.
Computing hashes of 98 cells of `\wire_eth_parser'.
Finding duplicate cells in `\wire_eth_parser'.
Finding identical cells in module `\wire_gearbox_64to8'.
Computing hashes of 69 cells of `\wire_gearbox_64to8'.
Finding duplicate cells in `\wire_gearbox_64to8'.
Finding identical cells in module `\wire_ingress_buffer'.
Computing hashes of 36 cells of `\wire_ingress_buffer'.
Finding duplicate cells in `\wire_ingress_buffer'.
Removed a total of 1 cells.

11.19.14. Executing OPT_SHARE pass.

11.19.15. Executing OPT_DFF pass (perform DFF optimizations).
Adding EN signal on $memory\bytes_q[0]$7721 ($dff) from module wire_itch_decoder (D = \in_data, Q = \bytes_q[0]).
Adding EN signal on $memory\bytes_q[1]$7723 ($dff) from module wire_itch_decoder (D = \in_data, Q = \bytes_q[1]).
Adding EN signal on $memory\bytes_q[2]$7725 ($dff) from module wire_itch_decoder (D = \in_data, Q = \bytes_q[2]).
Adding EN signal on $memory\bytes_q[4]$7729 ($dff) from module wire_itch_decoder (D = \in_data, Q = \bytes_q[4]).
Adding EN signal on $memory\bytes_q[5]$7731 ($dff) from module wire_itch_decoder (D = \in_data, Q = \bytes_q[5]).
Adding EN signal on $memory\bytes_q[6]$7733 ($dff) from module wire_itch_decoder (D = \in_data, Q = \bytes_q[6]).
Adding EN signal on $memory\bytes_q[7]$7735 ($dff) from module wire_itch_decoder (D = \in_data, Q = \bytes_q[7]).
Adding EN signal on $memory\bytes_q[8]$7737 ($dff) from module wire_itch_decoder (D = \in_data, Q = \bytes_q[8]).
Adding EN signal on $memory\bytes_q[9]$7739 ($dff) from module wire_itch_decoder (D = \in_data, Q = \bytes_q[9]).
Adding EN signal on $memory\bytes_q[10]$7741 ($dff) from module wire_itch_decoder (D = \in_data, Q = \bytes_q[10]).
Adding EN signal on $memory\bytes_q[11]$7743 ($dff) from module wire_itch_decoder (D = \in_data, Q = \bytes_q[11]).
Adding EN signal on $memory\bytes_q[12]$7745 ($dff) from module wire_itch_decoder (D = \in_data, Q = \bytes_q[12]).
Adding EN signal on $memory\bytes_q[13]$7747 ($dff) from module wire_itch_decoder (D = \in_data, Q = \bytes_q[13]).
Adding EN signal on $memory\bytes_q[14]$7749 ($dff) from module wire_itch_decoder (D = \in_data, Q = \bytes_q[14]).
Adding EN signal on $memory\bytes_q[15]$7751 ($dff) from module wire_itch_decoder (D = \in_data, Q = \bytes_q[15]).
Adding EN signal on $memory\bytes_q[16]$7753 ($dff) from module wire_itch_decoder (D = \in_data, Q = \bytes_q[16]).
Adding EN signal on $memory\bytes_q[17]$7755 ($dff) from module wire_itch_decoder (D = \in_data, Q = \bytes_q[17]).
Adding EN signal on $memory\bytes_q[18]$7757 ($dff) from module wire_itch_decoder (D = \in_data, Q = \bytes_q[18]).
Adding EN signal on $memory\bytes_q[19]$7759 ($dff) from module wire_itch_decoder (D = \in_data, Q = \bytes_q[19]).
Adding EN signal on $memory\bytes_q[20]$7761 ($dff) from module wire_itch_decoder (D = \in_data, Q = \bytes_q[20]).
Adding EN signal on $memory\bytes_q[21]$7763 ($dff) from module wire_itch_decoder (D = \in_data, Q = \bytes_q[21]).
Adding EN signal on $memory\bytes_q[22]$7765 ($dff) from module wire_itch_decoder (D = \in_data, Q = \bytes_q[22]).
Adding EN signal on $memory\bytes_q[23]$7767 ($dff) from module wire_itch_decoder (D = \in_data, Q = \bytes_q[23]).
Adding EN signal on $memory\bytes_q[24]$7769 ($dff) from module wire_itch_decoder (D = \in_data, Q = \bytes_q[24]).
Adding EN signal on $memory\bytes_q[25]$7771 ($dff) from module wire_itch_decoder (D = \in_data, Q = \bytes_q[25]).
Adding EN signal on $memory\bytes_q[26]$7773 ($dff) from module wire_itch_decoder (D = \in_data, Q = \bytes_q[26]).
Adding EN signal on $memory\bytes_q[27]$7775 ($dff) from module wire_itch_decoder (D = \in_data, Q = \bytes_q[27]).
Adding EN signal on $memory\bytes_q[28]$7777 ($dff) from module wire_itch_decoder (D = \in_data, Q = \bytes_q[28]).
Adding EN signal on $memory\bytes_q[29]$7779 ($dff) from module wire_itch_decoder (D = \in_data, Q = \bytes_q[29]).
Adding EN signal on $memory\bytes_q[30]$7781 ($dff) from module wire_itch_decoder (D = \in_data, Q = \bytes_q[30]).
Adding EN signal on $memory\bytes_q[31]$7783 ($dff) from module wire_itch_decoder (D = \in_data, Q = \bytes_q[31]).
Adding EN signal on $memory\bytes_q[32]$7785 ($dff) from module wire_itch_decoder (D = \in_data, Q = \bytes_q[32]).
Adding EN signal on $memory\bytes_q[33]$7787 ($dff) from module wire_itch_decoder (D = \in_data, Q = \bytes_q[33]).
Adding EN signal on $memory\bytes_q[34]$7789 ($dff) from module wire_itch_decoder (D = \in_data, Q = \bytes_q[34]).
Adding EN signal on $memory\bytes_q[35]$7791 ($dff) from module wire_itch_decoder (D = \in_data, Q = \bytes_q[35]).
Adding EN signal on $memory\last_q[0]$8464 ($dff) from module wire_ingress_buffer (D = \in_last, Q = \last_q[0]).
Adding EN signal on $memory\last_q[1]$8466 ($dff) from module wire_ingress_buffer (D = \in_last, Q = \last_q[1]).
Adding EN signal on $memory\data_q[0]$8498 ($dff) from module wire_ingress_buffer (D = \in_data, Q = \data_q[0]).
Adding EN signal on $memory\data_q[1]$8500 ($dff) from module wire_ingress_buffer (D = \in_data, Q = \data_q[1]).
Adding EN signal on $memory\keep_q[0]$8483 ($dff) from module wire_ingress_buffer (D = \in_keep, Q = \keep_q[0]).
Adding EN signal on $memory\keep_q[1]$8485 ($dff) from module wire_ingress_buffer (D = \in_keep, Q = \keep_q[1]).

11.19.16. Executing OPT_CLEAN pass (remove unused cells and wires).
Finding unused cells or wires in module \wire_arch_a_parser_top..
Finding unused cells or wires in module \wire_itch_decoder..
Finding unused cells or wires in module \wire_mold_message_framer..
Finding unused cells or wires in module \wire_mold_header_seq..
Finding unused cells or wires in module \wire_udp_parser..
Finding unused cells or wires in module \wire_ipv4_parser..
Finding unused cells or wires in module \wire_eth_parser..
Finding unused cells or wires in module \wire_gearbox_64to8..
Finding unused cells or wires in module \wire_ingress_buffer..
Removed 41 unused cells and 44 unused wires.
<suppressed ~44 debug messages>

11.19.17. Executing OPT_EXPR pass (perform const folding).
Optimizing module wire_arch_a_parser_top.
Optimizing module wire_itch_decoder.
Optimizing module wire_mold_message_framer.
Optimizing module wire_mold_header_seq.
Optimizing module wire_udp_parser.
Optimizing module wire_ipv4_parser.
Optimizing module wire_eth_parser.
Optimizing module wire_gearbox_64to8.
Optimizing module wire_ingress_buffer.
<suppressed ~1 debug messages>

11.19.18. Rerunning OPT passes. (Maybe there is more to do..)

11.19.19. Executing OPT_MUXTREE pass (detect dead branches in mux trees).
Running muxtree optimizer on module \wire_arch_a_parser_top..
  Creating internal representation of mux trees.
  Evaluating internal representation of mux trees.
  Analyzing evaluation results.
Running muxtree optimizer on module \wire_itch_decoder..
  Creating internal representation of mux trees.
  Evaluating internal representation of mux trees.
  Analyzing evaluation results.
Running muxtree optimizer on module \wire_mold_message_framer..
  Creating internal representation of mux trees.
  Evaluating internal representation of mux trees.
  Analyzing evaluation results.
Running muxtree optimizer on module \wire_mold_header_seq..
  Creating internal representation of mux trees.
  Evaluating internal representation of mux trees.
  Analyzing evaluation results.
Running muxtree optimizer on module \wire_udp_parser..
  Creating internal representation of mux trees.
  Evaluating internal representation of mux trees.
  Analyzing evaluation results.
Running muxtree optimizer on module \wire_ipv4_parser..
  Creating internal representation of mux trees.
  Evaluating internal representation of mux trees.
  Analyzing evaluation results.
Running muxtree optimizer on module \wire_eth_parser..
  Creating internal representation of mux trees.
  Evaluating internal representation of mux trees.
  Analyzing evaluation results.
Running muxtree optimizer on module \wire_gearbox_64to8..
  Creating internal representation of mux trees.
  Evaluating internal representation of mux trees.
  Analyzing evaluation results.
Running muxtree optimizer on module \wire_ingress_buffer..
  Creating internal representation of mux trees.
  Evaluating internal representation of mux trees.
  Analyzing evaluation results.
Removed 0 multiplexer ports.
<suppressed ~940 debug messages>

11.19.20. Executing OPT_REDUCE pass (consolidate $*mux and $reduce_* inputs).
  Optimizing cells in module \wire_arch_a_parser_top.
  Optimizing cells in module \wire_itch_decoder.
  Optimizing cells in module \wire_mold_message_framer.
  Optimizing cells in module \wire_mold_header_seq.
  Optimizing cells in module \wire_udp_parser.
  Optimizing cells in module \wire_ipv4_parser.
  Optimizing cells in module \wire_eth_parser.
  Optimizing cells in module \wire_gearbox_64to8.
  Optimizing cells in module \wire_ingress_buffer.
Performed a total of 0 changes.

11.19.21. Executing OPT_MERGE pass (detect identical cells).
Finding identical cells in module `\wire_arch_a_parser_top'.
Computing hashes of 45 cells of `\wire_arch_a_parser_top'.
Finding duplicate cells in `\wire_arch_a_parser_top'.
Finding identical cells in module `\wire_itch_decoder'.
Computing hashes of 438 cells of `\wire_itch_decoder'.
Finding duplicate cells in `\wire_itch_decoder'.
Finding identical cells in module `\wire_mold_message_framer'.
Computing hashes of 274 cells of `\wire_mold_message_framer'.
Finding duplicate cells in `\wire_mold_message_framer'.
Finding identical cells in module `\wire_mold_header_seq'.
Computing hashes of 236 cells of `\wire_mold_header_seq'.
Finding duplicate cells in `\wire_mold_header_seq'.
Finding identical cells in module `\wire_udp_parser'.
Computing hashes of 193 cells of `\wire_udp_parser'.
Finding duplicate cells in `\wire_udp_parser'.
Finding identical cells in module `\wire_ipv4_parser'.
Computing hashes of 196 cells of `\wire_ipv4_parser'.
Finding duplicate cells in `\wire_ipv4_parser'.
Finding identical cells in module `\wire_eth_parser'.
Computing hashes of 98 cells of `\wire_eth_parser'.
Finding duplicate cells in `\wire_eth_parser'.
Finding identical cells in module `\wire_gearbox_64to8'.
Computing hashes of 69 cells of `\wire_gearbox_64to8'.
Finding duplicate cells in `\wire_gearbox_64to8'.
Finding identical cells in module `\wire_ingress_buffer'.
Computing hashes of 30 cells of `\wire_ingress_buffer'.
Finding duplicate cells in `\wire_ingress_buffer'.
Removed a total of 0 cells.

11.19.22. Executing OPT_SHARE pass.

11.19.23. Executing OPT_DFF pass (perform DFF optimizations).

11.19.24. Executing OPT_CLEAN pass (remove unused cells and wires).
Finding unused cells or wires in module \wire_arch_a_parser_top..
Finding unused cells or wires in module \wire_itch_decoder..
Finding unused cells or wires in module \wire_mold_message_framer..
Finding unused cells or wires in module \wire_mold_header_seq..
Finding unused cells or wires in module \wire_udp_parser..
Finding unused cells or wires in module \wire_ipv4_parser..
Finding unused cells or wires in module \wire_eth_parser..
Finding unused cells or wires in module \wire_gearbox_64to8..
Finding unused cells or wires in module \wire_ingress_buffer..

11.19.25. Executing OPT_EXPR pass (perform const folding).
Optimizing module wire_arch_a_parser_top.
Optimizing module wire_itch_decoder.
Optimizing module wire_mold_message_framer.
Optimizing module wire_mold_header_seq.
Optimizing module wire_udp_parser.
Optimizing module wire_ipv4_parser.
Optimizing module wire_eth_parser.
Optimizing module wire_gearbox_64to8.
Optimizing module wire_ingress_buffer.

11.19.26. Finished fast OPT passes. (There is nothing left to do.)

11.20. Executing TECHMAP pass (map to technology primitives).

11.20.1. Executing Verilog-2005 frontend: /Users/Dilan/eda/wire-to-decision/oss-cad-suite/libexec/../share/yosys/techmap.v
Parsing Verilog input from `/Users/Dilan/eda/wire-to-decision/oss-cad-suite/libexec/../share/yosys/techmap.v' to AST representation.
Generating RTLIL representation for module `\_90_simplemap_bool_ops'.
Generating RTLIL representation for module `\_90_simplemap_reduce_ops'.
Generating RTLIL representation for module `\_90_simplemap_logic_ops'.
Generating RTLIL representation for module `\_90_simplemap_compare_ops'.
Generating RTLIL representation for module `\_90_simplemap_various'.
Generating RTLIL representation for module `\_90_simplemap_registers'.
Generating RTLIL representation for module `\_90_shift_ops_shr_shl_sshl_sshr'.
Generating RTLIL representation for module `\_90_shift_shiftx'.
Generating RTLIL representation for module `\_90_fa'.
Generating RTLIL representation for module `\_90_lcu_brent_kung'.
Generating RTLIL representation for module `\_90_alu'.
Generating RTLIL representation for module `\_90_macc'.
Generating RTLIL representation for module `\_90_alumacc'.
Generating RTLIL representation for module `$__div_mod_u'.
Generating RTLIL representation for module `$__div_mod_trunc'.
Generating RTLIL representation for module `\_90_div'.
Generating RTLIL representation for module `\_90_mod'.
Generating RTLIL representation for module `$__div_mod_floor'.
Generating RTLIL representation for module `\_90_divfloor'.
Generating RTLIL representation for module `\_90_modfloor'.
Generating RTLIL representation for module `\_90_pow'.
Generating RTLIL representation for module `\_90_demux'.
Generating RTLIL representation for module `\_90_lut'.
Generating RTLIL representation for module `$connect'.
Generating RTLIL representation for module `$input_port'.
Successfully finished Verilog frontend.

11.20.2. Continuing TECHMAP pass.
Using extmapper simplemap for cells of type $dffe.
Using extmapper simplemap for cells of type $sdff.
Using extmapper simplemap for cells of type $not.
Using extmapper simplemap for cells of type $mux.
Using template $paramod$fc972a7a46956c1788f3cb5257b53c8f1df2d0cc\_90_alu for cells of type $alu.
Using template $paramod$7e708ae28ab761f11d0fb59d3ffc72f6a4baf5d9\_90_alu for cells of type $alu.
Using extmapper simplemap for cells of type $reduce_bool.
Using extmapper simplemap for cells of type $sdffe.
Using extmapper simplemap for cells of type $logic_and.
Using extmapper simplemap for cells of type $ne.
Using extmapper simplemap for cells of type $logic_or.
Using extmapper simplemap for cells of type $and.
Using extmapper simplemap for cells of type $eq.
Using extmapper simplemap for cells of type $pos.
Using template $paramod\_90_fa\WIDTH=32'00000000000000000000000000000010 for cells of type $fa.
Using template $paramod\_90_lcu_brent_kung\WIDTH=32'00000000000000000000000000000010 for cells of type $lcu.
Using extmapper simplemap for cells of type $xor.
Using template $paramod\_90_fa\WIDTH=32'00000000000000000000000000000001 for cells of type $fa.
Using template $paramod\_90_lcu_brent_kung\WIDTH=32'00000000000000000000000000000001 for cells of type $lcu.
Using extmapper simplemap for cells of type $or.
Using template $paramod$8742280fdebca84e1c87f2a86ed84f62d558f4cc\_90_alu for cells of type $alu.
Using template $paramod$3ef7d3dd227da7627a99c5e5a6a4deb817573e39\_90_alu for cells of type $alu.
Using extmapper simplemap for cells of type $bmux.
Using extmapper simplemap for cells of type $reduce_and.
Using extmapper simplemap for cells of type $reduce_or.
Using extmapper simplemap for cells of type $logic_not.
Using extmapper simplemap for cells of type $dff.
Using template $paramod\_90_fa\WIDTH=32'00000000000000000000000000000011 for cells of type $fa.
Using template $paramod\_90_lcu_brent_kung\WIDTH=32'00000000000000000000000000000011 for cells of type $lcu.
Using template $paramod\_90_fa\WIDTH=32'00000000000000000000000000000100 for cells of type $fa.
Using template $paramod\_90_lcu_brent_kung\WIDTH=32'00000000000000000000000000000100 for cells of type $lcu.
Using template $paramod$32a7b7b86c07519b7537abc18e96f0331f97914d\_90_alu for cells of type $alu.
Using template $paramod$740b056ede97228d3eae64ea2fdc81f0a33e0fe7\_90_alu for cells of type $alu.
Using extmapper simplemap for cells of type $pmux.
Using template $paramod$680bc57ce8b3d7fda2b446d0be16effb4fbc004f\_90_alu for cells of type $alu.
Using template $paramod$672a140277c71df8314410f22acc08d55222c3c7\_90_alu for cells of type $alu.
Using template $paramod$99501223b6f7e5af250351eeb57edb5403a5ad0b\_90_alu for cells of type $alu.
Using template $paramod$a1665ef28c749ebcdbe9aecd466e644647b56463\_90_alu for cells of type $alu.
Using template $paramod$719aadea7a94d31a13cd25a777432aacb0e462b5\_90_alu for cells of type $alu.
Using template $paramod$98d5b101fc40d541c293178ad5465fa81dcb4a40\_90_alu for cells of type $alu.
Using template $paramod$2af30114e9bd4ccb04dad757b3f0a8f6bf0615b0\_90_alu for cells of type $alu.
Using template $paramod$b18e16801adf491a64caa0542270798e5d4ac6b6\_90_alu for cells of type $alu.
Using extmapper maccmap for cells of type $macc_v2.
  add \header_q [151:136] (16 bits, unsigned)
  add \header_q [135:120] (16 bits, unsigned)
  add \header_q [119:104] (16 bits, unsigned)
  add \header_q [103:88] (16 bits, unsigned)
  add \header_q [87:72] (16 bits, unsigned)
  add \header_q [71:56] (16 bits, unsigned)
  add \header_q [55:40] (16 bits, unsigned)
  add \header_q [39:24] (16 bits, unsigned)
  add \header_q [23:8] (16 bits, unsigned)
  add { \header_q [7:0] \in_data } (16 bits, unsigned)
  add { $sub$rtl/arch_a/wire_ipv4_parser.sv:155$147_Y [8:3] 3'111 } (9 bits, signed)
  add 11'11111111001 (11 bits, unsigned)
Using template $paramod$constmap:c921208d5594ebb799e960dd14577284fe309283$paramod$9f7c24d1a70db3698635b7e5db0ae450c9f3726d\_90_shift_shiftx for cells of type $shift.
Analyzing pattern of constant bits for this cell:
Creating constmapped module `$paramod$constmap:fce774570ecf5985d8817e21c43c65b66fb12b62$paramod$9f7c24d1a70db3698635b7e5db0ae450c9f3726d\_90_shift_shiftx'.

11.20.60. Executing OPT_MUXTREE pass (detect dead branches in mux trees).
Running muxtree optimizer on module $paramod$constmap:fce774570ecf5985d8817e21c43c65b66fb12b62$paramod$9f7c24d1a70db3698635b7e5db0ae450c9f3726d\_90_shift_shiftx..
  Creating internal representation of mux trees.
  Evaluating internal representation of mux trees.
  Analyzing evaluation results.
    dead port 2/2 on $mux $procmux$11425.
    dead port 2/2 on $mux $procmux$11431.
    dead port 2/2 on $mux $procmux$11437.
    dead port 2/2 on $mux $procmux$11443.
    dead port 2/2 on $mux $procmux$11449.
    dead port 2/2 on $mux $procmux$11455.
    dead port 2/2 on $mux $procmux$11461.
    dead port 2/2 on $mux $procmux$11467.
    dead port 2/2 on $mux $procmux$11473.
Removed 9 multiplexer ports.
<suppressed ~1691 debug messages>

11.20.61. Executing OPT_EXPR pass (perform const folding).
Optimizing module $paramod$constmap:fce774570ecf5985d8817e21c43c65b66fb12b62$paramod$9f7c24d1a70db3698635b7e5db0ae450c9f3726d\_90_shift_shiftx.
<suppressed ~25 debug messages>
Removed 0 unused cells and 14 unused wires.
Using template $paramod$constmap:fce774570ecf5985d8817e21c43c65b66fb12b62$paramod$9f7c24d1a70db3698635b7e5db0ae450c9f3726d\_90_shift_shiftx for cells of type $shift.
Using template $paramod\_90_fa\WIDTH=32'00000000000000000000000000010000 for cells of type $fa.
Using template $paramod\_90_fa\WIDTH=32'00000000000000000000000000010001 for cells of type $fa.
Using template $paramod\_90_fa\WIDTH=32'00000000000000000000000000010010 for cells of type $fa.
Using template $paramod$12350b8c8422a70d10b7db4eaae1202a7148b784\_90_alu for cells of type $alu.
Using template $paramod\_90_fa\WIDTH=32'00000000000000000000000000000101 for cells of type $fa.
Using template $paramod\_90_lcu_brent_kung\WIDTH=32'00000000000000000000000000000101 for cells of type $lcu.
Using template $paramod\_90_lcu_brent_kung\WIDTH=32'00000000000000000000000000010000 for cells of type $lcu.
Using template $paramod\_90_lcu_brent_kung\WIDTH=32'00000000000000000000000000010001 for cells of type $lcu.
Using template $paramod\_90_fa\WIDTH=32'00000000000000000000000000000110 for cells of type $fa.
Using template $paramod\_90_lcu_brent_kung\WIDTH=32'00000000000000000000000000000110 for cells of type $lcu.
Using template $paramod\_90_fa\WIDTH=32'00000000000000000000000000100001 for cells of type $fa.
Using template $paramod\_90_lcu_brent_kung\WIDTH=32'00000000000000000000000000100001 for cells of type $lcu.
Using template $paramod\_90_fa\WIDTH=32'00000000000000000000000000001110 for cells of type $fa.
Using template $paramod\_90_lcu_brent_kung\WIDTH=32'00000000000000000000000000001110 for cells of type $lcu.
Using template $paramod\_90_lcu_brent_kung\WIDTH=32'00000000000000000000000000010010 for cells of type $lcu.
Using template $paramod$90579471a6bf6bd40b5ef9b7e45de3774567ccf7\_90_alu for cells of type $alu.
Using template $paramod$c15aee48e26a714a5f3d013cd387ce60c26c192c\_90_alu for cells of type $alu.
Using template $paramod$f956edc9fe4df758d9fdb10bfc518a364c99e75e\_90_alu for cells of type $alu.
  add { $sub$rtl/arch_a/wire_udp_parser.sv:104$262_Y [7:3] 3'111 } (8 bits, signed)
  add 10'1111111001 (10 bits, unsigned)
Using template $paramod$constmap:d8a3c44b818804315f1b65cc06ddb441021e8a7f$paramod$823591ec664b39d3cfb9e058aa66174669feadaf\_90_shift_shiftx for cells of type $shift.
Analyzing pattern of constant bits for this cell:
Creating constmapped module `$paramod$constmap:7b6cf79afb8b4a492f1a278168ac5472e97a76a6$paramod$823591ec664b39d3cfb9e058aa66174669feadaf\_90_shift_shiftx'.

11.20.117. Executing OPT_MUXTREE pass (detect dead branches in mux trees).
Running muxtree optimizer on module $paramod$constmap:7b6cf79afb8b4a492f1a278168ac5472e97a76a6$paramod$823591ec664b39d3cfb9e058aa66174669feadaf\_90_shift_shiftx..
  Creating internal representation of mux trees.
  Evaluating internal representation of mux trees.
  Analyzing evaluation results.
    dead port 2/2 on $mux $procmux$31124.
    dead port 2/2 on $mux $procmux$31130.
    dead port 2/2 on $mux $procmux$31136.
    dead port 2/2 on $mux $procmux$31142.
    dead port 2/2 on $mux $procmux$31148.
    dead port 2/2 on $mux $procmux$31154.
    dead port 2/2 on $mux $procmux$31160.
Removed 7 multiplexer ports.
<suppressed ~2281 debug messages>

11.20.118. Executing OPT_EXPR pass (perform const folding).
Optimizing module $paramod$constmap:7b6cf79afb8b4a492f1a278168ac5472e97a76a6$paramod$823591ec664b39d3cfb9e058aa66174669feadaf\_90_shift_shiftx.
<suppressed ~27 debug messages>
Removed 0 unused cells and 12 unused wires.
Using template $paramod$constmap:7b6cf79afb8b4a492f1a278168ac5472e97a76a6$paramod$823591ec664b39d3cfb9e058aa66174669feadaf\_90_shift_shiftx for cells of type $shift.
Using template $paramod\_90_fa\WIDTH=32'00000000000000000000000000001101 for cells of type $fa.
Using template $paramod\_90_lcu_brent_kung\WIDTH=32'00000000000000000000000000001101 for cells of type $lcu.
Using template $paramod$3f3f2584f4e9c2748e07f9b6a631d8767aa63e85\_90_alu for cells of type $alu.
  add { $sub$rtl/arch_a/wire_mold_header_seq.sv:180$326_Y [8:3] 3'111 } (9 bits, signed)
  add 11'11111111001 (11 bits, unsigned)
Using template $paramod\_90_fa\WIDTH=32'00000000000000000000000001000000 for cells of type $fa.
Using template $paramod\_90_lcu_brent_kung\WIDTH=32'00000000000000000000000001000000 for cells of type $lcu.
Using template $paramod$f28fc3f2e267d7716249e826e8c90c34ca9542c1\_90_alu for cells of type $alu.
Using template $paramod$32efbfac1c4dc57230cf86180788fdfd12e3b511\_90_alu for cells of type $alu.
Using template $paramod\_90_fa\WIDTH=32'00000000000000000000000000000111 for cells of type $fa.
Using template $paramod\_90_lcu_brent_kung\WIDTH=32'00000000000000000000000000000111 for cells of type $lcu.
No more expansions possible.
<suppressed ~3222 debug messages>

11.21. Executing OPT pass (performing simple optimizations).

11.21.1. Executing OPT_EXPR pass (perform const folding).
Optimizing module wire_arch_a_parser_top.
<suppressed ~1 debug messages>
Optimizing module wire_itch_decoder.
<suppressed ~1098 debug messages>
Optimizing module wire_mold_message_framer.
<suppressed ~1175 debug messages>
Optimizing module wire_mold_header_seq.
<suppressed ~13823 debug messages>
Optimizing module wire_udp_parser.
<suppressed ~3730 debug messages>
Optimizing module wire_ipv4_parser.
<suppressed ~13829 debug messages>
Optimizing module wire_eth_parser.
<suppressed ~176 debug messages>
Optimizing module wire_gearbox_64to8.
<suppressed ~163 debug messages>
Optimizing module wire_ingress_buffer.
<suppressed ~42 debug messages>

11.21.2. Executing OPT_MERGE pass (detect identical cells).
Finding identical cells in module `\wire_arch_a_parser_top'.
Computing hashes of 54 cells of `\wire_arch_a_parser_top'.
Finding duplicate cells in `\wire_arch_a_parser_top'.
Finding identical cells in module `\wire_itch_decoder'.
Computing hashes of 3409 cells of `\wire_itch_decoder'.
Finding duplicate cells in `\wire_itch_decoder'.
Computing hashes of 3133 cells of `\wire_itch_decoder'.
Finding duplicate cells in `\wire_itch_decoder'.
Computing hashes of 3015 cells of `\wire_itch_decoder'.
Finding duplicate cells in `\wire_itch_decoder'.
Computing hashes of 2946 cells of `\wire_itch_decoder'.
Finding duplicate cells in `\wire_itch_decoder'.
Computing hashes of 2935 cells of `\wire_itch_decoder'.
Finding duplicate cells in `\wire_itch_decoder'.
<suppressed ~1422 debug messages>
Finding identical cells in module `\wire_mold_message_framer'.
Computing hashes of 1645 cells of `\wire_mold_message_framer'.
Finding duplicate cells in `\wire_mold_message_framer'.
Computing hashes of 1436 cells of `\wire_mold_message_framer'.
Finding duplicate cells in `\wire_mold_message_framer'.
Computing hashes of 1339 cells of `\wire_mold_message_framer'.
Finding duplicate cells in `\wire_mold_message_framer'.
Computing hashes of 1301 cells of `\wire_mold_message_framer'.
Finding duplicate cells in `\wire_mold_message_framer'.
Computing hashes of 1297 cells of `\wire_mold_message_framer'.
Finding duplicate cells in `\wire_mold_message_framer'.
<suppressed ~1044 debug messages>
Finding identical cells in module `\wire_mold_header_seq'.
Computing hashes of 4671 cells of `\wire_mold_header_seq'.
Finding duplicate cells in `\wire_mold_header_seq'.
Computing hashes of 4438 cells of `\wire_mold_header_seq'.
Finding duplicate cells in `\wire_mold_header_seq'.
Computing hashes of 4330 cells of `\wire_mold_header_seq'.
Finding duplicate cells in `\wire_mold_header_seq'.
Computing hashes of 4268 cells of `\wire_mold_header_seq'.
Finding duplicate cells in `\wire_mold_header_seq'.
Computing hashes of 4220 cells of `\wire_mold_header_seq'.
Finding duplicate cells in `\wire_mold_header_seq'.
Computing hashes of 4154 cells of `\wire_mold_header_seq'.
Finding duplicate cells in `\wire_mold_header_seq'.
Computing hashes of 4034 cells of `\wire_mold_header_seq'.
Finding duplicate cells in `\wire_mold_header_seq'.
Computing hashes of 3802 cells of `\wire_mold_header_seq'.
Finding duplicate cells in `\wire_mold_header_seq'.
Computing hashes of 3346 cells of `\wire_mold_header_seq'.
Finding duplicate cells in `\wire_mold_header_seq'.
Computing hashes of 3212 cells of `\wire_mold_header_seq'.
Finding duplicate cells in `\wire_mold_header_seq'.
Computing hashes of 3211 cells of `\wire_mold_header_seq'.
Finding duplicate cells in `\wire_mold_header_seq'.
Computing hashes of 3210 cells of `\wire_mold_header_seq'.
Finding duplicate cells in `\wire_mold_header_seq'.
Computing hashes of 3209 cells of `\wire_mold_header_seq'.
Finding duplicate cells in `\wire_mold_header_seq'.
Computing hashes of 3208 cells of `\wire_mold_header_seq'.
Finding duplicate cells in `\wire_mold_header_seq'.
Computing hashes of 3207 cells of `\wire_mold_header_seq'.
Finding duplicate cells in `\wire_mold_header_seq'.
Computing hashes of 3206 cells of `\wire_mold_header_seq'.
Finding duplicate cells in `\wire_mold_header_seq'.
Computing hashes of 3205 cells of `\wire_mold_header_seq'.
Finding duplicate cells in `\wire_mold_header_seq'.
Computing hashes of 3204 cells of `\wire_mold_header_seq'.
Finding duplicate cells in `\wire_mold_header_seq'.
Computing hashes of 3203 cells of `\wire_mold_header_seq'.
Finding duplicate cells in `\wire_mold_header_seq'.
Computing hashes of 3202 cells of `\wire_mold_header_seq'.
Finding duplicate cells in `\wire_mold_header_seq'.
Computing hashes of 3201 cells of `\wire_mold_header_seq'.
Finding duplicate cells in `\wire_mold_header_seq'.
Computing hashes of 3200 cells of `\wire_mold_header_seq'.
Finding duplicate cells in `\wire_mold_header_seq'.
Computing hashes of 3199 cells of `\wire_mold_header_seq'.
Finding duplicate cells in `\wire_mold_header_seq'.
Computing hashes of 3198 cells of `\wire_mold_header_seq'.
Finding duplicate cells in `\wire_mold_header_seq'.
<suppressed ~4419 debug messages>
Finding identical cells in module `\wire_udp_parser'.
Computing hashes of 1993 cells of `\wire_udp_parser'.
Finding duplicate cells in `\wire_udp_parser'.
Computing hashes of 1836 cells of `\wire_udp_parser'.
Finding duplicate cells in `\wire_udp_parser'.
Computing hashes of 1769 cells of `\wire_udp_parser'.
Finding duplicate cells in `\wire_udp_parser'.
Computing hashes of 1724 cells of `\wire_udp_parser'.
Finding duplicate cells in `\wire_udp_parser'.
Computing hashes of 1681 cells of `\wire_udp_parser'.
Finding duplicate cells in `\wire_udp_parser'.
Computing hashes of 1615 cells of `\wire_udp_parser'.
Finding duplicate cells in `\wire_udp_parser'.
Computing hashes of 1495 cells of `\wire_udp_parser'.
Finding duplicate cells in `\wire_udp_parser'.
Computing hashes of 1445 cells of `\wire_udp_parser'.
Finding duplicate cells in `\wire_udp_parser'.
Computing hashes of 1444 cells of `\wire_udp_parser'.
Finding duplicate cells in `\wire_udp_parser'.
Computing hashes of 1443 cells of `\wire_udp_parser'.
Finding duplicate cells in `\wire_udp_parser'.
Computing hashes of 1442 cells of `\wire_udp_parser'.
Finding duplicate cells in `\wire_udp_parser'.
Computing hashes of 1441 cells of `\wire_udp_parser'.
Finding duplicate cells in `\wire_udp_parser'.
Computing hashes of 1440 cells of `\wire_udp_parser'.
Finding duplicate cells in `\wire_udp_parser'.
Computing hashes of 1439 cells of `\wire_udp_parser'.
Finding duplicate cells in `\wire_udp_parser'.
Computing hashes of 1438 cells of `\wire_udp_parser'.
Finding duplicate cells in `\wire_udp_parser'.
Computing hashes of 1437 cells of `\wire_udp_parser'.
Finding duplicate cells in `\wire_udp_parser'.
Computing hashes of 1436 cells of `\wire_udp_parser'.
Finding duplicate cells in `\wire_udp_parser'.
Computing hashes of 1435 cells of `\wire_udp_parser'.
Finding duplicate cells in `\wire_udp_parser'.
Computing hashes of 1434 cells of `\wire_udp_parser'.
Finding duplicate cells in `\wire_udp_parser'.
Computing hashes of 1433 cells of `\wire_udp_parser'.
Finding duplicate cells in `\wire_udp_parser'.
Computing hashes of 1432 cells of `\wire_udp_parser'.
Finding duplicate cells in `\wire_udp_parser'.
Computing hashes of 1431 cells of `\wire_udp_parser'.
Finding duplicate cells in `\wire_udp_parser'.
Computing hashes of 1430 cells of `\wire_udp_parser'.
Finding duplicate cells in `\wire_udp_parser'.
Computing hashes of 1429 cells of `\wire_udp_parser'.
Finding duplicate cells in `\wire_udp_parser'.
Computing hashes of 1428 cells of `\wire_udp_parser'.
Finding duplicate cells in `\wire_udp_parser'.
Computing hashes of 1427 cells of `\wire_udp_parser'.
Finding duplicate cells in `\wire_udp_parser'.
<suppressed ~1698 debug messages>
Finding identical cells in module `\wire_ipv4_parser'.
Computing hashes of 4772 cells of `\wire_ipv4_parser'.
Finding duplicate cells in `\wire_ipv4_parser'.
Computing hashes of 4603 cells of `\wire_ipv4_parser'.
Finding duplicate cells in `\wire_ipv4_parser'.
Computing hashes of 4531 cells of `\wire_ipv4_parser'.
Finding duplicate cells in `\wire_ipv4_parser'.
Computing hashes of 4482 cells of `\wire_ipv4_parser'.
Finding duplicate cells in `\wire_ipv4_parser'.
Computing hashes of 4439 cells of `\wire_ipv4_parser'.
Finding duplicate cells in `\wire_ipv4_parser'.
Computing hashes of 4373 cells of `\wire_ipv4_parser'.
Finding duplicate cells in `\wire_ipv4_parser'.
Computing hashes of 4253 cells of `\wire_ipv4_parser'.
Finding duplicate cells in `\wire_ipv4_parser'.
Computing hashes of 4021 cells of `\wire_ipv4_parser'.
Finding duplicate cells in `\wire_ipv4_parser'.
Computing hashes of 3565 cells of `\wire_ipv4_parser'.
Finding duplicate cells in `\wire_ipv4_parser'.
Computing hashes of 3431 cells of `\wire_ipv4_parser'.
Finding duplicate cells in `\wire_ipv4_parser'.
Computing hashes of 3430 cells of `\wire_ipv4_parser'.
Finding duplicate cells in `\wire_ipv4_parser'.
Computing hashes of 3429 cells of `\wire_ipv4_parser'.
Finding duplicate cells in `\wire_ipv4_parser'.
Computing hashes of 3428 cells of `\wire_ipv4_parser'.
Finding duplicate cells in `\wire_ipv4_parser'.
Computing hashes of 3427 cells of `\wire_ipv4_parser'.
Finding duplicate cells in `\wire_ipv4_parser'.
Computing hashes of 3426 cells of `\wire_ipv4_parser'.
Finding duplicate cells in `\wire_ipv4_parser'.
Computing hashes of 3425 cells of `\wire_ipv4_parser'.
Finding duplicate cells in `\wire_ipv4_parser'.
Computing hashes of 3424 cells of `\wire_ipv4_parser'.
Finding duplicate cells in `\wire_ipv4_parser'.
Computing hashes of 3423 cells of `\wire_ipv4_parser'.
Finding duplicate cells in `\wire_ipv4_parser'.
Computing hashes of 3422 cells of `\wire_ipv4_parser'.
Finding duplicate cells in `\wire_ipv4_parser'.
Computing hashes of 3421 cells of `\wire_ipv4_parser'.
Finding duplicate cells in `\wire_ipv4_parser'.
Computing hashes of 3420 cells of `\wire_ipv4_parser'.
Finding duplicate cells in `\wire_ipv4_parser'.
Computing hashes of 3419 cells of `\wire_ipv4_parser'.
Finding duplicate cells in `\wire_ipv4_parser'.
Computing hashes of 3418 cells of `\wire_ipv4_parser'.
Finding duplicate cells in `\wire_ipv4_parser'.
Computing hashes of 3417 cells of `\wire_ipv4_parser'.
Finding duplicate cells in `\wire_ipv4_parser'.
<suppressed ~4065 debug messages>
Finding identical cells in module `\wire_eth_parser'.
Computing hashes of 307 cells of `\wire_eth_parser'.
Finding duplicate cells in `\wire_eth_parser'.
Computing hashes of 266 cells of `\wire_eth_parser'.
Finding duplicate cells in `\wire_eth_parser'.
Computing hashes of 257 cells of `\wire_eth_parser'.
Finding duplicate cells in `\wire_eth_parser'.
Computing hashes of 256 cells of `\wire_eth_parser'.
Finding duplicate cells in `\wire_eth_parser'.
<suppressed ~153 debug messages>
Finding identical cells in module `\wire_gearbox_64to8'.
Computing hashes of 380 cells of `\wire_gearbox_64to8'.
Finding duplicate cells in `\wire_gearbox_64to8'.
Computing hashes of 331 cells of `\wire_gearbox_64to8'.
Finding duplicate cells in `\wire_gearbox_64to8'.
Computing hashes of 308 cells of `\wire_gearbox_64to8'.
Finding duplicate cells in `\wire_gearbox_64to8'.
Computing hashes of 304 cells of `\wire_gearbox_64to8'.
Finding duplicate cells in `\wire_gearbox_64to8'.
<suppressed ~228 debug messages>
Finding identical cells in module `\wire_ingress_buffer'.
Computing hashes of 253 cells of `\wire_ingress_buffer'.
Finding duplicate cells in `\wire_ingress_buffer'.
Computing hashes of 249 cells of `\wire_ingress_buffer'.
Finding duplicate cells in `\wire_ingress_buffer'.
<suppressed ~12 debug messages>
Removed a total of 4347 cells.

11.21.3. Executing OPT_DFF pass (perform DFF optimizations).

11.21.4. Executing OPT_CLEAN pass (remove unused cells and wires).
Finding unused cells or wires in module \wire_arch_a_parser_top..
Finding unused cells or wires in module \wire_itch_decoder..
Finding unused cells or wires in module \wire_mold_message_framer..
Finding unused cells or wires in module \wire_mold_header_seq..
Finding unused cells or wires in module \wire_udp_parser..
Finding unused cells or wires in module \wire_ipv4_parser..
Finding unused cells or wires in module \wire_eth_parser..
Finding unused cells or wires in module \wire_gearbox_64to8..
Finding unused cells or wires in module \wire_ingress_buffer..
Removed 1616 unused cells and 4706 unused wires.
<suppressed ~1626 debug messages>

11.21.5. Finished fast OPT passes.

11.22. Executing ABC pass (technology mapping using ABC).

11.22.1. Summary of detected clock domains:
  6 cells in clk=\clk, en={ }, arst={ }, srst=$auto$fsm_map.cc:74:implement_pattern_cache$5545
  86 cells in clk=\clk, en=$auto$simple.cc:210:make_patterns_logic$6934, arst={ }, srst=$auto$fsm_map.cc:74:implement_pattern_cache$5545
  19 cells in clk=\clk, en=$memory\bytes_q$wren[35][0][0]$y$8285, arst={ }, srst={ }
  26 cells in clk=\clk, en=$memory\bytes_q$wren[34][0][0]$y$8279, arst={ }, srst={ }
  26 cells in clk=\clk, en=$memory\bytes_q$wren[33][0][0]$y$8273, arst={ }, srst={ }
  27 cells in clk=\clk, en=$memory\bytes_q$wren[32][0][0]$y$8267, arst={ }, srst={ }
  26 cells in clk=\clk, en=$memory\bytes_q$wren[31][0][0]$y$8255, arst={ }, srst={ }
  26 cells in clk=\clk, en=$memory\bytes_q$wren[30][0][0]$y$8249, arst={ }, srst={ }
  26 cells in clk=\clk, en=$memory\bytes_q$wren[29][0][0]$y$8243, arst={ }, srst={ }
  26 cells in clk=\clk, en=$memory\bytes_q$wren[28][0][0]$y$8237, arst={ }, srst={ }
  27 cells in clk=\clk, en=$memory\bytes_q$wren[27][0][0]$y$8231, arst={ }, srst={ }
  26 cells in clk=\clk, en=$memory\bytes_q$wren[26][0][0]$y$8225, arst={ }, srst={ }
  26 cells in clk=\clk, en=$memory\bytes_q$wren[25][0][0]$y$8219, arst={ }, srst={ }
  25 cells in clk=\clk, en=$memory\bytes_q$wren[24][0][0]$y$8213, arst={ }, srst={ }
  26 cells in clk=\clk, en=$memory\bytes_q$wren[23][0][0]$y$8205, arst={ }, srst={ }
  34 cells in clk=\clk, en=$memory\bytes_q$wren[22][0][0]$y$8199, arst={ }, srst={ }
  34 cells in clk=\clk, en=$memory\bytes_q$wren[21][0][0]$y$8193, arst={ }, srst={ }
  34 cells in clk=\clk, en=$memory\bytes_q$wren[20][0][0]$y$8187, arst={ }, srst={ }
  47 cells in clk=\clk, en=$memory\bytes_q$wren[19][0][0]$y$8181, arst={ }, srst={ }
  26 cells in clk=\clk, en=$memory\bytes_q$wren[18][0][0]$y$8175, arst={ }, srst={ }
  26 cells in clk=\clk, en=$memory\bytes_q$wren[17][0][0]$y$8169, arst={ }, srst={ }
  27 cells in clk=\clk, en=$memory\bytes_q$wren[16][0][0]$y$8163, arst={ }, srst={ }
  26 cells in clk=\clk, en=$memory\bytes_q$wren[15][0][0]$y$8151, arst={ }, srst={ }
  26 cells in clk=\clk, en=$memory\bytes_q$wren[14][0][0]$y$8145, arst={ }, srst={ }
  26 cells in clk=\clk, en=$memory\bytes_q$wren[13][0][0]$y$8139, arst={ }, srst={ }
  27 cells in clk=\clk, en=$memory\bytes_q$wren[12][0][0]$y$8133, arst={ }, srst={ }
  40 cells in clk=\clk, en=$memory\bytes_q$wren[11][0][0]$y$8127, arst={ }, srst={ }
  10 cells in clk=\clk, en=$memory\bytes_q$wren[10][0][0]$y$8121, arst={ }, srst={ }
  10 cells in clk=\clk, en=$memory\bytes_q$wren[9][0][0]$y$8115, arst={ }, srst={ }
  10 cells in clk=\clk, en=$memory\bytes_q$wren[8][0][0]$y$8109, arst={ }, srst={ }
  10 cells in clk=\clk, en=$memory\bytes_q$wren[7][0][0]$y$8099, arst={ }, srst={ }
  11 cells in clk=\clk, en=$memory\bytes_q$wren[6][0][0]$y$8091, arst={ }, srst={ }
  10 cells in clk=\clk, en=$memory\bytes_q$wren[5][0][0]$y$8081, arst={ }, srst={ }
  19 cells in clk=\clk, en=$memory\bytes_q$wren[2][0][0]$y$8053, arst={ }, srst={ }
  17 cells in clk=\clk, en=$memory\bytes_q$wren[1][0][0]$y$8041, arst={ }, srst={ }
  27 cells in clk=\clk, en=$memory\bytes_q$wren[0][0][0]$y$8031, arst={ }, srst={ }
  134 cells in clk=\clk, en=$auto$simple.cc:210:make_patterns_logic$6964, arst={ }, srst=$auto$fsm_map.cc:74:implement_pattern_cache$5545
  52 cells in clk=\clk, en=$auto$simple.cc:210:make_patterns_logic$6913, arst={ }, srst=$auto$fsm_map.cc:74:implement_pattern_cache$5545
  143 cells in clk=\clk, en=$auto$simple.cc:210:make_patterns_logic$6901, arst={ }, srst=$auto$fsm_map.cc:74:implement_pattern_cache$5545
  147 cells in clk=\clk, en=$auto$fsm_map.cc:74:implement_pattern_cache$5545, arst={ }, srst={ }
  29 cells in clk=\clk, en=$auto$simple.cc:210:make_patterns_logic$6894, arst={ }, srst=$auto$fsm_map.cc:74:implement_pattern_cache$5545
  338 cells in clk=\clk, en={ }, arst={ }, srst={ }
  1140 cells in clk=\clk, en=\state_q [2], arst={ }, srst=$auto$fsm_map.cc:74:implement_pattern_cache$5545

11.22.2. Extracting gate netlist of module `\wire_itch_decoder' to `<abc-temp-dir>/input.blif'..
Found matching posedge clock domain: \clk, synchronously reset by $auto$fsm_map.cc:74:implement_pattern_cache$5545

11.22.3. Extracting gate netlist of module `\wire_itch_decoder' to `<abc-temp-dir>/input.blif'..
Found matching posedge clock domain: \clk, enabled by $auto$simple.cc:210:make_patterns_logic$6934, synchronously reset by $auto$fsm_map.cc:74:implement_pattern_cache$5545

11.22.4. Extracting gate netlist of module `\wire_itch_decoder' to `<abc-temp-dir>/input.blif'..
Found matching posedge clock domain: \clk, enabled by $memory\bytes_q$wren[35][0][0]$y$8285

11.22.5. Extracting gate netlist of module `\wire_itch_decoder' to `<abc-temp-dir>/input.blif'..
Found matching posedge clock domain: \clk, enabled by $memory\bytes_q$wren[34][0][0]$y$8279

11.22.6. Extracting gate netlist of module `\wire_itch_decoder' to `<abc-temp-dir>/input.blif'..
Found matching posedge clock domain: \clk, enabled by $memory\bytes_q$wren[33][0][0]$y$8273

11.22.7. Extracting gate netlist of module `\wire_itch_decoder' to `<abc-temp-dir>/input.blif'..
Found matching posedge clock domain: \clk, enabled by $memory\bytes_q$wren[32][0][0]$y$8267

11.22.8. Extracting gate netlist of module `\wire_itch_decoder' to `<abc-temp-dir>/input.blif'..
Found matching posedge clock domain: \clk, enabled by $memory\bytes_q$wren[31][0][0]$y$8255

11.22.9. Extracting gate netlist of module `\wire_itch_decoder' to `<abc-temp-dir>/input.blif'..
Found matching posedge clock domain: \clk, enabled by $memory\bytes_q$wren[30][0][0]$y$8249

11.22.10. Extracting gate netlist of module `\wire_itch_decoder' to `<abc-temp-dir>/input.blif'..
Found matching posedge clock domain: \clk, enabled by $memory\bytes_q$wren[29][0][0]$y$8243

11.22.11. Extracting gate netlist of module `\wire_itch_decoder' to `<abc-temp-dir>/input.blif'..
Found matching posedge clock domain: \clk, enabled by $memory\bytes_q$wren[28][0][0]$y$8237

11.22.12. Extracting gate netlist of module `\wire_itch_decoder' to `<abc-temp-dir>/input.blif'..
Found matching posedge clock domain: \clk, enabled by $memory\bytes_q$wren[27][0][0]$y$8231

11.22.13. Extracting gate netlist of module `\wire_itch_decoder' to `<abc-temp-dir>/input.blif'..
Found matching posedge clock domain: \clk, enabled by $memory\bytes_q$wren[26][0][0]$y$8225

11.22.14. Extracting gate netlist of module `\wire_itch_decoder' to `<abc-temp-dir>/input.blif'..
Found matching posedge clock domain: \clk, enabled by $memory\bytes_q$wren[25][0][0]$y$8219

11.22.15. Extracting gate netlist of module `\wire_itch_decoder' to `<abc-temp-dir>/input.blif'..
Found matching posedge clock domain: \clk, enabled by $memory\bytes_q$wren[24][0][0]$y$8213

11.22.16. Extracting gate netlist of module `\wire_itch_decoder' to `<abc-temp-dir>/input.blif'..
Found matching posedge clock domain: \clk, enabled by $memory\bytes_q$wren[23][0][0]$y$8205

11.22.17. Extracting gate netlist of module `\wire_itch_decoder' to `<abc-temp-dir>/input.blif'..
Found matching posedge clock domain: \clk, enabled by $memory\bytes_q$wren[22][0][0]$y$8199

11.22.18. Extracting gate netlist of module `\wire_itch_decoder' to `<abc-temp-dir>/input.blif'..
Found matching posedge clock domain: \clk, enabled by $memory\bytes_q$wren[21][0][0]$y$8193

11.22.19. Extracting gate netlist of module `\wire_itch_decoder' to `<abc-temp-dir>/input.blif'..
Found matching posedge clock domain: \clk, enabled by $memory\bytes_q$wren[20][0][0]$y$8187

11.22.20. Extracting gate netlist of module `\wire_itch_decoder' to `<abc-temp-dir>/input.blif'..
Found matching posedge clock domain: \clk, enabled by $memory\bytes_q$wren[19][0][0]$y$8181

11.22.21. Extracting gate netlist of module `\wire_itch_decoder' to `<abc-temp-dir>/input.blif'..
Found matching posedge clock domain: \clk, enabled by $memory\bytes_q$wren[18][0][0]$y$8175

11.22.22. Extracting gate netlist of module `\wire_itch_decoder' to `<abc-temp-dir>/input.blif'..
Found matching posedge clock domain: \clk, enabled by $memory\bytes_q$wren[17][0][0]$y$8169

11.22.23. Extracting gate netlist of module `\wire_itch_decoder' to `<abc-temp-dir>/input.blif'..
Found matching posedge clock domain: \clk, enabled by $memory\bytes_q$wren[16][0][0]$y$8163

11.22.24. Extracting gate netlist of module `\wire_itch_decoder' to `<abc-temp-dir>/input.blif'..
Found matching posedge clock domain: \clk, enabled by $memory\bytes_q$wren[15][0][0]$y$8151

11.22.25. Extracting gate netlist of module `\wire_itch_decoder' to `<abc-temp-dir>/input.blif'..
Found matching posedge clock domain: \clk, enabled by $memory\bytes_q$wren[14][0][0]$y$8145

11.22.26. Extracting gate netlist of module `\wire_itch_decoder' to `<abc-temp-dir>/input.blif'..
Found matching posedge clock domain: \clk, enabled by $memory\bytes_q$wren[13][0][0]$y$8139

11.22.26.1. Executed ABC.
Extracted 5 gates and 12 wires to a netlist network with 6 inputs and 2 outputs.
Running ABC script: <abc-temp-dir>/abc.script
ABC: ======== ABC command line "source <abc-temp-dir>/abc.script"
ABC: + read_blif <abc-temp-dir>/input.blif 
ABC: + read_library <abc-temp-dir>/stdcells.genlib 
ABC: + strash 
ABC: + &get -n 
ABC: + &fraig -x 
ABC: + &put 
ABC: + scorr 
ABC: Warning: The network is combinational (run "fraig" or "fraig_sweep").
ABC: + dc2 
ABC: + dretime 
ABC: + strash 
ABC: + &get -n 
ABC: + &dch -f 
ABC: + &nf 
ABC: + &put 
ABC: + write_blif <abc-temp-dir>/output.blif 

11.22.26.2. Re-integrating ABC results.
ABC RESULTS:               AND cells:        1
ABC RESULTS:            ANDNOT cells:        2
ABC RESULTS:              NAND cells:        1
ABC RESULTS:               NOR cells:        1
ABC RESULTS:                OR cells:        1
ABC RESULTS:        internal signals:        4
ABC RESULTS:           input signals:        6
ABC RESULTS:          output signals:        2
Removing temp directory.

11.22.27. Extracting gate netlist of module `\wire_itch_decoder' to `<abc-temp-dir>/input.blif'..
Found matching posedge clock domain: \clk, enabled by $memory\bytes_q$wren[12][0][0]$y$8133

11.22.28. Extracting gate netlist of module `\wire_itch_decoder' to `<abc-temp-dir>/input.blif'..
Found matching posedge clock domain: \clk, enabled by $memory\bytes_q$wren[11][0][0]$y$8127

11.22.28.1. Executed ABC.
Extracted 85 gates and 142 wires to a netlist network with 55 inputs and 26 outputs.
Running ABC script: <abc-temp-dir>/abc.script
ABC: ======== ABC command line "source <abc-temp-dir>/abc.script"
ABC: + read_blif <abc-temp-dir>/input.blif 
ABC: + read_library <abc-temp-dir>/stdcells.genlib 
ABC: + strash 
ABC: + &get -n 
ABC: + &fraig -x 
ABC: + &put 
ABC: + scorr 
ABC: Warning: The network is combinational (run "fraig" or "fraig_sweep").
ABC: + dc2 
ABC: + dretime 
ABC: + strash 
ABC: + &get -n 
ABC: + &dch -f 
ABC: + &nf 
ABC: + &put 
ABC: + write_blif <abc-temp-dir>/output.blif 

11.22.28.2. Re-integrating ABC results.
ABC RESULTS:               AND cells:       28
ABC RESULTS:            ANDNOT cells:        4
ABC RESULTS:              NAND cells:       20
ABC RESULTS:               NOR cells:        4
ABC RESULTS:               NOT cells:        2
ABC RESULTS:                OR cells:       15
ABC RESULTS:             ORNOT cells:        7
ABC RESULTS:        internal signals:       61
ABC RESULTS:           input signals:       55
ABC RESULTS:          output signals:       26
Removing temp directory.

11.22.28.1. Executed ABC.
Extracted 11 gates and 25 wires to a netlist network with 13 inputs and 10 outputs.
Running ABC script: <abc-temp-dir>/abc.script
ABC: ======== ABC command line "source <abc-temp-dir>/abc.script"
ABC: + read_blif <abc-temp-dir>/input.blif 
ABC: + read_library <abc-temp-dir>/stdcells.genlib 
ABC: + strash 
ABC: + &get -n 
ABC: + &fraig -x 
ABC: + &put 
ABC: + scorr 
ABC: Warning: The network is combinational (run "fraig" or "fraig_sweep").
ABC: + dc2 
ABC: + dretime 
ABC: + strash 
ABC: + &get -n 
ABC: + &dch -f 
ABC: + &nf 
ABC: + &put 
ABC: + write_blif <abc-temp-dir>/output.blif 

11.22.28.2. Re-integrating ABC results.
ABC RESULTS:               AND cells:        2
ABC RESULTS:            ANDNOT cells:        9
ABC RESULTS:        internal signals:        2
ABC RESULTS:           input signals:       13
ABC RESULTS:          output signals:       10
Removing temp directory.

11.22.28.1. Executed ABC.
Extracted 18 gates and 32 wires to a netlist network with 13 inputs and 17 outputs.
Running ABC script: <abc-temp-dir>/abc.script
ABC: ======== ABC command line "source <abc-temp-dir>/abc.script"
ABC: + read_blif <abc-temp-dir>/input.blif 
ABC: + read_library <abc-temp-dir>/stdcells.genlib 
ABC: + strash 
ABC: + &get -n 
ABC: + &fraig -x 
ABC: + &put 
ABC: + scorr 
ABC: Warning: The network is combinational (run "fraig" or "fraig_sweep").
ABC: + dc2 
ABC: + dretime 
ABC: + strash 
ABC: + &get -n 
ABC: + &dch -f 
ABC: + &nf 
ABC: + &put 
ABC: + write_blif <abc-temp-dir>/output.blif 

11.22.28.2. Re-integrating ABC results.
ABC RESULTS:               AND cells:        2
ABC RESULTS:            ANDNOT cells:       16
ABC RESULTS:        internal signals:        2
ABC RESULTS:           input signals:       13
ABC RESULTS:          output signals:       17
Removing temp directory.

11.22.28.1. Executed ABC.
Extracted 18 gates and 32 wires to a netlist network with 13 inputs and 17 outputs.
Running ABC script: <abc-temp-dir>/abc.script
ABC: ======== ABC command line "source <abc-temp-dir>/abc.script"
ABC: + read_blif <abc-temp-dir>/input.blif 
ABC: + read_library <abc-temp-dir>/stdcells.genlib 
ABC: + strash 
ABC: + &get -n 
ABC: + &fraig -x 
ABC: + &put 
ABC: + scorr 
ABC: Warning: The network is combinational (run "fraig" or "fraig_sweep").
ABC: + dc2 
ABC: + dretime 
ABC: + strash 
ABC: + &get -n 
ABC: + &dch -f 
ABC: + &nf 
ABC: + &put 
ABC: + write_blif <abc-temp-dir>/output.blif 

11.22.28.2. Re-integrating ABC results.
ABC RESULTS:               AND cells:        2
ABC RESULTS:            ANDNOT cells:       16
ABC RESULTS:        internal signals:        2
ABC RESULTS:           input signals:       13
ABC RESULTS:          output signals:       17
Removing temp directory.

11.22.28.1. Executed ABC.
Extracted 19 gates and 34 wires to a netlist network with 14 inputs and 18 outputs.
Running ABC script: <abc-temp-dir>/abc.script
ABC: ======== ABC command line "source <abc-temp-dir>/abc.script"
ABC: + read_blif <abc-temp-dir>/input.blif 
ABC: + read_library <abc-temp-dir>/stdcells.genlib 
ABC: + strash 
ABC: + &get -n 
ABC: + &fraig -x 
ABC: + &put 
ABC: + scorr 
ABC: Warning: The network is combinational (run "fraig" or "fraig_sweep").
ABC: + dc2 
ABC: + dretime 
ABC: + strash 
ABC: + &get -n 
ABC: + &dch -f 
ABC: + &nf 
ABC: + &put 
ABC: + write_blif <abc-temp-dir>/output.blif 

11.22.28.2. Re-integrating ABC results.
ABC RESULTS:               AND cells:        3
ABC RESULTS:            ANDNOT cells:       16
ABC RESULTS:        internal signals:        2
ABC RESULTS:           input signals:       14
ABC RESULTS:          output signals:       18
Removing temp directory.

11.22.28.1. Executed ABC.
Extracted 18 gates and 39 wires to a netlist network with 20 inputs and 17 outputs.
Running ABC script: <abc-temp-dir>/abc.script
ABC: ======== ABC command line "source <abc-temp-dir>/abc.script"
ABC: + read_blif <abc-temp-dir>/input.blif 
ABC: + read_library <abc-temp-dir>/stdcells.genlib 
ABC: + strash 
ABC: + &get -n 
ABC: + &fraig -x 
ABC: + &put 
ABC: + scorr 
ABC: Warning: The network is combinational (run "fraig" or "fraig_sweep").
ABC: + dc2 
ABC: + dretime 
ABC: + strash 
ABC: + &get -n 
ABC: + &dch -f 
ABC: + &nf 
ABC: + &put 
ABC: + write_blif <abc-temp-dir>/output.blif 

11.22.28.2. Re-integrating ABC results.
ABC RESULTS:               AND cells:        2
ABC RESULTS:            ANDNOT cells:        8
ABC RESULTS:               XOR cells:        8
ABC RESULTS:        internal signals:        2
ABC RESULTS:           input signals:       20
ABC RESULTS:          output signals:       17
Removing temp directory.

11.22.28.1. Executed ABC.
Extracted 18 gates and 38 wires to a netlist network with 20 inputs and 17 outputs.
Running ABC script: <abc-temp-dir>/abc.script
ABC: ======== ABC command line "source <abc-temp-dir>/abc.script"
ABC: + read_blif <abc-temp-dir>/input.blif 
ABC: + read_library <abc-temp-dir>/stdcells.genlib 
ABC: + strash 
ABC: + &get -n 
ABC: + &fraig -x 
ABC: + &put 
ABC: + scorr 
ABC: Warning: The network is combinational (run "fraig" or "fraig_sweep").
ABC: + dc2 
ABC: + dretime 
ABC: + strash 
ABC: + &get -n 
ABC: + &dch -f 
ABC: + &nf 
ABC: + &put 
ABC: + write_blif <abc-temp-dir>/output.blif 

11.22.28.2. Re-integrating ABC results.
ABC RESULTS:               AND cells:       10
ABC RESULTS:               XOR cells:        8
ABC RESULTS:        internal signals:        1
ABC RESULTS:           input signals:       20
ABC RESULTS:          output signals:       17
Removing temp directory.

11.22.28.1. Executed ABC.
Extracted 18 gates and 38 wires to a netlist network with 20 inputs and 17 outputs.
Running ABC script: <abc-temp-dir>/abc.script
ABC: ======== ABC command line "source <abc-temp-dir>/abc.script"
ABC: + read_blif <abc-temp-dir>/input.blif 
ABC: + read_library <abc-temp-dir>/stdcells.genlib 
ABC: + strash 
ABC: + &get -n 
ABC: + &fraig -x 
ABC: + &put 
ABC: + scorr 
ABC: Warning: The network is combinational (run "fraig" or "fraig_sweep").
ABC: + dc2 
ABC: + dretime 
ABC: + strash 
ABC: + &get -n 
ABC: + &dch -f 
ABC: + &nf 
ABC: + &put 
ABC: + write_blif <abc-temp-dir>/output.blif 

11.22.28.2. Re-integrating ABC results.
ABC RESULTS:               AND cells:       10
ABC RESULTS:               XOR cells:        8
ABC RESULTS:        internal signals:        1
ABC RESULTS:           input signals:       20
ABC RESULTS:          output signals:       17
Removing temp directory.

11.22.28.1. Executed ABC.
Extracted 18 gates and 38 wires to a netlist network with 20 inputs and 17 outputs.
Running ABC script: <abc-temp-dir>/abc.script
ABC: ======== ABC command line "source <abc-temp-dir>/abc.script"
ABC: + read_blif <abc-temp-dir>/input.blif 
ABC: + read_library <abc-temp-dir>/stdcells.genlib 
ABC: + strash 
ABC: + &get -n 
ABC: + &fraig -x 
ABC: + &put 
ABC: + scorr 
ABC: Warning: The network is combinational (run "fraig" or "fraig_sweep").
ABC: + dc2 
ABC: + dretime 
ABC: + strash 
ABC: + &get -n 
ABC: + &dch -f 
ABC: + &nf 
ABC: + &put 
ABC: + write_blif <abc-temp-dir>/output.blif 

11.22.28.2. Re-integrating ABC results.
ABC RESULTS:               AND cells:       10
ABC RESULTS:               XOR cells:        8
ABC RESULTS:        internal signals:        1
ABC RESULTS:           input signals:       20
ABC RESULTS:          output signals:       17
Removing temp directory.

11.22.28.1. Executed ABC.
Extracted 19 gates and 39 wires to a netlist network with 20 inputs and 18 outputs.
Running ABC script: <abc-temp-dir>/abc.script
ABC: ======== ABC command line "source <abc-temp-dir>/abc.script"
ABC: + read_blif <abc-temp-dir>/input.blif 
ABC: + read_library <abc-temp-dir>/stdcells.genlib 
ABC: + strash 
ABC: + &get -n 
ABC: + &fraig -x 
ABC: + &put 
ABC: + scorr 
ABC: Warning: The network is combinational (run "fraig" or "fraig_sweep").
ABC: + dc2 
ABC: + dretime 
ABC: + strash 
ABC: + &get -n 
ABC: + &dch -f 
ABC: + &nf 
ABC: + &put 
ABC: + write_blif <abc-temp-dir>/output.blif 

11.22.28.2. Re-integrating ABC results.
ABC RESULTS:               AND cells:        2
ABC RESULTS:            ANDNOT cells:        8
ABC RESULTS:               NOT cells:        1
ABC RESULTS:               XOR cells:        8
ABC RESULTS:        internal signals:        1
ABC RESULTS:           input signals:       20
ABC RESULTS:          output signals:       18
Removing temp directory.

11.22.29. Extracting gate netlist of module `\wire_itch_decoder' to `<abc-temp-dir>/input.blif'..
Found matching posedge clock domain: \clk, enabled by $memory\bytes_q$wren[10][0][0]$y$8121

11.22.30. Extracting gate netlist of module `\wire_itch_decoder' to `<abc-temp-dir>/input.blif'..
Found matching posedge clock domain: \clk, enabled by $memory\bytes_q$wren[9][0][0]$y$8115

11.22.31. Extracting gate netlist of module `\wire_itch_decoder' to `<abc-temp-dir>/input.blif'..
Found matching posedge clock domain: \clk, enabled by $memory\bytes_q$wren[8][0][0]$y$8109

11.22.32. Extracting gate netlist of module `\wire_itch_decoder' to `<abc-temp-dir>/input.blif'..
Found matching posedge clock domain: \clk, enabled by $memory\bytes_q$wren[7][0][0]$y$8099

11.22.33. Extracting gate netlist of module `\wire_itch_decoder' to `<abc-temp-dir>/input.blif'..
Found matching posedge clock domain: \clk, enabled by $memory\bytes_q$wren[6][0][0]$y$8091

11.22.34. Extracting gate netlist of module `\wire_itch_decoder' to `<abc-temp-dir>/input.blif'..
Found matching posedge clock domain: \clk, enabled by $memory\bytes_q$wren[5][0][0]$y$8081

11.22.35. Extracting gate netlist of module `\wire_itch_decoder' to `<abc-temp-dir>/input.blif'..
Found matching posedge clock domain: \clk, enabled by $memory\bytes_q$wren[2][0][0]$y$8053

11.22.36. Extracting gate netlist of module `\wire_itch_decoder' to `<abc-temp-dir>/input.blif'..
Found matching posedge clock domain: \clk, enabled by $memory\bytes_q$wren[1][0][0]$y$8041

11.22.37. Extracting gate netlist of module `\wire_itch_decoder' to `<abc-temp-dir>/input.blif'..
Found matching posedge clock domain: \clk, enabled by $memory\bytes_q$wren[0][0][0]$y$8031

11.22.38. Extracting gate netlist of module `\wire_itch_decoder' to `<abc-temp-dir>/input.blif'..
Found matching posedge clock domain: \clk, enabled by $auto$simple.cc:210:make_patterns_logic$6964, synchronously reset by $auto$fsm_map.cc:74:implement_pattern_cache$5545

11.22.39. Extracting gate netlist of module `\wire_itch_decoder' to `<abc-temp-dir>/input.blif'..
Found matching posedge clock domain: \clk, enabled by $auto$simple.cc:210:make_patterns_logic$6913, synchronously reset by $auto$fsm_map.cc:74:implement_pattern_cache$5545

11.22.40. Extracting gate netlist of module `\wire_itch_decoder' to `<abc-temp-dir>/input.blif'..
Found matching posedge clock domain: \clk, enabled by $auto$simple.cc:210:make_patterns_logic$6901, synchronously reset by $auto$fsm_map.cc:74:implement_pattern_cache$5545

11.22.41. Extracting gate netlist of module `\wire_itch_decoder' to `<abc-temp-dir>/input.blif'..
Found matching posedge clock domain: \clk, enabled by $auto$fsm_map.cc:74:implement_pattern_cache$5545

11.22.42. Extracting gate netlist of module `\wire_itch_decoder' to `<abc-temp-dir>/input.blif'..
Found matching posedge clock domain: \clk, enabled by $auto$simple.cc:210:make_patterns_logic$6894, synchronously reset by $auto$fsm_map.cc:74:implement_pattern_cache$5545

11.22.43. Extracting gate netlist of module `\wire_itch_decoder' to `<abc-temp-dir>/input.blif'..
Found matching posedge clock domain: \clk

11.22.43.1. Executed ABC.
Extracted 18 gates and 39 wires to a netlist network with 20 inputs and 17 outputs.
Running ABC script: <abc-temp-dir>/abc.script
ABC: ======== ABC command line "source <abc-temp-dir>/abc.script"
ABC: + read_blif <abc-temp-dir>/input.blif 
ABC: + read_library <abc-temp-dir>/stdcells.genlib 
ABC: + strash 
ABC: + &get -n 
ABC: + &fraig -x 
ABC: + &put 
ABC: + scorr 
ABC: Warning: The network is combinational (run "fraig" or "fraig_sweep").
ABC: + dc2 
ABC: + dretime 
ABC: + strash 
ABC: + &get -n 
ABC: + &dch -f 
ABC: + &nf 
ABC: + &put 
ABC: + write_blif <abc-temp-dir>/output.blif 

11.22.43.2. Re-integrating ABC results.
ABC RESULTS:               AND cells:        2
ABC RESULTS:            ANDNOT cells:        8
ABC RESULTS:               XOR cells:        8
ABC RESULTS:        internal signals:        2
ABC RESULTS:           input signals:       20
ABC RESULTS:          output signals:       17
Removing temp directory.

11.22.43.1. Executed ABC.
Extracted 18 gates and 39 wires to a netlist network with 20 inputs and 17 outputs.
Running ABC script: <abc-temp-dir>/abc.script
ABC: ======== ABC command line "source <abc-temp-dir>/abc.script"
ABC: + read_blif <abc-temp-dir>/input.blif 
ABC: + read_library <abc-temp-dir>/stdcells.genlib 
ABC: + strash 
ABC: + &get -n 
ABC: + &fraig -x 
ABC: + &put 
ABC: + scorr 
ABC: Warning: The network is combinational (run "fraig" or "fraig_sweep").
ABC: + dc2 
ABC: + dretime 
ABC: + strash 
ABC: + &get -n 
ABC: + &dch -f 
ABC: + &nf 
ABC: + &put 
ABC: + write_blif <abc-temp-dir>/output.blif 

11.22.43.2. Re-integrating ABC results.
ABC RESULTS:               AND cells:        2
ABC RESULTS:            ANDNOT cells:        8
ABC RESULTS:               XOR cells:        8
ABC RESULTS:        internal signals:        2
ABC RESULTS:           input signals:       20
ABC RESULTS:          output signals:       17
Removing temp directory.

11.22.43.1. Executed ABC.
Extracted 17 gates and 37 wires to a netlist network with 19 inputs and 16 outputs.
Running ABC script: <abc-temp-dir>/abc.script
ABC: ======== ABC command line "source <abc-temp-dir>/abc.script"
ABC: + read_blif <abc-temp-dir>/input.blif 
ABC: + read_library <abc-temp-dir>/stdcells.genlib 
ABC: + strash 
ABC: + &get -n 
ABC: + &fraig -x 
ABC: + &put 
ABC: + scorr 
ABC: Warning: The network is combinational (run "fraig" or "fraig_sweep").
ABC: + dc2 
ABC: + dretime 
ABC: + strash 
ABC: + &get -n 
ABC: + &dch -f 
ABC: + &nf 
ABC: + &put 
ABC: + write_blif <abc-temp-dir>/output.blif 

11.22.43.2. Re-integrating ABC results.
ABC RESULTS:               AND cells:        2
ABC RESULTS:            ANDNOT cells:        8
ABC RESULTS:               XOR cells:        7
ABC RESULTS:        internal signals:        2
ABC RESULTS:           input signals:       19
ABC RESULTS:          output signals:       16
Removing temp directory.

11.22.43.1. Executed ABC.
Extracted 18 gates and 32 wires to a netlist network with 13 inputs and 17 outputs.
Running ABC script: <abc-temp-dir>/abc.script
ABC: ======== ABC command line "source <abc-temp-dir>/abc.script"
ABC: + read_blif <abc-temp-dir>/input.blif 
ABC: + read_library <abc-temp-dir>/stdcells.genlib 
ABC: + strash 
ABC: + &get -n 
ABC: + &fraig -x 
ABC: + &put 
ABC: + scorr 
ABC: Warning: The network is combinational (run "fraig" or "fraig_sweep").
ABC: + dc2 
ABC: + dretime 
ABC: + strash 
ABC: + &get -n 
ABC: + &dch -f 
ABC: + &nf 
ABC: + &put 
ABC: + write_blif <abc-temp-dir>/output.blif 

11.22.43.2. Re-integrating ABC results.
ABC RESULTS:               AND cells:        2
ABC RESULTS:            ANDNOT cells:       16
ABC RESULTS:        internal signals:        2
ABC RESULTS:           input signals:       13
ABC RESULTS:          output signals:       17
Removing temp directory.

11.22.43.1. Executed ABC.
Extracted 26 gates and 41 wires to a netlist network with 14 inputs and 25 outputs.
Running ABC script: <abc-temp-dir>/abc.script
ABC: ======== ABC command line "source <abc-temp-dir>/abc.script"
ABC: + read_blif <abc-temp-dir>/input.blif 
ABC: + read_library <abc-temp-dir>/stdcells.genlib 
ABC: + strash 
ABC: + &get -n 
ABC: + &fraig -x 
ABC: + &put 
ABC: + scorr 
ABC: Warning: The network is combinational (run "fraig" or "fraig_sweep").
ABC: + dc2 
ABC: + dretime 
ABC: + strash 
ABC: + &get -n 
ABC: + &dch -f 
ABC: + &nf 
ABC: + &put 
ABC: + write_blif <abc-temp-dir>/output.blif 

11.22.43.2. Re-integrating ABC results.
ABC RESULTS:               AND cells:       10
ABC RESULTS:            ANDNOT cells:       16
ABC RESULTS:        internal signals:        2
ABC RESULTS:           input signals:       14
ABC RESULTS:          output signals:       25
Removing temp directory.

11.22.44. Extracting gate netlist of module `\wire_itch_decoder' to `<abc-temp-dir>/input.blif'..
Found matching posedge clock domain: \clk, enabled by \state_q [2], synchronously reset by $auto$fsm_map.cc:74:implement_pattern_cache$5545

11.22.45. Summary of detected clock domains:
  161 cells in clk=\clk, en={ }, arst={ }, srst=\rst
  9 cells in clk=\clk, en=$auto$simple.cc:210:make_patterns_logic$7298, arst={ }, srst=\rst
  423 cells in clk=\clk, en=$auto$simple.cc:210:make_patterns_logic$7278, arst={ }, srst=\rst
  1804 cells in clk=\clk, en=$auto$simple.cc:210:make_patterns_logic$7266, arst={ }, srst=\rst
  156 cells in clk=\clk, en=$auto$simple.cc:210:make_patterns_logic$7260, arst={ }, srst=\rst
  256 cells in clk=\clk, en={ }, arst={ }, srst={ }

11.22.45.1. Executed ABC.
Extracted 26 gates and 41 wires to a netlist network with 14 inputs and 25 outputs.
Running ABC script: <abc-temp-dir>/abc.script
ABC: ======== ABC command line "source <abc-temp-dir>/abc.script"
ABC: + read_blif <abc-temp-dir>/input.blif 
ABC: + read_library <abc-temp-dir>/stdcells.genlib 
ABC: + strash 
ABC: + &get -n 
ABC: + &fraig -x 
ABC: + &put 
ABC: + scorr 
ABC: Warning: The network is combinational (run "fraig" or "fraig_sweep").
ABC: + dc2 
ABC: + dretime 
ABC: + strash 
ABC: + &get -n 
ABC: + &dch -f 
ABC: + &nf 
ABC: + &put 
ABC: + write_blif <abc-temp-dir>/output.blif 

11.22.45.2. Re-integrating ABC results.
ABC RESULTS:               AND cells:       10
ABC RESULTS:            ANDNOT cells:       16
ABC RESULTS:        internal signals:        2
ABC RESULTS:           input signals:       14
ABC RESULTS:          output signals:       25
Removing temp directory.

11.22.45.1. Executed ABC.
Extracted 26 gates and 41 wires to a netlist network with 14 inputs and 25 outputs.
Running ABC script: <abc-temp-dir>/abc.script
ABC: ======== ABC command line "source <abc-temp-dir>/abc.script"
ABC: + read_blif <abc-temp-dir>/input.blif 
ABC: + read_library <abc-temp-dir>/stdcells.genlib 
ABC: + strash 
ABC: + &get -n 
ABC: + &fraig -x 
ABC: + &put 
ABC: + scorr 
ABC: Warning: The network is combinational (run "fraig" or "fraig_sweep").
ABC: + dc2 
ABC: + dretime 
ABC: + strash 
ABC: + &get -n 
ABC: + &dch -f 
ABC: + &nf 
ABC: + &put 
ABC: + write_blif <abc-temp-dir>/output.blif 

11.22.45.2. Re-integrating ABC results.
ABC RESULTS:               AND cells:       10
ABC RESULTS:            ANDNOT cells:       16
ABC RESULTS:        internal signals:        2
ABC RESULTS:           input signals:       14
ABC RESULTS:          output signals:       25
Removing temp directory.

11.22.45.1. Executed ABC.
Extracted 39 gates and 60 wires to a netlist network with 20 inputs and 31 outputs.
Running ABC script: <abc-temp-dir>/abc.script
ABC: ======== ABC command line "source <abc-temp-dir>/abc.script"
ABC: + read_blif <abc-temp-dir>/input.blif 
ABC: + read_library <abc-temp-dir>/stdcells.genlib 
ABC: + strash 
ABC: + &get -n 
ABC: + &fraig -x 
ABC: + &put 
ABC: + scorr 
ABC: Warning: The network is combinational (run "fraig" or "fraig_sweep").
ABC: + dc2 
ABC: + dretime 
ABC: + strash 
ABC: + &get -n 
ABC: + &dch -f 
ABC: + &nf 
ABC: + &put 
ABC: + write_blif <abc-temp-dir>/output.blif 

11.22.45.2. Re-integrating ABC results.
ABC RESULTS:               AND cells:       20
ABC RESULTS:            ANDNOT cells:        2
ABC RESULTS:               NOR cells:        3
ABC RESULTS:               NOT cells:        4
ABC RESULTS:                OR cells:        5
ABC RESULTS:             ORNOT cells:        3
ABC RESULTS:        internal signals:        9
ABC RESULTS:           input signals:       20
ABC RESULTS:          output signals:       31
Removing temp directory.

11.22.45.1. Executed ABC.
Extracted 18 gates and 32 wires to a netlist network with 13 inputs and 17 outputs.
Running ABC script: <abc-temp-dir>/abc.script
ABC: ======== ABC command line "source <abc-temp-dir>/abc.script"
ABC: + read_blif <abc-temp-dir>/input.blif 
ABC: + read_library <abc-temp-dir>/stdcells.genlib 
ABC: + strash 
ABC: + &get -n 
ABC: + &fraig -x 
ABC: + &put 
ABC: + scorr 
ABC: Warning: The network is combinational (run "fraig" or "fraig_sweep").
ABC: + dc2 
ABC: + dretime 
ABC: + strash 
ABC: + &get -n 
ABC: + &dch -f 
ABC: + &nf 
ABC: + &put 
ABC: + write_blif <abc-temp-dir>/output.blif 

11.22.45.2. Re-integrating ABC results.
ABC RESULTS:               AND cells:       10
ABC RESULTS:            ANDNOT cells:        8
ABC RESULTS:        internal signals:        2
ABC RESULTS:           input signals:       13
ABC RESULTS:          output signals:       17
Removing temp directory.

11.22.45.1. Executed ABC.
Extracted 18 gates and 32 wires to a netlist network with 13 inputs and 17 outputs.
Running ABC script: <abc-temp-dir>/abc.script
ABC: ======== ABC command line "source <abc-temp-dir>/abc.script"
ABC: + read_blif <abc-temp-dir>/input.blif 
ABC: + read_library <abc-temp-dir>/stdcells.genlib 
ABC: + strash 
ABC: + &get -n 
ABC: + &fraig -x 
ABC: + &put 
ABC: + scorr 
ABC: Warning: The network is combinational (run "fraig" or "fraig_sweep").
ABC: + dc2 
ABC: + dretime 
ABC: + strash 
ABC: + &get -n 
ABC: + &dch -f 
ABC: + &nf 
ABC: + &put 
ABC: + write_blif <abc-temp-dir>/output.blif 

11.22.45.2. Re-integrating ABC results.
ABC RESULTS:               AND cells:       10
ABC RESULTS:            ANDNOT cells:        8
ABC RESULTS:        internal signals:        2
ABC RESULTS:           input signals:       13
ABC RESULTS:          output signals:       17
Removing temp directory.

11.22.45.1. Executed ABC.
Extracted 19 gates and 34 wires to a netlist network with 14 inputs and 18 outputs.
Running ABC script: <abc-temp-dir>/abc.script
ABC: ======== ABC command line "source <abc-temp-dir>/abc.script"
ABC: + read_blif <abc-temp-dir>/input.blif 
ABC: + read_library <abc-temp-dir>/stdcells.genlib 
ABC: + strash 
ABC: + &get -n 
ABC: + &fraig -x 
ABC: + &put 
ABC: + scorr 
ABC: Warning: The network is combinational (run "fraig" or "fraig_sweep").
ABC: + dc2 
ABC: + dretime 
ABC: + strash 
ABC: + &get -n 
ABC: + &dch -f 
ABC: + &nf 
ABC: + &put 
ABC: + write_blif <abc-temp-dir>/output.blif 

11.22.45.2. Re-integrating ABC results.
ABC RESULTS:               AND cells:       11
ABC RESULTS:            ANDNOT cells:        8
ABC RESULTS:        internal signals:        2
ABC RESULTS:           input signals:       14
ABC RESULTS:          output signals:       18
Removing temp directory.

11.22.46. Extracting gate netlist of module `\wire_ipv4_parser' to `<abc-temp-dir>/input.blif'..
Found matching posedge clock domain: \clk, synchronously reset by \rst

11.22.47. Extracting gate netlist of module `\wire_ipv4_parser' to `<abc-temp-dir>/input.blif'..
Found matching posedge clock domain: \clk, enabled by $auto$simple.cc:210:make_patterns_logic$7298, synchronously reset by \rst

11.22.47.1. Executed ABC.
Extracted 18 gates and 32 wires to a netlist network with 13 inputs and 17 outputs.
Running ABC script: <abc-temp-dir>/abc.script
ABC: ======== ABC command line "source <abc-temp-dir>/abc.script"
ABC: + read_blif <abc-temp-dir>/input.blif 
ABC: + read_library <abc-temp-dir>/stdcells.genlib 
ABC: + strash 
ABC: + &get -n 
ABC: + &fraig -x 
ABC: + &put 
ABC: + scorr 
ABC: Warning: The network is combinational (run "fraig" or "fraig_sweep").
ABC: + dc2 
ABC: + dretime 
ABC: + strash 
ABC: + &get -n 
ABC: + &dch -f 
ABC: + &nf 
ABC: + &put 
ABC: + write_blif <abc-temp-dir>/output.blif 

11.22.47.2. Re-integrating ABC results.
ABC RESULTS:               AND cells:       10
ABC RESULTS:            ANDNOT cells:        8
ABC RESULTS:        internal signals:        2
ABC RESULTS:           input signals:       13
ABC RESULTS:          output signals:       17
Removing temp directory.

11.22.48. Extracting gate netlist of module `\wire_ipv4_parser' to `<abc-temp-dir>/input.blif'..
Found matching posedge clock domain: \clk, enabled by $auto$simple.cc:210:make_patterns_logic$7278, synchronously reset by \rst

11.22.49. Extracting gate netlist of module `\wire_ipv4_parser' to `<abc-temp-dir>/input.blif'..
Found matching posedge clock domain: \clk, enabled by $auto$simple.cc:210:make_patterns_logic$7266, synchronously reset by \rst

11.22.50. Extracting gate netlist of module `\wire_ipv4_parser' to `<abc-temp-dir>/input.blif'..
Found matching posedge clock domain: \clk, enabled by $auto$simple.cc:210:make_patterns_logic$7260, synchronously reset by \rst

11.22.51. Extracting gate netlist of module `\wire_ipv4_parser' to `<abc-temp-dir>/input.blif'..
Found matching posedge clock domain: \clk

11.22.52. Summary of detected clock domains:
  70 cells in clk=\clk, en=$auto$simple.cc:210:make_patterns_logic$7071, arst={ }, srst=$auto$fsm_map.cc:74:implement_pattern_cache$6111
  11 cells in clk=\clk, en=$auto$simple.cc:210:make_patterns_logic$7117, arst={ }, srst=$auto$fsm_map.cc:74:implement_pattern_cache$6111
  95 cells in clk=\clk, en=$auto$simple.cc:210:make_patterns_logic$7719, arst={ }, srst=$auto$fsm_map.cc:74:implement_pattern_cache$6111
  179 cells in clk=\clk, en={ }, arst={ }, srst=$auto$fsm_map.cc:74:implement_pattern_cache$6111
  16 cells in clk=\clk, en=$auto$simple.cc:210:make_patterns_logic$7105, arst={ }, srst=$auto$fsm_map.cc:74:implement_pattern_cache$6111
  1273 cells in clk=\clk, en=$auto$simple.cc:210:make_patterns_logic$7085, arst={ }, srst=$auto$fsm_map.cc:74:implement_pattern_cache$6111
  81 cells in clk=\clk, en=$auto$fsm_map.cc:74:implement_pattern_cache$6111, arst={ }, srst={ }
  376 cells in clk=\clk, en=$auto$simple.cc:210:make_patterns_logic$7062, arst={ }, srst={ }
  126 cells in clk=\clk, en=$auto$simple.cc:210:make_patterns_logic$7027, arst={ }, srst=$auto$fsm_map.cc:74:implement_pattern_cache$6111
  9 cells in clk=\clk, en=$auto$simple.cc:210:make_patterns_logic$7012, arst={ }, srst=$auto$fsm_map.cc:74:implement_pattern_cache$6111
  345 cells in clk=\clk, en={ }, arst={ }, srst={ }

11.22.52.1. Executed ABC.
Extracted 18 gates and 32 wires to a netlist network with 13 inputs and 17 outputs.
Running ABC script: <abc-temp-dir>/abc.script
ABC: ======== ABC command line "source <abc-temp-dir>/abc.script"
ABC: + read_blif <abc-temp-dir>/input.blif 
ABC: + read_library <abc-temp-dir>/stdcells.genlib 
ABC: + strash 
ABC: + &get -n 
ABC: + &fraig -x 
ABC: + &put 
ABC: + scorr 
ABC: Warning: The network is combinational (run "fraig" or "fraig_sweep").
ABC: + dc2 
ABC: + dretime 
ABC: + strash 
ABC: + &get -n 
ABC: + &dch -f 
ABC: + &nf 
ABC: + &put 
ABC: + write_blif <abc-temp-dir>/output.blif 

11.22.52.2. Re-integrating ABC results.
ABC RESULTS:               AND cells:       10
ABC RESULTS:            ANDNOT cells:        8
ABC RESULTS:        internal signals:        2
ABC RESULTS:           input signals:       13
ABC RESULTS:          output signals:       17
Removing temp directory.

11.22.52.1. Executed ABC.
Extracted 18 gates and 32 wires to a netlist network with 13 inputs and 17 outputs.
Running ABC script: <abc-temp-dir>/abc.script
ABC: ======== ABC command line "source <abc-temp-dir>/abc.script"
ABC: + read_blif <abc-temp-dir>/input.blif 
ABC: + read_library <abc-temp-dir>/stdcells.genlib 
ABC: + strash 
ABC: + &get -n 
ABC: + &fraig -x 
ABC: + &put 
ABC: + scorr 
ABC: Warning: The network is combinational (run "fraig" or "fraig_sweep").
ABC: + dc2 
ABC: + dretime 
ABC: + strash 
ABC: + &get -n 
ABC: + &dch -f 
ABC: + &nf 
ABC: + &put 
ABC: + write_blif <abc-temp-dir>/output.blif 

11.22.52.2. Re-integrating ABC results.
ABC RESULTS:               AND cells:       10
ABC RESULTS:            ANDNOT cells:        8
ABC RESULTS:        internal signals:        2
ABC RESULTS:           input signals:       13
ABC RESULTS:          output signals:       17
Removing temp directory.

11.22.53. Extracting gate netlist of module `\wire_mold_header_seq' to `<abc-temp-dir>/input.blif'..
Found matching posedge clock domain: \clk, enabled by $auto$simple.cc:210:make_patterns_logic$7071, synchronously reset by $auto$fsm_map.cc:74:implement_pattern_cache$6111

11.22.54. Extracting gate netlist of module `\wire_mold_header_seq' to `<abc-temp-dir>/input.blif'..
Found matching posedge clock domain: \clk, enabled by $auto$simple.cc:210:make_patterns_logic$7117, synchronously reset by $auto$fsm_map.cc:74:implement_pattern_cache$6111

11.22.55. Extracting gate netlist of module `\wire_mold_header_seq' to `<abc-temp-dir>/input.blif'..
Found matching posedge clock domain: \clk, enabled by $auto$simple.cc:210:make_patterns_logic$7719, synchronously reset by $auto$fsm_map.cc:74:implement_pattern_cache$6111

11.22.55.1. Executed ABC.
Extracted 19 gates and 34 wires to a netlist network with 14 inputs and 18 outputs.
Running ABC script: <abc-temp-dir>/abc.script
ABC: ======== ABC command line "source <abc-temp-dir>/abc.script"
ABC: + read_blif <abc-temp-dir>/input.blif 
ABC: + read_library <abc-temp-dir>/stdcells.genlib 
ABC: + strash 
ABC: + &get -n 
ABC: + &fraig -x 
ABC: + &put 
ABC: + scorr 
ABC: Warning: The network is combinational (run "fraig" or "fraig_sweep").
ABC: + dc2 
ABC: + dretime 
ABC: + strash 
ABC: + &get -n 
ABC: + &dch -f 
ABC: + &nf 
ABC: + &put 
ABC: + write_blif <abc-temp-dir>/output.blif 

11.22.55.2. Re-integrating ABC results.
ABC RESULTS:               AND cells:       11
ABC RESULTS:            ANDNOT cells:        8
ABC RESULTS:        internal signals:        2
ABC RESULTS:           input signals:       14
ABC RESULTS:          output signals:       18
Removing temp directory.

11.22.55.1. Executed ABC.
Extracted 32 gates and 57 wires to a netlist network with 24 inputs and 22 outputs.
Running ABC script: <abc-temp-dir>/abc.script
ABC: ======== ABC command line "source <abc-temp-dir>/abc.script"
ABC: + read_blif <abc-temp-dir>/input.blif 
ABC: + read_library <abc-temp-dir>/stdcells.genlib 
ABC: + strash 
ABC: + &get -n 
ABC: + &fraig -x 
ABC: + &put 
ABC: + scorr 
ABC: Warning: The network is combinational (run "fraig" or "fraig_sweep").
ABC: + dc2 
ABC: + dretime 
ABC: + strash 
ABC: + &get -n 
ABC: + &dch -f 
ABC: + &nf 
ABC: + &put 
ABC: + write_blif <abc-temp-dir>/output.blif 

11.22.55.2. Re-integrating ABC results.
ABC RESULTS:               AND cells:       18
ABC RESULTS:            ANDNOT cells:        2
ABC RESULTS:              NAND cells:        3
ABC RESULTS:               NOR cells:        4
ABC RESULTS:               NOT cells:        1
ABC RESULTS:                OR cells:        3
ABC RESULTS:        internal signals:       11
ABC RESULTS:           input signals:       24
ABC RESULTS:          output signals:       22
Removing temp directory.

11.22.55.1. Executed ABC.
Extracted 2 gates and 5 wires to a netlist network with 3 inputs and 1 outputs.
Running ABC script: <abc-temp-dir>/abc.script
ABC: ======== ABC command line "source <abc-temp-dir>/abc.script"
ABC: + read_blif <abc-temp-dir>/input.blif 
ABC: + read_library <abc-temp-dir>/stdcells.genlib 
ABC: + strash 
ABC: + &get -n 
ABC: + &fraig -x 
ABC: + &put 
ABC: + scorr 
ABC: Warning: The network is combinational (run "fraig" or "fraig_sweep").
ABC: + dc2 
ABC: + dretime 
ABC: + strash 
ABC: + &get -n 
ABC: + &dch -f 
ABC: + &nf 
ABC: + &put 
ABC: + write_blif <abc-temp-dir>/output.blif 

11.22.55.2. Re-integrating ABC results.
ABC RESULTS:               AND cells:        2
ABC RESULTS:        internal signals:        1
ABC RESULTS:           input signals:        3
ABC RESULTS:          output signals:        1
Removing temp directory.

11.22.55.1. Executed ABC.
Extracted 2 gates and 5 wires to a netlist network with 3 inputs and 1 outputs.
Running ABC script: <abc-temp-dir>/abc.script
ABC: ======== ABC command line "source <abc-temp-dir>/abc.script"
ABC: + read_blif <abc-temp-dir>/input.blif 
ABC: + read_library <abc-temp-dir>/stdcells.genlib 
ABC: + strash 
ABC: + &get -n 
ABC: + &fraig -x 
ABC: + &put 
ABC: + scorr 
ABC: Warning: The network is combinational (run "fraig" or "fraig_sweep").
ABC: + dc2 
ABC: + dretime 
ABC: + strash 
ABC: + &get -n 
ABC: + &dch -f 
ABC: + &nf 
ABC: + &put 
ABC: + write_blif <abc-temp-dir>/output.blif 

11.22.55.2. Re-integrating ABC results.
ABC RESULTS:               AND cells:        2
ABC RESULTS:        internal signals:        1
ABC RESULTS:           input signals:        3
ABC RESULTS:          output signals:        1
Removing temp directory.

11.22.55.1. Executed ABC.
Extracted 2 gates and 5 wires to a netlist network with 3 inputs and 1 outputs.
Running ABC script: <abc-temp-dir>/abc.script
ABC: ======== ABC command line "source <abc-temp-dir>/abc.script"
ABC: + read_blif <abc-temp-dir>/input.blif 
ABC: + read_library <abc-temp-dir>/stdcells.genlib 
ABC: + strash 
ABC: + &get -n 
ABC: + &fraig -x 
ABC: + &put 
ABC: + scorr 
ABC: Warning: The network is combinational (run "fraig" or "fraig_sweep").
ABC: + dc2 
ABC: + dretime 
ABC: + strash 
ABC: + &get -n 
ABC: + &dch -f 
ABC: + &nf 
ABC: + &put 
ABC: + write_blif <abc-temp-dir>/output.blif 

11.22.55.2. Re-integrating ABC results.
ABC RESULTS:               AND cells:        2
ABC RESULTS:        internal signals:        1
ABC RESULTS:           input signals:        3
ABC RESULTS:          output signals:        1
Removing temp directory.

11.22.55.1. Executed ABC.
Extracted 2 gates and 5 wires to a netlist network with 3 inputs and 1 outputs.
Running ABC script: <abc-temp-dir>/abc.script
ABC: ======== ABC command line "source <abc-temp-dir>/abc.script"
ABC: + read_blif <abc-temp-dir>/input.blif 
ABC: + read_library <abc-temp-dir>/stdcells.genlib 
ABC: + strash 
ABC: + &get -n 
ABC: + &fraig -x 
ABC: + &put 
ABC: + scorr 
ABC: Warning: The network is combinational (run "fraig" or "fraig_sweep").
ABC: + dc2 
ABC: + dretime 
ABC: + strash 
ABC: + &get -n 
ABC: + &dch -f 
ABC: + &nf 
ABC: + &put 
ABC: + write_blif <abc-temp-dir>/output.blif 

11.22.55.2. Re-integrating ABC results.
ABC RESULTS:               AND cells:        2
ABC RESULTS:        internal signals:        1
ABC RESULTS:           input signals:        3
ABC RESULTS:          output signals:        1
Removing temp directory.

11.22.56. Extracting gate netlist of module `\wire_mold_header_seq' to `<abc-temp-dir>/input.blif'..
Found matching posedge clock domain: \clk, synchronously reset by $auto$fsm_map.cc:74:implement_pattern_cache$6111

11.22.56.1. Executed ABC.
Extracted 3 gates and 7 wires to a netlist network with 4 inputs and 2 outputs.
Running ABC script: <abc-temp-dir>/abc.script
ABC: ======== ABC command line "source <abc-temp-dir>/abc.script"
ABC: + read_blif <abc-temp-dir>/input.blif 
ABC: + read_library <abc-temp-dir>/stdcells.genlib 
ABC: + strash 
ABC: + &get -n 
ABC: + &fraig -x 
ABC: + &put 
ABC: + scorr 
ABC: Warning: The network is combinational (run "fraig" or "fraig_sweep").
ABC: + dc2 
ABC: + dretime 
ABC: + strash 
ABC: + &get -n 
ABC: + &dch -f 
ABC: + &nf 
ABC: + &put 
ABC: + write_blif <abc-temp-dir>/output.blif 

11.22.56.2. Re-integrating ABC results.
ABC RESULTS:               AND cells:        3
ABC RESULTS:        internal signals:        1
ABC RESULTS:           input signals:        4
ABC RESULTS:          output signals:        2
Removing temp directory.

11.22.56.1. Executed ABC.
Extracted 2 gates and 5 wires to a netlist network with 3 inputs and 1 outputs.
Running ABC script: <abc-temp-dir>/abc.script
ABC: ======== ABC command line "source <abc-temp-dir>/abc.script"
ABC: + read_blif <abc-temp-dir>/input.blif 
ABC: + read_library <abc-temp-dir>/stdcells.genlib 
ABC: + strash 
ABC: + &get -n 
ABC: + &fraig -x 
ABC: + &put 
ABC: + scorr 
ABC: Warning: The network is combinational (run "fraig" or "fraig_sweep").
ABC: + dc2 
ABC: + dretime 
ABC: + strash 
ABC: + &get -n 
ABC: + &dch -f 
ABC: + &nf 
ABC: + &put 
ABC: + write_blif <abc-temp-dir>/output.blif 

11.22.56.2. Re-integrating ABC results.
ABC RESULTS:               AND cells:        2
ABC RESULTS:        internal signals:        1
ABC RESULTS:           input signals:        3
ABC RESULTS:          output signals:        1
Removing temp directory.

11.22.57. Extracting gate netlist of module `\wire_mold_header_seq' to `<abc-temp-dir>/input.blif'..
Found matching posedge clock domain: \clk, enabled by $auto$simple.cc:210:make_patterns_logic$7105, synchronously reset by $auto$fsm_map.cc:74:implement_pattern_cache$6111

11.22.58. Extracting gate netlist of module `\wire_mold_header_seq' to `<abc-temp-dir>/input.blif'..
Found matching posedge clock domain: \clk, enabled by $auto$simple.cc:210:make_patterns_logic$7085, synchronously reset by $auto$fsm_map.cc:74:implement_pattern_cache$6111

11.22.59. Extracting gate netlist of module `\wire_mold_header_seq' to `<abc-temp-dir>/input.blif'..
Found matching posedge clock domain: \clk, enabled by $auto$fsm_map.cc:74:implement_pattern_cache$6111

11.22.60. Extracting gate netlist of module `\wire_mold_header_seq' to `<abc-temp-dir>/input.blif'..
Found matching posedge clock domain: \clk, enabled by $auto$simple.cc:210:make_patterns_logic$7062

11.22.60.1. Executed ABC.
Extracted 11 gates and 31 wires to a netlist network with 20 inputs and 10 outputs.
Running ABC script: <abc-temp-dir>/abc.script
ABC: ======== ABC command line "source <abc-temp-dir>/abc.script"
ABC: + read_blif <abc-temp-dir>/input.blif 
ABC: + read_library <abc-temp-dir>/stdcells.genlib 
ABC: + strash 
ABC: + &get -n 
ABC: + &fraig -x 
ABC: + &put 
ABC: + scorr 
ABC: Warning: The network is combinational (run "fraig" or "fraig_sweep").
ABC: + dc2 
ABC: + dretime 
ABC: + strash 
ABC: + &get -n 
ABC: + &dch -f 
ABC: + &nf 
ABC: + &put 
ABC: + write_blif <abc-temp-dir>/output.blif 

11.22.60.2. Re-integrating ABC results.
ABC RESULTS:               AND cells:        3
ABC RESULTS:               XOR cells:        8
ABC RESULTS:        internal signals:        1
ABC RESULTS:           input signals:       20
ABC RESULTS:          output signals:       10
Removing temp directory.

11.22.60.1. Executed ABC.
Extracted 9 gates and 26 wires to a netlist network with 17 inputs and 8 outputs.
Running ABC script: <abc-temp-dir>/abc.script
ABC: ======== ABC command line "source <abc-temp-dir>/abc.script"
ABC: + read_blif <abc-temp-dir>/input.blif 
ABC: + read_library <abc-temp-dir>/stdcells.genlib 
ABC: + strash 
ABC: + &get -n 
ABC: + &fraig -x 
ABC: + &put 
ABC: + scorr 
ABC: Warning: The network is combinational (run "fraig" or "fraig_sweep").
ABC: + dc2 
ABC: + dretime 
ABC: + strash 
ABC: + &get -n 
ABC: + &dch -f 
ABC: + &nf 
ABC: + &put 
ABC: + write_blif <abc-temp-dir>/output.blif 

11.22.60.2. Re-integrating ABC results.
ABC RESULTS:               AND cells:        2
ABC RESULTS:               XOR cells:        7
ABC RESULTS:        internal signals:        1
ABC RESULTS:           input signals:       17
ABC RESULTS:          output signals:        8
Removing temp directory.

11.22.60.1. Executed ABC.
Extracted 19 gates and 32 wires to a netlist network with 13 inputs and 14 outputs.
Running ABC script: <abc-temp-dir>/abc.script
ABC: ======== ABC command line "source <abc-temp-dir>/abc.script"
ABC: + read_blif <abc-temp-dir>/input.blif 
ABC: + read_library <abc-temp-dir>/stdcells.genlib 
ABC: + strash 
ABC: + &get -n 
ABC: + &fraig -x 
ABC: + &put 
ABC: + scorr 
ABC: Warning: The network is combinational (run "fraig" or "fraig_sweep").
ABC: + dc2 
ABC: + dretime 
ABC: + strash 
ABC: + &get -n 
ABC: + &dch -f 
ABC: + &nf 
ABC: + &put 
ABC: + write_blif <abc-temp-dir>/output.blif 

11.22.60.2. Re-integrating ABC results.
ABC RESULTS:               AND cells:        4
ABC RESULTS:               NOT cells:        2
ABC RESULTS:                OR cells:        3
ABC RESULTS:             ORNOT cells:        6
ABC RESULTS:        internal signals:        5
ABC RESULTS:           input signals:       13
ABC RESULTS:          output signals:       14
Removing temp directory.

11.22.61. Extracting gate netlist of module `\wire_mold_header_seq' to `<abc-temp-dir>/input.blif'..
Found matching posedge clock domain: \clk, enabled by $auto$simple.cc:210:make_patterns_logic$7027, synchronously reset by $auto$fsm_map.cc:74:implement_pattern_cache$6111

11.22.62. Extracting gate netlist of module `\wire_mold_header_seq' to `<abc-temp-dir>/input.blif'..
Found matching posedge clock domain: \clk, enabled by $auto$simple.cc:210:make_patterns_logic$7012, synchronously reset by $auto$fsm_map.cc:74:implement_pattern_cache$6111

11.22.63. Extracting gate netlist of module `\wire_mold_header_seq' to `<abc-temp-dir>/input.blif'..
Found matching posedge clock domain: \clk

11.22.64. Summary of detected clock domains:
  151 cells in clk=\clk, en={ }, arst={ }, srst=\rst
  12 cells in clk=\clk, en=$auto$simple.cc:210:make_patterns_logic$7238, arst={ }, srst=\rst
  54 cells in clk=\clk, en=$auto$simple.cc:210:make_patterns_logic$7214, arst={ }, srst=\rst
  358 cells in clk=\clk, en=$auto$simple.cc:210:make_patterns_logic$7200, arst={ }, srst=\rst
  160 cells in clk=\clk, en=$auto$simple.cc:210:make_patterns_logic$7194, arst={ }, srst=\rst
  51 cells in clk=\clk, en=$auto$simple.cc:210:make_patterns_logic$7174, arst={ }, srst=\rst
  95 cells in clk=\clk, en=$auto$simple.cc:210:make_patterns_logic$7166, arst={ }, srst=\rst
  81 cells in clk=\clk, en=$auto$simple.cc:210:make_patterns_logic$7134, arst={ }, srst=\rst
  248 cells in clk=\clk, en={ }, arst={ }, srst={ }

11.22.64.1. Executed ABC.
Extracted 131 gates and 191 wires to a netlist network with 59 inputs and 23 outputs.
Running ABC script: <abc-temp-dir>/abc.script
ABC: ======== ABC command line "source <abc-temp-dir>/abc.script"
ABC: + read_blif <abc-temp-dir>/input.blif 
ABC: + read_library <abc-temp-dir>/stdcells.genlib 
ABC: + strash 
ABC: + &get -n 
ABC: + &fraig -x 
ABC: + &put 
ABC: + scorr 
ABC: Warning: The network is combinational (run "fraig" or "fraig_sweep").
ABC: + dc2 
ABC: + dretime 
ABC: + strash 
ABC: + &get -n 
ABC: + &dch -f 
ABC: + &nf 
ABC: + &put 
ABC: + write_blif <abc-temp-dir>/output.blif 

11.22.64.2. Re-integrating ABC results.
ABC RESULTS:               AND cells:       32
ABC RESULTS:            ANDNOT cells:       11
ABC RESULTS:               MUX cells:        6
ABC RESULTS:              NAND cells:       34
ABC RESULTS:               NOR cells:        9
ABC RESULTS:               NOT cells:        4
ABC RESULTS:                OR cells:       22
ABC RESULTS:             ORNOT cells:        8
ABC RESULTS:        internal signals:      109
ABC RESULTS:           input signals:       59
ABC RESULTS:          output signals:       23
Removing temp directory.

11.22.64.1. Executed ABC.
Extracted 46 gates and 60 wires to a netlist network with 13 inputs and 37 outputs.
Running ABC script: <abc-temp-dir>/abc.script
ABC: ======== ABC command line "source <abc-temp-dir>/abc.script"
ABC: + read_blif <abc-temp-dir>/input.blif 
ABC: + read_library <abc-temp-dir>/stdcells.genlib 
ABC: + strash 
ABC: + &get -n 
ABC: + &fraig -x 
ABC: + &put 
ABC: + scorr 
ABC: Warning: The network is combinational (run "fraig" or "fraig_sweep").
ABC: + dc2 
ABC: + dretime 
ABC: + strash 
ABC: + &get -n 
ABC: + &dch -f 
ABC: + &nf 
ABC: + &put 
ABC: + write_blif <abc-temp-dir>/output.blif 

11.22.64.2. Re-integrating ABC results.
ABC RESULTS:               AND cells:       18
ABC RESULTS:            ANDNOT cells:        7
ABC RESULTS:              NAND cells:        4
ABC RESULTS:               NOR cells:        3
ABC RESULTS:               NOT cells:        4
ABC RESULTS:                OR cells:        4
ABC RESULTS:             ORNOT cells:        1
ABC RESULTS:               XOR cells:        3
ABC RESULTS:        internal signals:       10
ABC RESULTS:           input signals:       13
ABC RESULTS:          output signals:       37
Removing temp directory.

11.22.65. Extracting gate netlist of module `\wire_udp_parser' to `<abc-temp-dir>/input.blif'..
Found matching posedge clock domain: \clk, synchronously reset by \rst

11.22.66. Extracting gate netlist of module `\wire_udp_parser' to `<abc-temp-dir>/input.blif'..
Found matching posedge clock domain: \clk, enabled by $auto$simple.cc:210:make_patterns_logic$7238, synchronously reset by \rst

11.22.67. Extracting gate netlist of module `\wire_udp_parser' to `<abc-temp-dir>/input.blif'..
Found matching posedge clock domain: \clk, enabled by $auto$simple.cc:210:make_patterns_logic$7214, synchronously reset by \rst

11.22.68. Extracting gate netlist of module `\wire_udp_parser' to `<abc-temp-dir>/input.blif'..
Found matching posedge clock domain: \clk, enabled by $auto$simple.cc:210:make_patterns_logic$7200, synchronously reset by \rst

11.22.68.1. Executed ABC.
Extracted 63 gates and 101 wires to a netlist network with 37 inputs and 44 outputs.
Running ABC script: <abc-temp-dir>/abc.script
ABC: ======== ABC command line "source <abc-temp-dir>/abc.script"
ABC: + read_blif <abc-temp-dir>/input.blif 
ABC: + read_library <abc-temp-dir>/stdcells.genlib 
ABC: + strash 
ABC: + &get -n 
ABC: + &fraig -x 
ABC: + &put 
ABC: + scorr 
ABC: Warning: The network is combinational (run "fraig" or "fraig_sweep").
ABC: + dc2 
ABC: + dretime 
ABC: + strash 
ABC: + &get -n 
ABC: + &dch -f 
ABC: + &nf 
ABC: + &put 
ABC: + write_blif <abc-temp-dir>/output.blif 

11.22.68.2. Re-integrating ABC results.
ABC RESULTS:               AND cells:        4
ABC RESULTS:            ANDNOT cells:        2
ABC RESULTS:              NAND cells:        6
ABC RESULTS:               NOR cells:        2
ABC RESULTS:               NOT cells:       11
ABC RESULTS:                OR cells:       11
ABC RESULTS:             ORNOT cells:        6
ABC RESULTS:              XNOR cells:        5
ABC RESULTS:               XOR cells:        7
ABC RESULTS:        internal signals:       20
ABC RESULTS:           input signals:       37
ABC RESULTS:          output signals:       44
Removing temp directory.

11.22.68.1. Executed ABC.
Extracted 66 gates and 134 wires to a netlist network with 68 inputs and 2 outputs.
Running ABC script: <abc-temp-dir>/abc.script
ABC: ======== ABC command line "source <abc-temp-dir>/abc.script"
ABC: + read_blif <abc-temp-dir>/input.blif 
ABC: + read_library <abc-temp-dir>/stdcells.genlib 
ABC: + strash 
ABC: + &get -n 
ABC: + &fraig -x 
ABC: + &put 
ABC: + scorr 
ABC: Warning: The network is combinational (run "fraig" or "fraig_sweep").
ABC: + dc2 
ABC: + dretime 
ABC: + strash 
ABC: + &get -n 
ABC: + &dch -f 
ABC: + &nf 
ABC: + &put 
ABC: + write_blif <abc-temp-dir>/output.blif 

11.22.68.2. Re-integrating ABC results.
ABC RESULTS:               AND cells:       31
ABC RESULTS:            ANDNOT cells:        1
ABC RESULTS:              NAND cells:        1
ABC RESULTS:               NOR cells:       31
ABC RESULTS:              XNOR cells:        1
ABC RESULTS:               XOR cells:        1
ABC RESULTS:        internal signals:       64
ABC RESULTS:           input signals:       68
ABC RESULTS:          output signals:        2
Removing temp directory.

11.22.68.1. Executed ABC.
Extracted 26 gates and 44 wires to a netlist network with 16 inputs and 8 outputs.
Running ABC script: <abc-temp-dir>/abc.script
ABC: ======== ABC command line "source <abc-temp-dir>/abc.script"
ABC: + read_blif <abc-temp-dir>/input.blif 
ABC: + read_library <abc-temp-dir>/stdcells.genlib 
ABC: + strash 
ABC: + &get -n 
ABC: + &fraig -x 
ABC: + &put 
ABC: + scorr 
ABC: Warning: The network is combinational (run "fraig" or "fraig_sweep").
ABC: + dc2 
ABC: + dretime 
ABC: + strash 
ABC: + &get -n 
ABC: + &dch -f 
ABC: + &nf 
ABC: + &put 
ABC: + write_blif <abc-temp-dir>/output.blif 

11.22.68.2. Re-integrating ABC results.
ABC RESULTS:               AND cells:        8
ABC RESULTS:            ANDNOT cells:        1
ABC RESULTS:               NOR cells:        2
ABC RESULTS:               NOT cells:        1
ABC RESULTS:                OR cells:        7
ABC RESULTS:        internal signals:       20
ABC RESULTS:           input signals:       16
ABC RESULTS:          output signals:        8
Removing temp directory.

11.22.69. Extracting gate netlist of module `\wire_udp_parser' to `<abc-temp-dir>/input.blif'..
Found matching posedge clock domain: \clk, enabled by $auto$simple.cc:210:make_patterns_logic$7194, synchronously reset by \rst

11.22.69.1. Executed ABC.
Extracted 332 gates and 432 wires to a netlist network with 100 inputs and 39 outputs.
Running ABC script: <abc-temp-dir>/abc.script
ABC: ======== ABC command line "source <abc-temp-dir>/abc.script"
ABC: + read_blif <abc-temp-dir>/input.blif 
ABC: + read_library <abc-temp-dir>/stdcells.genlib 
ABC: + strash 
ABC: + &get -n 
ABC: + &fraig -x 
ABC: + &put 
ABC: + scorr 
ABC: Warning: The network is combinational (run "fraig" or "fraig_sweep").
ABC: + dc2 
ABC: + dretime 
ABC: + strash 
ABC: + &get -n 
ABC: + &dch -f 
ABC: + &nf 
ABC: + &put 
ABC: + write_blif <abc-temp-dir>/output.blif 

11.22.69.2. Re-integrating ABC results.
ABC RESULTS:               AND cells:       61
ABC RESULTS:            ANDNOT cells:       20
ABC RESULTS:               MUX cells:        3
ABC RESULTS:              NAND cells:       35
ABC RESULTS:               NOR cells:       33
ABC RESULTS:               NOT cells:       12
ABC RESULTS:                OR cells:       26
ABC RESULTS:             ORNOT cells:        8
ABC RESULTS:        internal signals:      293
ABC RESULTS:           input signals:      100
ABC RESULTS:          output signals:       39
Removing temp directory.

11.22.70. Extracting gate netlist of module `\wire_udp_parser' to `<abc-temp-dir>/input.blif'..
Found matching posedge clock domain: \clk, enabled by $auto$simple.cc:210:make_patterns_logic$7174, synchronously reset by \rst

11.22.71. Extracting gate netlist of module `\wire_udp_parser' to `<abc-temp-dir>/input.blif'..
Found matching posedge clock domain: \clk, enabled by $auto$simple.cc:210:make_patterns_logic$7166, synchronously reset by \rst

11.22.72. Extracting gate netlist of module `\wire_udp_parser' to `<abc-temp-dir>/input.blif'..
Found matching posedge clock domain: \clk, enabled by $auto$simple.cc:210:make_patterns_logic$7134, synchronously reset by \rst

11.22.72.1. Executed ABC.
Extracted 807 gates and 1189 wires to a netlist network with 381 inputs and 201 outputs.
Running ABC script: <abc-temp-dir>/abc.script
ABC: ======== ABC command line "source <abc-temp-dir>/abc.script"
ABC: + read_blif <abc-temp-dir>/input.blif 
ABC: + read_library <abc-temp-dir>/stdcells.genlib 
ABC: + strash 
ABC: + &get -n 
ABC: + &fraig -x 
ABC: + &put 
ABC: + scorr 
ABC: Warning: The network is combinational (run "fraig" or "fraig_sweep").
ABC: + dc2 
ABC: + dretime 
ABC: + strash 
ABC: + &get -n 
ABC: + &dch -f 
ABC: + &nf 
ABC: + &put 
ABC: + write_blif <abc-temp-dir>/output.blif 

11.22.72.2. Re-integrating ABC results.
ABC RESULTS:               AND cells:      201
ABC RESULTS:            ANDNOT cells:       69
ABC RESULTS:              NAND cells:      292
ABC RESULTS:               NOR cells:       10
ABC RESULTS:               NOT cells:        1
ABC RESULTS:                OR cells:       35
ABC RESULTS:             ORNOT cells:       98
ABC RESULTS:        internal signals:      607
ABC RESULTS:           input signals:      381
ABC RESULTS:          output signals:      201
Removing temp directory.

11.22.72.1. Executed ABC.
Extracted 153 gates and 188 wires to a netlist network with 34 inputs and 67 outputs.
Running ABC script: <abc-temp-dir>/abc.script
ABC: ======== ABC command line "source <abc-temp-dir>/abc.script"
ABC: + read_blif <abc-temp-dir>/input.blif 
ABC: + read_library <abc-temp-dir>/stdcells.genlib 
ABC: + strash 
ABC: + &get -n 
ABC: + &fraig -x 
ABC: + &put 
ABC: + scorr 
ABC: Warning: The network is combinational (run "fraig" or "fraig_sweep").
ABC: + dc2 
ABC: + dretime 
ABC: + strash 
ABC: + &get -n 
ABC: + &dch -f 
ABC: + &nf 
ABC: + &put 
ABC: + write_blif <abc-temp-dir>/output.blif 

11.22.72.2. Re-integrating ABC results.
ABC RESULTS:               AND cells:       37
ABC RESULTS:            ANDNOT cells:        4
ABC RESULTS:               MUX cells:        8
ABC RESULTS:              NAND cells:        3
ABC RESULTS:               NOR cells:        1
ABC RESULTS:               NOT cells:       11
ABC RESULTS:                OR cells:        4
ABC RESULTS:             ORNOT cells:        3
ABC RESULTS:              XNOR cells:        4
ABC RESULTS:        internal signals:       87
ABC RESULTS:           input signals:       34
ABC RESULTS:          output signals:       67
Removing temp directory.

11.22.72.1. Executed ABC.
Extracted 1 gates and 3 wires to a netlist network with 2 inputs and 1 outputs.
Running ABC script: <abc-temp-dir>/abc.script
ABC: ======== ABC command line "source <abc-temp-dir>/abc.script"
ABC: + read_blif <abc-temp-dir>/input.blif 
ABC: + read_library <abc-temp-dir>/stdcells.genlib 
ABC: + strash 
ABC: + &get -n 
ABC: + &fraig -x 
ABC: + &put 
ABC: + scorr 
ABC: Warning: The network is combinational (run "fraig" or "fraig_sweep").
ABC: + dc2 
ABC: + dretime 
ABC: + strash 
ABC: + &get -n 
ABC: + &dch -f 
ABC: + &nf 
ABC: + &put 
ABC: + write_blif <abc-temp-dir>/output.blif 

11.22.72.2. Re-integrating ABC results.
ABC RESULTS:               AND cells:        1
ABC RESULTS:        internal signals:        0
ABC RESULTS:           input signals:        2
ABC RESULTS:          output signals:        1
Removing temp directory.

11.22.73. Extracting gate netlist of module `\wire_udp_parser' to `<abc-temp-dir>/input.blif'..
Found matching posedge clock domain: \clk

11.22.74. Summary of detected clock domains:
  41 cells in clk=\clk, en=$auto$simple.cc:210:make_patterns_logic$7004, arst={ }, srst=$auto$fsm_map.cc:74:implement_pattern_cache$5704
  311 cells in clk=\clk, en=\packet_fire, arst={ }, srst=$auto$fsm_map.cc:74:implement_pattern_cache$5704
  180 cells in clk=\clk, en={ }, arst={ }, srst=$auto$fsm_map.cc:74:implement_pattern_cache$5704
  9 cells in clk=\clk, en=$auto$simple.cc:210:make_patterns_logic$6988, arst={ }, srst=$auto$fsm_map.cc:74:implement_pattern_cache$5704
  84 cells in clk=\clk, en=$auto$simple.cc:210:make_patterns_logic$6968, arst={ }, srst=$auto$fsm_map.cc:74:implement_pattern_cache$5704
  87 cells in clk=\clk, en=$auto$simple.cc:210:make_patterns_logic$6980, arst={ }, srst=$auto$fsm_map.cc:74:implement_pattern_cache$5704
  479 cells in clk=\clk, en={ }, arst={ }, srst={ }

11.22.75. Extracting gate netlist of module `\wire_mold_message_framer' to `<abc-temp-dir>/input.blif'..
Found matching posedge clock domain: \clk, enabled by $auto$simple.cc:210:make_patterns_logic$7004, synchronously reset by $auto$fsm_map.cc:74:implement_pattern_cache$5704

11.22.76. Extracting gate netlist of module `\wire_mold_message_framer' to `<abc-temp-dir>/input.blif'..
Found matching posedge clock domain: \clk, enabled by \packet_fire, synchronously reset by $auto$fsm_map.cc:74:implement_pattern_cache$5704

11.22.77. Extracting gate netlist of module `\wire_mold_message_framer' to `<abc-temp-dir>/input.blif'..
Found matching posedge clock domain: \clk, synchronously reset by $auto$fsm_map.cc:74:implement_pattern_cache$5704

11.22.78. Extracting gate netlist of module `\wire_mold_message_framer' to `<abc-temp-dir>/input.blif'..
Found matching posedge clock domain: \clk, enabled by $auto$simple.cc:210:make_patterns_logic$6988, synchronously reset by $auto$fsm_map.cc:74:implement_pattern_cache$5704

11.22.79. Extracting gate netlist of module `\wire_mold_message_framer' to `<abc-temp-dir>/input.blif'..
Found matching posedge clock domain: \clk, enabled by $auto$simple.cc:210:make_patterns_logic$6968, synchronously reset by $auto$fsm_map.cc:74:implement_pattern_cache$5704

11.22.80. Extracting gate netlist of module `\wire_mold_message_framer' to `<abc-temp-dir>/input.blif'..
Found matching posedge clock domain: \clk, enabled by $auto$simple.cc:210:make_patterns_logic$6980, synchronously reset by $auto$fsm_map.cc:74:implement_pattern_cache$5704

11.22.81. Extracting gate netlist of module `\wire_mold_message_framer' to `<abc-temp-dir>/input.blif'..
Found matching posedge clock domain: \clk

11.22.82. Summary of detected clock domains:
  26 cells in clk=\clk, en=$auto$simple.cc:210:make_patterns_logic$7340, arst={ }, srst=\rst
  96 cells in clk=\clk, en=$logic_and$rtl/arch_a/wire_gearbox_64to8.sv:56$62_Y, arst={ }, srst=\rst
  39 cells in clk=\clk, en=$logic_and$rtl/arch_a/wire_gearbox_64to8.sv:47$54_Y, arst={ }, srst=$auto$simple.cc:234:combine_resets$7343
  114 cells in clk=\clk, en={ }, arst={ }, srst={ }

11.22.83. Extracting gate netlist of module `\wire_gearbox_64to8' to `<abc-temp-dir>/input.blif'..
Found matching posedge clock domain: \clk, enabled by $auto$simple.cc:210:make_patterns_logic$7340, synchronously reset by \rst

11.22.84. Extracting gate netlist of module `\wire_gearbox_64to8' to `<abc-temp-dir>/input.blif'..
Found matching posedge clock domain: \clk, enabled by $logic_and$rtl/arch_a/wire_gearbox_64to8.sv:56$62_Y, synchronously reset by \rst

11.22.85. Extracting gate netlist of module `\wire_gearbox_64to8' to `<abc-temp-dir>/input.blif'..
Found matching posedge clock domain: \clk, enabled by $logic_and$rtl/arch_a/wire_gearbox_64to8.sv:47$54_Y, synchronously reset by $auto$simple.cc:234:combine_resets$7343

11.22.85.1. Executed ABC.
Extracted 418 gates and 573 wires to a netlist network with 153 inputs and 11 outputs.
Running ABC script: <abc-temp-dir>/abc.script
ABC: ======== ABC command line "source <abc-temp-dir>/abc.script"
ABC: + read_blif <abc-temp-dir>/input.blif 
ABC: + read_library <abc-temp-dir>/stdcells.genlib 
ABC: + strash 
ABC: + &get -n 
ABC: + &fraig -x 
ABC: + &put 
ABC: + scorr 
ABC: Warning: The network is combinational (run "fraig" or "fraig_sweep").
ABC: + dc2 
ABC: + dretime 
ABC: + strash 
ABC: + &get -n 
ABC: + &dch -f 
ABC: + &nf 
ABC: + &put 
ABC: + write_blif <abc-temp-dir>/output.blif 

11.22.85.2. Re-integrating ABC results.
ABC RESULTS:               AND cells:       97
ABC RESULTS:            ANDNOT cells:        8
ABC RESULTS:              NAND cells:       72
ABC RESULTS:               NOR cells:       22
ABC RESULTS:               NOT cells:        2
ABC RESULTS:                OR cells:       43
ABC RESULTS:             ORNOT cells:        5
ABC RESULTS:              XNOR cells:       14
ABC RESULTS:               XOR cells:       18
ABC RESULTS:        internal signals:      409
ABC RESULTS:           input signals:      153
ABC RESULTS:          output signals:       11
Removing temp directory.

11.22.85.1. Executed ABC.
Extracted 1652 gates and 1877 wires to a netlist network with 224 inputs and 307 outputs.
Running ABC script: <abc-temp-dir>/abc.script
ABC: ======== ABC command line "source <abc-temp-dir>/abc.script"
ABC: + read_blif <abc-temp-dir>/input.blif 
ABC: + read_library <abc-temp-dir>/stdcells.genlib 
ABC: + strash 
ABC: + &get -n 
ABC: + &fraig -x 
ABC: + &put 
ABC: + scorr 
ABC: Warning: The network is combinational (run "fraig" or "fraig_sweep").
ABC: + dc2 
ABC: + dretime 
ABC: + strash 
ABC: + &get -n 
ABC: + &dch -f 
ABC: + &nf 
ABC: + &put 
ABC: + write_blif <abc-temp-dir>/output.blif 

11.22.85.2. Re-integrating ABC results.
ABC RESULTS:               AND cells:      153
ABC RESULTS:            ANDNOT cells:       46
ABC RESULTS:               MUX cells:        2
ABC RESULTS:              NAND cells:      696
ABC RESULTS:               NOR cells:       13
ABC RESULTS:               NOT cells:       22
ABC RESULTS:                OR cells:       53
ABC RESULTS:             ORNOT cells:       19
ABC RESULTS:              XNOR cells:       73
ABC RESULTS:               XOR cells:      208
ABC RESULTS:        internal signals:     1346
ABC RESULTS:           input signals:      224
ABC RESULTS:          output signals:      307
Removing temp directory.

11.22.85.1. Executed ABC.
Extracted 140 gates and 192 wires to a netlist network with 52 inputs and 29 outputs.
Running ABC script: <abc-temp-dir>/abc.script
ABC: ======== ABC command line "source <abc-temp-dir>/abc.script"
ABC: + read_blif <abc-temp-dir>/input.blif 
ABC: + read_library <abc-temp-dir>/stdcells.genlib 
ABC: + strash 
ABC: + &get -n 
ABC: + &fraig -x 
ABC: + &put 
ABC: + scorr 
ABC: Warning: The network is combinational (run "fraig" or "fraig_sweep").
ABC: + dc2 
ABC: + dretime 
ABC: + strash 
ABC: + &get -n 
ABC: + &dch -f 
ABC: + &nf 
ABC: + &put 
ABC: + write_blif <abc-temp-dir>/output.blif 

11.22.85.2. Re-integrating ABC results.
ABC RESULTS:               AND cells:       10
ABC RESULTS:            ANDNOT cells:        2
ABC RESULTS:               MUX cells:       14
ABC RESULTS:              NAND cells:        2
ABC RESULTS:               NOR cells:        6
ABC RESULTS:               NOT cells:        5
ABC RESULTS:                OR cells:       14
ABC RESULTS:             ORNOT cells:        4
ABC RESULTS:              XNOR cells:       14
ABC RESULTS:               XOR cells:       11
ABC RESULTS:        internal signals:      111
ABC RESULTS:           input signals:       52
ABC RESULTS:          output signals:       29
Removing temp directory.

11.22.85.1. Executed ABC.
Extracted 251 gates and 306 wires to a netlist network with 53 inputs and 30 outputs.
Running ABC script: <abc-temp-dir>/abc.script
ABC: ======== ABC command line "source <abc-temp-dir>/abc.script"
ABC: + read_blif <abc-temp-dir>/input.blif 
ABC: + read_library <abc-temp-dir>/stdcells.genlib 
ABC: + strash 
ABC: + &get -n 
ABC: + &fraig -x 
ABC: + &put 
ABC: + scorr 
ABC: Warning: The network is combinational (run "fraig" or "fraig_sweep").
ABC: + dc2 
ABC: + dretime 
ABC: + strash 
ABC: + &get -n 
ABC: + &dch -f 
ABC: + &nf 
ABC: + &put 
ABC: + write_blif <abc-temp-dir>/output.blif 

11.22.85.2. Re-integrating ABC results.
ABC RESULTS:               AND cells:       35
ABC RESULTS:            ANDNOT cells:        7
ABC RESULTS:               MUX cells:        5
ABC RESULTS:              NAND cells:       43
ABC RESULTS:               NOR cells:       10
ABC RESULTS:               NOT cells:        8
ABC RESULTS:                OR cells:       17
ABC RESULTS:             ORNOT cells:        7
ABC RESULTS:        internal signals:      223
ABC RESULTS:           input signals:       53
ABC RESULTS:          output signals:       30
Removing temp directory.

11.22.85.1. Executed ABC.
Extracted 69 gates and 142 wires to a netlist network with 72 inputs and 4 outputs.
Running ABC script: <abc-temp-dir>/abc.script
ABC: ======== ABC command line "source <abc-temp-dir>/abc.script"
ABC: + read_blif <abc-temp-dir>/input.blif 
ABC: + read_library <abc-temp-dir>/stdcells.genlib 
ABC: + strash 
ABC: + &get -n 
ABC: + &fraig -x 
ABC: + &put 
ABC: + scorr 
ABC: Warning: The network is combinational (run "fraig" or "fraig_sweep").
ABC: + dc2 
ABC: + dretime 
ABC: + strash 
ABC: + &get -n 
ABC: + &dch -f 
ABC: + &nf 
ABC: + &put 
ABC: + write_blif <abc-temp-dir>/output.blif 

11.22.85.2. Re-integrating ABC results.
ABC RESULTS:               AND cells:       32
ABC RESULTS:               MUX cells:        1
ABC RESULTS:              NAND cells:        2
ABC RESULTS:               NOR cells:       33
ABC RESULTS:                OR cells:        1
ABC RESULTS:        internal signals:       66
ABC RESULTS:           input signals:       72
ABC RESULTS:          output signals:        4
Removing temp directory.

11.22.85.1. Executed ABC.
Extracted 10 gates and 20 wires to a netlist network with 10 inputs and 3 outputs.
Running ABC script: <abc-temp-dir>/abc.script
ABC: ======== ABC command line "source <abc-temp-dir>/abc.script"
ABC: + read_blif <abc-temp-dir>/input.blif 
ABC: + read_library <abc-temp-dir>/stdcells.genlib 
ABC: + strash 
ABC: + &get -n 
ABC: + &fraig -x 
ABC: + &put 
ABC: + scorr 
ABC: Warning: The network is combinational (run "fraig" or "fraig_sweep").
ABC: + dc2 
ABC: + dretime 
ABC: + strash 
ABC: + &get -n 
ABC: + &dch -f 
ABC: + &nf 
ABC: + &put 
ABC: + write_blif <abc-temp-dir>/output.blif 

11.22.85.2. Re-integrating ABC results.
ABC RESULTS:               AND cells:        3
ABC RESULTS:            ANDNOT cells:        1
ABC RESULTS:              NAND cells:        2
ABC RESULTS:               NOR cells:        1
ABC RESULTS:                OR cells:        2
ABC RESULTS:        internal signals:        7
ABC RESULTS:           input signals:       10
ABC RESULTS:          output signals:        3
Removing temp directory.

11.22.86. Extracting gate netlist of module `\wire_gearbox_64to8' to `<abc-temp-dir>/input.blif'..
Found matching posedge clock domain: \clk

11.22.87. Summary of detected clock domains:
  9 cells in clk=\clk, en=$auto$simple.cc:210:make_patterns_logic$7330, arst={ }, srst=\rst
  39 cells in clk=\clk, en=$auto$simple.cc:210:make_patterns_logic$7309, arst={ }, srst=\rst
  18 cells in clk=\clk, en=$auto$simple.cc:210:make_patterns_logic$7316, arst={ }, srst=\rst
  46 cells in clk=\clk, en={ }, arst={ }, srst=\rst
  139 cells in clk=\clk, en={ }, arst={ }, srst={ }

11.22.88. Extracting gate netlist of module `\wire_eth_parser' to `<abc-temp-dir>/input.blif'..
Found matching posedge clock domain: \clk, enabled by $auto$simple.cc:210:make_patterns_logic$7330, synchronously reset by \rst

11.22.89. Extracting gate netlist of module `\wire_eth_parser' to `<abc-temp-dir>/input.blif'..
Found matching posedge clock domain: \clk, enabled by $auto$simple.cc:210:make_patterns_logic$7309, synchronously reset by \rst

11.22.90. Extracting gate netlist of module `\wire_eth_parser' to `<abc-temp-dir>/input.blif'..
Found matching posedge clock domain: \clk, enabled by $auto$simple.cc:210:make_patterns_logic$7316, synchronously reset by \rst

11.22.91. Extracting gate netlist of module `\wire_eth_parser' to `<abc-temp-dir>/input.blif'..
Found matching posedge clock domain: \clk, synchronously reset by \rst

11.22.92. Extracting gate netlist of module `\wire_eth_parser' to `<abc-temp-dir>/input.blif'..
Found matching posedge clock domain: \clk

11.22.93. Summary of detected clock domains:
  4 cells in clk=\clk, en=\pop, arst={ }, srst=\rst
  4 cells in clk=\clk, en=\push, arst={ }, srst=\rst
  71 cells in clk=\clk, en={ }, arst={ }, srst=\rst
  75 cells in clk=\clk, en=$memory\data_q$wren[1][0][0]$y$8510, arst={ }, srst={ }
  77 cells in clk=\clk, en=$memory\data_q$wren[0][0][0]$y$8506, arst={ }, srst={ }
  15 cells in clk=\clk, en=$auto$simple.cc:193:make_patterns_logic$7362, arst={ }, srst=\rst

11.22.93.1. Executed ABC.
Extracted 93 gates and 185 wires to a netlist network with 90 inputs and 8 outputs.
Running ABC script: <abc-temp-dir>/abc.script
ABC: ======== ABC command line "source <abc-temp-dir>/abc.script"
ABC: + read_blif <abc-temp-dir>/input.blif 
ABC: + read_library <abc-temp-dir>/stdcells.genlib 
ABC: + strash 
ABC: + &get -n 
ABC: + &fraig -x 
ABC: + &put 
ABC: + scorr 
ABC: Warning: The network is combinational (run "fraig" or "fraig_sweep").
ABC: + dc2 
ABC: + dretime 
ABC: + strash 
ABC: + &get -n 
ABC: + &dch -f 
ABC: + &nf 
ABC: + &put 
ABC: + write_blif <abc-temp-dir>/output.blif 

11.22.93.2. Re-integrating ABC results.
ABC RESULTS:               AND cells:       42
ABC RESULTS:            ANDNOT cells:        1
ABC RESULTS:              NAND cells:        6
ABC RESULTS:               NOR cells:       41
ABC RESULTS:               NOT cells:        2
ABC RESULTS:                OR cells:        1
ABC RESULTS:             ORNOT cells:        2
ABC RESULTS:        internal signals:       87
ABC RESULTS:           input signals:       90
ABC RESULTS:          output signals:        8
Removing temp directory.

11.22.93.1. Executed ABC.
Extracted 169 gates and 216 wires to a netlist network with 46 inputs and 73 outputs.
Running ABC script: <abc-temp-dir>/abc.script
ABC: ======== ABC command line "source <abc-temp-dir>/abc.script"
ABC: + read_blif <abc-temp-dir>/input.blif 
ABC: + read_library <abc-temp-dir>/stdcells.genlib 
ABC: + strash 
ABC: + &get -n 
ABC: + &fraig -x 
ABC: + &put 
ABC: + scorr 
ABC: Warning: The network is combinational (run "fraig" or "fraig_sweep").
ABC: + dc2 
ABC: + dretime 
ABC: + strash 
ABC: + &get -n 
ABC: + &dch -f 
ABC: + &nf 
ABC: + &put 
ABC: + write_blif <abc-temp-dir>/output.blif 

11.22.93.2. Re-integrating ABC results.
ABC RESULTS:               AND cells:       43
ABC RESULTS:            ANDNOT cells:        5
ABC RESULTS:               MUX cells:       12
ABC RESULTS:              NAND cells:        3
ABC RESULTS:               NOR cells:        1
ABC RESULTS:               NOT cells:       10
ABC RESULTS:                OR cells:       13
ABC RESULTS:              XNOR cells:        4
ABC RESULTS:        internal signals:       97
ABC RESULTS:           input signals:       46
ABC RESULTS:          output signals:       73
Removing temp directory.

11.22.93.1. Executed ABC.
Extracted 13 gates and 24 wires to a netlist network with 10 inputs and 2 outputs.
Running ABC script: <abc-temp-dir>/abc.script
ABC: ======== ABC command line "source <abc-temp-dir>/abc.script"
ABC: + read_blif <abc-temp-dir>/input.blif 
ABC: + read_library <abc-temp-dir>/stdcells.genlib 
ABC: + strash 
ABC: + &get -n 
ABC: + &fraig -x 
ABC: + &put 
ABC: + scorr 
ABC: Warning: The network is combinational (run "fraig" or "fraig_sweep").
ABC: + dc2 
ABC: + dretime 
ABC: + strash 
ABC: + &get -n 
ABC: + &dch -f 
ABC: + &nf 
ABC: + &put 
ABC: + write_blif <abc-temp-dir>/output.blif 

11.22.93.2. Re-integrating ABC results.
ABC RESULTS:               AND cells:        5
ABC RESULTS:              NAND cells:        2
ABC RESULTS:               NOR cells:        2
ABC RESULTS:        internal signals:       12
ABC RESULTS:           input signals:       10
ABC RESULTS:          output signals:        2
Removing temp directory.

11.22.93.1. Executed ABC.
Extracted 1121 gates and 1453 wires to a netlist network with 331 inputs and 310 outputs.
Running ABC script: <abc-temp-dir>/abc.script
ABC: ======== ABC command line "source <abc-temp-dir>/abc.script"
ABC: + read_blif <abc-temp-dir>/input.blif 
ABC: + read_library <abc-temp-dir>/stdcells.genlib 
ABC: + strash 
ABC: + &get -n 
ABC: + &fraig -x 
ABC: + &put 
ABC: + scorr 
ABC: Warning: The network is combinational (run "fraig" or "fraig_sweep").
ABC: + dc2 
ABC: + dretime 
ABC: + strash 
ABC: + &get -n 
ABC: + &dch -f 
ABC: + &nf 
ABC: + &put 
ABC: + write_blif <abc-temp-dir>/output.blif 

11.22.93.2. Re-integrating ABC results.
ABC RESULTS:               AND cells:       96
ABC RESULTS:            ANDNOT cells:       41
ABC RESULTS:              NAND cells:      464
ABC RESULTS:               NOR cells:        1
ABC RESULTS:               NOT cells:       10
ABC RESULTS:                OR cells:        4
ABC RESULTS:             ORNOT cells:       11
ABC RESULTS:              XNOR cells:        5
ABC RESULTS:               XOR cells:      145
ABC RESULTS:        internal signals:      812
ABC RESULTS:           input signals:      331
ABC RESULTS:          output signals:      310
Removing temp directory.

11.22.93.1. Executed ABC.
Extracted 1 gates and 3 wires to a netlist network with 2 inputs and 1 outputs.
Running ABC script: <abc-temp-dir>/abc.script
ABC: ======== ABC command line "source <abc-temp-dir>/abc.script"
ABC: + read_blif <abc-temp-dir>/input.blif 
ABC: + read_library <abc-temp-dir>/stdcells.genlib 
ABC: + strash 
ABC: + &get -n 
ABC: + &fraig -x 
ABC: + &put 
ABC: + scorr 
ABC: Warning: The network is combinational (run "fraig" or "fraig_sweep").
ABC: + dc2 
ABC: + dretime 
ABC: + strash 
ABC: + &get -n 
ABC: + &dch -f 
ABC: + &nf 
ABC: + &put 
ABC: + write_blif <abc-temp-dir>/output.blif 

11.22.93.2. Re-integrating ABC results.
ABC RESULTS:               XOR cells:        1
ABC RESULTS:        internal signals:        0
ABC RESULTS:           input signals:        2
ABC RESULTS:          output signals:        1
Removing temp directory.

11.22.93.1. Executed ABC.
Extracted 312 gates and 460 wires to a netlist network with 148 inputs and 66 outputs.
Running ABC script: <abc-temp-dir>/abc.script
ABC: ======== ABC command line "source <abc-temp-dir>/abc.script"
ABC: + read_blif <abc-temp-dir>/input.blif 
ABC: + read_library <abc-temp-dir>/stdcells.genlib 
ABC: + strash 
ABC: + &get -n 
ABC: + &fraig -x 
ABC: + &put 
ABC: + scorr 
ABC: Warning: The network is combinational (run "fraig" or "fraig_sweep").
ABC: + dc2 
ABC: + dretime 
ABC: + strash 
ABC: + &get -n 
ABC: + &dch -f 
ABC: + &nf 
ABC: + &put 
ABC: + write_blif <abc-temp-dir>/output.blif 

11.22.93.2. Re-integrating ABC results.
ABC RESULTS:               AND cells:       52
ABC RESULTS:               MUX cells:       64
ABC RESULTS:              NAND cells:       43
ABC RESULTS:                OR cells:        5
ABC RESULTS:              XNOR cells:        4
ABC RESULTS:               XOR cells:       72
ABC RESULTS:        internal signals:      246
ABC RESULTS:           input signals:      148
ABC RESULTS:          output signals:       66
Removing temp directory.

11.22.93.1. Executed ABC.
Extracted 45 gates and 73 wires to a netlist network with 28 inputs and 9 outputs.
Running ABC script: <abc-temp-dir>/abc.script
ABC: ======== ABC command line "source <abc-temp-dir>/abc.script"
ABC: + read_blif <abc-temp-dir>/input.blif 
ABC: + read_library <abc-temp-dir>/stdcells.genlib 
ABC: + strash 
ABC: + &get -n 
ABC: + &fraig -x 
ABC: + &put 
ABC: + scorr 
ABC: Warning: The network is combinational (run "fraig" or "fraig_sweep").
ABC: + dc2 
ABC: + dretime 
ABC: + strash 
ABC: + &get -n 
ABC: + &dch -f 
ABC: + &nf 
ABC: + &put 
ABC: + write_blif <abc-temp-dir>/output.blif 

11.22.93.2. Re-integrating ABC results.
ABC RESULTS:               AND cells:       20
ABC RESULTS:              NAND cells:        2
ABC RESULTS:               NOR cells:       10
ABC RESULTS:               NOT cells:        2
ABC RESULTS:                OR cells:        1
ABC RESULTS:             ORNOT cells:        1
ABC RESULTS:               XOR cells:        1
ABC RESULTS:        internal signals:       36
ABC RESULTS:           input signals:       28
ABC RESULTS:          output signals:        9
Removing temp directory.

11.22.93.1. Executed ABC.
Extracted 1 gates and 3 wires to a netlist network with 2 inputs and 1 outputs.
Running ABC script: <abc-temp-dir>/abc.script
ABC: ======== ABC command line "source <abc-temp-dir>/abc.script"
ABC: + read_blif <abc-temp-dir>/input.blif 
ABC: + read_library <abc-temp-dir>/stdcells.genlib 
ABC: + strash 
ABC: + &get -n 
ABC: + &fraig -x 
ABC: + &put 
ABC: + scorr 
ABC: Warning: The network is combinational (run "fraig" or "fraig_sweep").
ABC: + dc2 
ABC: + dretime 
ABC: + strash 
ABC: + &get -n 
ABC: + &dch -f 
ABC: + &nf 
ABC: + &put 
ABC: + write_blif <abc-temp-dir>/output.blif 

11.22.93.2. Re-integrating ABC results.
ABC RESULTS:               AND cells:        1
ABC RESULTS:        internal signals:        0
ABC RESULTS:           input signals:        2
ABC RESULTS:          output signals:        1
Removing temp directory.

11.22.93.1. Executed ABC.
Extracted 338 gates and 392 wires to a netlist network with 52 inputs and 36 outputs.
Running ABC script: <abc-temp-dir>/abc.script
ABC: ======== ABC command line "source <abc-temp-dir>/abc.script"
ABC: + read_blif <abc-temp-dir>/input.blif 
ABC: + read_library <abc-temp-dir>/stdcells.genlib 
ABC: + strash 
ABC: + &get -n 
ABC: + &fraig -x 
ABC: + &put 
ABC: + scorr 
ABC: Warning: The network is combinational (run "fraig" or "fraig_sweep").
ABC: + dc2 
ABC: + dretime 
ABC: + strash 
ABC: + &get -n 
ABC: + &dch -f 
ABC: + &nf 
ABC: + &put 
ABC: + write_blif <abc-temp-dir>/output.blif 

11.22.93.2. Re-integrating ABC results.
ABC RESULTS:               AND cells:       33
ABC RESULTS:            ANDNOT cells:       10
ABC RESULTS:               MUX cells:        7
ABC RESULTS:              NAND cells:       42
ABC RESULTS:               NOR cells:        7
ABC RESULTS:               NOT cells:        6
ABC RESULTS:                OR cells:       32
ABC RESULTS:             ORNOT cells:        6
ABC RESULTS:        internal signals:      304
ABC RESULTS:           input signals:       52
ABC RESULTS:          output signals:       36
Removing temp directory.

11.22.93.1. Executed ABC.
Extracted 145 gates and 177 wires to a netlist network with 31 inputs and 56 outputs.
Running ABC script: <abc-temp-dir>/abc.script
ABC: ======== ABC command line "source <abc-temp-dir>/abc.script"
ABC: + read_blif <abc-temp-dir>/input.blif 
ABC: + read_library <abc-temp-dir>/stdcells.genlib 
ABC: + strash 
ABC: + &get -n 
ABC: + &fraig -x 
ABC: + &put 
ABC: + scorr 
ABC: Warning: The network is combinational (run "fraig" or "fraig_sweep").
ABC: + dc2 
ABC: + dretime 
ABC: + strash 
ABC: + &get -n 
ABC: + &dch -f 
ABC: + &nf 
ABC: + &put 
ABC: + write_blif <abc-temp-dir>/output.blif 

11.22.93.2. Re-integrating ABC results.
ABC RESULTS:               AND cells:       37
ABC RESULTS:            ANDNOT cells:        6
ABC RESULTS:               MUX cells:        7
ABC RESULTS:              NAND cells:        1
ABC RESULTS:               NOT cells:        9
ABC RESULTS:                OR cells:        1
ABC RESULTS:             ORNOT cells:        1
ABC RESULTS:              XNOR cells:        3
ABC RESULTS:        internal signals:       90
ABC RESULTS:           input signals:       31
ABC RESULTS:          output signals:       56
Removing temp directory.

11.22.93.1. Executed ABC.
Extracted 4 gates and 8 wires to a netlist network with 4 inputs and 2 outputs.
Running ABC script: <abc-temp-dir>/abc.script
ABC: ======== ABC command line "source <abc-temp-dir>/abc.script"
ABC: + read_blif <abc-temp-dir>/input.blif 
ABC: + read_library <abc-temp-dir>/stdcells.genlib 
ABC: + strash 
ABC: + &get -n 
ABC: + &fraig -x 
ABC: + &put 
ABC: + scorr 
ABC: Warning: The network is combinational (run "fraig" or "fraig_sweep").
ABC: + dc2 
ABC: + dretime 
ABC: + strash 
ABC: + &get -n 
ABC: + &dch -f 
ABC: + &nf 
ABC: + &put 
ABC: + write_blif <abc-temp-dir>/output.blif 

11.22.93.2. Re-integrating ABC results.
ABC RESULTS:               AND cells:        1
ABC RESULTS:            ANDNOT cells:        1
ABC RESULTS:               NOT cells:        1
ABC RESULTS:                OR cells:        1
ABC RESULTS:        internal signals:        2
ABC RESULTS:           input signals:        4
ABC RESULTS:          output signals:        2
Removing temp directory.

11.22.94. Extracting gate netlist of module `\wire_ingress_buffer' to `<abc-temp-dir>/input.blif'..
Found matching posedge clock domain: \clk, enabled by \pop, synchronously reset by \rst

11.22.94.1. Executed ABC.
Extracted 50 gates and 86 wires to a netlist network with 34 inputs and 8 outputs.
Running ABC script: <abc-temp-dir>/abc.script
ABC: ======== ABC command line "source <abc-temp-dir>/abc.script"
ABC: + read_blif <abc-temp-dir>/input.blif 
ABC: + read_library <abc-temp-dir>/stdcells.genlib 
ABC: + strash 
ABC: + &get -n 
ABC: + &fraig -x 
ABC: + &put 
ABC: + scorr 
ABC: Warning: The network is combinational (run "fraig" or "fraig_sweep").
ABC: + dc2 
ABC: + dretime 
ABC: + strash 
ABC: + &get -n 
ABC: + &dch -f 
ABC: + &nf 
ABC: + &put 
ABC: + write_blif <abc-temp-dir>/output.blif 

11.22.94.2. Re-integrating ABC results.
ABC RESULTS:               AND cells:       12
ABC RESULTS:            ANDNOT cells:        1
ABC RESULTS:              NAND cells:       19
ABC RESULTS:               NOR cells:        8
ABC RESULTS:               NOT cells:        1
ABC RESULTS:                OR cells:        7
ABC RESULTS:             ORNOT cells:        4
ABC RESULTS:        internal signals:       44
ABC RESULTS:           input signals:       34
ABC RESULTS:          output signals:        8
Removing temp directory.

11.22.94.1. Executed ABC.
Extracted 318 gates and 418 wires to a netlist network with 99 inputs and 99 outputs.
Running ABC script: <abc-temp-dir>/abc.script
ABC: ======== ABC command line "source <abc-temp-dir>/abc.script"
ABC: + read_blif <abc-temp-dir>/input.blif 
ABC: + read_library <abc-temp-dir>/stdcells.genlib 
ABC: + strash 
ABC: + &get -n 
ABC: + &fraig -x 
ABC: + &put 
ABC: + scorr 
ABC: Warning: The network is combinational (run "fraig" or "fraig_sweep").
ABC: + dc2 
ABC: + dretime 
ABC: + strash 
ABC: + &get -n 
ABC: + &dch -f 
ABC: + &nf 
ABC: + &put 
ABC: + write_blif <abc-temp-dir>/output.blif 

11.22.94.2. Re-integrating ABC results.
ABC RESULTS:               AND cells:        6
ABC RESULTS:            ANDNOT cells:        6
ABC RESULTS:               MUX cells:        1
ABC RESULTS:              NAND cells:      132
ABC RESULTS:               NOR cells:        3
ABC RESULTS:               NOT cells:       17
ABC RESULTS:                OR cells:       18
ABC RESULTS:             ORNOT cells:        3
ABC RESULTS:              XNOR cells:        3
ABC RESULTS:               XOR cells:       16
ABC RESULTS:        internal signals:      220
ABC RESULTS:           input signals:       99
ABC RESULTS:          output signals:       99
Removing temp directory.

11.22.95. Extracting gate netlist of module `\wire_ingress_buffer' to `<abc-temp-dir>/input.blif'..
Found matching posedge clock domain: \clk, enabled by \push, synchronously reset by \rst

11.22.96. Extracting gate netlist of module `\wire_ingress_buffer' to `<abc-temp-dir>/input.blif'..
Found matching posedge clock domain: \clk, synchronously reset by \rst

11.22.97. Extracting gate netlist of module `\wire_ingress_buffer' to `<abc-temp-dir>/input.blif'..
Found matching posedge clock domain: \clk, enabled by $memory\data_q$wren[1][0][0]$y$8510

11.22.98. Extracting gate netlist of module `\wire_ingress_buffer' to `<abc-temp-dir>/input.blif'..
Found matching posedge clock domain: \clk, enabled by $memory\data_q$wren[0][0][0]$y$8506

11.22.99. Extracting gate netlist of module `\wire_ingress_buffer' to `<abc-temp-dir>/input.blif'..
Found matching posedge clock domain: \clk, enabled by $auto$simple.cc:193:make_patterns_logic$7362, synchronously reset by \rst

11.22.100. Summary of detected clock domains:
  9 cells in clk=\clk, en=\rx_fire, arst={ }, srst=\stage_rst
  45 cells in clk=\clk, en=$logic_and$rtl/arch_a/wire_arch_a_parser_top.sv:145$772_Y, arst={ }, srst=\stage_rst

11.22.101. Extracting gate netlist of module `\wire_arch_a_parser_top' to `<abc-temp-dir>/input.blif'..
Found matching posedge clock domain: \clk, enabled by \rx_fire, synchronously reset by \stage_rst

11.22.102. Extracting gate netlist of module `\wire_arch_a_parser_top' to `<abc-temp-dir>/input.blif'..
Found matching posedge clock domain: \clk, enabled by $logic_and$rtl/arch_a/wire_arch_a_parser_top.sv:145$772_Y, synchronously reset by \stage_rst

11.22.102.1. Executed ABC.
Extracted 144 gates and 197 wires to a netlist network with 52 inputs and 27 outputs.
Running ABC script: <abc-temp-dir>/abc.script
ABC: ======== ABC command line "source <abc-temp-dir>/abc.script"
ABC: + read_blif <abc-temp-dir>/input.blif 
ABC: + read_library <abc-temp-dir>/stdcells.genlib 
ABC: + strash 
ABC: + &get -n 
ABC: + &fraig -x 
ABC: + &put 
ABC: + scorr 
ABC: Warning: The network is combinational (run "fraig" or "fraig_sweep").
ABC: + dc2 
ABC: + dretime 
ABC: + strash 
ABC: + &get -n 
ABC: + &dch -f 
ABC: + &nf 
ABC: + &put 
ABC: + write_blif <abc-temp-dir>/output.blif 

11.22.102.2. Re-integrating ABC results.
ABC RESULTS:               AND cells:       18
ABC RESULTS:            ANDNOT cells:        1
ABC RESULTS:               MUX cells:       12
ABC RESULTS:              NAND cells:        6
ABC RESULTS:               NOR cells:        8
ABC RESULTS:               NOT cells:        5
ABC RESULTS:                OR cells:       13
ABC RESULTS:             ORNOT cells:        4
ABC RESULTS:              XNOR cells:       12
ABC RESULTS:               XOR cells:       11
ABC RESULTS:        internal signals:      118
ABC RESULTS:           input signals:       52
ABC RESULTS:          output signals:       27
Removing temp directory.

11.22.102.1. Executed ABC.
Extracted 35 gates and 71 wires to a netlist network with 36 inputs and 34 outputs.
Running ABC script: <abc-temp-dir>/abc.script
ABC: ======== ABC command line "source <abc-temp-dir>/abc.script"
ABC: + read_blif <abc-temp-dir>/input.blif 
ABC: + read_library <abc-temp-dir>/stdcells.genlib 
ABC: + strash 
ABC: + &get -n 
ABC: + &fraig -x 
ABC: + &put 
ABC: + scorr 
ABC: Warning: The network is combinational (run "fraig" or "fraig_sweep").
ABC: + dc2 
ABC: + dretime 
ABC: + strash 
ABC: + &get -n 
ABC: + &dch -f 
ABC: + &nf 
ABC: + &put 
ABC: + write_blif <abc-temp-dir>/output.blif 

11.22.102.2. Re-integrating ABC results.
ABC RESULTS:               AND cells:       18
ABC RESULTS:               NOT cells:        1
ABC RESULTS:               XOR cells:       16
ABC RESULTS:        internal signals:        1
ABC RESULTS:           input signals:       36
ABC RESULTS:          output signals:       34
Removing temp directory.

11.22.102.1. Executed ABC.
Extracted 79 gates and 138 wires to a netlist network with 57 inputs and 36 outputs.
Running ABC script: <abc-temp-dir>/abc.script
ABC: ======== ABC command line "source <abc-temp-dir>/abc.script"
ABC: + read_blif <abc-temp-dir>/input.blif 
ABC: + read_library <abc-temp-dir>/stdcells.genlib 
ABC: + strash 
ABC: + &get -n 
ABC: + &fraig -x 
ABC: + &put 
ABC: + scorr 
ABC: Warning: The network is combinational (run "fraig" or "fraig_sweep").
ABC: + dc2 
ABC: + dretime 
ABC: + strash 
ABC: + &get -n 
ABC: + &dch -f 
ABC: + &nf 
ABC: + &put 
ABC: + write_blif <abc-temp-dir>/output.blif 

11.22.102.2. Re-integrating ABC results.
ABC RESULTS:               AND cells:       33
ABC RESULTS:              NAND cells:        1
ABC RESULTS:               NOT cells:        2
ABC RESULTS:                OR cells:       18
ABC RESULTS:             ORNOT cells:        2
ABC RESULTS:              XNOR cells:        1
ABC RESULTS:               XOR cells:       14
ABC RESULTS:        internal signals:       45
ABC RESULTS:           input signals:       57
ABC RESULTS:          output signals:       36
Removing temp directory.

11.22.102.1. Executed ABC.
Extracted 77 gates and 143 wires to a netlist network with 64 inputs and 16 outputs.
Running ABC script: <abc-temp-dir>/abc.script
ABC: ======== ABC command line "source <abc-temp-dir>/abc.script"
ABC: + read_blif <abc-temp-dir>/input.blif 
ABC: + read_library <abc-temp-dir>/stdcells.genlib 
ABC: + strash 
ABC: + &get -n 
ABC: + &fraig -x 
ABC: + &put 
ABC: + scorr 
ABC: Warning: The network is combinational (run "fraig" or "fraig_sweep").
ABC: + dc2 
ABC: + dretime 
ABC: + strash 
ABC: + &get -n 
ABC: + &dch -f 
ABC: + &nf 
ABC: + &put 
ABC: + write_blif <abc-temp-dir>/output.blif 

11.22.102.2. Re-integrating ABC results.
ABC RESULTS:               AND cells:       39
ABC RESULTS:            ANDNOT cells:        2
ABC RESULTS:              NAND cells:        8
ABC RESULTS:               NOR cells:       17
ABC RESULTS:               NOT cells:        2
ABC RESULTS:                OR cells:        9
ABC RESULTS:             ORNOT cells:        1
ABC RESULTS:        internal signals:       63
ABC RESULTS:           input signals:       64
ABC RESULTS:          output signals:       16
Removing temp directory.

11.22.102.1. Executed ABC.
Extracted 244 gates and 310 wires to a netlist network with 64 inputs and 49 outputs.
Running ABC script: <abc-temp-dir>/abc.script
ABC: ======== ABC command line "source <abc-temp-dir>/abc.script"
ABC: + read_blif <abc-temp-dir>/input.blif 
ABC: + read_library <abc-temp-dir>/stdcells.genlib 
ABC: + strash 
ABC: + &get -n 
ABC: + &fraig -x 
ABC: + &put 
ABC: + scorr 
ABC: Warning: The network is combinational (run "fraig" or "fraig_sweep").
ABC: + dc2 
ABC: + dretime 
ABC: + strash 
ABC: + &get -n 
ABC: + &dch -f 
ABC: + &nf 
ABC: + &put 
ABC: + write_blif <abc-temp-dir>/output.blif 

11.22.102.2. Re-integrating ABC results.
ABC RESULTS:               AND cells:       46
ABC RESULTS:            ANDNOT cells:        7
ABC RESULTS:               MUX cells:        7
ABC RESULTS:              NAND cells:       35
ABC RESULTS:               NOR cells:        9
ABC RESULTS:               NOT cells:        6
ABC RESULTS:                OR cells:        6
ABC RESULTS:             ORNOT cells:        9
ABC RESULTS:        internal signals:      197
ABC RESULTS:           input signals:       64
ABC RESULTS:          output signals:       49
Removing temp directory.

11.22.102.1. Executed ABC.
Extracted 33 gates and 64 wires to a netlist network with 31 inputs and 18 outputs.
Running ABC script: <abc-temp-dir>/abc.script
ABC: ======== ABC command line "source <abc-temp-dir>/abc.script"
ABC: + read_blif <abc-temp-dir>/input.blif 
ABC: + read_library <abc-temp-dir>/stdcells.genlib 
ABC: + strash 
ABC: + &get -n 
ABC: + &fraig -x 
ABC: + &put 
ABC: + scorr 
ABC: Warning: The network is combinational (run "fraig" or "fraig_sweep").
ABC: + dc2 
ABC: + dretime 
ABC: + strash 
ABC: + &get -n 
ABC: + &dch -f 
ABC: + &nf 
ABC: + &put 
ABC: + write_blif <abc-temp-dir>/output.blif 

11.22.102.2. Re-integrating ABC results.
ABC RESULTS:               AND cells:        7
ABC RESULTS:               MUX cells:        7
ABC RESULTS:              NAND cells:        4
ABC RESULTS:               NOR cells:        2
ABC RESULTS:                OR cells:        6
ABC RESULTS:               XOR cells:        7
ABC RESULTS:        internal signals:       15
ABC RESULTS:           input signals:       31
ABC RESULTS:          output signals:       18
Removing temp directory.

11.22.102.1. Executed ABC.
Extracted 231 gates and 344 wires to a netlist network with 113 inputs and 80 outputs.
Running ABC script: <abc-temp-dir>/abc.script
ABC: ======== ABC command line "source <abc-temp-dir>/abc.script"
ABC: + read_blif <abc-temp-dir>/input.blif 
ABC: + read_library <abc-temp-dir>/stdcells.genlib 
ABC: + strash 
ABC: + &get -n 
ABC: + &fraig -x 
ABC: + &put 
ABC: + scorr 
ABC: Warning: The network is combinational (run "fraig" or "fraig_sweep").
ABC: + dc2 
ABC: + dretime 
ABC: + strash 
ABC: + &get -n 
ABC: + &dch -f 
ABC: + &nf 
ABC: + &put 
ABC: + write_blif <abc-temp-dir>/output.blif 

11.22.102.2. Re-integrating ABC results.
ABC RESULTS:               AND cells:       62
ABC RESULTS:              NAND cells:        1
ABC RESULTS:                OR cells:       15
ABC RESULTS:              XNOR cells:        1
ABC RESULTS:               XOR cells:       78
ABC RESULTS:        internal signals:      151
ABC RESULTS:           input signals:      113
ABC RESULTS:          output signals:       80
Removing temp directory.

11.22.102.1. Executed ABC.
Extracted 158 gates and 273 wires to a netlist network with 114 inputs and 105 outputs.
Running ABC script: <abc-temp-dir>/abc.script
ABC: ======== ABC command line "source <abc-temp-dir>/abc.script"
ABC: + read_blif <abc-temp-dir>/input.blif 
ABC: + read_library <abc-temp-dir>/stdcells.genlib 
ABC: + strash 
ABC: + &get -n 
ABC: + &fraig -x 
ABC: + &put 
ABC: + scorr 
ABC: Warning: The network is combinational (run "fraig" or "fraig_sweep").
ABC: + dc2 
ABC: + dretime 
ABC: + strash 
ABC: + &get -n 
ABC: + &dch -f 
ABC: + &nf 
ABC: + &put 
ABC: + write_blif <abc-temp-dir>/output.blif 

11.22.102.2. Re-integrating ABC results.
ABC RESULTS:               AND cells:       44
ABC RESULTS:            ANDNOT cells:        3
ABC RESULTS:               MUX cells:       40
ABC RESULTS:              NAND cells:        7
ABC RESULTS:               NOR cells:        1
ABC RESULTS:               NOT cells:        5
ABC RESULTS:                OR cells:        7
ABC RESULTS:             ORNOT cells:        1
ABC RESULTS:              XNOR cells:        1
ABC RESULTS:               XOR cells:       30
ABC RESULTS:        internal signals:       54
ABC RESULTS:           input signals:      114
ABC RESULTS:          output signals:      105
Removing temp directory.

11.22.102.1. Executed ABC.
Extracted 1 gates and 3 wires to a netlist network with 2 inputs and 1 outputs.
Running ABC script: <abc-temp-dir>/abc.script
ABC: ======== ABC command line "source <abc-temp-dir>/abc.script"
ABC: + read_blif <abc-temp-dir>/input.blif 
ABC: + read_library <abc-temp-dir>/stdcells.genlib 
ABC: + strash 
ABC: + &get -n 
ABC: + &fraig -x 
ABC: + &put 
ABC: + scorr 
ABC: Warning: The network is combinational (run "fraig" or "fraig_sweep").
ABC: + dc2 
ABC: + dretime 
ABC: + strash 
ABC: + &get -n 
ABC: + &dch -f 
ABC: + &nf 
ABC: + &put 
ABC: + write_blif <abc-temp-dir>/output.blif 

11.22.102.2. Re-integrating ABC results.
ABC RESULTS:               AND cells:        1
ABC RESULTS:        internal signals:        0
ABC RESULTS:           input signals:        2
ABC RESULTS:          output signals:        1
Removing temp directory.

11.22.102.1. Executed ABC.
Extracted 66 gates and 140 wires to a netlist network with 72 inputs and 32 outputs.
Running ABC script: <abc-temp-dir>/abc.script
ABC: ======== ABC command line "source <abc-temp-dir>/abc.script"
ABC: + read_blif <abc-temp-dir>/input.blif 
ABC: + read_library <abc-temp-dir>/stdcells.genlib 
ABC: + strash 
ABC: + &get -n 
ABC: + &fraig -x 
ABC: + &put 
ABC: + scorr 
ABC: Warning: The network is combinational (run "fraig" or "fraig_sweep").
ABC: + dc2 
ABC: + dretime 
ABC: + strash 
ABC: + &get -n 
ABC: + &dch -f 
ABC: + &nf 
ABC: + &put 
ABC: + write_blif <abc-temp-dir>/output.blif 

11.22.102.2. Re-integrating ABC results.
ABC RESULTS:               AND cells:       14
ABC RESULTS:               MUX cells:       16
ABC RESULTS:              NAND cells:        4
ABC RESULTS:               NOR cells:       14
ABC RESULTS:               NOT cells:        3
ABC RESULTS:                OR cells:        4
ABC RESULTS:             ORNOT cells:        4
ABC RESULTS:        internal signals:       36
ABC RESULTS:           input signals:       72
ABC RESULTS:          output signals:       32
Removing temp directory.

11.22.102.1. Executed ABC.
Extracted 71 gates and 105 wires to a netlist network with 34 inputs and 33 outputs.
Running ABC script: <abc-temp-dir>/abc.script
ABC: ======== ABC command line "source <abc-temp-dir>/abc.script"
ABC: + read_blif <abc-temp-dir>/input.blif 
ABC: + read_library <abc-temp-dir>/stdcells.genlib 
ABC: + strash 
ABC: + &get -n 
ABC: + &fraig -x 
ABC: + &put 
ABC: + scorr 
ABC: Warning: The network is combinational (run "fraig" or "fraig_sweep").
ABC: + dc2 
ABC: + dretime 
ABC: + strash 
ABC: + &get -n 
ABC: + &dch -f 
ABC: + &nf 
ABC: + &put 
ABC: + write_blif <abc-temp-dir>/output.blif 

11.22.102.2. Re-integrating ABC results.
ABC RESULTS:               AND cells:        2
ABC RESULTS:            ANDNOT cells:        2
ABC RESULTS:               MUX cells:        9
ABC RESULTS:               NOR cells:        3
ABC RESULTS:               NOT cells:       13
ABC RESULTS:                OR cells:       11
ABC RESULTS:             ORNOT cells:        2
ABC RESULTS:              XNOR cells:        8
ABC RESULTS:        internal signals:       38
ABC RESULTS:           input signals:       34
ABC RESULTS:          output signals:       33
Removing temp directory.

11.22.102.1. Executed ABC.
Extracted 465 gates and 553 wires to a netlist network with 86 inputs and 69 outputs.
Running ABC script: <abc-temp-dir>/abc.script
ABC: ======== ABC command line "source <abc-temp-dir>/abc.script"
ABC: + read_blif <abc-temp-dir>/input.blif 
ABC: + read_library <abc-temp-dir>/stdcells.genlib 
ABC: + strash 
ABC: + &get -n 
ABC: + &fraig -x 
ABC: + &put 
ABC: + scorr 
ABC: Warning: The network is combinational (run "fraig" or "fraig_sweep").
ABC: + dc2 
ABC: + dretime 
ABC: + strash 
ABC: + &get -n 
ABC: + &dch -f 
ABC: + &nf 
ABC: + &put 
ABC: + write_blif <abc-temp-dir>/output.blif 

11.22.102.2. Re-integrating ABC results.
ABC RESULTS:               AND cells:       62
ABC RESULTS:            ANDNOT cells:       34
ABC RESULTS:               MUX cells:       17
ABC RESULTS:              NAND cells:       79
ABC RESULTS:               NOR cells:       15
ABC RESULTS:               NOT cells:        3
ABC RESULTS:                OR cells:       23
ABC RESULTS:             ORNOT cells:        6
ABC RESULTS:        internal signals:      398
ABC RESULTS:           input signals:       86
ABC RESULTS:          output signals:       69
Removing temp directory.

11.22.102.1. Executed ABC.
Extracted 24 gates and 43 wires to a netlist network with 18 inputs and 15 outputs.
Running ABC script: <abc-temp-dir>/abc.script
ABC: ======== ABC command line "source <abc-temp-dir>/abc.script"
ABC: + read_blif <abc-temp-dir>/input.blif 
ABC: + read_library <abc-temp-dir>/stdcells.genlib 
ABC: + strash 
ABC: + &get -n 
ABC: + &fraig -x 
ABC: + &put 
ABC: + scorr 
ABC: Warning: The network is combinational (run "fraig" or "fraig_sweep").
ABC: + dc2 
ABC: + dretime 
ABC: + strash 
ABC: + &get -n 
ABC: + &dch -f 
ABC: + &nf 
ABC: + &put 
ABC: + write_blif <abc-temp-dir>/output.blif 

11.22.102.2. Re-integrating ABC results.
ABC RESULTS:               AND cells:       13
ABC RESULTS:            ANDNOT cells:        1
ABC RESULTS:              NAND cells:        4
ABC RESULTS:               NOR cells:        1
ABC RESULTS:               NOT cells:        1
ABC RESULTS:              XNOR cells:        1
ABC RESULTS:        internal signals:       10
ABC RESULTS:           input signals:       18
ABC RESULTS:          output signals:       15
Removing temp directory.

11.22.102.1. Executed ABC.
Extracted 32 gates and 97 wires to a netlist network with 65 inputs and 32 outputs.
Running ABC script: <abc-temp-dir>/abc.script
ABC: ======== ABC command line "source <abc-temp-dir>/abc.script"
ABC: + read_blif <abc-temp-dir>/input.blif 
ABC: + read_library <abc-temp-dir>/stdcells.genlib 
ABC: + strash 
ABC: + &get -n 
ABC: + &fraig -x 
ABC: + &put 
ABC: + scorr 
ABC: Warning: The network is combinational (run "fraig" or "fraig_sweep").
ABC: + dc2 
ABC: + dretime 
ABC: + strash 
ABC: + &get -n 
ABC: + &dch -f 
ABC: + &nf 
ABC: + &put 
ABC: + write_blif <abc-temp-dir>/output.blif 

11.22.102.2. Re-integrating ABC results.
ABC RESULTS:               MUX cells:       32
ABC RESULTS:        internal signals:        0
ABC RESULTS:           input signals:       65
ABC RESULTS:          output signals:       32
Removing temp directory.

11.22.102.1. Executed ABC.
Extracted 36 gates and 79 wires to a netlist network with 42 inputs and 15 outputs.
Running ABC script: <abc-temp-dir>/abc.script
ABC: ======== ABC command line "source <abc-temp-dir>/abc.script"
ABC: + read_blif <abc-temp-dir>/input.blif 
ABC: + read_library <abc-temp-dir>/stdcells.genlib 
ABC: + strash 
ABC: + &get -n 
ABC: + &fraig -x 
ABC: + &put 
ABC: + scorr 
ABC: Warning: The network is combinational (run "fraig" or "fraig_sweep").
ABC: + dc2 
ABC: + dretime 
ABC: + strash 
ABC: + &get -n 
ABC: + &dch -f 
ABC: + &nf 
ABC: + &put 
ABC: + write_blif <abc-temp-dir>/output.blif 

11.22.102.2. Re-integrating ABC results.
ABC RESULTS:               AND cells:        1
ABC RESULTS:            ANDNOT cells:        1
ABC RESULTS:               MUX cells:       24
ABC RESULTS:               NOR cells:        4
ABC RESULTS:                OR cells:        1
ABC RESULTS:              XNOR cells:        3
ABC RESULTS:               XOR cells:        2
ABC RESULTS:        internal signals:       22
ABC RESULTS:           input signals:       42
ABC RESULTS:          output signals:       15
Removing temp directory.

11.22.102.1. Executed ABC.
Extracted 103 gates and 125 wires to a netlist network with 22 inputs and 17 outputs.
Running ABC script: <abc-temp-dir>/abc.script
ABC: ======== ABC command line "source <abc-temp-dir>/abc.script"
ABC: + read_blif <abc-temp-dir>/input.blif 
ABC: + read_library <abc-temp-dir>/stdcells.genlib 
ABC: + strash 
ABC: + &get -n 
ABC: + &fraig -x 
ABC: + &put 
ABC: + scorr 
ABC: Warning: The network is combinational (run "fraig" or "fraig_sweep").
ABC: + dc2 
ABC: + dretime 
ABC: + strash 
ABC: + &get -n 
ABC: + &dch -f 
ABC: + &nf 
ABC: + &put 
ABC: + write_blif <abc-temp-dir>/output.blif 

11.22.102.2. Re-integrating ABC results.
ABC RESULTS:               AND cells:       30
ABC RESULTS:            ANDNOT cells:        4
ABC RESULTS:              NAND cells:       17
ABC RESULTS:               NOR cells:        2
ABC RESULTS:               NOT cells:        5
ABC RESULTS:                OR cells:        6
ABC RESULTS:             ORNOT cells:        8
ABC RESULTS:              XNOR cells:        1
ABC RESULTS:        internal signals:       86
ABC RESULTS:           input signals:       22
ABC RESULTS:          output signals:       17
Removing temp directory.

11.22.102.1. Executed ABC.
Extracted 1 gates and 3 wires to a netlist network with 2 inputs and 1 outputs.
Running ABC script: <abc-temp-dir>/abc.script
ABC: ======== ABC command line "source <abc-temp-dir>/abc.script"
ABC: + read_blif <abc-temp-dir>/input.blif 
ABC: + read_library <abc-temp-dir>/stdcells.genlib 
ABC: + strash 
ABC: + &get -n 
ABC: + &fraig -x 
ABC: + &put 
ABC: + scorr 
ABC: Warning: The network is combinational (run "fraig" or "fraig_sweep").
ABC: + dc2 
ABC: + dretime 
ABC: + strash 
ABC: + &get -n 
ABC: + &dch -f 
ABC: + &nf 
ABC: + &put 
ABC: + write_blif <abc-temp-dir>/output.blif 

11.22.102.2. Re-integrating ABC results.
ABC RESULTS:               AND cells:        1
ABC RESULTS:        internal signals:        0
ABC RESULTS:           input signals:        2
ABC RESULTS:          output signals:        1
Removing temp directory.

11.22.102.1. Executed ABC.
Extracted 36 gates and 61 wires to a netlist network with 23 inputs and 8 outputs.
Running ABC script: <abc-temp-dir>/abc.script
ABC: ======== ABC command line "source <abc-temp-dir>/abc.script"
ABC: + read_blif <abc-temp-dir>/input.blif 
ABC: + read_library <abc-temp-dir>/stdcells.genlib 
ABC: + strash 
ABC: + &get -n 
ABC: + &fraig -x 
ABC: + &put 
ABC: + scorr 
ABC: Warning: The network is combinational (run "fraig" or "fraig_sweep").
ABC: + dc2 
ABC: + dretime 
ABC: + strash 
ABC: + &get -n 
ABC: + &dch -f 
ABC: + &nf 
ABC: + &put 
ABC: + write_blif <abc-temp-dir>/output.blif 

11.22.102.2. Re-integrating ABC results.
ABC RESULTS:               AND cells:       10
ABC RESULTS:            ANDNOT cells:        1
ABC RESULTS:              NAND cells:        7
ABC RESULTS:               NOR cells:        6
ABC RESULTS:               NOT cells:        2
ABC RESULTS:                OR cells:        4
ABC RESULTS:             ORNOT cells:        3
ABC RESULTS:        internal signals:       30
ABC RESULTS:           input signals:       23
ABC RESULTS:          output signals:        8
Removing temp directory.

11.22.102.1. Executed ABC.
Extracted 10 gates and 23 wires to a netlist network with 13 inputs and 6 outputs.
Running ABC script: <abc-temp-dir>/abc.script
ABC: ======== ABC command line "source <abc-temp-dir>/abc.script"
ABC: + read_blif <abc-temp-dir>/input.blif 
ABC: + read_library <abc-temp-dir>/stdcells.genlib 
ABC: + strash 
ABC: + &get -n 
ABC: + &fraig -x 
ABC: + &put 
ABC: + scorr 
ABC: Warning: The network is combinational (run "fraig" or "fraig_sweep").
ABC: + dc2 
ABC: + dretime 
ABC: + strash 
ABC: + &get -n 
ABC: + &dch -f 
ABC: + &nf 
ABC: + &put 
ABC: + write_blif <abc-temp-dir>/output.blif 

11.22.102.2. Re-integrating ABC results.
ABC RESULTS:               AND cells:        2
ABC RESULTS:            ANDNOT cells:        1
ABC RESULTS:               NOR cells:        1
ABC RESULTS:                OR cells:        3
ABC RESULTS:             ORNOT cells:        1
ABC RESULTS:        internal signals:        4
ABC RESULTS:           input signals:       13
ABC RESULTS:          output signals:        6
Removing temp directory.

11.22.102.1. Executed ABC.
Extracted 40 gates and 63 wires to a netlist network with 22 inputs and 30 outputs.
Running ABC script: <abc-temp-dir>/abc.script
ABC: ======== ABC command line "source <abc-temp-dir>/abc.script"
ABC: + read_blif <abc-temp-dir>/input.blif 
ABC: + read_library <abc-temp-dir>/stdcells.genlib 
ABC: + strash 
ABC: + &get -n 
ABC: + &fraig -x 
ABC: + &put 
ABC: + scorr 
ABC: Warning: The network is combinational (run "fraig" or "fraig_sweep").
ABC: + dc2 
ABC: + dretime 
ABC: + strash 
ABC: + &get -n 
ABC: + &dch -f 
ABC: + &nf 
ABC: + &put 
ABC: + write_blif <abc-temp-dir>/output.blif 

11.22.102.2. Re-integrating ABC results.
ABC RESULTS:               AND cells:       11
ABC RESULTS:            ANDNOT cells:        3
ABC RESULTS:               MUX cells:        6
ABC RESULTS:              NAND cells:        2
ABC RESULTS:               NOT cells:        5
ABC RESULTS:                OR cells:        4
ABC RESULTS:             ORNOT cells:        1
ABC RESULTS:              XNOR cells:        2
ABC RESULTS:               XOR cells:        1
ABC RESULTS:        internal signals:       11
ABC RESULTS:           input signals:       22
ABC RESULTS:          output signals:       30
Removing temp directory.

11.22.102.1. Executed ABC.
Extracted 135 gates and 164 wires to a netlist network with 28 inputs and 19 outputs.
Running ABC script: <abc-temp-dir>/abc.script
ABC: ======== ABC command line "source <abc-temp-dir>/abc.script"
ABC: + read_blif <abc-temp-dir>/input.blif 
ABC: + read_library <abc-temp-dir>/stdcells.genlib 
ABC: + strash 
ABC: + &get -n 
ABC: + &fraig -x 
ABC: + &put 
ABC: + scorr 
ABC: Warning: The network is combinational (run "fraig" or "fraig_sweep").
ABC: + dc2 
ABC: + dretime 
ABC: + strash 
ABC: + &get -n 
ABC: + &dch -f 
ABC: + &nf 
ABC: + &put 
ABC: + write_blif <abc-temp-dir>/output.blif 

11.22.102.2. Re-integrating ABC results.
ABC RESULTS:               AND cells:       11
ABC RESULTS:            ANDNOT cells:        6
ABC RESULTS:               MUX cells:        5
ABC RESULTS:              NAND cells:       17
ABC RESULTS:               NOR cells:        3
ABC RESULTS:               NOT cells:        2
ABC RESULTS:                OR cells:       14
ABC RESULTS:             ORNOT cells:        4
ABC RESULTS:        internal signals:      117
ABC RESULTS:           input signals:       28
ABC RESULTS:          output signals:       19
Removing temp directory.

11.22.102.1. Executed ABC.
Extracted 3 gates and 6 wires to a netlist network with 3 inputs and 3 outputs.
Running ABC script: <abc-temp-dir>/abc.script
ABC: ======== ABC command line "source <abc-temp-dir>/abc.script"
ABC: + read_blif <abc-temp-dir>/input.blif 
ABC: + read_library <abc-temp-dir>/stdcells.genlib 
ABC: + strash 
ABC: + &get -n 
ABC: + &fraig -x 
ABC: + &put 
ABC: + scorr 
ABC: Warning: The network is combinational (run "fraig" or "fraig_sweep").
ABC: + dc2 
ABC: + dretime 
ABC: + strash 
ABC: + &get -n 
ABC: + &dch -f 
ABC: + &nf 
ABC: + &put 
ABC: + write_blif <abc-temp-dir>/output.blif 

11.22.102.2. Re-integrating ABC results.
ABC RESULTS:               AND cells:        1
ABC RESULTS:               NOT cells:        1
ABC RESULTS:              XNOR cells:        1
ABC RESULTS:        internal signals:        0
ABC RESULTS:           input signals:        3
ABC RESULTS:          output signals:        3
Removing temp directory.

11.22.102.1. Executed ABC.
Extracted 3 gates and 7 wires to a netlist network with 4 inputs and 3 outputs.
Running ABC script: <abc-temp-dir>/abc.script
ABC: ======== ABC command line "source <abc-temp-dir>/abc.script"
ABC: + read_blif <abc-temp-dir>/input.blif 
ABC: + read_library <abc-temp-dir>/stdcells.genlib 
ABC: + strash 
ABC: + &get -n 
ABC: + &fraig -x 
ABC: + &put 
ABC: + scorr 
ABC: Warning: The network is combinational (run "fraig" or "fraig_sweep").
ABC: + dc2 
ABC: + dretime 
ABC: + strash 
ABC: + &get -n 
ABC: + &dch -f 
ABC: + &nf 
ABC: + &put 
ABC: + write_blif <abc-temp-dir>/output.blif 

11.22.102.2. Re-integrating ABC results.
ABC RESULTS:               AND cells:        1
ABC RESULTS:               NOT cells:        1
ABC RESULTS:                OR cells:        1
ABC RESULTS:        internal signals:        0
ABC RESULTS:           input signals:        4
ABC RESULTS:          output signals:        3
Removing temp directory.

11.22.102.1. Executed ABC.
Extracted 70 gates and 211 wires to a netlist network with 141 inputs and 70 outputs.
Running ABC script: <abc-temp-dir>/abc.script
ABC: ======== ABC command line "source <abc-temp-dir>/abc.script"
ABC: + read_blif <abc-temp-dir>/input.blif 
ABC: + read_library <abc-temp-dir>/stdcells.genlib 
ABC: + strash 
ABC: + &get -n 
ABC: + &fraig -x 
ABC: + &put 
ABC: + scorr 
ABC: Warning: The network is combinational (run "fraig" or "fraig_sweep").
ABC: + dc2 
ABC: + dretime 
ABC: + strash 
ABC: + &get -n 
ABC: + &dch -f 
ABC: + &nf 
ABC: + &put 
ABC: + write_blif <abc-temp-dir>/output.blif 

11.22.102.2. Re-integrating ABC results.
ABC RESULTS:               MUX cells:       70
ABC RESULTS:        internal signals:        0
ABC RESULTS:           input signals:      141
ABC RESULTS:          output signals:       70
Removing temp directory.

11.22.102.1. Executed ABC.
Extracted 2 gates and 6 wires to a netlist network with 3 inputs and 2 outputs.
Running ABC script: <abc-temp-dir>/abc.script
ABC: ======== ABC command line "source <abc-temp-dir>/abc.script"
ABC: + read_blif <abc-temp-dir>/input.blif 
ABC: + read_library <abc-temp-dir>/stdcells.genlib 
ABC: + strash 
ABC: + &get -n 
ABC: + &fraig -x 
ABC: + &put 
ABC: + scorr 
ABC: Warning: The network is combinational (run "fraig" or "fraig_sweep").
ABC: + dc2 
ABC: + dretime 
ABC: + strash 
ABC: + &get -n 
ABC: + &dch -f 
ABC: + &nf 
ABC: + &put 
ABC: + write_blif <abc-temp-dir>/output.blif 

11.22.102.2. Re-integrating ABC results.
ABC RESULTS:               AND cells:        1
ABC RESULTS:            ANDNOT cells:        1
ABC RESULTS:        internal signals:        1
ABC RESULTS:           input signals:        3
ABC RESULTS:          output signals:        2
Removing temp directory.

11.22.102.1. Executed ABC.
Extracted 4 gates and 13 wires to a netlist network with 9 inputs and 4 outputs.
Running ABC script: <abc-temp-dir>/abc.script
ABC: ======== ABC command line "source <abc-temp-dir>/abc.script"
ABC: + read_blif <abc-temp-dir>/input.blif 
ABC: + read_library <abc-temp-dir>/stdcells.genlib 
ABC: + strash 
ABC: + &get -n 
ABC: + &fraig -x 
ABC: + &put 
ABC: + scorr 
ABC: Warning: The network is combinational (run "fraig" or "fraig_sweep").
ABC: + dc2 
ABC: + dretime 
ABC: + strash 
ABC: + &get -n 
ABC: + &dch -f 
ABC: + &nf 
ABC: + &put 
ABC: + write_blif <abc-temp-dir>/output.blif 

11.22.102.2. Re-integrating ABC results.
ABC RESULTS:               AND cells:        1
ABC RESULTS:               MUX cells:        3
ABC RESULTS:        internal signals:        0
ABC RESULTS:           input signals:        9
ABC RESULTS:          output signals:        4
Removing temp directory.

11.22.102.1. Executed ABC.
Extracted 13 gates and 17 wires to a netlist network with 4 inputs and 5 outputs.
Running ABC script: <abc-temp-dir>/abc.script
ABC: ======== ABC command line "source <abc-temp-dir>/abc.script"
ABC: + read_blif <abc-temp-dir>/input.blif 
ABC: + read_library <abc-temp-dir>/stdcells.genlib 
ABC: + strash 
ABC: + &get -n 
ABC: + &fraig -x 
ABC: + &put 
ABC: + scorr 
ABC: Warning: The network is combinational (run "fraig" or "fraig_sweep").
ABC: + dc2 
ABC: + dretime 
ABC: + strash 
ABC: + &get -n 
ABC: + &dch -f 
ABC: + &nf 
ABC: + &put 
ABC: + write_blif <abc-temp-dir>/output.blif 

11.22.102.2. Re-integrating ABC results.
ABC RESULTS:            ANDNOT cells:        1
ABC RESULTS:               NOT cells:        1
ABC RESULTS:                OR cells:        1
ABC RESULTS:             ORNOT cells:        1
ABC RESULTS:              XNOR cells:        2
ABC RESULTS:               XOR cells:        1
ABC RESULTS:        internal signals:        8
ABC RESULTS:           input signals:        4
ABC RESULTS:          output signals:        5
Removing temp directory.

11.22.102.1. Executed ABC.
Extracted 7 gates and 13 wires to a netlist network with 6 inputs and 5 outputs.
Running ABC script: <abc-temp-dir>/abc.script
ABC: ======== ABC command line "source <abc-temp-dir>/abc.script"
ABC: + read_blif <abc-temp-dir>/input.blif 
ABC: + read_library <abc-temp-dir>/stdcells.genlib 
ABC: + strash 
ABC: + &get -n 
ABC: + &fraig -x 
ABC: + &put 
ABC: + scorr 
ABC: Warning: The network is combinational (run "fraig" or "fraig_sweep").
ABC: + dc2 
ABC: + dretime 
ABC: + strash 
ABC: + &get -n 
ABC: + &dch -f 
ABC: + &nf 
ABC: + &put 
ABC: + write_blif <abc-temp-dir>/output.blif 

11.22.102.2. Re-integrating ABC results.
ABC RESULTS:               AND cells:        3
ABC RESULTS:            ANDNOT cells:        1
ABC RESULTS:               NOT cells:        2
ABC RESULTS:                OR cells:        1
ABC RESULTS:        internal signals:        2
ABC RESULTS:           input signals:        6
ABC RESULTS:          output signals:        5
Removing temp directory.

11.22.102.1. Executed ABC.
Extracted 34 gates and 58 wires to a netlist network with 22 inputs and 10 outputs.
Running ABC script: <abc-temp-dir>/abc.script
ABC: ======== ABC command line "source <abc-temp-dir>/abc.script"
ABC: + read_blif <abc-temp-dir>/input.blif 
ABC: + read_library <abc-temp-dir>/stdcells.genlib 
ABC: + strash 
ABC: + &get -n 
ABC: + &fraig -x 
ABC: + &put 
ABC: + scorr 
ABC: Warning: The network is combinational (run "fraig" or "fraig_sweep").
ABC: + dc2 
ABC: + dretime 
ABC: + strash 
ABC: + &get -n 
ABC: + &dch -f 
ABC: + &nf 
ABC: + &put 
ABC: + write_blif <abc-temp-dir>/output.blif 

11.22.102.2. Re-integrating ABC results.
ABC RESULTS:               AND cells:       10
ABC RESULTS:            ANDNOT cells:        2
ABC RESULTS:              NAND cells:       10
ABC RESULTS:               NOR cells:        1
ABC RESULTS:               NOT cells:        1
ABC RESULTS:                OR cells:        1
ABC RESULTS:             ORNOT cells:        2
ABC RESULTS:        internal signals:       26
ABC RESULTS:           input signals:       22
ABC RESULTS:          output signals:       10
Removing temp directory.
Removing global temp directory.

11.23. Executing OPT pass (performing simple optimizations).

11.23.1. Executing OPT_EXPR pass (perform const folding).
Optimizing module wire_arch_a_parser_top.
Optimizing module wire_itch_decoder.
<suppressed ~2 debug messages>
Optimizing module wire_mold_message_framer.
<suppressed ~1 debug messages>
Optimizing module wire_mold_header_seq.
<suppressed ~2 debug messages>
Optimizing module wire_udp_parser.
<suppressed ~4 debug messages>
Optimizing module wire_ipv4_parser.
<suppressed ~5 debug messages>
Optimizing module wire_eth_parser.
Optimizing module wire_gearbox_64to8.
Optimizing module wire_ingress_buffer.

11.23.2. Executing OPT_MERGE pass (detect identical cells).
Finding identical cells in module `\wire_arch_a_parser_top'.
Computing hashes of 47 cells of `\wire_arch_a_parser_top'.
Finding duplicate cells in `\wire_arch_a_parser_top'.
Finding identical cells in module `\wire_itch_decoder'.
Computing hashes of 2633 cells of `\wire_itch_decoder'.
Finding duplicate cells in `\wire_itch_decoder'.
Computing hashes of 2604 cells of `\wire_itch_decoder'.
Finding duplicate cells in `\wire_itch_decoder'.
<suppressed ~87 debug messages>
Finding identical cells in module `\wire_mold_message_framer'.
Computing hashes of 843 cells of `\wire_mold_message_framer'.
Finding duplicate cells in `\wire_mold_message_framer'.
Computing hashes of 841 cells of `\wire_mold_message_framer'.
Finding duplicate cells in `\wire_mold_message_framer'.
<suppressed ~6 debug messages>
Finding identical cells in module `\wire_mold_header_seq'.
Computing hashes of 1879 cells of `\wire_mold_header_seq'.
Finding duplicate cells in `\wire_mold_header_seq'.
Computing hashes of 1877 cells of `\wire_mold_header_seq'.
Finding duplicate cells in `\wire_mold_header_seq'.
<suppressed ~6 debug messages>
Finding identical cells in module `\wire_udp_parser'.
Computing hashes of 837 cells of `\wire_udp_parser'.
Finding duplicate cells in `\wire_udp_parser'.
Computing hashes of 836 cells of `\wire_udp_parser'.
Finding duplicate cells in `\wire_udp_parser'.
<suppressed ~3 debug messages>
Finding identical cells in module `\wire_ipv4_parser'.
Computing hashes of 2048 cells of `\wire_ipv4_parser'.
Finding duplicate cells in `\wire_ipv4_parser'.
Computing hashes of 2046 cells of `\wire_ipv4_parser'.
Finding duplicate cells in `\wire_ipv4_parser'.
<suppressed ~6 debug messages>
Finding identical cells in module `\wire_eth_parser'.
Computing hashes of 168 cells of `\wire_eth_parser'.
Finding duplicate cells in `\wire_eth_parser'.
Computing hashes of 167 cells of `\wire_eth_parser'.
Finding duplicate cells in `\wire_eth_parser'.
<suppressed ~3 debug messages>
Finding identical cells in module `\wire_gearbox_64to8'.
Computing hashes of 242 cells of `\wire_gearbox_64to8'.
Finding duplicate cells in `\wire_gearbox_64to8'.
Finding identical cells in module `\wire_ingress_buffer'.
Computing hashes of 240 cells of `\wire_ingress_buffer'.
Finding duplicate cells in `\wire_ingress_buffer'.
Removed a total of 37 cells.

11.23.3. Executing OPT_DFF pass (perform DFF optimizations).

11.23.4. Executing OPT_CLEAN pass (remove unused cells and wires).
Finding unused cells or wires in module \wire_arch_a_parser_top..
Finding unused cells or wires in module \wire_itch_decoder..
Finding unused cells or wires in module \wire_mold_message_framer..
Finding unused cells or wires in module \wire_mold_header_seq..
Finding unused cells or wires in module \wire_udp_parser..
Finding unused cells or wires in module \wire_ipv4_parser..
Finding unused cells or wires in module \wire_eth_parser..
Finding unused cells or wires in module \wire_gearbox_64to8..
Finding unused cells or wires in module \wire_ingress_buffer..
Removed 0 unused cells and 7591 unused wires.
<suppressed ~11 debug messages>

11.23.5. Finished fast OPT passes.

11.24. Executing HIERARCHY pass (managing design hierarchy).
Attribute `top' found on module `wire_arch_a_parser_top'. Setting top module to wire_arch_a_parser_top.

11.24.1. Analyzing design hierarchy..
Top module:  \wire_arch_a_parser_top
Used module:     \wire_udp_parser
Used module:     \wire_itch_decoder
Used module:     \wire_mold_header_seq
Used module:     \wire_ipv4_parser
Used module:     \wire_gearbox_64to8
Used module:     \wire_ingress_buffer
Used module:     \wire_mold_message_framer
Used module:     \wire_eth_parser

11.24.2. Analyzing design hierarchy..
Top module:  \wire_arch_a_parser_top
Used module:     \wire_udp_parser
Used module:     \wire_itch_decoder
Used module:     \wire_mold_header_seq
Used module:     \wire_ipv4_parser
Used module:     \wire_gearbox_64to8
Used module:     \wire_ingress_buffer
Used module:     \wire_mold_message_framer
Used module:     \wire_eth_parser
Removed 0 unused modules.

11.25. Printing statistics.

=== wire_arch_a_parser_top ===

        +----------Local Count, excluding submodules.
        | 
      144 wires
     1215 wire bits
      116 public wires
     1187 public wire bits
       51 ports
      786 port bits
       39 cells
        3   $_ANDNOT_
       13   $_AND_
       10   $_NAND_
        1   $_NOR_
        3   $_NOT_
        2   $_ORNOT_
        2   $_OR_
        5   $_SDFFE_PP0P_
        8 submodules
        1   wire_eth_parser
        1   wire_gearbox_64to8
        1   wire_ingress_buffer
        1   wire_ipv4_parser
        1   wire_itch_decoder
        1   wire_mold_header_seq
        1   wire_mold_message_framer
        1   wire_udp_parser

=== wire_itch_decoder ===

        +----------Local Count, excluding submodules.
        | 
     1905 wires
     3171 wire bits
      102 public wires
     1336 public wire bits
       38 ports
      525 port bits
     2604 cells
      337   $_ANDNOT_
      572   $_AND_
      353   $_DFFE_PP_
        6   $_DFF_P_
        9   $_MUX_
      396   $_NAND_
      102   $_NOR_
       41   $_NOT_
      137   $_ORNOT_
      129   $_OR_
      426   $_SDFFE_PP0P_
        1   $_SDFF_PP0_
        6   $_XNOR_
       89   $_XOR_

=== wire_mold_message_framer ===

        +----------Local Count, excluding submodules.
        | 
      592 wires
     1148 wire bits
       51 public wires
      388 public wire bits
       28 ports
      199 port bits
      841 cells
       39   $_ANDNOT_
      190   $_AND_
       14   $_DFF_P_
       89   $_MUX_
       95   $_NAND_
       35   $_NOR_
       23   $_NOT_
       13   $_ORNOT_
       66   $_OR_
      130   $_SDFFE_PP0P_
       22   $_SDFF_PP0_
       10   $_XNOR_
      115   $_XOR_

=== wire_mold_header_seq ===

        +----------Local Count, excluding submodules.
        | 
     1446 wires
     2758 wire bits
       55 public wires
     1062 public wire bits
       28 ports
      327 port bits
     1877 cells
       58   $_ANDNOT_
      325   $_AND_
      144   $_DFFE_PP_
        7   $_DFF_P_
       84   $_MUX_
      566   $_NAND_
       96   $_NOR_
       28   $_NOT_
       20   $_ORNOT_
       59   $_OR_
      244   $_SDFFE_PP0P_
        4   $_SDFFE_PP1P_
        9   $_SDFF_PP0_
        1   $_SDFF_PP1_
       13   $_XNOR_
      219   $_XOR_

=== wire_udp_parser ===

        +----------Local Count, excluding submodules.
        | 
      710 wires
     1188 wire bits
       36 public wires
      292 public wire bits
       15 ports
       46 port bits
      836 cells
       24   $_ANDNOT_
      209   $_AND_
        4   $_DFF_P_
       27   $_MUX_
      202   $_NAND_
       45   $_NOR_
       42   $_NOT_
       24   $_ORNOT_
       73   $_OR_
      101   $_SDFFE_PP0P_
        3   $_SDFFE_PP1P_
        6   $_SDFF_PP0_
       19   $_XNOR_
       57   $_XOR_

=== wire_ipv4_parser ===

        +----------Local Count, excluding submodules.
        | 
     1798 wires
     3169 wire bits
       34 public wires
      819 public wire bits
       15 ports
       63 port bits
     2046 cells
       67   $_ANDNOT_
      332   $_AND_
        5   $_DFF_P_
       29   $_MUX_
      816   $_NAND_
       52   $_NOR_
       45   $_NOT_
       38   $_ORNOT_
      131   $_OR_
      181   $_SDFFE_PP0P_
        8   $_SDFF_PP0_
      105   $_XNOR_
      237   $_XOR_

=== wire_eth_parser ===

        +----------Local Count, excluding submodules.
        | 
      156 wires
      201 wire bits
       24 public wires
       60 public wire bits
       14 ports
       29 port bits
      167 cells
       11   $_ANDNOT_
       35   $_AND_
        4   $_DFF_P_
       11   $_MUX_
       26   $_NAND_
       10   $_NOR_
        9   $_NOT_
        9   $_ORNOT_
       24   $_OR_
       19   $_SDFFE_PP0P_
        6   $_SDFF_PP0_
        2   $_XNOR_
        1   $_XOR_

=== wire_gearbox_64to8 ===

        +----------Local Count, excluding submodules.
        | 
      164 wires
      329 wire bits
       18 public wires
      168 public wire bits
       11 ports
       88 port bits
      242 cells
        6   $_ANDNOT_
       44   $_AND_
       11   $_DFF_P_
       56   $_MUX_
       21   $_NAND_
        7   $_NOR_
        6   $_NOT_
        8   $_ORNOT_
        7   $_OR_
       69   $_SDFFE_PP0P_
        5   $_XNOR_
        2   $_XOR_

=== wire_ingress_buffer ===

        +----------Local Count, excluding submodules.
        | 
       35 wires
      380 wire bits
       23 public wires
      304 public wire bits
       12 ports
      152 port bits
      240 cells
        2   $_ANDNOT_
        4   $_AND_
      146   $_DFFE_PP_
       73   $_MUX_
        3   $_NOT_
        1   $_ORNOT_
        2   $_OR_
        4   $_SDFFE_PP0P_
        1   $_SDFF_PP0_
        3   $_XNOR_
        1   $_XOR_

=== design hierarchy ===

        +----------Count including submodules.
        | 
     8892 wire_arch_a_parser_top
      167 wire_eth_parser
      242 wire_gearbox_64to8
      240 wire_ingress_buffer
     2046 wire_ipv4_parser
     2604 wire_itch_decoder
     1877 wire_mold_header_seq
      841 wire_mold_message_framer
      836 wire_udp_parser

        +----------Count including submodules.
        | 
     6950 wires
    13559 wire bits
      459 public wires
     5616 public wire bits
      212 ports
     2215 port bits
        - memories
        - memory bits
        - processes
     8892 cells
      547   $_ANDNOT_
     1724   $_AND_
      643   $_DFFE_PP_
       51   $_DFF_P_
      378   $_MUX_
     2132   $_NAND_
      348   $_NOR_
      200   $_NOT_
      252   $_ORNOT_
      493   $_OR_
     1179   $_SDFFE_PP0P_
        7   $_SDFFE_PP1P_
       53   $_SDFF_PP0_
        1   $_SDFF_PP1_
      163   $_XNOR_
      721   $_XOR_
        8 submodules
        1   wire_eth_parser
        1   wire_gearbox_64to8
        1   wire_ingress_buffer
        1   wire_ipv4_parser
        1   wire_itch_decoder
        1   wire_mold_header_seq
        1   wire_mold_message_framer
        1   wire_udp_parser

11.26. Executing CHECK pass (checking for obvious problems).
Checking module wire_arch_a_parser_top...
Checking module wire_itch_decoder...
Checking module wire_mold_message_framer...
Checking module wire_mold_header_seq...
Checking module wire_udp_parser...
Checking module wire_ipv4_parser...
Checking module wire_eth_parser...
Checking module wire_gearbox_64to8...
Checking module wire_ingress_buffer...
Found and reported 0 problems.

12. Executing CHECK pass (checking for obvious problems).
Checking module wire_arch_a_parser_top...
Checking module wire_itch_decoder...
Checking module wire_mold_message_framer...
Checking module wire_mold_header_seq...
Checking module wire_udp_parser...
Checking module wire_ipv4_parser...
Checking module wire_eth_parser...
Checking module wire_gearbox_64to8...
Checking module wire_ingress_buffer...
Found and reported 0 problems.

13. Printing statistics.

=== wire_arch_a_parser_top ===

        +----------Local Count, excluding submodules.
        | 
      144 wires
     1215 wire bits
      116 public wires
     1187 public wire bits
       51 ports
      786 port bits
       39 cells
        3   $_ANDNOT_
       13   $_AND_
       10   $_NAND_
        1   $_NOR_
        3   $_NOT_
        2   $_ORNOT_
        2   $_OR_
        5   $_SDFFE_PP0P_
        8 submodules
        1   wire_eth_parser
        1   wire_gearbox_64to8
        1   wire_ingress_buffer
        1   wire_ipv4_parser
        1   wire_itch_decoder
        1   wire_mold_header_seq
        1   wire_mold_message_framer
        1   wire_udp_parser

=== wire_itch_decoder ===

        +----------Local Count, excluding submodules.
        | 
     1905 wires
     3171 wire bits
      102 public wires
     1336 public wire bits
       38 ports
      525 port bits
     2604 cells
      337   $_ANDNOT_
      572   $_AND_
      353   $_DFFE_PP_
        6   $_DFF_P_
        9   $_MUX_
      396   $_NAND_
      102   $_NOR_
       41   $_NOT_
      137   $_ORNOT_
      129   $_OR_
      426   $_SDFFE_PP0P_
        1   $_SDFF_PP0_
        6   $_XNOR_
       89   $_XOR_

=== wire_mold_message_framer ===

        +----------Local Count, excluding submodules.
        | 
      592 wires
     1148 wire bits
       51 public wires
      388 public wire bits
       28 ports
      199 port bits
      841 cells
       39   $_ANDNOT_
      190   $_AND_
       14   $_DFF_P_
       89   $_MUX_
       95   $_NAND_
       35   $_NOR_
       23   $_NOT_
       13   $_ORNOT_
       66   $_OR_
      130   $_SDFFE_PP0P_
       22   $_SDFF_PP0_
       10   $_XNOR_
      115   $_XOR_

=== wire_mold_header_seq ===

        +----------Local Count, excluding submodules.
        | 
     1446 wires
     2758 wire bits
       55 public wires
     1062 public wire bits
       28 ports
      327 port bits
     1877 cells
       58   $_ANDNOT_
      325   $_AND_
      144   $_DFFE_PP_
        7   $_DFF_P_
       84   $_MUX_
      566   $_NAND_
       96   $_NOR_
       28   $_NOT_
       20   $_ORNOT_
       59   $_OR_
      244   $_SDFFE_PP0P_
        4   $_SDFFE_PP1P_
        9   $_SDFF_PP0_
        1   $_SDFF_PP1_
       13   $_XNOR_
      219   $_XOR_

=== wire_udp_parser ===

        +----------Local Count, excluding submodules.
        | 
      710 wires
     1188 wire bits
       36 public wires
      292 public wire bits
       15 ports
       46 port bits
      836 cells
       24   $_ANDNOT_
      209   $_AND_
        4   $_DFF_P_
       27   $_MUX_
      202   $_NAND_
       45   $_NOR_
       42   $_NOT_
       24   $_ORNOT_
       73   $_OR_
      101   $_SDFFE_PP0P_
        3   $_SDFFE_PP1P_
        6   $_SDFF_PP0_
       19   $_XNOR_
       57   $_XOR_

=== wire_ipv4_parser ===

        +----------Local Count, excluding submodules.
        | 
     1798 wires
     3169 wire bits
       34 public wires
      819 public wire bits
       15 ports
       63 port bits
     2046 cells
       67   $_ANDNOT_
      332   $_AND_
        5   $_DFF_P_
       29   $_MUX_
      816   $_NAND_
       52   $_NOR_
       45   $_NOT_
       38   $_ORNOT_
      131   $_OR_
      181   $_SDFFE_PP0P_
        8   $_SDFF_PP0_
      105   $_XNOR_
      237   $_XOR_

=== wire_eth_parser ===

        +----------Local Count, excluding submodules.
        | 
      156 wires
      201 wire bits
       24 public wires
       60 public wire bits
       14 ports
       29 port bits
      167 cells
       11   $_ANDNOT_
       35   $_AND_
        4   $_DFF_P_
       11   $_MUX_
       26   $_NAND_
       10   $_NOR_
        9   $_NOT_
        9   $_ORNOT_
       24   $_OR_
       19   $_SDFFE_PP0P_
        6   $_SDFF_PP0_
        2   $_XNOR_
        1   $_XOR_

=== wire_gearbox_64to8 ===

        +----------Local Count, excluding submodules.
        | 
      164 wires
      329 wire bits
       18 public wires
      168 public wire bits
       11 ports
       88 port bits
      242 cells
        6   $_ANDNOT_
       44   $_AND_
       11   $_DFF_P_
       56   $_MUX_
       21   $_NAND_
        7   $_NOR_
        6   $_NOT_
        8   $_ORNOT_
        7   $_OR_
       69   $_SDFFE_PP0P_
        5   $_XNOR_
        2   $_XOR_

=== wire_ingress_buffer ===

        +----------Local Count, excluding submodules.
        | 
       35 wires
      380 wire bits
       23 public wires
      304 public wire bits
       12 ports
      152 port bits
      240 cells
        2   $_ANDNOT_
        4   $_AND_
      146   $_DFFE_PP_
       73   $_MUX_
        3   $_NOT_
        1   $_ORNOT_
        2   $_OR_
        4   $_SDFFE_PP0P_
        1   $_SDFF_PP0_
        3   $_XNOR_
        1   $_XOR_

=== design hierarchy ===

        +----------Count including submodules.
        | 
     8892 wire_arch_a_parser_top
      167 wire_eth_parser
      242 wire_gearbox_64to8
      240 wire_ingress_buffer
     2046 wire_ipv4_parser
     2604 wire_itch_decoder
     1877 wire_mold_header_seq
      841 wire_mold_message_framer
      836 wire_udp_parser

        +----------Count including submodules.
        | 
     6950 wires
    13559 wire bits
      459 public wires
     5616 public wire bits
      212 ports
     2215 port bits
        - memories
        - memory bits
        - processes
     8892 cells
      547   $_ANDNOT_
     1724   $_AND_
      643   $_DFFE_PP_
       51   $_DFF_P_
      378   $_MUX_
     2132   $_NAND_
      348   $_NOR_
      200   $_NOT_
      252   $_ORNOT_
      493   $_OR_
     1179   $_SDFFE_PP0P_
        7   $_SDFFE_PP1P_
       53   $_SDFF_PP0_
        1   $_SDFF_PP1_
      163   $_XNOR_
      721   $_XOR_
        8 submodules
        1   wire_eth_parser
        1   wire_gearbox_64to8
        1   wire_ingress_buffer
        1   wire_ipv4_parser
        1   wire_itch_decoder
        1   wire_mold_header_seq
        1   wire_mold_message_framer
        1   wire_udp_parser

End of script. Logfile hash: f146e27aa1, time: 1.69s, user: 1.25s, system: 0.18s, MEM: 122.12 MB peak
Yosys 0.69+154 (git sha1 30d62572e-dirty, Release, Clang /usr/local/osxcross/target/bin/aarch64-apple-darwin25.5-clang++ 21.1.8)
Time spent: 78% 1x abc (4 sec), 5% 55x opt_expr (0 sec), ...
