
 /----------------------------------------------------------------------------\
 |  yosys -- Yosys Open SYnthesis Suite                                       |
 |  Copyright (C) 2012 - 2026  Claire Xenia Wolf <claire@yosyshq.com>         |
 |  Distributed under an ISC-like license, type "license" to see terms        |
 \----------------------------------------------------------------------------/
 Yosys 0.69+154 (git sha1 30d62572e-dirty, Release, Clang /usr/local/osxcross/target/bin/aarch64-apple-darwin25.5-clang++ 21.1.8)

-- Running command `read_verilog -sv rtl/common/wire_ingress_buffer.sv rtl/arch_a/wire_gearbox_64to8.sv rtl/arch_a/wire_eth_parser.sv rtl/arch_a/wire_ipv4_parser.sv rtl/arch_a/wire_udp_parser.sv rtl/arch_a/wire_mold_header_seq.sv rtl/arch_a/wire_mold_message_framer.sv rtl/arch_a/wire_itch_decoder.sv rtl/arch_a/wire_arch_a_parser_top.sv; hierarchy -check -top wire_arch_a_parser_top; proc; opt; check -assert; synth -top wire_arch_a_parser_top; check -assert; stat' --

1. Executing Verilog-2005 frontend: rtl/common/wire_ingress_buffer.sv
Parsing SystemVerilog input from `rtl/common/wire_ingress_buffer.sv' to AST representation.
Generating RTLIL representation for module `\wire_ingress_buffer'.
Successfully finished Verilog frontend.

2. Executing Verilog-2005 frontend: rtl/arch_a/wire_gearbox_64to8.sv
Parsing SystemVerilog input from `rtl/arch_a/wire_gearbox_64to8.sv' to AST representation.
Generating RTLIL representation for module `\wire_gearbox_64to8'.
Successfully finished Verilog frontend.

3. Executing Verilog-2005 frontend: rtl/arch_a/wire_eth_parser.sv
Parsing SystemVerilog input from `rtl/arch_a/wire_eth_parser.sv' to AST representation.
Generating RTLIL representation for module `\wire_eth_parser'.
Successfully finished Verilog frontend.

4. Executing Verilog-2005 frontend: rtl/arch_a/wire_ipv4_parser.sv
Parsing SystemVerilog input from `rtl/arch_a/wire_ipv4_parser.sv' to AST representation.
Generating RTLIL representation for module `\wire_ipv4_parser'.
Successfully finished Verilog frontend.

5. Executing Verilog-2005 frontend: rtl/arch_a/wire_udp_parser.sv
Parsing SystemVerilog input from `rtl/arch_a/wire_udp_parser.sv' to AST representation.
Generating RTLIL representation for module `\wire_udp_parser'.
Successfully finished Verilog frontend.

6. Executing Verilog-2005 frontend: rtl/arch_a/wire_mold_header_seq.sv
Parsing SystemVerilog input from `rtl/arch_a/wire_mold_header_seq.sv' to AST representation.
Generating RTLIL representation for module `\wire_mold_header_seq'.
Successfully finished Verilog frontend.

7. Executing Verilog-2005 frontend: rtl/arch_a/wire_mold_message_framer.sv
Parsing SystemVerilog input from `rtl/arch_a/wire_mold_message_framer.sv' to AST representation.
Generating RTLIL representation for module `\wire_mold_message_framer'.
Successfully finished Verilog frontend.

8. Executing Verilog-2005 frontend: rtl/arch_a/wire_itch_decoder.sv
Parsing SystemVerilog input from `rtl/arch_a/wire_itch_decoder.sv' to AST representation.
Generating RTLIL representation for module `\wire_itch_decoder'.
Successfully finished Verilog frontend.

9. Executing Verilog-2005 frontend: rtl/arch_a/wire_arch_a_parser_top.sv
Parsing SystemVerilog input from `rtl/arch_a/wire_arch_a_parser_top.sv' to AST representation.
Generating RTLIL representation for module `\wire_arch_a_parser_top'.
Successfully finished Verilog frontend.

10. Executing HIERARCHY pass (managing design hierarchy).

10.1. Analyzing design hierarchy..
Top module:  \wire_arch_a_parser_top
Used module:     \wire_itch_decoder
Used module:     \wire_mold_message_framer
Used module:     \wire_mold_header_seq
Used module:     \wire_udp_parser
Used module:     \wire_ipv4_parser
Used module:     \wire_eth_parser
Used module:     \wire_gearbox_64to8
Used module:     \wire_ingress_buffer

10.2. Analyzing design hierarchy..
Top module:  \wire_arch_a_parser_top
Used module:     \wire_itch_decoder
Used module:     \wire_mold_message_framer
Used module:     \wire_mold_header_seq
Used module:     \wire_udp_parser
Used module:     \wire_ipv4_parser
Used module:     \wire_eth_parser
Used module:     \wire_gearbox_64to8
Used module:     \wire_ingress_buffer
Removed 0 unused modules.

11. Executing PROC pass (convert processes to netlists).

11.1. Executing PROC_CLEAN pass (remove empty switches from decision trees).
Cleaned up 0 empty switches.

11.2. Executing PROC_RMDEAD pass (remove dead branches from decision trees).
Marked 6 switch rules as full_case in process $proc$rtl/arch_a/wire_arch_a_parser_top.sv:136$769 in module wire_arch_a_parser_top.
Marked 1 switch rules as full_case in process $proc$rtl/arch_a/wire_itch_decoder.sv:112$737 in module wire_itch_decoder.
Marked 1 switch rules as full_case in process $proc$rtl/arch_a/wire_itch_decoder.sv:112$732 in module wire_itch_decoder.
Marked 15 switch rules as full_case in process $proc$rtl/arch_a/wire_itch_decoder.sv:137$428 in module wire_itch_decoder.
Marked 13 switch rules as full_case in process $proc$rtl/arch_a/wire_mold_message_framer.sv:112$370 in module wire_mold_message_framer.
Marked 15 switch rules as full_case in process $proc$rtl/arch_a/wire_mold_header_seq.sv:111$309 in module wire_mold_header_seq.
Marked 19 switch rules as full_case in process $proc$rtl/arch_a/wire_udp_parser.sv:66$241 in module wire_udp_parser.
Marked 7 switch rules as full_case in process $proc$rtl/arch_a/wire_ipv4_parser.sv:102$177 in module wire_ipv4_parser.
Marked 10 switch rules as full_case in process $proc$rtl/arch_a/wire_ipv4_parser.sv:119$113 in module wire_ipv4_parser.
Marked 6 switch rules as full_case in process $proc$rtl/arch_a/wire_eth_parser.sv:55$82 in module wire_eth_parser.
Marked 4 switch rules as full_case in process $proc$rtl/arch_a/wire_gearbox_64to8.sv:49$57 in module wire_gearbox_64to8.
Marked 3 switch rules as full_case in process $proc$rtl/common/wire_ingress_buffer.sv:37$12 in module wire_ingress_buffer.
Removed a total of 0 dead cases.

11.3. Executing PROC_PRUNE pass (remove redundant assignments in processes).
Removed 1 redundant assignment.
Promoted 57 assignments to connections.

11.4. Executing PROC_INIT pass (extract init attributes).

11.5. Executing PROC_ARST pass (detect async resets in processes).

11.6. Executing PROC_ROM pass (convert switches to ROMs).
Converted 0 switches.
<suppressed ~167 debug messages>

11.7. Executing PROC_MUX pass (convert decision trees to multiplexers).
Creating decoders for process `\wire_arch_a_parser_top.$proc$rtl/arch_a/wire_arch_a_parser_top.sv:136$769'.
     1/3: $0\frame_open_q[0:0]
     2/3: $0\recovery_stage_q[3:0]
     3/3: $0\parser_recovery_q[0:0]
Creating decoders for process `\wire_itch_decoder.$proc$rtl/arch_a/wire_itch_decoder.sv:112$737'.
     1/1: $1\required_length$func$rtl/arch_a/wire_itch_decoder.sv:112$408.$result[15:0]$741
Creating decoders for process `\wire_itch_decoder.$proc$rtl/arch_a/wire_itch_decoder.sv:112$732'.
     1/1: $1\required_length$func$rtl/arch_a/wire_itch_decoder.sv:112$407.$result[15:0]$736
Creating decoders for process `\wire_itch_decoder.$proc$rtl/arch_a/wire_itch_decoder.sv:137$428'.
     1/131: $6\u32$func$rtl/arch_a/wire_itch_decoder.sv:218$397.$result[31:0]$649
     2/131: $6\u64$func$rtl/arch_a/wire_itch_decoder.sv:218$396.$result[63:0]$648
     3/131: $6\u32$func$rtl/arch_a/wire_itch_decoder.sv:222$406.$result[31:0]$658
     4/131: $6\u32$func$rtl/arch_a/wire_itch_decoder.sv:222$405.$result[31:0]$657
     5/131: $6\u64$func$rtl/arch_a/wire_itch_decoder.sv:222$404.$result[63:0]$656
     6/131: $6\u64$func$rtl/arch_a/wire_itch_decoder.sv:222$403.$result[63:0]$655
     7/131: $6\u64$func$rtl/arch_a/wire_itch_decoder.sv:221$402.$result[63:0]$654
     8/131: $6\u32$func$rtl/arch_a/wire_itch_decoder.sv:220$401.$result[31:0]$653
     9/131: $6\u64$func$rtl/arch_a/wire_itch_decoder.sv:220$400.$result[63:0]$652
    10/131: $6\u32$func$rtl/arch_a/wire_itch_decoder.sv:219$399.$result[31:0]$651
    11/131: $6\u64$func$rtl/arch_a/wire_itch_decoder.sv:219$398.$result[63:0]$650
    12/131: $7\u32$func$rtl/arch_a/wire_itch_decoder.sv:212$395.$result[31:0]$627
    13/131: $7\u32$func$rtl/arch_a/wire_itch_decoder.sv:212$394.$result[31:0]$626
    14/131: $7\u64$func$rtl/arch_a/wire_itch_decoder.sv:212$393.$result[63:0]$625
    15/131: $6\u32$func$rtl/arch_a/wire_itch_decoder.sv:212$395.$result[31:0]$618
    16/131: $6\u32$func$rtl/arch_a/wire_itch_decoder.sv:212$394.$result[31:0]$617
    17/131: $6\u64$func$rtl/arch_a/wire_itch_decoder.sv:212$393.$result[63:0]$616
    18/131: $5\u32$func$rtl/arch_a/wire_itch_decoder.sv:212$395.$result[31:0]$594
    19/131: $5\u32$func$rtl/arch_a/wire_itch_decoder.sv:212$394.$result[31:0]$593
    20/131: $5\u64$func$rtl/arch_a/wire_itch_decoder.sv:212$393.$result[63:0]$592
    21/131: $5\u32$func$rtl/arch_a/wire_itch_decoder.sv:222$406.$result[31:0]$605
    22/131: $5\u32$func$rtl/arch_a/wire_itch_decoder.sv:222$405.$result[31:0]$604
    23/131: $5\u64$func$rtl/arch_a/wire_itch_decoder.sv:222$404.$result[63:0]$603
    24/131: $5\u64$func$rtl/arch_a/wire_itch_decoder.sv:222$403.$result[63:0]$602
    25/131: $5\u64$func$rtl/arch_a/wire_itch_decoder.sv:221$402.$result[63:0]$601
    26/131: $5\u32$func$rtl/arch_a/wire_itch_decoder.sv:220$401.$result[31:0]$600
    27/131: $5\u64$func$rtl/arch_a/wire_itch_decoder.sv:220$400.$result[63:0]$599
    28/131: $5\u32$func$rtl/arch_a/wire_itch_decoder.sv:219$399.$result[31:0]$598
    29/131: $5\u64$func$rtl/arch_a/wire_itch_decoder.sv:219$398.$result[63:0]$597
    30/131: $5\u32$func$rtl/arch_a/wire_itch_decoder.sv:218$397.$result[31:0]$596
    31/131: $5\u64$func$rtl/arch_a/wire_itch_decoder.sv:218$396.$result[63:0]$595
    32/131: $4\u32$func$rtl/arch_a/wire_itch_decoder.sv:222$406.$result[31:0]$586
    33/131: $4\u32$func$rtl/arch_a/wire_itch_decoder.sv:222$405.$result[31:0]$585
    34/131: $4\u64$func$rtl/arch_a/wire_itch_decoder.sv:222$404.$result[63:0]$584
    35/131: $4\u64$func$rtl/arch_a/wire_itch_decoder.sv:222$403.$result[63:0]$583
    36/131: $4\u64$func$rtl/arch_a/wire_itch_decoder.sv:221$402.$result[63:0]$582
    37/131: $4\u32$func$rtl/arch_a/wire_itch_decoder.sv:220$401.$result[31:0]$581
    38/131: $4\u64$func$rtl/arch_a/wire_itch_decoder.sv:220$400.$result[63:0]$580
    39/131: $4\u32$func$rtl/arch_a/wire_itch_decoder.sv:219$399.$result[31:0]$579
    40/131: $4\u64$func$rtl/arch_a/wire_itch_decoder.sv:219$398.$result[63:0]$578
    41/131: $4\u32$func$rtl/arch_a/wire_itch_decoder.sv:218$397.$result[31:0]$577
    42/131: $4\u64$func$rtl/arch_a/wire_itch_decoder.sv:218$396.$result[63:0]$576
    43/131: $4\u32$func$rtl/arch_a/wire_itch_decoder.sv:212$395.$result[31:0]$575
    44/131: $4\u32$func$rtl/arch_a/wire_itch_decoder.sv:212$394.$result[31:0]$574
    45/131: $4\u64$func$rtl/arch_a/wire_itch_decoder.sv:212$393.$result[63:0]$573
    46/131: $3\u32$func$rtl/arch_a/wire_itch_decoder.sv:222$406.$result[31:0]$569
    47/131: $3\u32$func$rtl/arch_a/wire_itch_decoder.sv:222$405.$result[31:0]$568
    48/131: $3\u64$func$rtl/arch_a/wire_itch_decoder.sv:222$404.$result[63:0]$567
    49/131: $3\u64$func$rtl/arch_a/wire_itch_decoder.sv:222$403.$result[63:0]$566
    50/131: $3\u64$func$rtl/arch_a/wire_itch_decoder.sv:221$402.$result[63:0]$565
    51/131: $3\u32$func$rtl/arch_a/wire_itch_decoder.sv:220$401.$result[31:0]$564
    52/131: $3\u64$func$rtl/arch_a/wire_itch_decoder.sv:220$400.$result[63:0]$563
    53/131: $3\u32$func$rtl/arch_a/wire_itch_decoder.sv:219$399.$result[31:0]$562
    54/131: $3\u64$func$rtl/arch_a/wire_itch_decoder.sv:219$398.$result[63:0]$561
    55/131: $3\u32$func$rtl/arch_a/wire_itch_decoder.sv:218$397.$result[31:0]$560
    56/131: $3\u64$func$rtl/arch_a/wire_itch_decoder.sv:218$396.$result[63:0]$559
    57/131: $3\u32$func$rtl/arch_a/wire_itch_decoder.sv:212$395.$result[31:0]$558
    58/131: $3\u32$func$rtl/arch_a/wire_itch_decoder.sv:212$394.$result[31:0]$557
    59/131: $3\u64$func$rtl/arch_a/wire_itch_decoder.sv:212$393.$result[63:0]$556
    60/131: $3\u16$func$rtl/arch_a/wire_itch_decoder.sv:205$392.$result[15:0]$555
    61/131: $4$memwr$\bytes_q$rtl/arch_a/wire_itch_decoder.sv:167$409_EN[7:0]$500
    62/131: $4$memwr$\bytes_q$rtl/arch_a/wire_itch_decoder.sv:167$409_DATA[7:0]$499
    63/131: $4$memwr$\bytes_q$rtl/arch_a/wire_itch_decoder.sv:167$409_ADDR[5:0]$498
    64/131: $3$memwr$\bytes_q$rtl/arch_a/wire_itch_decoder.sv:167$409_EN[7:0]$496
    65/131: $3$memwr$\bytes_q$rtl/arch_a/wire_itch_decoder.sv:167$409_DATA[7:0]$495
    66/131: $3$memwr$\bytes_q$rtl/arch_a/wire_itch_decoder.sv:167$409_ADDR[5:0]$494
    67/131: $2$memwr$\bytes_q$rtl/arch_a/wire_itch_decoder.sv:167$409_EN[7:0]$490
    68/131: $2$memwr$\bytes_q$rtl/arch_a/wire_itch_decoder.sv:167$409_DATA[7:0]$489
    69/131: $2$memwr$\bytes_q$rtl/arch_a/wire_itch_decoder.sv:167$409_ADDR[5:0]$488
    70/131: $2\u32$func$rtl/arch_a/wire_itch_decoder.sv:222$406.$result[31:0]$487
    71/131: $2\u32$func$rtl/arch_a/wire_itch_decoder.sv:222$405.$result[31:0]$486
    72/131: $2\u64$func$rtl/arch_a/wire_itch_decoder.sv:222$404.$result[63:0]$485
    73/131: $2\u64$func$rtl/arch_a/wire_itch_decoder.sv:222$403.$result[63:0]$484
    74/131: $2\u64$func$rtl/arch_a/wire_itch_decoder.sv:221$402.$result[63:0]$483
    75/131: $2\u32$func$rtl/arch_a/wire_itch_decoder.sv:220$401.$result[31:0]$482
    76/131: $2\u64$func$rtl/arch_a/wire_itch_decoder.sv:220$400.$result[63:0]$481
    77/131: $2\u32$func$rtl/arch_a/wire_itch_decoder.sv:219$399.$result[31:0]$480
    78/131: $2\u64$func$rtl/arch_a/wire_itch_decoder.sv:219$398.$result[63:0]$479
    79/131: $2\u32$func$rtl/arch_a/wire_itch_decoder.sv:218$397.$result[31:0]$478
    80/131: $2\u64$func$rtl/arch_a/wire_itch_decoder.sv:218$396.$result[63:0]$477
    81/131: $2\u32$func$rtl/arch_a/wire_itch_decoder.sv:212$395.$result[31:0]$476
    82/131: $2\u32$func$rtl/arch_a/wire_itch_decoder.sv:212$394.$result[31:0]$475
    83/131: $2\u64$func$rtl/arch_a/wire_itch_decoder.sv:212$393.$result[63:0]$474
    84/131: $2\u16$func$rtl/arch_a/wire_itch_decoder.sv:205$392.$result[15:0]$473
    85/131: $2\u16$func$rtl/arch_a/wire_itch_decoder.sv:200$391.$result[15:0]$472
    86/131: $2\u48$func$rtl/arch_a/wire_itch_decoder.sv:199$390.$result[47:0]$471
    87/131: $1$memwr$\bytes_q$rtl/arch_a/wire_itch_decoder.sv:167$409_EN[7:0]$469
    88/131: $1$memwr$\bytes_q$rtl/arch_a/wire_itch_decoder.sv:167$409_DATA[7:0]$468
    89/131: $1$memwr$\bytes_q$rtl/arch_a/wire_itch_decoder.sv:167$409_ADDR[5:0]$467
    90/131: $1\u32$func$rtl/arch_a/wire_itch_decoder.sv:222$406.$result[31:0]$466
    91/131: $1\u32$func$rtl/arch_a/wire_itch_decoder.sv:222$405.$result[31:0]$465
    92/131: $1\u64$func$rtl/arch_a/wire_itch_decoder.sv:222$404.$result[63:0]$464
    93/131: $1\u64$func$rtl/arch_a/wire_itch_decoder.sv:222$403.$result[63:0]$463
    94/131: $1\u64$func$rtl/arch_a/wire_itch_decoder.sv:221$402.$result[63:0]$462
    95/131: $1\u32$func$rtl/arch_a/wire_itch_decoder.sv:220$401.$result[31:0]$461
    96/131: $1\u64$func$rtl/arch_a/wire_itch_decoder.sv:220$400.$result[63:0]$460
    97/131: $1\u32$func$rtl/arch_a/wire_itch_decoder.sv:219$399.$result[31:0]$459
    98/131: $1\u64$func$rtl/arch_a/wire_itch_decoder.sv:219$398.$result[63:0]$458
    99/131: $1\u32$func$rtl/arch_a/wire_itch_decoder.sv:218$397.$result[31:0]$457
   100/131: $1\u64$func$rtl/arch_a/wire_itch_decoder.sv:218$396.$result[63:0]$456
   101/131: $1\u32$func$rtl/arch_a/wire_itch_decoder.sv:212$395.$result[31:0]$455
   102/131: $1\u32$func$rtl/arch_a/wire_itch_decoder.sv:212$394.$result[31:0]$454
   103/131: $1\u64$func$rtl/arch_a/wire_itch_decoder.sv:212$393.$result[63:0]$453
   104/131: $1\u16$func$rtl/arch_a/wire_itch_decoder.sv:205$392.$result[15:0]$452
   105/131: $1\u16$func$rtl/arch_a/wire_itch_decoder.sv:200$391.$result[15:0]$451
   106/131: $1\u48$func$rtl/arch_a/wire_itch_decoder.sv:199$390.$result[47:0]$450
   107/131: $0\side_valid_q[0:0]
   108/131: $0\price_valid_q[0:0]
   109/131: $0\quantity_valid_q[0:0]
   110/131: $0\new_valid_q[0:0]
   111/131: $0\old_valid_q[0:0]
   112/131: $0\side_q[0:0]
   113/131: $0\price_q[31:0]
   114/131: $0\quantity_q[31:0]
   115/131: $0\new_ref_q[63:0]
   116/131: $0\old_ref_q[63:0]
   117/131: $0\stock_locate_q[15:0]
   118/131: $0\timestamp_q[47:0]
   119/131: $0\mold_sequence_q[63:0]
   120/131: $0\source_type_q[7:0]
   121/131: $0\event_kind_q[2:0]
   122/131: $0\expected_symbol_q[63:0]
   123/131: $0\symbol_enable_q[0:0]
   124/131: $0\tracked_locate_q[15:0]
   125/131: $0\message_sequence_q[63:0]
   126/131: $0\byte_index_q[5:0]
   127/131: $0\reject_pending_q[0:0]
   128/131: $0\recovery_required[0:0]
   129/131: $0\declared_length_q[15:0]
   130/131: $0\reject_code_q[2:0]
   131/131: $0\state_q[2:0]
Creating decoders for process `\wire_mold_message_framer.$proc$rtl/arch_a/wire_mold_message_framer.sv:112$370'.
     1/16: $0\result_pending_q[0:0]
     2/16: $0\reject_pending_q[0:0]
     3/16: $0\header_ended_q[0:0]
     4/16: $0\message_empty_q[0:0]
     5/16: $0\payload_remaining_q[15:0]
     6/16: $0\message_length_q[15:0]
     7/16: $0\length_hi_q[7:0]
     8/16: $0\messages_done_q[15:0]
     9/16: $0\payload_action_q[2:0]
    10/16: $0\packet_count_q[15:0]
    11/16: $0\packet_sequence_q[63:0]
    12/16: $0\reject_code_q[1:0]
    13/16: $0\payload_valid_q[0:0]
    14/16: $0\payload_last_q[0:0]
    15/16: $0\payload_data_q[7:0]
    16/16: $0\state_q[3:0]
Creating decoders for process `\wire_mold_header_seq.$proc$rtl/arch_a/wire_mold_header_seq.sv:111$309'.
     1/27: $5$lookahead\header_q$308[151:0]$324
     2/27: $5$bitselwrite$pos$rtl/arch_a/wire_mold_header_seq.sv:180$284[31:0]$323
     3/27: $4$lookahead\header_q$308[151:0]$322
     4/27: $4$bitselwrite$pos$rtl/arch_a/wire_mold_header_seq.sv:180$284[31:0]$321
     5/27: $3$lookahead\header_q$308[151:0]$319
     6/27: $3$bitselwrite$pos$rtl/arch_a/wire_mold_header_seq.sv:180$284[31:0]$318
     7/27: $2$lookahead\header_q$308[151:0]$317
     8/27: $2$bitselwrite$pos$rtl/arch_a/wire_mold_header_seq.sv:180$284[31:0]$316
     9/27: $1$lookahead\header_q$308[151:0]$314
    10/27: $1$bitselwrite$pos$rtl/arch_a/wire_mold_header_seq.sv:180$284[31:0]$313
    11/27: $0\recovery_required_q[0:0]
    12/27: $0\controller_valid_q[0:0]
    13/27: $0\body_last_q[0:0]
    14/27: $0\body_valid_q[0:0]
    15/27: $0\body_data_q[7:0]
    16/27: $0\packet_valid_q[0:0]
    17/27: $0\packet_empty_q[0:0]
    18/27: $0\packet_count_q[15:0]
    19/27: $0\packet_sequence_q[63:0]
    20/27: $0\expected_sequence_q[63:0]
    21/27: $0\active_session_q[79:0]
    22/27: $0\pending_fatal_q[0:0]
    23/27: $0\pending_code_q[2:0]
    24/27: $0\reject_code_q[2:0]
    25/27: $0\reject_fatal_q[0:0]
    26/27: $0\header_index_q[4:0]
    27/27: $0\state_q[2:0]
Creating decoders for process `\wire_udp_parser.$proc$rtl/arch_a/wire_udp_parser.sv:66$241'.
     1/22: $5$lookahead\header_q$240[55:0]$260
     2/22: $5$bitselwrite$pos$rtl/arch_a/wire_udp_parser.sv:104$223[31:0]$259
     3/22: $4$lookahead\header_q$240[55:0]$257
     4/22: $4$bitselwrite$pos$rtl/arch_a/wire_udp_parser.sv:104$223[31:0]$256
     5/22: $3$lookahead\header_q$240[55:0]$253
     6/22: $3$bitselwrite$pos$rtl/arch_a/wire_udp_parser.sv:104$223[31:0]$252
     7/22: $2$lookahead\header_q$240[55:0]$251
     8/22: $2$bitselwrite$pos$rtl/arch_a/wire_udp_parser.sv:104$223[31:0]$250
     9/22: $1$lookahead\header_q$240[55:0]$245
    10/22: $1$bitselwrite$pos$rtl/arch_a/wire_udp_parser.sv:104$223[31:0]$244
    11/22: $0\pending_fatal_q[0:0]
    12/22: $0\pending_code_q[2:0]
    13/22: $0\actual_count_q[15:0]
    14/22: $0\declared_length_q[15:0]
    15/22: $0\remaining_q[15:0]
    16/22: $0\reject_code_q[2:0]
    17/22: $0\reject_fatal_q[0:0]
    18/22: $0\payload_valid_q[0:0]
    19/22: $0\payload_last_q[0:0]
    20/22: $0\payload_data_q[7:0]
    21/22: $0\header_index_q[3:0]
    22/22: $0\state_q[1:0]
Creating decoders for process `\wire_ipv4_parser.$proc$rtl/arch_a/wire_ipv4_parser.sv:102$177'.
     1/16: $7\classify_header$func$rtl/arch_a/wire_ipv4_parser.sv:102$94.$result[3:0]$222
     2/16: $6\classify_header$func$rtl/arch_a/wire_ipv4_parser.sv:102$94.$result[3:0]$220
     3/16: $5\classify_header$func$rtl/arch_a/wire_ipv4_parser.sv:102$94.$result[3:0]$218
     4/16: $4\classify_header$func$rtl/arch_a/wire_ipv4_parser.sv:102$94.$result[3:0]$215
     5/16: $3\classify_header$func$rtl/arch_a/wire_ipv4_parser.sv:102$94.$result[3:0]$198
     6/16: $3\checksum_valid$func$rtl/arch_a/wire_ipv4_parser.sv:76$95.sum[17:0]$201
     7/16: $3\checksum_valid$func$rtl/arch_a/wire_ipv4_parser.sv:76$95.h[159:0]$200
     8/16: $3\checksum_valid$func$rtl/arch_a/wire_ipv4_parser.sv:76$95.$result[0:0]$199
     9/16: $2\classify_header$func$rtl/arch_a/wire_ipv4_parser.sv:102$94.$result[3:0]$193
    10/16: $2\checksum_valid$func$rtl/arch_a/wire_ipv4_parser.sv:76$95.sum[17:0]$196
    11/16: $2\checksum_valid$func$rtl/arch_a/wire_ipv4_parser.sv:76$95.h[159:0]$195
    12/16: $2\checksum_valid$func$rtl/arch_a/wire_ipv4_parser.sv:76$95.$result[0:0]$194
    13/16: $1\classify_header$func$rtl/arch_a/wire_ipv4_parser.sv:102$94.$result[3:0]$188
    14/16: $1\checksum_valid$func$rtl/arch_a/wire_ipv4_parser.sv:76$95.sum[17:0]$191
    15/16: $1\checksum_valid$func$rtl/arch_a/wire_ipv4_parser.sv:76$95.h[159:0]$190
    16/16: $1\checksum_valid$func$rtl/arch_a/wire_ipv4_parser.sv:76$95.$result[0:0]$189
Creating decoders for process `\wire_ipv4_parser.$proc$rtl/arch_a/wire_ipv4_parser.sv:119$113'.
     1/31: $6\code_is_fatal$func$rtl/arch_a/wire_ipv4_parser.sv:173$93.code[3:0]$160
     2/31: $6\code_is_fatal$func$rtl/arch_a/wire_ipv4_parser.sv:173$93.$result[0:0]$159
     3/31: $5$lookahead\header_q$112[151:0]$145
     4/31: $5$bitselwrite$pos$rtl/arch_a/wire_ipv4_parser.sv:155$92[31:0]$142
     5/31: $5\code_is_fatal$func$rtl/arch_a/wire_ipv4_parser.sv:173$93.code[3:0]$144
     6/31: $5\code_is_fatal$func$rtl/arch_a/wire_ipv4_parser.sv:173$93.$result[0:0]$143
     7/31: $4$lookahead\header_q$112[151:0]$140
     8/31: $4\code_is_fatal$func$rtl/arch_a/wire_ipv4_parser.sv:173$93.code[3:0]$139
     9/31: $4\code_is_fatal$func$rtl/arch_a/wire_ipv4_parser.sv:173$93.$result[0:0]$138
    10/31: $4$bitselwrite$pos$rtl/arch_a/wire_ipv4_parser.sv:155$92[31:0]$137
    11/31: $3$lookahead\header_q$112[151:0]$134
    12/31: $3\code_is_fatal$func$rtl/arch_a/wire_ipv4_parser.sv:173$93.code[3:0]$133
    13/31: $3\code_is_fatal$func$rtl/arch_a/wire_ipv4_parser.sv:173$93.$result[0:0]$132
    14/31: $3$bitselwrite$pos$rtl/arch_a/wire_ipv4_parser.sv:155$92[31:0]$131
    15/31: $2$lookahead\header_q$112[151:0]$130
    16/31: $2\code_is_fatal$func$rtl/arch_a/wire_ipv4_parser.sv:173$93.code[3:0]$129
    17/31: $2\code_is_fatal$func$rtl/arch_a/wire_ipv4_parser.sv:173$93.$result[0:0]$128
    18/31: $2$bitselwrite$pos$rtl/arch_a/wire_ipv4_parser.sv:155$92[31:0]$127
    19/31: $1$lookahead\header_q$112[151:0]$121
    20/31: $1\code_is_fatal$func$rtl/arch_a/wire_ipv4_parser.sv:173$93.code[3:0]$120
    21/31: $1\code_is_fatal$func$rtl/arch_a/wire_ipv4_parser.sv:173$93.$result[0:0]$119
    22/31: $1$bitselwrite$pos$rtl/arch_a/wire_ipv4_parser.sv:155$92[31:0]$118
    23/31: $0\payload_physical_last_q[0:0]
    24/31: $0\remaining_q[15:0]
    25/31: $0\reject_code_q[3:0]
    26/31: $0\reject_fatal_q[0:0]
    27/31: $0\payload_valid_q[0:0]
    28/31: $0\payload_last_q[0:0]
    29/31: $0\payload_data_q[7:0]
    30/31: $0\header_index_q[4:0]
    31/31: $0\state_q[2:0]
Creating decoders for process `\wire_eth_parser.$proc$rtl/arch_a/wire_eth_parser.sv:55$82'.
     1/8: $0\reject_code_q[1:0]
     2/8: $0\reject_fatal_q[0:0]
     3/8: $0\payload_valid_q[0:0]
     4/8: $0\payload_last_q[0:0]
     5/8: $0\payload_data_q[7:0]
     6/8: $0\ethertype_high_q[7:0]
     7/8: $0\header_index_q[3:0]
     8/8: $0\state_q[1:0]
Creating decoders for process `\wire_gearbox_64to8.$proc$rtl/arch_a/wire_gearbox_64to8.sv:49$57'.
     1/10: $3\keep_count$func$rtl/arch_a/wire_gearbox_64to8.sv:58$44.$result[3:0]$65
     2/10: $2\keep_count$func$rtl/arch_a/wire_gearbox_64to8.sv:58$44.$result[3:0]$63
     3/10: $2\keep_count$func$rtl/arch_a/wire_gearbox_64to8.sv:58$44.keep[7:0]$64
     4/10: $1\keep_count$func$rtl/arch_a/wire_gearbox_64to8.sv:58$44.keep[7:0]$61
     5/10: $1\keep_count$func$rtl/arch_a/wire_gearbox_64to8.sv:58$44.$result[3:0]$60
     6/10: $0\valid_q[0:0]
     7/10: $0\index_q[2:0]
     8/10: $0\count_q[3:0]
     9/10: $0\last_q[0:0]
    10/10: $0\data_q[63:0]
Creating decoders for process `\wire_ingress_buffer.$proc$rtl/common/wire_ingress_buffer.sv:37$12'.
     1/21: $2$memwr$\last_q$rtl/common/wire_ingress_buffer.sv:46$3_EN[0:0]$39
     2/21: $2$memwr$\last_q$rtl/common/wire_ingress_buffer.sv:46$3_DATA[0:0]$38
     3/21: $2$memwr$\last_q$rtl/common/wire_ingress_buffer.sv:46$3_ADDR[0:0]$37
     4/21: $2$memwr$\keep_q$rtl/common/wire_ingress_buffer.sv:45$2_EN[7:0]$36
     5/21: $2$memwr$\keep_q$rtl/common/wire_ingress_buffer.sv:45$2_DATA[7:0]$35
     6/21: $2$memwr$\keep_q$rtl/common/wire_ingress_buffer.sv:45$2_ADDR[0:0]$34
     7/21: $2$memwr$\data_q$rtl/common/wire_ingress_buffer.sv:44$1_EN[63:0]$33
     8/21: $2$memwr$\data_q$rtl/common/wire_ingress_buffer.sv:44$1_DATA[63:0]$32
     9/21: $2$memwr$\data_q$rtl/common/wire_ingress_buffer.sv:44$1_ADDR[0:0]$31
    10/21: $0\count_q[1:0]
    11/21: $1$memwr$\last_q$rtl/common/wire_ingress_buffer.sv:46$3_EN[0:0]$30
    12/21: $1$memwr$\last_q$rtl/common/wire_ingress_buffer.sv:46$3_DATA[0:0]$29
    13/21: $1$memwr$\last_q$rtl/common/wire_ingress_buffer.sv:46$3_ADDR[0:0]$28
    14/21: $1$memwr$\keep_q$rtl/common/wire_ingress_buffer.sv:45$2_EN[7:0]$27
    15/21: $1$memwr$\keep_q$rtl/common/wire_ingress_buffer.sv:45$2_DATA[7:0]$26
    16/21: $1$memwr$\keep_q$rtl/common/wire_ingress_buffer.sv:45$2_ADDR[0:0]$25
    17/21: $1$memwr$\data_q$rtl/common/wire_ingress_buffer.sv:44$1_EN[63:0]$24
    18/21: $1$memwr$\data_q$rtl/common/wire_ingress_buffer.sv:44$1_DATA[63:0]$23
    19/21: $1$memwr$\data_q$rtl/common/wire_ingress_buffer.sv:44$1_ADDR[0:0]$22
    20/21: $0\write_ptr_q[0:0]
    21/21: $0\read_ptr_q[0:0]

11.8. Executing PROC_DLATCH pass (convert process syncs to latches).
No latch inferred for signal `\wire_itch_decoder.\required_length$func$rtl/arch_a/wire_itch_decoder.sv:112$389.$result' from process `\wire_itch_decoder.$proc$rtl/arch_a/wire_itch_decoder.sv:112$737'.
No latch inferred for signal `\wire_itch_decoder.\required_length$func$rtl/arch_a/wire_itch_decoder.sv:112$388.$result' from process `\wire_itch_decoder.$proc$rtl/arch_a/wire_itch_decoder.sv:112$732'.
No latch inferred for signal `\wire_ipv4_parser.\classify_header$func$rtl/arch_a/wire_ipv4_parser.sv:102$91.$result' from process `\wire_ipv4_parser.$proc$rtl/arch_a/wire_ipv4_parser.sv:102$177'.

11.9. Executing PROC_DFF pass (convert process syncs to FFs).
Creating register for signal `\wire_arch_a_parser_top.\parser_recovery_q' using process `\wire_arch_a_parser_top.$proc$rtl/arch_a/wire_arch_a_parser_top.sv:136$769'.
  created $dff cell `$procdff$5298' with positive edge clock.
Creating register for signal `\wire_arch_a_parser_top.\recovery_stage_q' using process `\wire_arch_a_parser_top.$proc$rtl/arch_a/wire_arch_a_parser_top.sv:136$769'.
  created $dff cell `$procdff$5299' with positive edge clock.
Creating register for signal `\wire_arch_a_parser_top.\frame_open_q' using process `\wire_arch_a_parser_top.$proc$rtl/arch_a/wire_arch_a_parser_top.sv:136$769'.
  created $dff cell `$procdff$5300' with positive edge clock.
Creating register for signal `\wire_itch_decoder.\state_q' using process `\wire_itch_decoder.$proc$rtl/arch_a/wire_itch_decoder.sv:137$428'.
  created $dff cell `$procdff$5301' with positive edge clock.
Creating register for signal `\wire_itch_decoder.\reject_code_q' using process `\wire_itch_decoder.$proc$rtl/arch_a/wire_itch_decoder.sv:137$428'.
  created $dff cell `$procdff$5302' with positive edge clock.
Creating register for signal `\wire_itch_decoder.\declared_length_q' using process `\wire_itch_decoder.$proc$rtl/arch_a/wire_itch_decoder.sv:137$428'.
  created $dff cell `$procdff$5303' with positive edge clock.
Creating register for signal `\wire_itch_decoder.\recovery_required' using process `\wire_itch_decoder.$proc$rtl/arch_a/wire_itch_decoder.sv:137$428'.
  created $dff cell `$procdff$5304' with positive edge clock.
Creating register for signal `\wire_itch_decoder.\reject_pending_q' using process `\wire_itch_decoder.$proc$rtl/arch_a/wire_itch_decoder.sv:137$428'.
  created $dff cell `$procdff$5305' with positive edge clock.
Creating register for signal `\wire_itch_decoder.\byte_index_q' using process `\wire_itch_decoder.$proc$rtl/arch_a/wire_itch_decoder.sv:137$428'.
  created $dff cell `$procdff$5306' with positive edge clock.
Creating register for signal `\wire_itch_decoder.\message_sequence_q' using process `\wire_itch_decoder.$proc$rtl/arch_a/wire_itch_decoder.sv:137$428'.
  created $dff cell `$procdff$5307' with positive edge clock.
Creating register for signal `\wire_itch_decoder.\tracked_locate_q' using process `\wire_itch_decoder.$proc$rtl/arch_a/wire_itch_decoder.sv:137$428'.
  created $dff cell `$procdff$5308' with positive edge clock.
Creating register for signal `\wire_itch_decoder.\symbol_enable_q' using process `\wire_itch_decoder.$proc$rtl/arch_a/wire_itch_decoder.sv:137$428'.
  created $dff cell `$procdff$5309' with positive edge clock.
Creating register for signal `\wire_itch_decoder.\expected_symbol_q' using process `\wire_itch_decoder.$proc$rtl/arch_a/wire_itch_decoder.sv:137$428'.
  created $dff cell `$procdff$5310' with positive edge clock.
Creating register for signal `\wire_itch_decoder.\event_kind_q' using process `\wire_itch_decoder.$proc$rtl/arch_a/wire_itch_decoder.sv:137$428'.
  created $dff cell `$procdff$5311' with positive edge clock.
Creating register for signal `\wire_itch_decoder.\source_type_q' using process `\wire_itch_decoder.$proc$rtl/arch_a/wire_itch_decoder.sv:137$428'.
  created $dff cell `$procdff$5312' with positive edge clock.
Creating register for signal `\wire_itch_decoder.\mold_sequence_q' using process `\wire_itch_decoder.$proc$rtl/arch_a/wire_itch_decoder.sv:137$428'.
  created $dff cell `$procdff$5313' with positive edge clock.
Creating register for signal `\wire_itch_decoder.\timestamp_q' using process `\wire_itch_decoder.$proc$rtl/arch_a/wire_itch_decoder.sv:137$428'.
  created $dff cell `$procdff$5314' with positive edge clock.
Creating register for signal `\wire_itch_decoder.\stock_locate_q' using process `\wire_itch_decoder.$proc$rtl/arch_a/wire_itch_decoder.sv:137$428'.
  created $dff cell `$procdff$5315' with positive edge clock.
Creating register for signal `\wire_itch_decoder.\old_ref_q' using process `\wire_itch_decoder.$proc$rtl/arch_a/wire_itch_decoder.sv:137$428'.
  created $dff cell `$procdff$5316' with positive edge clock.
Creating register for signal `\wire_itch_decoder.\new_ref_q' using process `\wire_itch_decoder.$proc$rtl/arch_a/wire_itch_decoder.sv:137$428'.
  created $dff cell `$procdff$5317' with positive edge clock.
Creating register for signal `\wire_itch_decoder.\quantity_q' using process `\wire_itch_decoder.$proc$rtl/arch_a/wire_itch_decoder.sv:137$428'.
  created $dff cell `$procdff$5318' with positive edge clock.
Creating register for signal `\wire_itch_decoder.\price_q' using process `\wire_itch_decoder.$proc$rtl/arch_a/wire_itch_decoder.sv:137$428'.
  created $dff cell `$procdff$5319' with positive edge clock.
Creating register for signal `\wire_itch_decoder.\side_q' using process `\wire_itch_decoder.$proc$rtl/arch_a/wire_itch_decoder.sv:137$428'.
  created $dff cell `$procdff$5320' with positive edge clock.
Creating register for signal `\wire_itch_decoder.\old_valid_q' using process `\wire_itch_decoder.$proc$rtl/arch_a/wire_itch_decoder.sv:137$428'.
  created $dff cell `$procdff$5321' with positive edge clock.
Creating register for signal `\wire_itch_decoder.\new_valid_q' using process `\wire_itch_decoder.$proc$rtl/arch_a/wire_itch_decoder.sv:137$428'.
  created $dff cell `$procdff$5322' with positive edge clock.
Creating register for signal `\wire_itch_decoder.\quantity_valid_q' using process `\wire_itch_decoder.$proc$rtl/arch_a/wire_itch_decoder.sv:137$428'.
  created $dff cell `$procdff$5323' with positive edge clock.
Creating register for signal `\wire_itch_decoder.\price_valid_q' using process `\wire_itch_decoder.$proc$rtl/arch_a/wire_itch_decoder.sv:137$428'.
  created $dff cell `$procdff$5324' with positive edge clock.
Creating register for signal `\wire_itch_decoder.\side_valid_q' using process `\wire_itch_decoder.$proc$rtl/arch_a/wire_itch_decoder.sv:137$428'.
  created $dff cell `$procdff$5325' with positive edge clock.
Creating register for signal `\wire_itch_decoder.\u48$func$rtl/arch_a/wire_itch_decoder.sv:199$390.$result' using process `\wire_itch_decoder.$proc$rtl/arch_a/wire_itch_decoder.sv:137$428'.
  created $dff cell `$procdff$5326' with positive edge clock.
Creating register for signal `\wire_itch_decoder.\u16$func$rtl/arch_a/wire_itch_decoder.sv:200$391.$result' using process `\wire_itch_decoder.$proc$rtl/arch_a/wire_itch_decoder.sv:137$428'.
  created $dff cell `$procdff$5327' with positive edge clock.
Creating register for signal `\wire_itch_decoder.\u16$func$rtl/arch_a/wire_itch_decoder.sv:205$392.$result' using process `\wire_itch_decoder.$proc$rtl/arch_a/wire_itch_decoder.sv:137$428'.
  created $dff cell `$procdff$5328' with positive edge clock.
Creating register for signal `\wire_itch_decoder.\u64$func$rtl/arch_a/wire_itch_decoder.sv:212$393.$result' using process `\wire_itch_decoder.$proc$rtl/arch_a/wire_itch_decoder.sv:137$428'.
  created $dff cell `$procdff$5329' with positive edge clock.
Creating register for signal `\wire_itch_decoder.\u32$func$rtl/arch_a/wire_itch_decoder.sv:212$394.$result' using process `\wire_itch_decoder.$proc$rtl/arch_a/wire_itch_decoder.sv:137$428'.
  created $dff cell `$procdff$5330' with positive edge clock.
Creating register for signal `\wire_itch_decoder.\u32$func$rtl/arch_a/wire_itch_decoder.sv:212$395.$result' using process `\wire_itch_decoder.$proc$rtl/arch_a/wire_itch_decoder.sv:137$428'.
  created $dff cell `$procdff$5331' with positive edge clock.
Creating register for signal `\wire_itch_decoder.\u64$func$rtl/arch_a/wire_itch_decoder.sv:218$396.$result' using process `\wire_itch_decoder.$proc$rtl/arch_a/wire_itch_decoder.sv:137$428'.
  created $dff cell `$procdff$5332' with positive edge clock.
Creating register for signal `\wire_itch_decoder.\u32$func$rtl/arch_a/wire_itch_decoder.sv:218$397.$result' using process `\wire_itch_decoder.$proc$rtl/arch_a/wire_itch_decoder.sv:137$428'.
  created $dff cell `$procdff$5333' with positive edge clock.
Creating register for signal `\wire_itch_decoder.\u64$func$rtl/arch_a/wire_itch_decoder.sv:219$398.$result' using process `\wire_itch_decoder.$proc$rtl/arch_a/wire_itch_decoder.sv:137$428'.
  created $dff cell `$procdff$5334' with positive edge clock.
Creating register for signal `\wire_itch_decoder.\u32$func$rtl/arch_a/wire_itch_decoder.sv:219$399.$result' using process `\wire_itch_decoder.$proc$rtl/arch_a/wire_itch_decoder.sv:137$428'.
  created $dff cell `$procdff$5335' with positive edge clock.
Creating register for signal `\wire_itch_decoder.\u64$func$rtl/arch_a/wire_itch_decoder.sv:220$400.$result' using process `\wire_itch_decoder.$proc$rtl/arch_a/wire_itch_decoder.sv:137$428'.
  created $dff cell `$procdff$5336' with positive edge clock.
Creating register for signal `\wire_itch_decoder.\u32$func$rtl/arch_a/wire_itch_decoder.sv:220$401.$result' using process `\wire_itch_decoder.$proc$rtl/arch_a/wire_itch_decoder.sv:137$428'.
  created $dff cell `$procdff$5337' with positive edge clock.
Creating register for signal `\wire_itch_decoder.\u64$func$rtl/arch_a/wire_itch_decoder.sv:221$402.$result' using process `\wire_itch_decoder.$proc$rtl/arch_a/wire_itch_decoder.sv:137$428'.
  created $dff cell `$procdff$5338' with positive edge clock.
Creating register for signal `\wire_itch_decoder.\u64$func$rtl/arch_a/wire_itch_decoder.sv:222$403.$result' using process `\wire_itch_decoder.$proc$rtl/arch_a/wire_itch_decoder.sv:137$428'.
  created $dff cell `$procdff$5339' with positive edge clock.
Creating register for signal `\wire_itch_decoder.\u64$func$rtl/arch_a/wire_itch_decoder.sv:222$404.$result' using process `\wire_itch_decoder.$proc$rtl/arch_a/wire_itch_decoder.sv:137$428'.
  created $dff cell `$procdff$5340' with positive edge clock.
Creating register for signal `\wire_itch_decoder.\u32$func$rtl/arch_a/wire_itch_decoder.sv:222$405.$result' using process `\wire_itch_decoder.$proc$rtl/arch_a/wire_itch_decoder.sv:137$428'.
  created $dff cell `$procdff$5341' with positive edge clock.
Creating register for signal `\wire_itch_decoder.\u32$func$rtl/arch_a/wire_itch_decoder.sv:222$406.$result' using process `\wire_itch_decoder.$proc$rtl/arch_a/wire_itch_decoder.sv:137$428'.
  created $dff cell `$procdff$5342' with positive edge clock.
Creating register for signal `\wire_itch_decoder.$memwr$\bytes_q$rtl/arch_a/wire_itch_decoder.sv:167$409_ADDR' using process `\wire_itch_decoder.$proc$rtl/arch_a/wire_itch_decoder.sv:137$428'.
  created $dff cell `$procdff$5343' with positive edge clock.
Creating register for signal `\wire_itch_decoder.$memwr$\bytes_q$rtl/arch_a/wire_itch_decoder.sv:167$409_DATA' using process `\wire_itch_decoder.$proc$rtl/arch_a/wire_itch_decoder.sv:137$428'.
  created $dff cell `$procdff$5344' with positive edge clock.
Creating register for signal `\wire_itch_decoder.$memwr$\bytes_q$rtl/arch_a/wire_itch_decoder.sv:167$409_EN' using process `\wire_itch_decoder.$proc$rtl/arch_a/wire_itch_decoder.sv:137$428'.
  created $dff cell `$procdff$5345' with positive edge clock.
Creating register for signal `\wire_mold_message_framer.\state_q' using process `\wire_mold_message_framer.$proc$rtl/arch_a/wire_mold_message_framer.sv:112$370'.
  created $dff cell `$procdff$5346' with positive edge clock.
Creating register for signal `\wire_mold_message_framer.\payload_data_q' using process `\wire_mold_message_framer.$proc$rtl/arch_a/wire_mold_message_framer.sv:112$370'.
  created $dff cell `$procdff$5347' with positive edge clock.
Creating register for signal `\wire_mold_message_framer.\payload_last_q' using process `\wire_mold_message_framer.$proc$rtl/arch_a/wire_mold_message_framer.sv:112$370'.
  created $dff cell `$procdff$5348' with positive edge clock.
Creating register for signal `\wire_mold_message_framer.\payload_valid_q' using process `\wire_mold_message_framer.$proc$rtl/arch_a/wire_mold_message_framer.sv:112$370'.
  created $dff cell `$procdff$5349' with positive edge clock.
Creating register for signal `\wire_mold_message_framer.\reject_code_q' using process `\wire_mold_message_framer.$proc$rtl/arch_a/wire_mold_message_framer.sv:112$370'.
  created $dff cell `$procdff$5350' with positive edge clock.
Creating register for signal `\wire_mold_message_framer.\packet_sequence_q' using process `\wire_mold_message_framer.$proc$rtl/arch_a/wire_mold_message_framer.sv:112$370'.
  created $dff cell `$procdff$5351' with positive edge clock.
Creating register for signal `\wire_mold_message_framer.\packet_count_q' using process `\wire_mold_message_framer.$proc$rtl/arch_a/wire_mold_message_framer.sv:112$370'.
  created $dff cell `$procdff$5352' with positive edge clock.
Creating register for signal `\wire_mold_message_framer.\payload_action_q' using process `\wire_mold_message_framer.$proc$rtl/arch_a/wire_mold_message_framer.sv:112$370'.
  created $dff cell `$procdff$5353' with positive edge clock.
Creating register for signal `\wire_mold_message_framer.\messages_done_q' using process `\wire_mold_message_framer.$proc$rtl/arch_a/wire_mold_message_framer.sv:112$370'.
  created $dff cell `$procdff$5354' with positive edge clock.
Creating register for signal `\wire_mold_message_framer.\length_hi_q' using process `\wire_mold_message_framer.$proc$rtl/arch_a/wire_mold_message_framer.sv:112$370'.
  created $dff cell `$procdff$5355' with positive edge clock.
Creating register for signal `\wire_mold_message_framer.\message_length_q' using process `\wire_mold_message_framer.$proc$rtl/arch_a/wire_mold_message_framer.sv:112$370'.
  created $dff cell `$procdff$5356' with positive edge clock.
Creating register for signal `\wire_mold_message_framer.\payload_remaining_q' using process `\wire_mold_message_framer.$proc$rtl/arch_a/wire_mold_message_framer.sv:112$370'.
  created $dff cell `$procdff$5357' with positive edge clock.
Creating register for signal `\wire_mold_message_framer.\message_empty_q' using process `\wire_mold_message_framer.$proc$rtl/arch_a/wire_mold_message_framer.sv:112$370'.
  created $dff cell `$procdff$5358' with positive edge clock.
Creating register for signal `\wire_mold_message_framer.\header_ended_q' using process `\wire_mold_message_framer.$proc$rtl/arch_a/wire_mold_message_framer.sv:112$370'.
  created $dff cell `$procdff$5359' with positive edge clock.
Creating register for signal `\wire_mold_message_framer.\reject_pending_q' using process `\wire_mold_message_framer.$proc$rtl/arch_a/wire_mold_message_framer.sv:112$370'.
  created $dff cell `$procdff$5360' with positive edge clock.
Creating register for signal `\wire_mold_message_framer.\result_pending_q' using process `\wire_mold_message_framer.$proc$rtl/arch_a/wire_mold_message_framer.sv:112$370'.
  created $dff cell `$procdff$5361' with positive edge clock.
Creating register for signal `\wire_mold_header_seq.\state_q' using process `\wire_mold_header_seq.$proc$rtl/arch_a/wire_mold_header_seq.sv:111$309'.
  created $dff cell `$procdff$5362' with positive edge clock.
Creating register for signal `\wire_mold_header_seq.\header_index_q' using process `\wire_mold_header_seq.$proc$rtl/arch_a/wire_mold_header_seq.sv:111$309'.
  created $dff cell `$procdff$5363' with positive edge clock.
Creating register for signal `\wire_mold_header_seq.\reject_fatal_q' using process `\wire_mold_header_seq.$proc$rtl/arch_a/wire_mold_header_seq.sv:111$309'.
  created $dff cell `$procdff$5364' with positive edge clock.
Creating register for signal `\wire_mold_header_seq.\reject_code_q' using process `\wire_mold_header_seq.$proc$rtl/arch_a/wire_mold_header_seq.sv:111$309'.
  created $dff cell `$procdff$5365' with positive edge clock.
Creating register for signal `\wire_mold_header_seq.\header_q' using process `\wire_mold_header_seq.$proc$rtl/arch_a/wire_mold_header_seq.sv:111$309'.
  created $dff cell `$procdff$5366' with positive edge clock.
Creating register for signal `\wire_mold_header_seq.\pending_code_q' using process `\wire_mold_header_seq.$proc$rtl/arch_a/wire_mold_header_seq.sv:111$309'.
  created $dff cell `$procdff$5367' with positive edge clock.
Creating register for signal `\wire_mold_header_seq.\pending_fatal_q' using process `\wire_mold_header_seq.$proc$rtl/arch_a/wire_mold_header_seq.sv:111$309'.
  created $dff cell `$procdff$5368' with positive edge clock.
Creating register for signal `\wire_mold_header_seq.\active_session_q' using process `\wire_mold_header_seq.$proc$rtl/arch_a/wire_mold_header_seq.sv:111$309'.
  created $dff cell `$procdff$5369' with positive edge clock.
Creating register for signal `\wire_mold_header_seq.\expected_sequence_q' using process `\wire_mold_header_seq.$proc$rtl/arch_a/wire_mold_header_seq.sv:111$309'.
  created $dff cell `$procdff$5370' with positive edge clock.
Creating register for signal `\wire_mold_header_seq.\packet_sequence_q' using process `\wire_mold_header_seq.$proc$rtl/arch_a/wire_mold_header_seq.sv:111$309'.
  created $dff cell `$procdff$5371' with positive edge clock.
Creating register for signal `\wire_mold_header_seq.\packet_count_q' using process `\wire_mold_header_seq.$proc$rtl/arch_a/wire_mold_header_seq.sv:111$309'.
  created $dff cell `$procdff$5372' with positive edge clock.
Creating register for signal `\wire_mold_header_seq.\packet_empty_q' using process `\wire_mold_header_seq.$proc$rtl/arch_a/wire_mold_header_seq.sv:111$309'.
  created $dff cell `$procdff$5373' with positive edge clock.
Creating register for signal `\wire_mold_header_seq.\packet_valid_q' using process `\wire_mold_header_seq.$proc$rtl/arch_a/wire_mold_header_seq.sv:111$309'.
  created $dff cell `$procdff$5374' with positive edge clock.
Creating register for signal `\wire_mold_header_seq.\body_data_q' using process `\wire_mold_header_seq.$proc$rtl/arch_a/wire_mold_header_seq.sv:111$309'.
  created $dff cell `$procdff$5375' with positive edge clock.
Creating register for signal `\wire_mold_header_seq.\body_valid_q' using process `\wire_mold_header_seq.$proc$rtl/arch_a/wire_mold_header_seq.sv:111$309'.
  created $dff cell `$procdff$5376' with positive edge clock.
Creating register for signal `\wire_mold_header_seq.\body_last_q' using process `\wire_mold_header_seq.$proc$rtl/arch_a/wire_mold_header_seq.sv:111$309'.
  created $dff cell `$procdff$5377' with positive edge clock.
Creating register for signal `\wire_mold_header_seq.\controller_valid_q' using process `\wire_mold_header_seq.$proc$rtl/arch_a/wire_mold_header_seq.sv:111$309'.
  created $dff cell `$procdff$5378' with positive edge clock.
Creating register for signal `\wire_mold_header_seq.\recovery_required_q' using process `\wire_mold_header_seq.$proc$rtl/arch_a/wire_mold_header_seq.sv:111$309'.
  created $dff cell `$procdff$5379' with positive edge clock.
Creating register for signal `\wire_mold_header_seq.$bitselwrite$pos$rtl/arch_a/wire_mold_header_seq.sv:180$284' using process `\wire_mold_header_seq.$proc$rtl/arch_a/wire_mold_header_seq.sv:111$309'.
  created $dff cell `$procdff$5380' with positive edge clock.
Creating register for signal `\wire_mold_header_seq.$lookahead\header_q$308' using process `\wire_mold_header_seq.$proc$rtl/arch_a/wire_mold_header_seq.sv:111$309'.
  created $dff cell `$procdff$5381' with positive edge clock.
Creating register for signal `\wire_udp_parser.\state_q' using process `\wire_udp_parser.$proc$rtl/arch_a/wire_udp_parser.sv:66$241'.
  created $dff cell `$procdff$5382' with positive edge clock.
Creating register for signal `\wire_udp_parser.\header_index_q' using process `\wire_udp_parser.$proc$rtl/arch_a/wire_udp_parser.sv:66$241'.
  created $dff cell `$procdff$5383' with positive edge clock.
Creating register for signal `\wire_udp_parser.\payload_data_q' using process `\wire_udp_parser.$proc$rtl/arch_a/wire_udp_parser.sv:66$241'.
  created $dff cell `$procdff$5384' with positive edge clock.
Creating register for signal `\wire_udp_parser.\payload_last_q' using process `\wire_udp_parser.$proc$rtl/arch_a/wire_udp_parser.sv:66$241'.
  created $dff cell `$procdff$5385' with positive edge clock.
Creating register for signal `\wire_udp_parser.\payload_valid_q' using process `\wire_udp_parser.$proc$rtl/arch_a/wire_udp_parser.sv:66$241'.
  created $dff cell `$procdff$5386' with positive edge clock.
Creating register for signal `\wire_udp_parser.\reject_fatal_q' using process `\wire_udp_parser.$proc$rtl/arch_a/wire_udp_parser.sv:66$241'.
  created $dff cell `$procdff$5387' with positive edge clock.
Creating register for signal `\wire_udp_parser.\reject_code_q' using process `\wire_udp_parser.$proc$rtl/arch_a/wire_udp_parser.sv:66$241'.
  created $dff cell `$procdff$5388' with positive edge clock.
Creating register for signal `\wire_udp_parser.\header_q' using process `\wire_udp_parser.$proc$rtl/arch_a/wire_udp_parser.sv:66$241'.
  created $dff cell `$procdff$5389' with positive edge clock.
Creating register for signal `\wire_udp_parser.\remaining_q' using process `\wire_udp_parser.$proc$rtl/arch_a/wire_udp_parser.sv:66$241'.
  created $dff cell `$procdff$5390' with positive edge clock.
Creating register for signal `\wire_udp_parser.\declared_length_q' using process `\wire_udp_parser.$proc$rtl/arch_a/wire_udp_parser.sv:66$241'.
  created $dff cell `$procdff$5391' with positive edge clock.
Creating register for signal `\wire_udp_parser.\actual_count_q' using process `\wire_udp_parser.$proc$rtl/arch_a/wire_udp_parser.sv:66$241'.
  created $dff cell `$procdff$5392' with positive edge clock.
Creating register for signal `\wire_udp_parser.\pending_code_q' using process `\wire_udp_parser.$proc$rtl/arch_a/wire_udp_parser.sv:66$241'.
  created $dff cell `$procdff$5393' with positive edge clock.
Creating register for signal `\wire_udp_parser.\pending_fatal_q' using process `\wire_udp_parser.$proc$rtl/arch_a/wire_udp_parser.sv:66$241'.
  created $dff cell `$procdff$5394' with positive edge clock.
Creating register for signal `\wire_udp_parser.$bitselwrite$pos$rtl/arch_a/wire_udp_parser.sv:104$223' using process `\wire_udp_parser.$proc$rtl/arch_a/wire_udp_parser.sv:66$241'.
  created $dff cell `$procdff$5395' with positive edge clock.
Creating register for signal `\wire_udp_parser.$lookahead\header_q$240' using process `\wire_udp_parser.$proc$rtl/arch_a/wire_udp_parser.sv:66$241'.
  created $dff cell `$procdff$5396' with positive edge clock.
Creating register for signal `\wire_ipv4_parser.\state_q' using process `\wire_ipv4_parser.$proc$rtl/arch_a/wire_ipv4_parser.sv:119$113'.
  created $dff cell `$procdff$5397' with positive edge clock.
Creating register for signal `\wire_ipv4_parser.\header_index_q' using process `\wire_ipv4_parser.$proc$rtl/arch_a/wire_ipv4_parser.sv:119$113'.
  created $dff cell `$procdff$5398' with positive edge clock.
Creating register for signal `\wire_ipv4_parser.\payload_data_q' using process `\wire_ipv4_parser.$proc$rtl/arch_a/wire_ipv4_parser.sv:119$113'.
  created $dff cell `$procdff$5399' with positive edge clock.
Creating register for signal `\wire_ipv4_parser.\payload_last_q' using process `\wire_ipv4_parser.$proc$rtl/arch_a/wire_ipv4_parser.sv:119$113'.
  created $dff cell `$procdff$5400' with positive edge clock.
Creating register for signal `\wire_ipv4_parser.\payload_valid_q' using process `\wire_ipv4_parser.$proc$rtl/arch_a/wire_ipv4_parser.sv:119$113'.
  created $dff cell `$procdff$5401' with positive edge clock.
Creating register for signal `\wire_ipv4_parser.\reject_fatal_q' using process `\wire_ipv4_parser.$proc$rtl/arch_a/wire_ipv4_parser.sv:119$113'.
  created $dff cell `$procdff$5402' with positive edge clock.
Creating register for signal `\wire_ipv4_parser.\reject_code_q' using process `\wire_ipv4_parser.$proc$rtl/arch_a/wire_ipv4_parser.sv:119$113'.
  created $dff cell `$procdff$5403' with positive edge clock.
Creating register for signal `\wire_ipv4_parser.\header_q' using process `\wire_ipv4_parser.$proc$rtl/arch_a/wire_ipv4_parser.sv:119$113'.
  created $dff cell `$procdff$5404' with positive edge clock.
Creating register for signal `\wire_ipv4_parser.\remaining_q' using process `\wire_ipv4_parser.$proc$rtl/arch_a/wire_ipv4_parser.sv:119$113'.
  created $dff cell `$procdff$5405' with positive edge clock.
Creating register for signal `\wire_ipv4_parser.\payload_physical_last_q' using process `\wire_ipv4_parser.$proc$rtl/arch_a/wire_ipv4_parser.sv:119$113'.
  created $dff cell `$procdff$5406' with positive edge clock.
Creating register for signal `\wire_ipv4_parser.$bitselwrite$pos$rtl/arch_a/wire_ipv4_parser.sv:155$92' using process `\wire_ipv4_parser.$proc$rtl/arch_a/wire_ipv4_parser.sv:119$113'.
  created $dff cell `$procdff$5407' with positive edge clock.
Creating register for signal `\wire_ipv4_parser.\code_is_fatal$func$rtl/arch_a/wire_ipv4_parser.sv:173$93.$result' using process `\wire_ipv4_parser.$proc$rtl/arch_a/wire_ipv4_parser.sv:119$113'.
  created $dff cell `$procdff$5408' with positive edge clock.
Creating register for signal `\wire_ipv4_parser.\code_is_fatal$func$rtl/arch_a/wire_ipv4_parser.sv:173$93.code' using process `\wire_ipv4_parser.$proc$rtl/arch_a/wire_ipv4_parser.sv:119$113'.
  created $dff cell `$procdff$5409' with positive edge clock.
Creating register for signal `\wire_ipv4_parser.$lookahead\header_q$112' using process `\wire_ipv4_parser.$proc$rtl/arch_a/wire_ipv4_parser.sv:119$113'.
  created $dff cell `$procdff$5410' with positive edge clock.
Creating register for signal `\wire_eth_parser.\state_q' using process `\wire_eth_parser.$proc$rtl/arch_a/wire_eth_parser.sv:55$82'.
  created $dff cell `$procdff$5411' with positive edge clock.
Creating register for signal `\wire_eth_parser.\header_index_q' using process `\wire_eth_parser.$proc$rtl/arch_a/wire_eth_parser.sv:55$82'.
  created $dff cell `$procdff$5412' with positive edge clock.
Creating register for signal `\wire_eth_parser.\ethertype_high_q' using process `\wire_eth_parser.$proc$rtl/arch_a/wire_eth_parser.sv:55$82'.
  created $dff cell `$procdff$5413' with positive edge clock.
Creating register for signal `\wire_eth_parser.\payload_data_q' using process `\wire_eth_parser.$proc$rtl/arch_a/wire_eth_parser.sv:55$82'.
  created $dff cell `$procdff$5414' with positive edge clock.
Creating register for signal `\wire_eth_parser.\payload_last_q' using process `\wire_eth_parser.$proc$rtl/arch_a/wire_eth_parser.sv:55$82'.
  created $dff cell `$procdff$5415' with positive edge clock.
Creating register for signal `\wire_eth_parser.\payload_valid_q' using process `\wire_eth_parser.$proc$rtl/arch_a/wire_eth_parser.sv:55$82'.
  created $dff cell `$procdff$5416' with positive edge clock.
Creating register for signal `\wire_eth_parser.\reject_fatal_q' using process `\wire_eth_parser.$proc$rtl/arch_a/wire_eth_parser.sv:55$82'.
  created $dff cell `$procdff$5417' with positive edge clock.
Creating register for signal `\wire_eth_parser.\reject_code_q' using process `\wire_eth_parser.$proc$rtl/arch_a/wire_eth_parser.sv:55$82'.
  created $dff cell `$procdff$5418' with positive edge clock.
Creating register for signal `\wire_gearbox_64to8.\data_q' using process `\wire_gearbox_64to8.$proc$rtl/arch_a/wire_gearbox_64to8.sv:49$57'.
  created $dff cell `$procdff$5419' with positive edge clock.
Creating register for signal `\wire_gearbox_64to8.\last_q' using process `\wire_gearbox_64to8.$proc$rtl/arch_a/wire_gearbox_64to8.sv:49$57'.
  created $dff cell `$procdff$5420' with positive edge clock.
Creating register for signal `\wire_gearbox_64to8.\count_q' using process `\wire_gearbox_64to8.$proc$rtl/arch_a/wire_gearbox_64to8.sv:49$57'.
  created $dff cell `$procdff$5421' with positive edge clock.
Creating register for signal `\wire_gearbox_64to8.\index_q' using process `\wire_gearbox_64to8.$proc$rtl/arch_a/wire_gearbox_64to8.sv:49$57'.
  created $dff cell `$procdff$5422' with positive edge clock.
Creating register for signal `\wire_gearbox_64to8.\valid_q' using process `\wire_gearbox_64to8.$proc$rtl/arch_a/wire_gearbox_64to8.sv:49$57'.
  created $dff cell `$procdff$5423' with positive edge clock.
Creating register for signal `\wire_gearbox_64to8.\keep_count$func$rtl/arch_a/wire_gearbox_64to8.sv:58$44.$result' using process `\wire_gearbox_64to8.$proc$rtl/arch_a/wire_gearbox_64to8.sv:49$57'.
  created $dff cell `$procdff$5424' with positive edge clock.
Creating register for signal `\wire_gearbox_64to8.\keep_count$func$rtl/arch_a/wire_gearbox_64to8.sv:58$44.keep' using process `\wire_gearbox_64to8.$proc$rtl/arch_a/wire_gearbox_64to8.sv:49$57'.
  created $dff cell `$procdff$5425' with positive edge clock.
Creating register for signal `\wire_ingress_buffer.\read_ptr_q' using process `\wire_ingress_buffer.$proc$rtl/common/wire_ingress_buffer.sv:37$12'.
  created $dff cell `$procdff$5426' with positive edge clock.
Creating register for signal `\wire_ingress_buffer.\write_ptr_q' using process `\wire_ingress_buffer.$proc$rtl/common/wire_ingress_buffer.sv:37$12'.
  created $dff cell `$procdff$5427' with positive edge clock.
Creating register for signal `\wire_ingress_buffer.\count_q' using process `\wire_ingress_buffer.$proc$rtl/common/wire_ingress_buffer.sv:37$12'.
  created $dff cell `$procdff$5428' with positive edge clock.
Creating register for signal `\wire_ingress_buffer.$memwr$\data_q$rtl/common/wire_ingress_buffer.sv:44$1_ADDR' using process `\wire_ingress_buffer.$proc$rtl/common/wire_ingress_buffer.sv:37$12'.
  created $dff cell `$procdff$5429' with positive edge clock.
Creating register for signal `\wire_ingress_buffer.$memwr$\data_q$rtl/common/wire_ingress_buffer.sv:44$1_DATA' using process `\wire_ingress_buffer.$proc$rtl/common/wire_ingress_buffer.sv:37$12'.
  created $dff cell `$procdff$5430' with positive edge clock.
Creating register for signal `\wire_ingress_buffer.$memwr$\data_q$rtl/common/wire_ingress_buffer.sv:44$1_EN' using process `\wire_ingress_buffer.$proc$rtl/common/wire_ingress_buffer.sv:37$12'.
  created $dff cell `$procdff$5431' with positive edge clock.
Creating register for signal `\wire_ingress_buffer.$memwr$\keep_q$rtl/common/wire_ingress_buffer.sv:45$2_ADDR' using process `\wire_ingress_buffer.$proc$rtl/common/wire_ingress_buffer.sv:37$12'.
  created $dff cell `$procdff$5432' with positive edge clock.
Creating register for signal `\wire_ingress_buffer.$memwr$\keep_q$rtl/common/wire_ingress_buffer.sv:45$2_DATA' using process `\wire_ingress_buffer.$proc$rtl/common/wire_ingress_buffer.sv:37$12'.
  created $dff cell `$procdff$5433' with positive edge clock.
Creating register for signal `\wire_ingress_buffer.$memwr$\keep_q$rtl/common/wire_ingress_buffer.sv:45$2_EN' using process `\wire_ingress_buffer.$proc$rtl/common/wire_ingress_buffer.sv:37$12'.
  created $dff cell `$procdff$5434' with positive edge clock.
Creating register for signal `\wire_ingress_buffer.$memwr$\last_q$rtl/common/wire_ingress_buffer.sv:46$3_ADDR' using process `\wire_ingress_buffer.$proc$rtl/common/wire_ingress_buffer.sv:37$12'.
  created $dff cell `$procdff$5435' with positive edge clock.
Creating register for signal `\wire_ingress_buffer.$memwr$\last_q$rtl/common/wire_ingress_buffer.sv:46$3_DATA' using process `\wire_ingress_buffer.$proc$rtl/common/wire_ingress_buffer.sv:37$12'.
  created $dff cell `$procdff$5436' with positive edge clock.
Creating register for signal `\wire_ingress_buffer.$memwr$\last_q$rtl/common/wire_ingress_buffer.sv:46$3_EN' using process `\wire_ingress_buffer.$proc$rtl/common/wire_ingress_buffer.sv:37$12'.
  created $dff cell `$procdff$5437' with positive edge clock.

11.10. Executing PROC_MEMWR pass (convert process memory writes to cells).

11.11. Executing PROC_CLEAN pass (remove empty switches from decision trees).
Found and cleaned up 8 empty switches in `\wire_arch_a_parser_top.$proc$rtl/arch_a/wire_arch_a_parser_top.sv:136$769'.
Removing empty process `wire_arch_a_parser_top.$proc$rtl/arch_a/wire_arch_a_parser_top.sv:136$769'.
Found and cleaned up 1 empty switch in `\wire_itch_decoder.$proc$rtl/arch_a/wire_itch_decoder.sv:112$737'.
Removing empty process `wire_itch_decoder.$proc$rtl/arch_a/wire_itch_decoder.sv:112$737'.
Found and cleaned up 1 empty switch in `\wire_itch_decoder.$proc$rtl/arch_a/wire_itch_decoder.sv:112$732'.
Removing empty process `wire_itch_decoder.$proc$rtl/arch_a/wire_itch_decoder.sv:112$732'.
Found and cleaned up 43 empty switches in `\wire_itch_decoder.$proc$rtl/arch_a/wire_itch_decoder.sv:137$428'.
Removing empty process `wire_itch_decoder.$proc$rtl/arch_a/wire_itch_decoder.sv:137$428'.
Found and cleaned up 26 empty switches in `\wire_mold_message_framer.$proc$rtl/arch_a/wire_mold_message_framer.sv:112$370'.
Removing empty process `wire_mold_message_framer.$proc$rtl/arch_a/wire_mold_message_framer.sv:112$370'.
Found and cleaned up 21 empty switches in `\wire_mold_header_seq.$proc$rtl/arch_a/wire_mold_header_seq.sv:111$309'.
Removing empty process `wire_mold_header_seq.$proc$rtl/arch_a/wire_mold_header_seq.sv:111$309'.
Found and cleaned up 23 empty switches in `\wire_udp_parser.$proc$rtl/arch_a/wire_udp_parser.sv:66$241'.
Removing empty process `wire_udp_parser.$proc$rtl/arch_a/wire_udp_parser.sv:66$241'.
Found and cleaned up 7 empty switches in `\wire_ipv4_parser.$proc$rtl/arch_a/wire_ipv4_parser.sv:102$177'.
Removing empty process `wire_ipv4_parser.$proc$rtl/arch_a/wire_ipv4_parser.sv:102$177'.
Found and cleaned up 16 empty switches in `\wire_ipv4_parser.$proc$rtl/arch_a/wire_ipv4_parser.sv:119$113'.
Removing empty process `wire_ipv4_parser.$proc$rtl/arch_a/wire_ipv4_parser.sv:119$113'.
Found and cleaned up 12 empty switches in `\wire_eth_parser.$proc$rtl/arch_a/wire_eth_parser.sv:55$82'.
Removing empty process `wire_eth_parser.$proc$rtl/arch_a/wire_eth_parser.sv:55$82'.
Found and cleaned up 5 empty switches in `\wire_gearbox_64to8.$proc$rtl/arch_a/wire_gearbox_64to8.sv:49$57'.
Removing empty process `wire_gearbox_64to8.$proc$rtl/arch_a/wire_gearbox_64to8.sv:49$57'.
Found and cleaned up 4 empty switches in `\wire_ingress_buffer.$proc$rtl/common/wire_ingress_buffer.sv:37$12'.
Removing empty process `wire_ingress_buffer.$proc$rtl/common/wire_ingress_buffer.sv:37$12'.
Cleaned up 167 empty switches.

11.12. Executing OPT_EXPR pass (perform const folding).
Optimizing module wire_arch_a_parser_top.
Optimizing module wire_itch_decoder.
<suppressed ~49 debug messages>
Optimizing module wire_mold_message_framer.
<suppressed ~3 debug messages>
Optimizing module wire_mold_header_seq.
<suppressed ~20 debug messages>
Optimizing module wire_udp_parser.
<suppressed ~17 debug messages>
Optimizing module wire_ipv4_parser.
<suppressed ~26 debug messages>
Optimizing module wire_eth_parser.
<suppressed ~6 debug messages>
Optimizing module wire_gearbox_64to8.
Optimizing module wire_ingress_buffer.
<suppressed ~1 debug messages>

12. Executing OPT pass (performing simple optimizations).

12.1. Executing OPT_EXPR pass (perform const folding).
Optimizing module wire_arch_a_parser_top.
Optimizing module wire_itch_decoder.
Optimizing module wire_mold_message_framer.
Optimizing module wire_mold_header_seq.
<suppressed ~2 debug messages>
Optimizing module wire_udp_parser.
<suppressed ~2 debug messages>
Optimizing module wire_ipv4_parser.
<suppressed ~2 debug messages>
Optimizing module wire_eth_parser.
Optimizing module wire_gearbox_64to8.
<suppressed ~3 debug messages>
Optimizing module wire_ingress_buffer.

12.2. Executing OPT_MERGE pass (detect identical cells).
Finding identical cells in module `\wire_arch_a_parser_top'.
Computing hashes of 66 cells of `\wire_arch_a_parser_top'.
Finding duplicate cells in `\wire_arch_a_parser_top'.
Computing hashes of 53 cells of `\wire_arch_a_parser_top'.
Finding duplicate cells in `\wire_arch_a_parser_top'.
Computing hashes of 52 cells of `\wire_arch_a_parser_top'.
Finding duplicate cells in `\wire_arch_a_parser_top'.
Computing hashes of 51 cells of `\wire_arch_a_parser_top'.
Finding duplicate cells in `\wire_arch_a_parser_top'.
<suppressed ~45 debug messages>
Finding identical cells in module `\wire_itch_decoder'.
Computing hashes of 1054 cells of `\wire_itch_decoder'.
Finding duplicate cells in `\wire_itch_decoder'.
Computing hashes of 753 cells of `\wire_itch_decoder'.
Finding duplicate cells in `\wire_itch_decoder'.
Computing hashes of 750 cells of `\wire_itch_decoder'.
Finding duplicate cells in `\wire_itch_decoder'.
<suppressed ~912 debug messages>
Finding identical cells in module `\wire_mold_message_framer'.
Computing hashes of 212 cells of `\wire_mold_message_framer'.
Finding duplicate cells in `\wire_mold_message_framer'.
Computing hashes of 177 cells of `\wire_mold_message_framer'.
Finding duplicate cells in `\wire_mold_message_framer'.
<suppressed ~105 debug messages>
Finding identical cells in module `\wire_mold_header_seq'.
Computing hashes of 268 cells of `\wire_mold_header_seq'.
Finding duplicate cells in `\wire_mold_header_seq'.
Computing hashes of 241 cells of `\wire_mold_header_seq'.
Finding duplicate cells in `\wire_mold_header_seq'.
<suppressed ~81 debug messages>
Finding identical cells in module `\wire_udp_parser'.
Computing hashes of 250 cells of `\wire_udp_parser'.
Finding duplicate cells in `\wire_udp_parser'.
Computing hashes of 216 cells of `\wire_udp_parser'.
Finding duplicate cells in `\wire_udp_parser'.
<suppressed ~102 debug messages>
Finding identical cells in module `\wire_ipv4_parser'.
Computing hashes of 305 cells of `\wire_ipv4_parser'.
Finding duplicate cells in `\wire_ipv4_parser'.
Computing hashes of 272 cells of `\wire_ipv4_parser'.
Finding duplicate cells in `\wire_ipv4_parser'.
<suppressed ~99 debug messages>
Finding identical cells in module `\wire_eth_parser'.
Computing hashes of 102 cells of `\wire_eth_parser'.
Finding duplicate cells in `\wire_eth_parser'.
Computing hashes of 85 cells of `\wire_eth_parser'.
Finding duplicate cells in `\wire_eth_parser'.
<suppressed ~51 debug messages>
Finding identical cells in module `\wire_gearbox_64to8'.
Computing hashes of 54 cells of `\wire_gearbox_64to8'.
Finding duplicate cells in `\wire_gearbox_64to8'.
Computing hashes of 53 cells of `\wire_gearbox_64to8'.
Finding duplicate cells in `\wire_gearbox_64to8'.
<suppressed ~3 debug messages>
Finding identical cells in module `\wire_ingress_buffer'.
Computing hashes of 62 cells of `\wire_ingress_buffer'.
Finding duplicate cells in `\wire_ingress_buffer'.
Removed a total of 466 cells.

12.3. Executing OPT_MUXTREE pass (detect dead branches in mux trees).
Running muxtree optimizer on module \wire_arch_a_parser_top..
  Creating internal representation of mux trees.
  Evaluating internal representation of mux trees.
  Analyzing evaluation results.
Running muxtree optimizer on module \wire_itch_decoder..
  Creating internal representation of mux trees.
  Evaluating internal representation of mux trees.
      Replacing known input bits on port B of cell $procmux$2675: \recovery_required -> 1'1
      Replacing known input bits on port B of cell $procmux$2670: \recovery_required -> 1'1
      Replacing known input bits on port B of cell $procmux$2748: \recovery_required -> 1'1
      Replacing known input bits on port B of cell $procmux$2727: \recovery_required -> 1'1
      Replacing known input bits on port B of cell $procmux$2690: \recovery_required -> 1'1
      Replacing known input bits on port B of cell $procmux$2696: \recovery_required -> 1'1
      Replacing known input bits on port B of cell $procmux$2701: \recovery_required -> 1'1
      Replacing known input bits on port B of cell $procmux$2706: \recovery_required -> 1'1
      Replacing known input bits on port B of cell $procmux$2711: \recovery_required -> 1'1
      Replacing known input bits on port B of cell $procmux$2716: \recovery_required -> 1'1
      Replacing known input bits on port B of cell $procmux$2721: \recovery_required -> 1'1
  Analyzing evaluation results.
    dead port 1/2 on $mux $procmux$2192.
    dead port 2/2 on $mux $procmux$2192.
    dead port 1/2 on $mux $procmux$2189.
    dead port 2/2 on $mux $procmux$2189.
    dead port 1/2 on $mux $procmux$2186.
    dead port 2/2 on $mux $procmux$2186.
    dead port 1/2 on $mux $procmux$2183.
    dead port 2/2 on $mux $procmux$2183.
    dead port 1/2 on $mux $procmux$2180.
    dead port 2/2 on $mux $procmux$2180.
    dead port 1/2 on $mux $procmux$2177.
    dead port 2/2 on $mux $procmux$2177.
    dead port 1/2 on $mux $procmux$2174.
    dead port 2/2 on $mux $procmux$2174.
    dead port 1/2 on $mux $procmux$2171.
    dead port 2/2 on $mux $procmux$2171.
    dead port 1/2 on $mux $procmux$2168.
    dead port 2/2 on $mux $procmux$2168.
    dead port 1/2 on $mux $procmux$2165.
    dead port 2/2 on $mux $procmux$2165.
    dead port 1/2 on $mux $procmux$2162.
    dead port 2/2 on $mux $procmux$2162.
    dead port 1/2 on $mux $procmux$2159.
    dead port 2/2 on $mux $procmux$2159.
    dead port 1/2 on $mux $procmux$2156.
    dead port 2/2 on $mux $procmux$2156.
    dead port 1/2 on $mux $procmux$2153.
    dead port 2/2 on $mux $procmux$2153.
    dead port 1/2 on $mux $procmux$2150.
    dead port 2/2 on $mux $procmux$2150.
    dead port 1/2 on $mux $procmux$2147.
    dead port 2/2 on $mux $procmux$2147.
    dead port 1/2 on $mux $procmux$2144.
    dead port 2/2 on $mux $procmux$2144.
    dead port 1/2 on $mux $procmux$2132.
    dead port 2/2 on $mux $procmux$2132.
    dead port 1/2 on $mux $procmux$2129.
    dead port 2/2 on $mux $procmux$2129.
    dead port 1/2 on $mux $procmux$2123.
    dead port 2/2 on $mux $procmux$2123.
    dead port 1/2 on $mux $procmux$2120.
    dead port 2/2 on $mux $procmux$2120.
    dead port 1/2 on $mux $procmux$2114.
    dead port 2/2 on $mux $procmux$2114.
    dead port 1/2 on $mux $procmux$2111.
    dead port 2/2 on $mux $procmux$2111.
    dead port 1/2 on $mux $procmux$2105.
    dead port 2/2 on $mux $procmux$2105.
    dead port 1/2 on $mux $procmux$2102.
    dead port 2/2 on $mux $procmux$2102.
    dead port 1/2 on $mux $procmux$2096.
    dead port 2/2 on $mux $procmux$2096.
    dead port 1/2 on $mux $procmux$2093.
    dead port 2/2 on $mux $procmux$2093.
    dead port 1/2 on $mux $procmux$2087.
    dead port 2/2 on $mux $procmux$2087.
    dead port 1/2 on $mux $procmux$2084.
    dead port 2/2 on $mux $procmux$2084.
    dead port 1/2 on $mux $procmux$2078.
    dead port 2/2 on $mux $procmux$2078.
    dead port 1/2 on $mux $procmux$2075.
    dead port 2/2 on $mux $procmux$2075.
    dead port 1/2 on $mux $procmux$2069.
    dead port 2/2 on $mux $procmux$2069.
    dead port 1/2 on $mux $procmux$2066.
    dead port 2/2 on $mux $procmux$2066.
    dead port 1/2 on $mux $procmux$2060.
    dead port 2/2 on $mux $procmux$2060.
    dead port 1/2 on $mux $procmux$2057.
    dead port 2/2 on $mux $procmux$2057.
    dead port 1/2 on $mux $procmux$2051.
    dead port 2/2 on $mux $procmux$2051.
    dead port 1/2 on $mux $procmux$2048.
    dead port 2/2 on $mux $procmux$2048.
    dead port 1/2 on $mux $procmux$2042.
    dead port 2/2 on $mux $procmux$2042.
    dead port 1/2 on $mux $procmux$2039.
    dead port 2/2 on $mux $procmux$2039.
    dead port 1/2 on $mux $procmux$2033.
    dead port 2/2 on $mux $procmux$2033.
    dead port 1/2 on $mux $procmux$2030.
    dead port 2/2 on $mux $procmux$2030.
    dead port 1/2 on $mux $procmux$2024.
    dead port 2/2 on $mux $procmux$2024.
    dead port 1/2 on $mux $procmux$2021.
    dead port 2/2 on $mux $procmux$2021.
    dead port 1/2 on $mux $procmux$2015.
    dead port 2/2 on $mux $procmux$2015.
    dead port 1/2 on $mux $procmux$2012.
    dead port 2/2 on $mux $procmux$2012.
    dead port 1/2 on $mux $procmux$2006.
    dead port 2/2 on $mux $procmux$2006.
    dead port 1/2 on $mux $procmux$2003.
    dead port 2/2 on $mux $procmux$2003.
    dead port 1/2 on $mux $procmux$1997.
    dead port 2/2 on $mux $procmux$1997.
    dead port 1/2 on $mux $procmux$1994.
    dead port 2/2 on $mux $procmux$1994.
    dead port 1/2 on $mux $procmux$1988.
    dead port 2/2 on $mux $procmux$1988.
    dead port 1/2 on $mux $procmux$1985.
    dead port 2/2 on $mux $procmux$1985.
    dead port 1/2 on $mux $procmux$1979.
    dead port 1/2 on $mux $procmux$1969.
    dead port 1/2 on $mux $procmux$1959.
    dead port 1/2 on $mux $procmux$1949.
    dead port 2/2 on $mux $procmux$1946.
    dead port 1/2 on $mux $procmux$1936.
    dead port 2/2 on $mux $procmux$1933.
    dead port 1/2 on $mux $procmux$1923.
    dead port 2/2 on $mux $procmux$1920.
    dead port 1/2 on $mux $procmux$1910.
    dead port 2/2 on $mux $procmux$1907.
    dead port 2/2 on $mux $procmux$1905.
    dead port 1/2 on $mux $procmux$1894.
    dead port 2/2 on $mux $procmux$1891.
    dead port 2/2 on $mux $procmux$1889.
    dead port 1/2 on $mux $procmux$1878.
    dead port 2/2 on $mux $procmux$1875.
    dead port 2/2 on $mux $procmux$1873.
    dead port 1/2 on $mux $procmux$1862.
    dead port 2/2 on $mux $procmux$1862.
    dead port 1/2 on $mux $procmux$1859.
    dead port 2/2 on $mux $procmux$1859.
    dead port 1/2 on $mux $procmux$1857.
    dead port 2/2 on $mux $procmux$1857.
    dead port 1/2 on $mux $procmux$1850.
    dead port 2/2 on $mux $procmux$1850.
    dead port 1/2 on $mux $procmux$1847.
    dead port 2/2 on $mux $procmux$1847.
    dead port 1/2 on $mux $procmux$1845.
    dead port 2/2 on $mux $procmux$1845.
    dead port 1/2 on $mux $procmux$1838.
    dead port 2/2 on $mux $procmux$1838.
    dead port 1/2 on $mux $procmux$1835.
    dead port 2/2 on $mux $procmux$1835.
    dead port 1/2 on $mux $procmux$1833.
    dead port 2/2 on $mux $procmux$1833.
    dead port 1/2 on $mux $procmux$1826.
    dead port 2/2 on $mux $procmux$1826.
    dead port 1/2 on $mux $procmux$1823.
    dead port 2/2 on $mux $procmux$1823.
    dead port 1/2 on $mux $procmux$1821.
    dead port 2/2 on $mux $procmux$1821.
    dead port 1/2 on $mux $procmux$1814.
    dead port 2/2 on $mux $procmux$1814.
    dead port 1/2 on $mux $procmux$1811.
    dead port 2/2 on $mux $procmux$1811.
    dead port 1/2 on $mux $procmux$1809.
    dead port 2/2 on $mux $procmux$1809.
    dead port 1/2 on $mux $procmux$1802.
    dead port 2/2 on $mux $procmux$1802.
    dead port 1/2 on $mux $procmux$1799.
    dead port 2/2 on $mux $procmux$1799.
    dead port 1/2 on $mux $procmux$1797.
    dead port 2/2 on $mux $procmux$1797.
    dead port 1/2 on $mux $procmux$1790.
    dead port 2/2 on $mux $procmux$1790.
    dead port 1/2 on $mux $procmux$1787.
    dead port 2/2 on $mux $procmux$1787.
    dead port 1/2 on $mux $procmux$1785.
    dead port 2/2 on $mux $procmux$1785.
    dead port 1/2 on $mux $procmux$1778.
    dead port 2/2 on $mux $procmux$1778.
    dead port 1/2 on $mux $procmux$1775.
    dead port 2/2 on $mux $procmux$1775.
    dead port 1/2 on $mux $procmux$1773.
    dead port 2/2 on $mux $procmux$1773.
    dead port 1/2 on $mux $procmux$1766.
    dead port 2/2 on $mux $procmux$1766.
    dead port 1/2 on $mux $procmux$1763.
    dead port 2/2 on $mux $procmux$1763.
    dead port 1/2 on $mux $procmux$1761.
    dead port 2/2 on $mux $procmux$1761.
    dead port 1/2 on $mux $procmux$1754.
    dead port 2/2 on $mux $procmux$1754.
    dead port 1/2 on $mux $procmux$1751.
    dead port 2/2 on $mux $procmux$1751.
    dead port 1/2 on $mux $procmux$1749.
    dead port 2/2 on $mux $procmux$1749.
    dead port 1/2 on $mux $procmux$1742.
    dead port 2/2 on $mux $procmux$1742.
    dead port 1/2 on $mux $procmux$1739.
    dead port 2/2 on $mux $procmux$1739.
    dead port 1/2 on $mux $procmux$1737.
    dead port 2/2 on $mux $procmux$1737.
    dead port 1/2 on $mux $procmux$1730.
    dead port 2/2 on $mux $procmux$1730.
    dead port 1/2 on $mux $procmux$1727.
    dead port 2/2 on $mux $procmux$1727.
    dead port 1/2 on $mux $procmux$1725.
    dead port 2/2 on $mux $procmux$1725.
    dead port 1/2 on $mux $procmux$1718.
    dead port 2/2 on $mux $procmux$1718.
    dead port 1/2 on $mux $procmux$1715.
    dead port 2/2 on $mux $procmux$1715.
    dead port 1/2 on $mux $procmux$1713.
    dead port 2/2 on $mux $procmux$1713.
    dead port 1/2 on $mux $procmux$1706.
    dead port 2/2 on $mux $procmux$1706.
    dead port 1/2 on $mux $procmux$1703.
    dead port 2/2 on $mux $procmux$1703.
    dead port 1/2 on $mux $procmux$1701.
    dead port 2/2 on $mux $procmux$1701.
    dead port 1/2 on $mux $procmux$1694.
    dead port 2/2 on $mux $procmux$1694.
    dead port 1/2 on $mux $procmux$1691.
    dead port 2/2 on $mux $procmux$1691.
    dead port 1/2 on $mux $procmux$1689.
    dead port 2/2 on $mux $procmux$1689.
    dead port 1/2 on $mux $procmux$1682.
    dead port 2/2 on $mux $procmux$1682.
    dead port 1/2 on $mux $procmux$1679.
    dead port 2/2 on $mux $procmux$1679.
    dead port 1/2 on $mux $procmux$1677.
    dead port 2/2 on $mux $procmux$1677.
    dead port 1/2 on $mux $procmux$1674.
    dead port 2/2 on $mux $procmux$1674.
    dead port 1/2 on $mux $procmux$1667.
    dead port 2/2 on $mux $procmux$1667.
    dead port 1/2 on $mux $procmux$1664.
    dead port 2/2 on $mux $procmux$1664.
    dead port 1/2 on $mux $procmux$1662.
    dead port 2/2 on $mux $procmux$1662.
    dead port 1/2 on $mux $procmux$1659.
    dead port 2/2 on $mux $procmux$1659.
    dead port 1/2 on $mux $procmux$1652.
    dead port 2/2 on $mux $procmux$1652.
    dead port 1/2 on $mux $procmux$1649.
    dead port 2/2 on $mux $procmux$1649.
    dead port 1/2 on $mux $procmux$1647.
    dead port 2/2 on $mux $procmux$1647.
    dead port 1/2 on $mux $procmux$1644.
    dead port 2/2 on $mux $procmux$1644.
    dead port 1/2 on $mux $procmux$1637.
    dead port 2/2 on $mux $procmux$1637.
    dead port 1/2 on $mux $procmux$1634.
    dead port 2/2 on $mux $procmux$1634.
    dead port 1/2 on $mux $procmux$1632.
    dead port 2/2 on $mux $procmux$1632.
    dead port 1/2 on $mux $procmux$1629.
    dead port 2/2 on $mux $procmux$1629.
    dead port 1/2 on $mux $procmux$1622.
    dead port 2/2 on $mux $procmux$1622.
    dead port 1/2 on $mux $procmux$1619.
    dead port 2/2 on $mux $procmux$1619.
    dead port 1/2 on $mux $procmux$1617.
    dead port 2/2 on $mux $procmux$1617.
    dead port 1/2 on $mux $procmux$1614.
    dead port 2/2 on $mux $procmux$1614.
    dead port 1/2 on $mux $procmux$1607.
    dead port 2/2 on $mux $procmux$1607.
    dead port 1/2 on $mux $procmux$1604.
    dead port 2/2 on $mux $procmux$1604.
    dead port 1/2 on $mux $procmux$1602.
    dead port 2/2 on $mux $procmux$1602.
    dead port 1/2 on $mux $procmux$1599.
    dead port 2/2 on $mux $procmux$1599.
    dead port 1/2 on $mux $procmux$1592.
    dead port 2/2 on $mux $procmux$1592.
    dead port 1/2 on $mux $procmux$1589.
    dead port 2/2 on $mux $procmux$1589.
    dead port 1/2 on $mux $procmux$1587.
    dead port 2/2 on $mux $procmux$1587.
    dead port 1/2 on $mux $procmux$1584.
    dead port 2/2 on $mux $procmux$1584.
    dead port 1/2 on $mux $procmux$1577.
    dead port 2/2 on $mux $procmux$1577.
    dead port 1/2 on $mux $procmux$1574.
    dead port 2/2 on $mux $procmux$1574.
    dead port 1/2 on $mux $procmux$1572.
    dead port 2/2 on $mux $procmux$1572.
    dead port 1/2 on $mux $procmux$1569.
    dead port 2/2 on $mux $procmux$1569.
    dead port 1/2 on $mux $procmux$1562.
    dead port 2/2 on $mux $procmux$1562.
    dead port 1/2 on $mux $procmux$1559.
    dead port 2/2 on $mux $procmux$1559.
    dead port 1/2 on $mux $procmux$1557.
    dead port 2/2 on $mux $procmux$1557.
    dead port 1/2 on $mux $procmux$1554.
    dead port 2/2 on $mux $procmux$1554.
    dead port 1/2 on $mux $procmux$1547.
    dead port 2/2 on $mux $procmux$1547.
    dead port 1/2 on $mux $procmux$1544.
    dead port 2/2 on $mux $procmux$1544.
    dead port 1/2 on $mux $procmux$1542.
    dead port 2/2 on $mux $procmux$1542.
    dead port 1/2 on $mux $procmux$1539.
    dead port 2/2 on $mux $procmux$1539.
    dead port 1/2 on $mux $procmux$1532.
    dead port 2/2 on $mux $procmux$1532.
    dead port 1/2 on $mux $procmux$1529.
    dead port 2/2 on $mux $procmux$1529.
    dead port 1/2 on $mux $procmux$1527.
    dead port 2/2 on $mux $procmux$1527.
    dead port 1/2 on $mux $procmux$1524.
    dead port 2/2 on $mux $procmux$1524.
    dead port 1/2 on $mux $procmux$1517.
    dead port 2/2 on $mux $procmux$1517.
    dead port 1/2 on $mux $procmux$1514.
    dead port 2/2 on $mux $procmux$1514.
    dead port 1/2 on $mux $procmux$1512.
    dead port 2/2 on $mux $procmux$1512.
    dead port 1/2 on $mux $procmux$1509.
    dead port 2/2 on $mux $procmux$1509.
    dead port 1/2 on $mux $procmux$1502.
    dead port 2/2 on $mux $procmux$1502.
    dead port 1/2 on $mux $procmux$1499.
    dead port 2/2 on $mux $procmux$1499.
    dead port 1/2 on $mux $procmux$1497.
    dead port 2/2 on $mux $procmux$1497.
    dead port 1/2 on $mux $procmux$1494.
    dead port 2/2 on $mux $procmux$1494.
    dead port 1/2 on $mux $procmux$1487.
    dead port 2/2 on $mux $procmux$1487.
    dead port 1/2 on $mux $procmux$1484.
    dead port 2/2 on $mux $procmux$1484.
    dead port 1/2 on $mux $procmux$1482.
    dead port 2/2 on $mux $procmux$1482.
    dead port 1/2 on $mux $procmux$1479.
    dead port 2/2 on $mux $procmux$1479.
    dead port 1/2 on $mux $procmux$1472.
    dead port 2/2 on $mux $procmux$1472.
    dead port 1/2 on $mux $procmux$1469.
    dead port 2/2 on $mux $procmux$1469.
    dead port 1/2 on $mux $procmux$1467.
    dead port 2/2 on $mux $procmux$1467.
    dead port 1/2 on $mux $procmux$1464.
    dead port 2/2 on $mux $procmux$1464.
    dead port 1/2 on $mux $procmux$1461.
    dead port 2/2 on $mux $procmux$1461.
    dead port 1/2 on $mux $procmux$1454.
    dead port 2/2 on $mux $procmux$1454.
    dead port 1/2 on $mux $procmux$1451.
    dead port 2/2 on $mux $procmux$1451.
    dead port 1/2 on $mux $procmux$1449.
    dead port 2/2 on $mux $procmux$1449.
    dead port 1/2 on $mux $procmux$1446.
    dead port 2/2 on $mux $procmux$1446.
    dead port 1/2 on $mux $procmux$1443.
    dead port 2/2 on $mux $procmux$1443.
    dead port 1/2 on $mux $procmux$1436.
    dead port 2/2 on $mux $procmux$1436.
    dead port 1/2 on $mux $procmux$1433.
    dead port 2/2 on $mux $procmux$1433.
    dead port 1/2 on $mux $procmux$1431.
    dead port 2/2 on $mux $procmux$1431.
    dead port 1/2 on $mux $procmux$1428.
    dead port 2/2 on $mux $procmux$1428.
    dead port 1/2 on $mux $procmux$1425.
    dead port 2/2 on $mux $procmux$1425.
    dead port 1/2 on $mux $procmux$1418.
    dead port 2/2 on $mux $procmux$1418.
    dead port 1/2 on $mux $procmux$1415.
    dead port 2/2 on $mux $procmux$1415.
    dead port 1/2 on $mux $procmux$1413.
    dead port 2/2 on $mux $procmux$1413.
    dead port 1/2 on $mux $procmux$1410.
    dead port 2/2 on $mux $procmux$1410.
    dead port 1/2 on $mux $procmux$1407.
    dead port 2/2 on $mux $procmux$1407.
    dead port 1/2 on $mux $procmux$1400.
    dead port 2/2 on $mux $procmux$1400.
    dead port 1/2 on $mux $procmux$1397.
    dead port 2/2 on $mux $procmux$1397.
    dead port 1/2 on $mux $procmux$1395.
    dead port 2/2 on $mux $procmux$1395.
    dead port 1/2 on $mux $procmux$1392.
    dead port 2/2 on $mux $procmux$1392.
    dead port 1/2 on $mux $procmux$1389.
    dead port 2/2 on $mux $procmux$1389.
    dead port 1/2 on $mux $procmux$1382.
    dead port 2/2 on $mux $procmux$1382.
    dead port 1/2 on $mux $procmux$1379.
    dead port 2/2 on $mux $procmux$1379.
    dead port 1/2 on $mux $procmux$1377.
    dead port 2/2 on $mux $procmux$1377.
    dead port 1/2 on $mux $procmux$1374.
    dead port 2/2 on $mux $procmux$1374.
    dead port 1/2 on $mux $procmux$1371.
    dead port 2/2 on $mux $procmux$1371.
    dead port 1/2 on $mux $procmux$1364.
    dead port 2/2 on $mux $procmux$1364.
    dead port 1/2 on $mux $procmux$1361.
    dead port 2/2 on $mux $procmux$1361.
    dead port 1/2 on $mux $procmux$1359.
    dead port 2/2 on $mux $procmux$1359.
    dead port 1/2 on $mux $procmux$1356.
    dead port 2/2 on $mux $procmux$1356.
    dead port 1/2 on $mux $procmux$1353.
    dead port 2/2 on $mux $procmux$1353.
    dead port 1/2 on $mux $procmux$1346.
    dead port 2/2 on $mux $procmux$1346.
    dead port 1/2 on $mux $procmux$1343.
    dead port 2/2 on $mux $procmux$1343.
    dead port 1/2 on $mux $procmux$1341.
    dead port 2/2 on $mux $procmux$1341.
    dead port 1/2 on $mux $procmux$1338.
    dead port 2/2 on $mux $procmux$1338.
    dead port 1/2 on $mux $procmux$1335.
    dead port 2/2 on $mux $procmux$1335.
    dead port 1/2 on $mux $procmux$1328.
    dead port 2/2 on $mux $procmux$1328.
    dead port 1/2 on $mux $procmux$1325.
    dead port 2/2 on $mux $procmux$1325.
    dead port 1/2 on $mux $procmux$1323.
    dead port 2/2 on $mux $procmux$1323.
    dead port 1/2 on $mux $procmux$1320.
    dead port 2/2 on $mux $procmux$1320.
    dead port 1/2 on $mux $procmux$1317.
    dead port 2/2 on $mux $procmux$1317.
    dead port 1/2 on $mux $procmux$1310.
    dead port 2/2 on $mux $procmux$1310.
    dead port 1/2 on $mux $procmux$1307.
    dead port 2/2 on $mux $procmux$1307.
    dead port 1/2 on $mux $procmux$1305.
    dead port 2/2 on $mux $procmux$1305.
    dead port 1/2 on $mux $procmux$1302.
    dead port 2/2 on $mux $procmux$1302.
    dead port 1/2 on $mux $procmux$1299.
    dead port 2/2 on $mux $procmux$1299.
    dead port 1/2 on $mux $procmux$1292.
    dead port 2/2 on $mux $procmux$1292.
    dead port 1/2 on $mux $procmux$1289.
    dead port 2/2 on $mux $procmux$1289.
    dead port 1/2 on $mux $procmux$1287.
    dead port 2/2 on $mux $procmux$1287.
    dead port 1/2 on $mux $procmux$1284.
    dead port 2/2 on $mux $procmux$1284.
    dead port 1/2 on $mux $procmux$1281.
    dead port 2/2 on $mux $procmux$1281.
    dead port 1/2 on $mux $procmux$1274.
    dead port 2/2 on $mux $procmux$1274.
    dead port 1/2 on $mux $procmux$1271.
    dead port 2/2 on $mux $procmux$1271.
    dead port 1/2 on $mux $procmux$1269.
    dead port 2/2 on $mux $procmux$1269.
    dead port 1/2 on $mux $procmux$1266.
    dead port 2/2 on $mux $procmux$1266.
    dead port 1/2 on $mux $procmux$1263.
    dead port 2/2 on $mux $procmux$1263.
    dead port 1/2 on $mux $procmux$1256.
    dead port 2/2 on $mux $procmux$1256.
    dead port 1/2 on $mux $procmux$1253.
    dead port 2/2 on $mux $procmux$1253.
    dead port 1/2 on $mux $procmux$1251.
    dead port 2/2 on $mux $procmux$1251.
    dead port 1/2 on $mux $procmux$1248.
    dead port 2/2 on $mux $procmux$1248.
    dead port 1/2 on $mux $procmux$1245.
    dead port 2/2 on $mux $procmux$1245.
    dead port 1/2 on $mux $procmux$1238.
    dead port 2/2 on $mux $procmux$1238.
    dead port 1/2 on $mux $procmux$1235.
    dead port 2/2 on $mux $procmux$1235.
    dead port 1/2 on $mux $procmux$1233.
    dead port 2/2 on $mux $procmux$1233.
    dead port 1/2 on $mux $procmux$1230.
    dead port 2/2 on $mux $procmux$1230.
    dead port 1/2 on $mux $procmux$1227.
    dead port 2/2 on $mux $procmux$1227.
    dead port 1/2 on $mux $procmux$1220.
    dead port 2/2 on $mux $procmux$1220.
    dead port 1/2 on $mux $procmux$1217.
    dead port 2/2 on $mux $procmux$1217.
    dead port 1/2 on $mux $procmux$1215.
    dead port 2/2 on $mux $procmux$1215.
    dead port 1/2 on $mux $procmux$1212.
    dead port 2/2 on $mux $procmux$1212.
    dead port 1/2 on $mux $procmux$1209.
    dead port 2/2 on $mux $procmux$1209.
    dead port 1/2 on $mux $procmux$1207.
    dead port 2/2 on $mux $procmux$1207.
    dead port 1/2 on $mux $procmux$1199.
    dead port 2/2 on $mux $procmux$1199.
    dead port 1/2 on $mux $procmux$1196.
    dead port 2/2 on $mux $procmux$1196.
    dead port 1/2 on $mux $procmux$1194.
    dead port 2/2 on $mux $procmux$1194.
    dead port 1/2 on $mux $procmux$1191.
    dead port 2/2 on $mux $procmux$1191.
    dead port 1/2 on $mux $procmux$1188.
    dead port 2/2 on $mux $procmux$1188.
    dead port 1/2 on $mux $procmux$1186.
    dead port 2/2 on $mux $procmux$1186.
    dead port 1/2 on $mux $procmux$1178.
    dead port 2/2 on $mux $procmux$1178.
    dead port 1/2 on $mux $procmux$1175.
    dead port 2/2 on $mux $procmux$1175.
    dead port 1/2 on $mux $procmux$1173.
    dead port 2/2 on $mux $procmux$1173.
    dead port 1/2 on $mux $procmux$1170.
    dead port 2/2 on $mux $procmux$1170.
    dead port 1/2 on $mux $procmux$1167.
    dead port 2/2 on $mux $procmux$1167.
    dead port 1/2 on $mux $procmux$1165.
    dead port 2/2 on $mux $procmux$1165.
    dead port 1/2 on $mux $procmux$1157.
    dead port 2/2 on $mux $procmux$1157.
    dead port 1/2 on $mux $procmux$1154.
    dead port 2/2 on $mux $procmux$1154.
    dead port 1/2 on $mux $procmux$1152.
    dead port 2/2 on $mux $procmux$1152.
    dead port 1/2 on $mux $procmux$1149.
    dead port 2/2 on $mux $procmux$1149.
    dead port 1/2 on $mux $procmux$1146.
    dead port 2/2 on $mux $procmux$1146.
    dead port 1/2 on $mux $procmux$1144.
    dead port 2/2 on $mux $procmux$1144.
    dead port 1/2 on $mux $procmux$1141.
    dead port 2/2 on $mux $procmux$1141.
    dead port 1/2 on $mux $procmux$1133.
    dead port 2/2 on $mux $procmux$1133.
    dead port 1/2 on $mux $procmux$1130.
    dead port 2/2 on $mux $procmux$1130.
    dead port 1/2 on $mux $procmux$1128.
    dead port 2/2 on $mux $procmux$1128.
    dead port 1/2 on $mux $procmux$1125.
    dead port 2/2 on $mux $procmux$1125.
    dead port 1/2 on $mux $procmux$1122.
    dead port 2/2 on $mux $procmux$1122.
    dead port 1/2 on $mux $procmux$1120.
    dead port 2/2 on $mux $procmux$1120.
    dead port 1/2 on $mux $procmux$1117.
    dead port 2/2 on $mux $procmux$1117.
    dead port 1/2 on $mux $procmux$1109.
    dead port 2/2 on $mux $procmux$1109.
    dead port 1/2 on $mux $procmux$1106.
    dead port 2/2 on $mux $procmux$1106.
    dead port 1/2 on $mux $procmux$1104.
    dead port 2/2 on $mux $procmux$1104.
    dead port 1/2 on $mux $procmux$1101.
    dead port 2/2 on $mux $procmux$1101.
    dead port 1/2 on $mux $procmux$1098.
    dead port 2/2 on $mux $procmux$1098.
    dead port 1/2 on $mux $procmux$1096.
    dead port 2/2 on $mux $procmux$1096.
    dead port 1/2 on $mux $procmux$1093.
    dead port 2/2 on $mux $procmux$1093.
    dead port 1/2 on $mux $procmux$1085.
    dead port 2/2 on $mux $procmux$1085.
    dead port 1/2 on $mux $procmux$1082.
    dead port 2/2 on $mux $procmux$1082.
    dead port 1/2 on $mux $procmux$1080.
    dead port 2/2 on $mux $procmux$1080.
    dead port 1/2 on $mux $procmux$1077.
    dead port 2/2 on $mux $procmux$1077.
    dead port 1/2 on $mux $procmux$1074.
    dead port 2/2 on $mux $procmux$1074.
    dead port 1/2 on $mux $procmux$1071.
    dead port 2/2 on $mux $procmux$1071.
    dead port 1/2 on $mux $procmux$1061.
    dead port 2/2 on $mux $procmux$1061.
    dead port 1/2 on $mux $procmux$1058.
    dead port 2/2 on $mux $procmux$1058.
    dead port 1/2 on $mux $procmux$1056.
    dead port 2/2 on $mux $procmux$1056.
    dead port 1/2 on $mux $procmux$1053.
    dead port 2/2 on $mux $procmux$1053.
    dead port 1/2 on $mux $procmux$1050.
    dead port 2/2 on $mux $procmux$1050.
    dead port 1/2 on $mux $procmux$1047.
    dead port 2/2 on $mux $procmux$1047.
    dead port 1/2 on $mux $procmux$1037.
    dead port 2/2 on $mux $procmux$1037.
    dead port 1/2 on $mux $procmux$1034.
    dead port 2/2 on $mux $procmux$1034.
    dead port 1/2 on $mux $procmux$1032.
    dead port 2/2 on $mux $procmux$1032.
    dead port 1/2 on $mux $procmux$1029.
    dead port 2/2 on $mux $procmux$1029.
    dead port 1/2 on $mux $procmux$1026.
    dead port 2/2 on $mux $procmux$1026.
    dead port 1/2 on $mux $procmux$1023.
    dead port 2/2 on $mux $procmux$1023.
    dead port 1/2 on $mux $procmux$1014.
    dead port 2/2 on $mux $procmux$1014.
    dead port 1/2 on $mux $procmux$1011.
    dead port 2/2 on $mux $procmux$1011.
    dead port 1/2 on $mux $procmux$1009.
    dead port 2/2 on $mux $procmux$1009.
    dead port 1/2 on $mux $procmux$1006.
    dead port 2/2 on $mux $procmux$1006.
    dead port 1/2 on $mux $procmux$1003.
    dead port 2/2 on $mux $procmux$1003.
    dead port 1/2 on $mux $procmux$1000.
    dead port 2/2 on $mux $procmux$1000.
    dead port 1/2 on $mux $procmux$991.
    dead port 2/2 on $mux $procmux$991.
    dead port 1/2 on $mux $procmux$988.
    dead port 2/2 on $mux $procmux$988.
    dead port 1/2 on $mux $procmux$986.
    dead port 2/2 on $mux $procmux$986.
    dead port 1/2 on $mux $procmux$983.
    dead port 2/2 on $mux $procmux$983.
    dead port 1/2 on $mux $procmux$980.
    dead port 2/2 on $mux $procmux$980.
    dead port 1/2 on $mux $procmux$977.
    dead port 2/2 on $mux $procmux$977.
    dead port 1/2 on $mux $procmux$969.
    dead port 2/2 on $mux $procmux$969.
    dead port 1/2 on $mux $procmux$966.
    dead port 2/2 on $mux $procmux$966.
    dead port 1/2 on $mux $procmux$964.
    dead port 2/2 on $mux $procmux$964.
    dead port 1/2 on $mux $procmux$961.
    dead port 2/2 on $mux $procmux$961.
    dead port 1/2 on $mux $procmux$958.
    dead port 2/2 on $mux $procmux$958.
    dead port 1/2 on $mux $procmux$955.
    dead port 2/2 on $mux $procmux$955.
    dead port 1/2 on $mux $procmux$948.
    dead port 2/2 on $mux $procmux$948.
    dead port 1/2 on $mux $procmux$945.
    dead port 2/2 on $mux $procmux$945.
    dead port 1/2 on $mux $procmux$943.
    dead port 2/2 on $mux $procmux$943.
    dead port 1/2 on $mux $procmux$940.
    dead port 2/2 on $mux $procmux$940.
    dead port 1/2 on $mux $procmux$937.
    dead port 2/2 on $mux $procmux$937.
    dead port 1/2 on $mux $procmux$934.
    dead port 2/2 on $mux $procmux$934.
    dead port 1/2 on $mux $procmux$927.
    dead port 2/2 on $mux $procmux$927.
    dead port 1/2 on $mux $procmux$924.
    dead port 2/2 on $mux $procmux$924.
    dead port 1/2 on $mux $procmux$922.
    dead port 2/2 on $mux $procmux$922.
    dead port 1/2 on $mux $procmux$919.
    dead port 2/2 on $mux $procmux$919.
    dead port 1/2 on $mux $procmux$916.
    dead port 2/2 on $mux $procmux$916.
    dead port 1/2 on $mux $procmux$913.
    dead port 2/2 on $mux $procmux$913.
    dead port 1/2 on $mux $procmux$906.
    dead port 2/2 on $mux $procmux$906.
    dead port 1/2 on $mux $procmux$903.
    dead port 2/2 on $mux $procmux$903.
    dead port 1/2 on $mux $procmux$901.
    dead port 2/2 on $mux $procmux$901.
    dead port 1/2 on $mux $procmux$898.
    dead port 2/2 on $mux $procmux$898.
    dead port 1/2 on $mux $procmux$895.
    dead port 2/2 on $mux $procmux$895.
    dead port 1/2 on $mux $procmux$892.
    dead port 2/2 on $mux $procmux$892.
    dead port 1/2 on $mux $procmux$885.
    dead port 2/2 on $mux $procmux$885.
    dead port 1/2 on $mux $procmux$882.
    dead port 2/2 on $mux $procmux$882.
    dead port 1/2 on $mux $procmux$880.
    dead port 2/2 on $mux $procmux$880.
    dead port 1/2 on $mux $procmux$877.
    dead port 2/2 on $mux $procmux$877.
    dead port 1/2 on $mux $procmux$874.
    dead port 2/2 on $mux $procmux$874.
    dead port 1/2 on $mux $procmux$871.
    dead port 2/2 on $mux $procmux$871.
    dead port 1/2 on $mux $procmux$860.
    dead port 2/2 on $mux $procmux$860.
    dead port 1/2 on $mux $procmux$857.
    dead port 2/2 on $mux $procmux$857.
    dead port 1/2 on $mux $procmux$855.
    dead port 2/2 on $mux $procmux$855.
    dead port 1/2 on $mux $procmux$852.
    dead port 2/2 on $mux $procmux$852.
    dead port 1/2 on $mux $procmux$849.
    dead port 2/2 on $mux $procmux$849.
    dead port 1/2 on $mux $procmux$846.
    dead port 2/2 on $mux $procmux$846.
    dead port 1/2 on $mux $ternary$rtl/arch_a/wire_itch_decoder.sv:182$539.
    dead port 1/2 on $mux $ternary$rtl/arch_a/wire_itch_decoder.sv:181$536.
    dead port 1/2 on $mux $ternary$rtl/arch_a/wire_itch_decoder.sv:180$533.
    dead port 1/2 on $mux $ternary$rtl/arch_a/wire_itch_decoder.sv:179$530.
    dead port 1/2 on $mux $ternary$rtl/arch_a/wire_itch_decoder.sv:178$527.
    dead port 1/2 on $mux $ternary$rtl/arch_a/wire_itch_decoder.sv:177$524.
    dead port 1/2 on $mux $ternary$rtl/arch_a/wire_itch_decoder.sv:176$521.
    dead port 1/2 on $mux $ternary$rtl/arch_a/wire_itch_decoder.sv:173$518.
Running muxtree optimizer on module \wire_mold_message_framer..
  Creating internal representation of mux trees.
  Evaluating internal representation of mux trees.
  Analyzing evaluation results.
Running muxtree optimizer on module \wire_mold_header_seq..
  Creating internal representation of mux trees.
  Evaluating internal representation of mux trees.
      Replacing known input bits on port A of cell $procmux$3469: \body_last_q -> 1'0
  Analyzing evaluation results.
    dead port 1/2 on $mux $procmux$3373.
    dead port 2/2 on $mux $procmux$3373.
    dead port 1/2 on $mux $procmux$3367.
    dead port 2/2 on $mux $procmux$3367.
    dead port 1/2 on $mux $procmux$3364.
    dead port 2/2 on $mux $procmux$3364.
    dead port 1/2 on $mux $procmux$3361.
    dead port 1/2 on $mux $procmux$3355.
    dead port 2/2 on $mux $procmux$3355.
    dead port 1/2 on $mux $procmux$3352.
    dead port 2/2 on $mux $procmux$3352.
    dead port 1/2 on $mux $procmux$3350.
    dead port 2/2 on $mux $procmux$3350.
    dead port 1/2 on $mux $procmux$3344.
    dead port 2/2 on $mux $procmux$3341.
    dead port 1/2 on $mux $procmux$3333.
    dead port 2/2 on $mux $procmux$3333.
    dead port 1/2 on $mux $procmux$3330.
    dead port 2/2 on $mux $procmux$3330.
    dead port 1/2 on $mux $procmux$3328.
    dead port 2/2 on $mux $procmux$3328.
    dead port 1/2 on $mux $procmux$3326.
    dead port 2/2 on $mux $procmux$3326.
    dead port 1/2 on $mux $procmux$3319.
    dead port 2/2 on $mux $procmux$3316.
    dead port 2/2 on $mux $procmux$3314.
    dead port 1/2 on $mux $procmux$3305.
    dead port 2/2 on $mux $procmux$3305.
    dead port 1/2 on $mux $procmux$3302.
    dead port 2/2 on $mux $procmux$3302.
    dead port 1/2 on $mux $procmux$3300.
    dead port 2/2 on $mux $procmux$3300.
    dead port 1/2 on $mux $procmux$3298.
    dead port 2/2 on $mux $procmux$3298.
    dead port 1/2 on $mux $procmux$3296.
    dead port 2/2 on $mux $procmux$3296.
    dead port 1/2 on $mux $procmux$3288.
    dead port 2/2 on $mux $procmux$3285.
    dead port 2/2 on $mux $procmux$3283.
    dead port 2/2 on $mux $procmux$3281.
Running muxtree optimizer on module \wire_udp_parser..
  Creating internal representation of mux trees.
  Evaluating internal representation of mux trees.
      Replacing known input bits on port A of cell $procmux$4230: \payload_last_q -> 1'0
  Analyzing evaluation results.
    dead port 1/2 on $mux $procmux$3944.
    dead port 2/2 on $mux $procmux$3944.
    dead port 1/2 on $mux $procmux$3938.
    dead port 2/2 on $mux $procmux$3938.
    dead port 1/2 on $mux $procmux$3935.
    dead port 2/2 on $mux $procmux$3935.
    dead port 1/2 on $mux $procmux$3932.
    dead port 1/2 on $mux $procmux$3926.
    dead port 2/2 on $mux $procmux$3926.
    dead port 1/2 on $mux $procmux$3923.
    dead port 2/2 on $mux $procmux$3923.
    dead port 1/2 on $mux $procmux$3921.
    dead port 2/2 on $mux $procmux$3921.
    dead port 1/2 on $mux $procmux$3915.
    dead port 2/2 on $mux $procmux$3912.
    dead port 1/2 on $mux $procmux$3904.
    dead port 2/2 on $mux $procmux$3904.
    dead port 1/2 on $mux $procmux$3901.
    dead port 2/2 on $mux $procmux$3901.
    dead port 1/2 on $mux $procmux$3899.
    dead port 2/2 on $mux $procmux$3899.
    dead port 1/2 on $mux $procmux$3897.
    dead port 2/2 on $mux $procmux$3897.
    dead port 1/2 on $mux $procmux$3890.
    dead port 2/2 on $mux $procmux$3887.
    dead port 2/2 on $mux $procmux$3885.
    dead port 1/2 on $mux $procmux$3876.
    dead port 2/2 on $mux $procmux$3876.
    dead port 1/2 on $mux $procmux$3873.
    dead port 2/2 on $mux $procmux$3873.
    dead port 1/2 on $mux $procmux$3871.
    dead port 2/2 on $mux $procmux$3871.
    dead port 1/2 on $mux $procmux$3869.
    dead port 2/2 on $mux $procmux$3869.
    dead port 1/2 on $mux $procmux$3866.
    dead port 2/2 on $mux $procmux$3866.
    dead port 1/2 on $mux $procmux$3859.
    dead port 2/2 on $mux $procmux$3856.
    dead port 2/2 on $mux $procmux$3854.
    dead port 1/2 on $mux $procmux$3852.
Running muxtree optimizer on module \wire_ipv4_parser..
  Creating internal representation of mux trees.
  Evaluating internal representation of mux trees.
      Replacing known input bits on port A of cell $procmux$4872: \payload_last_q -> 1'0
  Analyzing evaluation results.
    dead port 1/2 on $mux $procmux$4744.
    dead port 2/2 on $mux $procmux$4744.
    dead port 1/2 on $mux $procmux$4741.
    dead port 2/2 on $mux $procmux$4741.
    dead port 1/2 on $mux $procmux$4738.
    dead port 2/2 on $mux $procmux$4738.
    dead port 1/2 on $mux $procmux$4732.
    dead port 2/2 on $mux $procmux$4732.
    dead port 1/2 on $mux $procmux$4729.
    dead port 2/2 on $mux $procmux$4729.
    dead port 1/2 on $mux $procmux$4726.
    dead port 2/2 on $mux $procmux$4726.
    dead port 1/2 on $mux $procmux$4723.
    dead port 2/2 on $mux $procmux$4723.
    dead port 1/2 on $mux $procmux$4720.
    dead port 2/2 on $mux $procmux$4720.
    dead port 1/2 on $mux $procmux$4717.
    dead port 2/2 on $mux $procmux$4717.
    dead port 1/2 on $mux $procmux$4714.
    dead port 1/2 on $mux $procmux$4708.
    dead port 2/2 on $mux $procmux$4708.
    dead port 1/2 on $mux $procmux$4705.
    dead port 2/2 on $mux $procmux$4705.
    dead port 1/2 on $mux $procmux$4703.
    dead port 2/2 on $mux $procmux$4703.
    dead port 1/2 on $mux $procmux$4696.
    dead port 2/2 on $mux $procmux$4696.
    dead port 1/2 on $mux $procmux$4693.
    dead port 2/2 on $mux $procmux$4693.
    dead port 1/2 on $mux $procmux$4691.
    dead port 2/2 on $mux $procmux$4691.
    dead port 1/2 on $mux $procmux$4684.
    dead port 2/2 on $mux $procmux$4684.
    dead port 1/2 on $mux $procmux$4681.
    dead port 2/2 on $mux $procmux$4681.
    dead port 1/2 on $mux $procmux$4679.
    dead port 2/2 on $mux $procmux$4679.
    dead port 1/2 on $mux $procmux$4672.
    dead port 2/2 on $mux $procmux$4669.
    dead port 1/2 on $mux $procmux$4660.
    dead port 2/2 on $mux $procmux$4660.
    dead port 1/2 on $mux $procmux$4657.
    dead port 2/2 on $mux $procmux$4657.
    dead port 1/2 on $mux $procmux$4655.
    dead port 2/2 on $mux $procmux$4655.
    dead port 1/2 on $mux $procmux$4653.
    dead port 2/2 on $mux $procmux$4653.
    dead port 1/2 on $mux $procmux$4645.
    dead port 2/2 on $mux $procmux$4645.
    dead port 1/2 on $mux $procmux$4642.
    dead port 2/2 on $mux $procmux$4642.
    dead port 1/2 on $mux $procmux$4640.
    dead port 2/2 on $mux $procmux$4640.
    dead port 1/2 on $mux $procmux$4638.
    dead port 2/2 on $mux $procmux$4638.
    dead port 1/2 on $mux $procmux$4630.
    dead port 2/2 on $mux $procmux$4630.
    dead port 1/2 on $mux $procmux$4627.
    dead port 2/2 on $mux $procmux$4627.
    dead port 1/2 on $mux $procmux$4625.
    dead port 2/2 on $mux $procmux$4625.
    dead port 1/2 on $mux $procmux$4623.
    dead port 2/2 on $mux $procmux$4623.
    dead port 1/2 on $mux $procmux$4615.
    dead port 2/2 on $mux $procmux$4612.
    dead port 2/2 on $mux $procmux$4610.
    dead port 1/2 on $mux $procmux$4600.
    dead port 2/2 on $mux $procmux$4600.
    dead port 1/2 on $mux $procmux$4597.
    dead port 2/2 on $mux $procmux$4597.
    dead port 1/2 on $mux $procmux$4595.
    dead port 2/2 on $mux $procmux$4595.
    dead port 1/2 on $mux $procmux$4593.
    dead port 2/2 on $mux $procmux$4593.
    dead port 1/2 on $mux $procmux$4590.
    dead port 2/2 on $mux $procmux$4590.
    dead port 1/2 on $mux $procmux$4582.
    dead port 2/2 on $mux $procmux$4582.
    dead port 1/2 on $mux $procmux$4579.
    dead port 2/2 on $mux $procmux$4579.
    dead port 1/2 on $mux $procmux$4577.
    dead port 2/2 on $mux $procmux$4577.
    dead port 1/2 on $mux $procmux$4575.
    dead port 2/2 on $mux $procmux$4575.
    dead port 1/2 on $mux $procmux$4572.
    dead port 2/2 on $mux $procmux$4572.
    dead port 1/2 on $mux $procmux$4564.
    dead port 2/2 on $mux $procmux$4564.
    dead port 1/2 on $mux $procmux$4561.
    dead port 2/2 on $mux $procmux$4561.
    dead port 1/2 on $mux $procmux$4559.
    dead port 2/2 on $mux $procmux$4559.
    dead port 1/2 on $mux $procmux$4557.
    dead port 2/2 on $mux $procmux$4557.
    dead port 1/2 on $mux $procmux$4554.
    dead port 2/2 on $mux $procmux$4554.
    dead port 1/2 on $mux $procmux$4546.
    dead port 2/2 on $mux $procmux$4543.
    dead port 2/2 on $mux $procmux$4541.
    dead port 1/2 on $mux $procmux$4539.
    dead port 1/2 on $mux $procmux$4528.
    dead port 2/2 on $mux $procmux$4528.
    dead port 1/2 on $mux $procmux$4525.
    dead port 2/2 on $mux $procmux$4525.
    dead port 1/2 on $mux $procmux$4523.
    dead port 2/2 on $mux $procmux$4523.
    dead port 1/2 on $mux $procmux$4521.
    dead port 2/2 on $mux $procmux$4521.
    dead port 1/2 on $mux $procmux$4518.
    dead port 2/2 on $mux $procmux$4518.
    dead port 1/2 on $mux $procmux$4515.
    dead port 2/2 on $mux $procmux$4515.
    dead port 1/2 on $mux $procmux$4507.
    dead port 2/2 on $mux $procmux$4507.
    dead port 1/2 on $mux $procmux$4504.
    dead port 2/2 on $mux $procmux$4504.
    dead port 1/2 on $mux $procmux$4502.
    dead port 2/2 on $mux $procmux$4502.
    dead port 1/2 on $mux $procmux$4500.
    dead port 2/2 on $mux $procmux$4500.
    dead port 1/2 on $mux $procmux$4497.
    dead port 2/2 on $mux $procmux$4497.
    dead port 1/2 on $mux $procmux$4494.
    dead port 2/2 on $mux $procmux$4494.
    dead port 1/2 on $mux $procmux$4486.
    dead port 2/2 on $mux $procmux$4486.
    dead port 1/2 on $mux $procmux$4483.
    dead port 2/2 on $mux $procmux$4483.
    dead port 1/2 on $mux $procmux$4480.
    dead port 2/2 on $mux $procmux$4480.
    dead port 1/2 on $mux $procmux$4474.
    dead port 2/2 on $mux $procmux$4474.
    dead port 1/2 on $mux $procmux$4471.
    dead port 2/2 on $mux $procmux$4471.
    dead port 1/2 on $mux $procmux$4468.
    dead port 2/2 on $mux $procmux$4468.
    dead port 1/2 on $mux $procmux$4465.
    dead port 2/2 on $mux $procmux$4465.
    dead port 1/2 on $mux $procmux$4462.
    dead port 2/2 on $mux $procmux$4462.
    dead port 1/2 on $mux $procmux$4459.
    dead port 2/2 on $mux $procmux$4459.
    dead port 1/2 on $mux $procmux$4456.
    dead port 1/2 on $mux $procmux$4450.
    dead port 2/2 on $mux $procmux$4450.
    dead port 1/2 on $mux $procmux$4447.
    dead port 2/2 on $mux $procmux$4447.
    dead port 1/2 on $mux $procmux$4444.
    dead port 2/2 on $mux $procmux$4444.
    dead port 1/2 on $mux $procmux$4441.
    dead port 2/2 on $mux $procmux$4441.
    dead port 1/2 on $mux $procmux$4438.
    dead port 2/2 on $mux $procmux$4438.
    dead port 1/2 on $mux $procmux$4435.
    dead port 2/2 on $mux $procmux$4435.
    dead port 1/2 on $mux $procmux$4432.
    dead port 2/2 on $mux $procmux$4432.
    dead port 1/2 on $mux $procmux$4429.
    dead port 2/2 on $mux $procmux$4429.
    dead port 1/2 on $mux $procmux$4426.
    dead port 2/2 on $mux $procmux$4426.
    dead port 1/2 on $mux $procmux$4423.
    dead port 1/2 on $mux $procmux$4420.
    dead port 1/2 on $mux $procmux$4414.
    dead port 1/2 on $mux $procmux$4411.
    dead port 1/2 on $mux $procmux$4408.
    dead port 1/2 on $mux $procmux$4402.
    dead port 1/2 on $mux $procmux$4399.
    dead port 1/2 on $mux $procmux$4396.
    dead port 2/2 on $mux $procmux$4393.
    dead port 1/2 on $mux $procmux$4387.
    dead port 1/2 on $mux $procmux$4384.
    dead port 1/2 on $mux $procmux$4381.
    dead port 2/2 on $mux $procmux$4378.
    dead port 1/2 on $mux $procmux$4375.
    dead port 1/2 on $mux $procmux$4369.
    dead port 1/2 on $mux $procmux$4366.
    dead port 1/2 on $mux $procmux$4363.
    dead port 2/2 on $mux $procmux$4360.
    dead port 1/2 on $mux $procmux$4357.
    dead port 1/2 on $mux $procmux$4354.
Running muxtree optimizer on module \wire_eth_parser..
  Creating internal representation of mux trees.
  Evaluating internal representation of mux trees.
      Replacing known input bits on port A of cell $procmux$5031: \payload_last_q -> 1'0
  Analyzing evaluation results.
Running muxtree optimizer on module \wire_gearbox_64to8..
  Creating internal representation of mux trees.
  Evaluating internal representation of mux trees.
  Analyzing evaluation results.
    dead port 1/2 on $mux $procmux$5152.
    dead port 2/2 on $mux $procmux$5152.
    dead port 1/2 on $mux $procmux$5149.
    dead port 2/2 on $mux $procmux$5149.
    dead port 1/2 on $mux $procmux$5146.
    dead port 2/2 on $mux $procmux$5146.
    dead port 1/2 on $mux $procmux$5143.
    dead port 2/2 on $mux $procmux$5143.
    dead port 1/2 on $mux $procmux$5140.
    dead port 2/2 on $mux $procmux$5140.
    dead port 1/2 on $mux $procmux$5137.
    dead port 2/2 on $mux $procmux$5137.
    dead port 1/2 on $mux $procmux$5134.
    dead port 2/2 on $mux $procmux$5131.
Running muxtree optimizer on module \wire_ingress_buffer..
  Creating internal representation of mux trees.
  Evaluating internal representation of mux trees.
  Analyzing evaluation results.
    dead port 1/2 on $mux $procmux$5251.
    dead port 1/2 on $mux $procmux$5245.
    dead port 1/2 on $mux $procmux$5239.
    dead port 1/2 on $mux $procmux$5233.
    dead port 1/2 on $mux $procmux$5227.
    dead port 1/2 on $mux $procmux$5221.
    dead port 1/2 on $mux $procmux$5215.
    dead port 1/2 on $mux $procmux$5209.
    dead port 1/2 on $mux $procmux$5203.
Removed 964 multiplexer ports.
<suppressed ~2287 debug messages>

12.4. Executing OPT_REDUCE pass (consolidate $*mux and $reduce_* inputs).
  Optimizing cells in module \wire_arch_a_parser_top.
  Optimizing cells in module \wire_itch_decoder.
    New ctrl vector for $pmux cell $procmux$2383: { $procmux$2882_CMP $auto$opt_reduce.cc:137:opt_pmux$5443 }
    New ctrl vector for $pmux cell $procmux$2307: $auto$opt_reduce.cc:137:opt_pmux$5445
    New ctrl vector for $pmux cell $procmux$2881: $auto$opt_reduce.cc:137:opt_pmux$5447
    New ctrl vector for $pmux cell $procmux$2250: $auto$opt_reduce.cc:137:opt_pmux$5449
    Consolidated identical input bits for $mux cell $procmux$1871:
      Old ports: A=8'00000000, B=8'11111111, Y=$procmux$1871_Y
      New ports: A=1'0, B=1'1, Y=$procmux$1871_Y [0]
      New connections: $procmux$1871_Y [7:1] = { $procmux$1871_Y [0] $procmux$1871_Y [0] $procmux$1871_Y [0] $procmux$1871_Y [0] $procmux$1871_Y [0] $procmux$1871_Y [0] $procmux$1871_Y [0] }
    New ctrl vector for $pmux cell $procmux$828: { $procmux$2907_CMP $procmux$2910_CMP $procmux$2913_CMP $procmux$2916_CMP $auto$opt_reduce.cc:137:opt_pmux$5451 $procmux$2919_CMP $procmux$2922_CMP }
    New ctrl vector for $pmux cell $procmux$818: { $procmux$2907_CMP $procmux$2910_CMP $procmux$2913_CMP $procmux$2916_CMP $auto$opt_reduce.cc:137:opt_pmux$5453 $procmux$2919_CMP $procmux$2922_CMP }
    New ctrl vector for $pmux cell $procmux$2440: $auto$opt_reduce.cc:137:opt_pmux$5455
  Optimizing cells in module \wire_itch_decoder.
    Consolidated identical input bits for $mux cell $procmux$1918:
      Old ports: A=8'00000000, B=$4$memwr$\bytes_q$rtl/arch_a/wire_itch_decoder.sv:167$409_EN[7:0]$500, Y=$procmux$1918_Y
      New ports: A=1'0, B=$procmux$1871_Y [0], Y=$procmux$1918_Y [0]
      New connections: $procmux$1918_Y [7:1] = { $procmux$1918_Y [0] $procmux$1918_Y [0] $procmux$1918_Y [0] $procmux$1918_Y [0] $procmux$1918_Y [0] $procmux$1918_Y [0] $procmux$1918_Y [0] }
  Optimizing cells in module \wire_itch_decoder.
    Consolidated identical input bits for $mux cell $procmux$1956:
      Old ports: A=8'00000000, B=$3$memwr$\bytes_q$rtl/arch_a/wire_itch_decoder.sv:167$409_EN[7:0]$496, Y=$procmux$1956_Y
      New ports: A=1'0, B=$procmux$1918_Y [0], Y=$procmux$1956_Y [0]
      New connections: $procmux$1956_Y [7:1] = { $procmux$1956_Y [0] $procmux$1956_Y [0] $procmux$1956_Y [0] $procmux$1956_Y [0] $procmux$1956_Y [0] $procmux$1956_Y [0] $procmux$1956_Y [0] }
  Optimizing cells in module \wire_itch_decoder.
    Consolidated identical input bits for $mux cell $procmux$2135:
      Old ports: A=$2$memwr$\bytes_q$rtl/arch_a/wire_itch_decoder.sv:167$409_EN[7:0]$490, B=8'00000000, Y=$procmux$2135_Y
      New ports: A=$procmux$1956_Y [0], B=1'0, Y=$procmux$2135_Y [0]
      New connections: $procmux$2135_Y [7:1] = { $procmux$2135_Y [0] $procmux$2135_Y [0] $procmux$2135_Y [0] $procmux$2135_Y [0] $procmux$2135_Y [0] $procmux$2135_Y [0] $procmux$2135_Y [0] }
  Optimizing cells in module \wire_itch_decoder.
  Optimizing cells in module \wire_mold_message_framer.
    New ctrl vector for $pmux cell $procmux$3216: { $auto$opt_reduce.cc:137:opt_pmux$5457 $procmux$3219_CMP $procmux$3220_CMP }
    New ctrl vector for $pmux cell $procmux$2999: $auto$opt_reduce.cc:137:opt_pmux$5459
    New ctrl vector for $pmux cell $procmux$2953: $auto$opt_reduce.cc:137:opt_pmux$5461
  Optimizing cells in module \wire_mold_message_framer.
  Optimizing cells in module \wire_mold_header_seq.
  Optimizing cells in module \wire_mold_header_seq.
  Optimizing cells in module \wire_udp_parser.
  Optimizing cells in module \wire_udp_parser.
  Optimizing cells in module \wire_ipv4_parser.
  Optimizing cells in module \wire_ipv4_parser.
  Optimizing cells in module \wire_eth_parser.
  Optimizing cells in module \wire_eth_parser.
  Optimizing cells in module \wire_gearbox_64to8.
  Optimizing cells in module \wire_ingress_buffer.
    Consolidated identical input bits for $mux cell $procmux$5236:
      Old ports: A=64'0000000000000000000000000000000000000000000000000000000000000000, B=64'1111111111111111111111111111111111111111111111111111111111111111, Y=$procmux$5236_Y
      New ports: A=1'0, B=1'1, Y=$procmux$5236_Y [0]
      New connections: $procmux$5236_Y [63:1] = { $procmux$5236_Y [0] $procmux$5236_Y [0] $procmux$5236_Y [0] $procmux$5236_Y [0] $procmux$5236_Y [0] $procmux$5236_Y [0] $procmux$5236_Y [0] $procmux$5236_Y [0] $procmux$5236_Y [0] $procmux$5236_Y [0] $procmux$5236_Y [0] $procmux$5236_Y [0] $procmux$5236_Y [0] $procmux$5236_Y [0] $procmux$5236_Y [0] $procmux$5236_Y [0] $procmux$5236_Y [0] $procmux$5236_Y [0] $procmux$5236_Y [0] $procmux$5236_Y [0] $procmux$5236_Y [0] $procmux$5236_Y [0] $procmux$5236_Y [0] $procmux$5236_Y [0] $procmux$5236_Y [0] $procmux$5236_Y [0] $procmux$5236_Y [0] $procmux$5236_Y [0] $procmux$5236_Y [0] $procmux$5236_Y [0] $procmux$5236_Y [0] $procmux$5236_Y [0] $procmux$5236_Y [0] $procmux$5236_Y [0] $procmux$5236_Y [0] $procmux$5236_Y [0] $procmux$5236_Y [0] $procmux$5236_Y [0] $procmux$5236_Y [0] $procmux$5236_Y [0] $procmux$5236_Y [0] $procmux$5236_Y [0] $procmux$5236_Y [0] $procmux$5236_Y [0] $procmux$5236_Y [0] $procmux$5236_Y [0] $procmux$5236_Y [0] $procmux$5236_Y [0] $procmux$5236_Y [0] $procmux$5236_Y [0] $procmux$5236_Y [0] $procmux$5236_Y [0] $procmux$5236_Y [0] $procmux$5236_Y [0] $procmux$5236_Y [0] $procmux$5236_Y [0] $procmux$5236_Y [0] $procmux$5236_Y [0] $procmux$5236_Y [0] $procmux$5236_Y [0] $procmux$5236_Y [0] $procmux$5236_Y [0] $procmux$5236_Y [0] }
    Consolidated identical input bits for $mux cell $procmux$5218:
      Old ports: A=8'00000000, B=8'11111111, Y=$procmux$5218_Y
      New ports: A=1'0, B=1'1, Y=$procmux$5218_Y [0]
      New connections: $procmux$5218_Y [7:1] = { $procmux$5218_Y [0] $procmux$5218_Y [0] $procmux$5218_Y [0] $procmux$5218_Y [0] $procmux$5218_Y [0] $procmux$5218_Y [0] $procmux$5218_Y [0] }
  Optimizing cells in module \wire_ingress_buffer.
    Consolidated identical input bits for $mux cell $procmux$5279:
      Old ports: A=$2$memwr$\data_q$rtl/common/wire_ingress_buffer.sv:44$1_EN[63:0]$33, B=64'0000000000000000000000000000000000000000000000000000000000000000, Y=$procmux$5279_Y
      New ports: A=$procmux$5236_Y [0], B=1'0, Y=$procmux$5279_Y [0]
      New connections: $procmux$5279_Y [63:1] = { $procmux$5279_Y [0] $procmux$5279_Y [0] $procmux$5279_Y [0] $procmux$5279_Y [0] $procmux$5279_Y [0] $procmux$5279_Y [0] $procmux$5279_Y [0] $procmux$5279_Y [0] $procmux$5279_Y [0] $procmux$5279_Y [0] $procmux$5279_Y [0] $procmux$5279_Y [0] $procmux$5279_Y [0] $procmux$5279_Y [0] $procmux$5279_Y [0] $procmux$5279_Y [0] $procmux$5279_Y [0] $procmux$5279_Y [0] $procmux$5279_Y [0] $procmux$5279_Y [0] $procmux$5279_Y [0] $procmux$5279_Y [0] $procmux$5279_Y [0] $procmux$5279_Y [0] $procmux$5279_Y [0] $procmux$5279_Y [0] $procmux$5279_Y [0] $procmux$5279_Y [0] $procmux$5279_Y [0] $procmux$5279_Y [0] $procmux$5279_Y [0] $procmux$5279_Y [0] $procmux$5279_Y [0] $procmux$5279_Y [0] $procmux$5279_Y [0] $procmux$5279_Y [0] $procmux$5279_Y [0] $procmux$5279_Y [0] $procmux$5279_Y [0] $procmux$5279_Y [0] $procmux$5279_Y [0] $procmux$5279_Y [0] $procmux$5279_Y [0] $procmux$5279_Y [0] $procmux$5279_Y [0] $procmux$5279_Y [0] $procmux$5279_Y [0] $procmux$5279_Y [0] $procmux$5279_Y [0] $procmux$5279_Y [0] $procmux$5279_Y [0] $procmux$5279_Y [0] $procmux$5279_Y [0] $procmux$5279_Y [0] $procmux$5279_Y [0] $procmux$5279_Y [0] $procmux$5279_Y [0] $procmux$5279_Y [0] $procmux$5279_Y [0] $procmux$5279_Y [0] $procmux$5279_Y [0] $procmux$5279_Y [0] $procmux$5279_Y [0] }
    Consolidated identical input bits for $mux cell $procmux$5270:
      Old ports: A=$2$memwr$\keep_q$rtl/common/wire_ingress_buffer.sv:45$2_EN[7:0]$36, B=8'00000000, Y=$procmux$5270_Y
      New ports: A=$procmux$5218_Y [0], B=1'0, Y=$procmux$5270_Y [0]
      New connections: $procmux$5270_Y [7:1] = { $procmux$5270_Y [0] $procmux$5270_Y [0] $procmux$5270_Y [0] $procmux$5270_Y [0] $procmux$5270_Y [0] $procmux$5270_Y [0] $procmux$5270_Y [0] }
  Optimizing cells in module \wire_ingress_buffer.
Performed a total of 33 changes.

12.5. Executing OPT_MERGE pass (detect identical cells).
Finding identical cells in module `\wire_arch_a_parser_top'.
Computing hashes of 51 cells of `\wire_arch_a_parser_top'.
Finding duplicate cells in `\wire_arch_a_parser_top'.
Finding identical cells in module `\wire_itch_decoder'.
Computing hashes of 393 cells of `\wire_itch_decoder'.
Finding duplicate cells in `\wire_itch_decoder'.
Computing hashes of 369 cells of `\wire_itch_decoder'.
Finding duplicate cells in `\wire_itch_decoder'.
Computing hashes of 365 cells of `\wire_itch_decoder'.
Finding duplicate cells in `\wire_itch_decoder'.
Computing hashes of 364 cells of `\wire_itch_decoder'.
Finding duplicate cells in `\wire_itch_decoder'.
Computing hashes of 363 cells of `\wire_itch_decoder'.
Finding duplicate cells in `\wire_itch_decoder'.
Computing hashes of 362 cells of `\wire_itch_decoder'.
Finding duplicate cells in `\wire_itch_decoder'.
<suppressed ~93 debug messages>
Finding identical cells in module `\wire_mold_message_framer'.
Computing hashes of 180 cells of `\wire_mold_message_framer'.
Finding duplicate cells in `\wire_mold_message_framer'.
Computing hashes of 176 cells of `\wire_mold_message_framer'.
Finding duplicate cells in `\wire_mold_message_framer'.
<suppressed ~12 debug messages>
Finding identical cells in module `\wire_mold_header_seq'.
Computing hashes of 215 cells of `\wire_mold_header_seq'.
Finding duplicate cells in `\wire_mold_header_seq'.
Computing hashes of 205 cells of `\wire_mold_header_seq'.
Finding duplicate cells in `\wire_mold_header_seq'.
<suppressed ~30 debug messages>
Finding identical cells in module `\wire_udp_parser'.
Computing hashes of 190 cells of `\wire_udp_parser'.
Finding duplicate cells in `\wire_udp_parser'.
Computing hashes of 182 cells of `\wire_udp_parser'.
Finding duplicate cells in `\wire_udp_parser'.
<suppressed ~24 debug messages>
Finding identical cells in module `\wire_ipv4_parser'.
Computing hashes of 165 cells of `\wire_ipv4_parser'.
Finding duplicate cells in `\wire_ipv4_parser'.
Finding identical cells in module `\wire_eth_parser'.
Computing hashes of 84 cells of `\wire_eth_parser'.
Finding duplicate cells in `\wire_eth_parser'.
Computing hashes of 82 cells of `\wire_eth_parser'.
Finding duplicate cells in `\wire_eth_parser'.
<suppressed ~6 debug messages>
Finding identical cells in module `\wire_gearbox_64to8'.
Computing hashes of 45 cells of `\wire_gearbox_64to8'.
Finding duplicate cells in `\wire_gearbox_64to8'.
Finding identical cells in module `\wire_ingress_buffer'.
Computing hashes of 53 cells of `\wire_ingress_buffer'.
Finding duplicate cells in `\wire_ingress_buffer'.
Computing hashes of 49 cells of `\wire_ingress_buffer'.
Finding duplicate cells in `\wire_ingress_buffer'.
Computing hashes of 45 cells of `\wire_ingress_buffer'.
Finding duplicate cells in `\wire_ingress_buffer'.
Computing hashes of 43 cells of `\wire_ingress_buffer'.
Finding duplicate cells in `\wire_ingress_buffer'.
<suppressed ~30 debug messages>
Removed a total of 65 cells.

12.6. Executing OPT_DFF pass (perform DFF optimizations).
Adding SRST signal on $procdff$5298 ($dff) from module wire_arch_a_parser_top (D = $procmux$812_Y, Q = \parser_recovery_q, rval = 1'0).
Adding EN signal on $auto$ff.cc:337:slice$5462 ($sdff) from module wire_arch_a_parser_top (D = 1'1, Q = \parser_recovery_q).
Adding SRST signal on $procdff$5299 ($dff) from module wire_arch_a_parser_top (D = $procmux$807_Y, Q = \recovery_stage_q, rval = 4'0000).
Adding EN signal on $auto$ff.cc:337:slice$5464 ($sdff) from module wire_arch_a_parser_top (D = $procmux$805_Y, Q = \recovery_stage_q).
Adding SRST signal on $procdff$5300 ($dff) from module wire_arch_a_parser_top (D = $procmux$787_Y, Q = \frame_open_q, rval = 1'0).
Adding EN signal on $auto$ff.cc:337:slice$5466 ($sdff) from module wire_arch_a_parser_top (D = $logic_not$rtl/arch_a/wire_arch_a_parser_top.sv:143$770_Y, Q = \frame_open_q).
Adding SRST signal on $procdff$5320 ($dff) from module wire_itch_decoder (D = $procmux$2346_Y, Q = \side_q, rval = 1'0).
Adding EN signal on $auto$ff.cc:337:slice$5468 ($sdff) from module wire_itch_decoder (D = $procmux$2344_Y, Q = \side_q).
Adding SRST signal on $procdff$5325 ($dff) from module wire_itch_decoder (D = $procmux$2213_Y, Q = \side_valid_q, rval = 1'0).
Adding EN signal on $auto$ff.cc:337:slice$5470 ($sdff) from module wire_itch_decoder (D = $procmux$2211_Y, Q = \side_valid_q).
Adding SRST signal on $procdff$5301 ($dff) from module wire_itch_decoder (D = $procmux$2872_Y, Q = \state_q, rval = 3'000).
Adding EN signal on $auto$ff.cc:337:slice$5472 ($sdff) from module wire_itch_decoder (D = $procmux$2872_Y, Q = \state_q).
Adding SRST signal on $procdff$5302 ($dff) from module wire_itch_decoder (D = $procmux$2794_Y, Q = \reject_code_q, rval = 3'000).
Adding EN signal on $auto$ff.cc:337:slice$5506 ($sdff) from module wire_itch_decoder (D = $procmux$2794_Y, Q = \reject_code_q).
Adding SRST signal on $procdff$5303 ($dff) from module wire_itch_decoder (D = $procmux$2766_Y, Q = \declared_length_q, rval = 16'0000000000000000).
Adding EN signal on $auto$ff.cc:337:slice$5532 ($sdff) from module wire_itch_decoder (D = \message_length, Q = \declared_length_q).
Adding SRST signal on $procdff$5304 ($dff) from module wire_itch_decoder (D = $procmux$2687_Y, Q = \recovery_required, rval = 1'0).
Adding EN signal on $auto$ff.cc:337:slice$5536 ($sdff) from module wire_itch_decoder (D = $procmux$2687_Y, Q = \recovery_required).
Adding SRST signal on $procdff$5305 ($dff) from module wire_itch_decoder (D = $procmux$2593_Y, Q = \reject_pending_q, rval = 1'0).
Adding SRST signal on $procdff$5306 ($dff) from module wire_itch_decoder (D = $procmux$2560_Y, Q = \byte_index_q, rval = 6'000000).
Adding EN signal on $auto$ff.cc:337:slice$5557 ($sdff) from module wire_itch_decoder (D = $procmux$2560_Y, Q = \byte_index_q).
Adding SRST signal on $procdff$5307 ($dff) from module wire_itch_decoder (D = $procmux$2544_Y, Q = \message_sequence_q, rval = 64'0000000000000000000000000000000000000000000000000000000000000000).
Adding EN signal on $auto$ff.cc:337:slice$5569 ($sdff) from module wire_itch_decoder (D = \message_sequence, Q = \message_sequence_q).
Adding EN signal on $procdff$5308 ($dff) from module wire_itch_decoder (D = \cfg_tracked_stock_locate, Q = \tracked_locate_q).
Adding EN signal on $procdff$5309 ($dff) from module wire_itch_decoder (D = \cfg_symbol_check_enable, Q = \symbol_enable_q).
Adding EN signal on $procdff$5310 ($dff) from module wire_itch_decoder (D = \cfg_expected_stock_symbol, Q = \expected_symbol_q).
Adding SRST signal on $procdff$5311 ($dff) from module wire_itch_decoder (D = $procmux$2522_Y, Q = \event_kind_q, rval = 3'000).
Adding EN signal on $auto$ff.cc:337:slice$5576 ($sdff) from module wire_itch_decoder (D = $procmux$2514_Y, Q = \event_kind_q).
Adding SRST signal on $procdff$5312 ($dff) from module wire_itch_decoder (D = $procmux$2491_Y, Q = \source_type_q, rval = 8'00000000).
Adding EN signal on $auto$ff.cc:337:slice$5590 ($sdff) from module wire_itch_decoder (D = $memrd$\bytes_q$rtl/arch_a/wire_itch_decoder.sv:197$544_DATA, Q = \source_type_q).
Adding SRST signal on $procdff$5321 ($dff) from module wire_itch_decoder (D = $procmux$2322_Y, Q = \old_valid_q, rval = 1'0).
Adding EN signal on $auto$ff.cc:337:slice$5592 ($sdff) from module wire_itch_decoder (D = $procmux$2320_Y, Q = \old_valid_q).
Adding SRST signal on $procdff$5313 ($dff) from module wire_itch_decoder (D = $procmux$2482_Y, Q = \mold_sequence_q, rval = 64'0000000000000000000000000000000000000000000000000000000000000000).
Adding EN signal on $auto$ff.cc:337:slice$5594 ($sdff) from module wire_itch_decoder (D = \message_sequence_q, Q = \mold_sequence_q).
Adding SRST signal on $procdff$5322 ($dff) from module wire_itch_decoder (D = $procmux$2297_Y, Q = \new_valid_q, rval = 1'0).
Adding EN signal on $auto$ff.cc:337:slice$5596 ($sdff) from module wire_itch_decoder (D = $procmux$2295_Y, Q = \new_valid_q).
Adding SRST signal on $procdff$5314 ($dff) from module wire_itch_decoder (D = $procmux$2473_Y, Q = \timestamp_q, rval = 48'000000000000000000000000000000000000000000000000).
Adding EN signal on $auto$ff.cc:337:slice$5598 ($sdff) from module wire_itch_decoder (D = { $memrd$\bytes_q$rtl/arch_a/wire_itch_decoder.sv:91$550_DATA $memrd$\bytes_q$rtl/arch_a/wire_itch_decoder.sv:91$549_DATA $memrd$\bytes_q$rtl/arch_a/wire_itch_decoder.sv:91$548_DATA $memrd$\bytes_q$rtl/arch_a/wire_itch_decoder.sv:92$547_DATA $memrd$\bytes_q$rtl/arch_a/wire_itch_decoder.sv:92$546_DATA $memrd$\bytes_q$rtl/arch_a/wire_itch_decoder.sv:92$545_DATA }, Q = \timestamp_q).
Adding SRST signal on $procdff$5315 ($dff) from module wire_itch_decoder (D = $procmux$2464_Y, Q = \stock_locate_q, rval = 16'0000000000000000).
Adding EN signal on $auto$ff.cc:337:slice$5600 ($sdff) from module wire_itch_decoder (D = { $memrd$\bytes_q$rtl/arch_a/wire_itch_decoder.sv:81$552_DATA $memrd$\bytes_q$rtl/arch_a/wire_itch_decoder.sv:81$551_DATA }, Q = \stock_locate_q).
Adding SRST signal on $procdff$5316 ($dff) from module wire_itch_decoder (D = $procmux$2455_Y, Q = \old_ref_q, rval = 64'0000000000000000000000000000000000000000000000000000000000000000).
Adding EN signal on $auto$ff.cc:337:slice$5602 ($sdff) from module wire_itch_decoder (D = $procmux$2453_Y, Q = \old_ref_q).
Adding SRST signal on $procdff$5317 ($dff) from module wire_itch_decoder (D = $procmux$2430_Y, Q = \new_ref_q, rval = 64'0000000000000000000000000000000000000000000000000000000000000000).
Adding EN signal on $auto$ff.cc:337:slice$5604 ($sdff) from module wire_itch_decoder (D = $procmux$2428_Y, Q = \new_ref_q).
Adding SRST signal on $procdff$5323 ($dff) from module wire_itch_decoder (D = $procmux$2270_Y, Q = \quantity_valid_q, rval = 1'0).
Adding EN signal on $auto$ff.cc:337:slice$5606 ($sdff) from module wire_itch_decoder (D = $procmux$2268_Y, Q = \quantity_valid_q).
Adding SRST signal on $procdff$5318 ($dff) from module wire_itch_decoder (D = $procmux$2403_Y, Q = \quantity_q, rval = 0).
Adding EN signal on $auto$ff.cc:337:slice$5608 ($sdff) from module wire_itch_decoder (D = $procmux$2401_Y, Q = \quantity_q).
Adding SRST signal on $procdff$5319 ($dff) from module wire_itch_decoder (D = $procmux$2373_Y, Q = \price_q, rval = 0).
Adding EN signal on $auto$ff.cc:337:slice$5610 ($sdff) from module wire_itch_decoder (D = $procmux$2371_Y, Q = \price_q).
Adding SRST signal on $procdff$5324 ($dff) from module wire_itch_decoder (D = $procmux$2240_Y, Q = \price_valid_q, rval = 1'0).
Adding EN signal on $auto$ff.cc:337:slice$5612 ($sdff) from module wire_itch_decoder (D = $procmux$2238_Y, Q = \price_valid_q).
Setting constant 0-bit at position 0 on $procdff$5340 ($dff) from module wire_itch_decoder.
Setting constant 0-bit at position 1 on $procdff$5340 ($dff) from module wire_itch_decoder.
Setting constant 0-bit at position 2 on $procdff$5340 ($dff) from module wire_itch_decoder.
Setting constant 0-bit at position 3 on $procdff$5340 ($dff) from module wire_itch_decoder.
Setting constant 0-bit at position 4 on $procdff$5340 ($dff) from module wire_itch_decoder.
Setting constant 0-bit at position 5 on $procdff$5340 ($dff) from module wire_itch_decoder.
Setting constant 0-bit at position 6 on $procdff$5340 ($dff) from module wire_itch_decoder.
Setting constant 0-bit at position 7 on $procdff$5340 ($dff) from module wire_itch_decoder.
Setting constant 0-bit at position 8 on $procdff$5340 ($dff) from module wire_itch_decoder.
Setting constant 0-bit at position 9 on $procdff$5340 ($dff) from module wire_itch_decoder.
Setting constant 0-bit at position 10 on $procdff$5340 ($dff) from module wire_itch_decoder.
Setting constant 0-bit at position 11 on $procdff$5340 ($dff) from module wire_itch_decoder.
Setting constant 0-bit at position 12 on $procdff$5340 ($dff) from module wire_itch_decoder.
Setting constant 0-bit at position 13 on $procdff$5340 ($dff) from module wire_itch_decoder.
Setting constant 0-bit at position 14 on $procdff$5340 ($dff) from module wire_itch_decoder.
Setting constant 0-bit at position 15 on $procdff$5340 ($dff) from module wire_itch_decoder.
Setting constant 0-bit at position 16 on $procdff$5340 ($dff) from module wire_itch_decoder.
Setting constant 0-bit at position 17 on $procdff$5340 ($dff) from module wire_itch_decoder.
Setting constant 0-bit at position 18 on $procdff$5340 ($dff) from module wire_itch_decoder.
Setting constant 0-bit at position 19 on $procdff$5340 ($dff) from module wire_itch_decoder.
Setting constant 0-bit at position 20 on $procdff$5340 ($dff) from module wire_itch_decoder.
Setting constant 0-bit at position 21 on $procdff$5340 ($dff) from module wire_itch_decoder.
Setting constant 0-bit at position 22 on $procdff$5340 ($dff) from module wire_itch_decoder.
Setting constant 0-bit at position 23 on $procdff$5340 ($dff) from module wire_itch_decoder.
Setting constant 0-bit at position 24 on $procdff$5340 ($dff) from module wire_itch_decoder.
Setting constant 0-bit at position 25 on $procdff$5340 ($dff) from module wire_itch_decoder.
Setting constant 0-bit at position 26 on $procdff$5340 ($dff) from module wire_itch_decoder.
Setting constant 0-bit at position 27 on $procdff$5340 ($dff) from module wire_itch_decoder.
Setting constant 0-bit at position 28 on $procdff$5340 ($dff) from module wire_itch_decoder.
Setting constant 0-bit at position 29 on $procdff$5340 ($dff) from module wire_itch_decoder.
Setting constant 0-bit at position 30 on $procdff$5340 ($dff) from module wire_itch_decoder.
Setting constant 0-bit at position 31 on $procdff$5340 ($dff) from module wire_itch_decoder.
Setting constant 0-bit at position 32 on $procdff$5340 ($dff) from module wire_itch_decoder.
Setting constant 0-bit at position 33 on $procdff$5340 ($dff) from module wire_itch_decoder.
Setting constant 0-bit at position 34 on $procdff$5340 ($dff) from module wire_itch_decoder.
Setting constant 0-bit at position 35 on $procdff$5340 ($dff) from module wire_itch_decoder.
Setting constant 0-bit at position 36 on $procdff$5340 ($dff) from module wire_itch_decoder.
Setting constant 0-bit at position 37 on $procdff$5340 ($dff) from module wire_itch_decoder.
Setting constant 0-bit at position 38 on $procdff$5340 ($dff) from module wire_itch_decoder.
Setting constant 0-bit at position 39 on $procdff$5340 ($dff) from module wire_itch_decoder.
Setting constant 0-bit at position 40 on $procdff$5340 ($dff) from module wire_itch_decoder.
Setting constant 0-bit at position 41 on $procdff$5340 ($dff) from module wire_itch_decoder.
Setting constant 0-bit at position 42 on $procdff$5340 ($dff) from module wire_itch_decoder.
Setting constant 0-bit at position 43 on $procdff$5340 ($dff) from module wire_itch_decoder.
Setting constant 0-bit at position 44 on $procdff$5340 ($dff) from module wire_itch_decoder.
Setting constant 0-bit at position 45 on $procdff$5340 ($dff) from module wire_itch_decoder.
Setting constant 0-bit at position 46 on $procdff$5340 ($dff) from module wire_itch_decoder.
Setting constant 0-bit at position 47 on $procdff$5340 ($dff) from module wire_itch_decoder.
Setting constant 0-bit at position 48 on $procdff$5340 ($dff) from module wire_itch_decoder.
Setting constant 0-bit at position 49 on $procdff$5340 ($dff) from module wire_itch_decoder.
Setting constant 0-bit at position 50 on $procdff$5340 ($dff) from module wire_itch_decoder.
Setting constant 0-bit at position 51 on $procdff$5340 ($dff) from module wire_itch_decoder.
Setting constant 0-bit at position 52 on $procdff$5340 ($dff) from module wire_itch_decoder.
Setting constant 0-bit at position 53 on $procdff$5340 ($dff) from module wire_itch_decoder.
Setting constant 0-bit at position 54 on $procdff$5340 ($dff) from module wire_itch_decoder.
Setting constant 0-bit at position 55 on $procdff$5340 ($dff) from module wire_itch_decoder.
Setting constant 0-bit at position 56 on $procdff$5340 ($dff) from module wire_itch_decoder.
Setting constant 0-bit at position 57 on $procdff$5340 ($dff) from module wire_itch_decoder.
Setting constant 0-bit at position 58 on $procdff$5340 ($dff) from module wire_itch_decoder.
Setting constant 0-bit at position 59 on $procdff$5340 ($dff) from module wire_itch_decoder.
Setting constant 0-bit at position 60 on $procdff$5340 ($dff) from module wire_itch_decoder.
Setting constant 0-bit at position 61 on $procdff$5340 ($dff) from module wire_itch_decoder.
Setting constant 0-bit at position 62 on $procdff$5340 ($dff) from module wire_itch_decoder.
Setting constant 0-bit at position 63 on $procdff$5340 ($dff) from module wire_itch_decoder.
Setting constant 0-bit at position 0 on $procdff$5342 ($dff) from module wire_itch_decoder.
Setting constant 0-bit at position 1 on $procdff$5342 ($dff) from module wire_itch_decoder.
Setting constant 0-bit at position 2 on $procdff$5342 ($dff) from module wire_itch_decoder.
Setting constant 0-bit at position 3 on $procdff$5342 ($dff) from module wire_itch_decoder.
Setting constant 0-bit at position 4 on $procdff$5342 ($dff) from module wire_itch_decoder.
Setting constant 0-bit at position 5 on $procdff$5342 ($dff) from module wire_itch_decoder.
Setting constant 0-bit at position 6 on $procdff$5342 ($dff) from module wire_itch_decoder.
Setting constant 0-bit at position 7 on $procdff$5342 ($dff) from module wire_itch_decoder.
Setting constant 0-bit at position 8 on $procdff$5342 ($dff) from module wire_itch_decoder.
Setting constant 0-bit at position 9 on $procdff$5342 ($dff) from module wire_itch_decoder.
Setting constant 0-bit at position 10 on $procdff$5342 ($dff) from module wire_itch_decoder.
Setting constant 0-bit at position 11 on $procdff$5342 ($dff) from module wire_itch_decoder.
Setting constant 0-bit at position 12 on $procdff$5342 ($dff) from module wire_itch_decoder.
Setting constant 0-bit at position 13 on $procdff$5342 ($dff) from module wire_itch_decoder.
Setting constant 0-bit at position 14 on $procdff$5342 ($dff) from module wire_itch_decoder.
Setting constant 0-bit at position 15 on $procdff$5342 ($dff) from module wire_itch_decoder.
Setting constant 0-bit at position 16 on $procdff$5342 ($dff) from module wire_itch_decoder.
Setting constant 0-bit at position 17 on $procdff$5342 ($dff) from module wire_itch_decoder.
Setting constant 0-bit at position 18 on $procdff$5342 ($dff) from module wire_itch_decoder.
Setting constant 0-bit at position 19 on $procdff$5342 ($dff) from module wire_itch_decoder.
Setting constant 0-bit at position 20 on $procdff$5342 ($dff) from module wire_itch_decoder.
Setting constant 0-bit at position 21 on $procdff$5342 ($dff) from module wire_itch_decoder.
Setting constant 0-bit at position 22 on $procdff$5342 ($dff) from module wire_itch_decoder.
Setting constant 0-bit at position 23 on $procdff$5342 ($dff) from module wire_itch_decoder.
Setting constant 0-bit at position 24 on $procdff$5342 ($dff) from module wire_itch_decoder.
Setting constant 0-bit at position 25 on $procdff$5342 ($dff) from module wire_itch_decoder.
Setting constant 0-bit at position 26 on $procdff$5342 ($dff) from module wire_itch_decoder.
Setting constant 0-bit at position 27 on $procdff$5342 ($dff) from module wire_itch_decoder.
Setting constant 0-bit at position 28 on $procdff$5342 ($dff) from module wire_itch_decoder.
Setting constant 0-bit at position 29 on $procdff$5342 ($dff) from module wire_itch_decoder.
Setting constant 0-bit at position 30 on $procdff$5342 ($dff) from module wire_itch_decoder.
Setting constant 0-bit at position 31 on $procdff$5342 ($dff) from module wire_itch_decoder.
Setting constant 0-bit at position 0 on $procdff$5328 ($dff) from module wire_itch_decoder.
Setting constant 0-bit at position 1 on $procdff$5328 ($dff) from module wire_itch_decoder.
Setting constant 0-bit at position 2 on $procdff$5328 ($dff) from module wire_itch_decoder.
Setting constant 0-bit at position 3 on $procdff$5328 ($dff) from module wire_itch_decoder.
Setting constant 0-bit at position 4 on $procdff$5328 ($dff) from module wire_itch_decoder.
Setting constant 0-bit at position 5 on $procdff$5328 ($dff) from module wire_itch_decoder.
Setting constant 0-bit at position 6 on $procdff$5328 ($dff) from module wire_itch_decoder.
Setting constant 0-bit at position 7 on $procdff$5328 ($dff) from module wire_itch_decoder.
Setting constant 0-bit at position 8 on $procdff$5328 ($dff) from module wire_itch_decoder.
Setting constant 0-bit at position 9 on $procdff$5328 ($dff) from module wire_itch_decoder.
Setting constant 0-bit at position 10 on $procdff$5328 ($dff) from module wire_itch_decoder.
Setting constant 0-bit at position 11 on $procdff$5328 ($dff) from module wire_itch_decoder.
Setting constant 0-bit at position 12 on $procdff$5328 ($dff) from module wire_itch_decoder.
Setting constant 0-bit at position 13 on $procdff$5328 ($dff) from module wire_itch_decoder.
Setting constant 0-bit at position 14 on $procdff$5328 ($dff) from module wire_itch_decoder.
Setting constant 0-bit at position 15 on $procdff$5328 ($dff) from module wire_itch_decoder.
Setting constant 0-bit at position 0 on $procdff$5326 ($dff) from module wire_itch_decoder.
Setting constant 0-bit at position 1 on $procdff$5326 ($dff) from module wire_itch_decoder.
Setting constant 0-bit at position 2 on $procdff$5326 ($dff) from module wire_itch_decoder.
Setting constant 0-bit at position 3 on $procdff$5326 ($dff) from module wire_itch_decoder.
Setting constant 0-bit at position 4 on $procdff$5326 ($dff) from module wire_itch_decoder.
Setting constant 0-bit at position 5 on $procdff$5326 ($dff) from module wire_itch_decoder.
Setting constant 0-bit at position 6 on $procdff$5326 ($dff) from module wire_itch_decoder.
Setting constant 0-bit at position 7 on $procdff$5326 ($dff) from module wire_itch_decoder.
Setting constant 0-bit at position 8 on $procdff$5326 ($dff) from module wire_itch_decoder.
Setting constant 0-bit at position 9 on $procdff$5326 ($dff) from module wire_itch_decoder.
Setting constant 0-bit at position 10 on $procdff$5326 ($dff) from module wire_itch_decoder.
Setting constant 0-bit at position 11 on $procdff$5326 ($dff) from module wire_itch_decoder.
Setting constant 0-bit at position 12 on $procdff$5326 ($dff) from module wire_itch_decoder.
Setting constant 0-bit at position 13 on $procdff$5326 ($dff) from module wire_itch_decoder.
Setting constant 0-bit at position 14 on $procdff$5326 ($dff) from module wire_itch_decoder.
Setting constant 0-bit at position 15 on $procdff$5326 ($dff) from module wire_itch_decoder.
Setting constant 0-bit at position 16 on $procdff$5326 ($dff) from module wire_itch_decoder.
Setting constant 0-bit at position 17 on $procdff$5326 ($dff) from module wire_itch_decoder.
Setting constant 0-bit at position 18 on $procdff$5326 ($dff) from module wire_itch_decoder.
Setting constant 0-bit at position 19 on $procdff$5326 ($dff) from module wire_itch_decoder.
Setting constant 0-bit at position 20 on $procdff$5326 ($dff) from module wire_itch_decoder.
Setting constant 0-bit at position 21 on $procdff$5326 ($dff) from module wire_itch_decoder.
Setting constant 0-bit at position 22 on $procdff$5326 ($dff) from module wire_itch_decoder.
Setting constant 0-bit at position 23 on $procdff$5326 ($dff) from module wire_itch_decoder.
Setting constant 0-bit at position 24 on $procdff$5326 ($dff) from module wire_itch_decoder.
Setting constant 0-bit at position 25 on $procdff$5326 ($dff) from module wire_itch_decoder.
Setting constant 0-bit at position 26 on $procdff$5326 ($dff) from module wire_itch_decoder.
Setting constant 0-bit at position 27 on $procdff$5326 ($dff) from module wire_itch_decoder.
Setting constant 0-bit at position 28 on $procdff$5326 ($dff) from module wire_itch_decoder.
Setting constant 0-bit at position 29 on $procdff$5326 ($dff) from module wire_itch_decoder.
Setting constant 0-bit at position 30 on $procdff$5326 ($dff) from module wire_itch_decoder.
Setting constant 0-bit at position 31 on $procdff$5326 ($dff) from module wire_itch_decoder.
Setting constant 0-bit at position 32 on $procdff$5326 ($dff) from module wire_itch_decoder.
Setting constant 0-bit at position 33 on $procdff$5326 ($dff) from module wire_itch_decoder.
Setting constant 0-bit at position 34 on $procdff$5326 ($dff) from module wire_itch_decoder.
Setting constant 0-bit at position 35 on $procdff$5326 ($dff) from module wire_itch_decoder.
Setting constant 0-bit at position 36 on $procdff$5326 ($dff) from module wire_itch_decoder.
Setting constant 0-bit at position 37 on $procdff$5326 ($dff) from module wire_itch_decoder.
Setting constant 0-bit at position 38 on $procdff$5326 ($dff) from module wire_itch_decoder.
Setting constant 0-bit at position 39 on $procdff$5326 ($dff) from module wire_itch_decoder.
Setting constant 0-bit at position 40 on $procdff$5326 ($dff) from module wire_itch_decoder.
Setting constant 0-bit at position 41 on $procdff$5326 ($dff) from module wire_itch_decoder.
Setting constant 0-bit at position 42 on $procdff$5326 ($dff) from module wire_itch_decoder.
Setting constant 0-bit at position 43 on $procdff$5326 ($dff) from module wire_itch_decoder.
Setting constant 0-bit at position 44 on $procdff$5326 ($dff) from module wire_itch_decoder.
Setting constant 0-bit at position 45 on $procdff$5326 ($dff) from module wire_itch_decoder.
Setting constant 0-bit at position 46 on $procdff$5326 ($dff) from module wire_itch_decoder.
Setting constant 0-bit at position 47 on $procdff$5326 ($dff) from module wire_itch_decoder.
Adding SRST signal on $procdff$5346 ($dff) from module wire_mold_message_framer (D = $procmux$3268_Y, Q = \state_q, rval = 4'0000).
Adding SRST signal on $procdff$5347 ($dff) from module wire_mold_message_framer (D = $procmux$3210_Y, Q = \payload_data_q, rval = 8'00000000).
Adding EN signal on $auto$ff.cc:337:slice$5619 ($sdff) from module wire_mold_message_framer (D = \in_data, Q = \payload_data_q).
Adding SRST signal on $procdff$5348 ($dff) from module wire_mold_message_framer (D = $procmux$3202_Y, Q = \payload_last_q, rval = 1'0).
Adding SRST signal on $procdff$5349 ($dff) from module wire_mold_message_framer (D = $procmux$3189_Y, Q = \payload_valid_q, rval = 1'0).
Adding SRST signal on $procdff$5350 ($dff) from module wire_mold_message_framer (D = $procmux$3179_Y, Q = \reject_code_q, rval = 2'00).
Adding SRST signal on $procdff$5351 ($dff) from module wire_mold_message_framer (D = $procmux$3139_Y, Q = \packet_sequence_q, rval = 64'0000000000000000000000000000000000000000000000000000000000000000).
Adding EN signal on $auto$ff.cc:337:slice$5626 ($sdff) from module wire_mold_message_framer (D = \packet_sequence, Q = \packet_sequence_q).
Adding SRST signal on $procdff$5352 ($dff) from module wire_mold_message_framer (D = $procmux$3134_Y, Q = \packet_count_q, rval = 16'0000000000000000).
Adding EN signal on $auto$ff.cc:337:slice$5628 ($sdff) from module wire_mold_message_framer (D = \packet_message_count, Q = \packet_count_q).
Adding SRST signal on $procdff$5353 ($dff) from module wire_mold_message_framer (D = $procmux$3129_Y, Q = \payload_action_q, rval = 3'000).
Adding EN signal on $auto$ff.cc:337:slice$5630 ($sdff) from module wire_mold_message_framer (D = $procmux$3125_Y, Q = \payload_action_q).
Adding SRST signal on $procdff$5354 ($dff) from module wire_mold_message_framer (D = $procmux$3107_Y, Q = \messages_done_q, rval = 16'0000000000000000).
Adding SRST signal on $procdff$5355 ($dff) from module wire_mold_message_framer (D = $procmux$3089_Y, Q = \length_hi_q, rval = 8'00000000).
Adding EN signal on $auto$ff.cc:337:slice$5637 ($sdff) from module wire_mold_message_framer (D = \in_data, Q = \length_hi_q).
Adding SRST signal on $procdff$5356 ($dff) from module wire_mold_message_framer (D = $procmux$3076_Y, Q = \message_length_q, rval = 16'0000000000000000).
Adding EN signal on $auto$ff.cc:337:slice$5643 ($sdff) from module wire_mold_message_framer (D = { \length_hi_q \in_data }, Q = \message_length_q).
Adding SRST signal on $procdff$5357 ($dff) from module wire_mold_message_framer (D = $procmux$3067_Y, Q = \payload_remaining_q, rval = 16'0000000000000000).
Adding EN signal on $auto$ff.cc:337:slice$5647 ($sdff) from module wire_mold_message_framer (D = $procmux$3064_Y, Q = \payload_remaining_q).
Adding SRST signal on $procdff$5358 ($dff) from module wire_mold_message_framer (D = $procmux$3055_Y, Q = \message_empty_q, rval = 1'0).
Adding EN signal on $auto$ff.cc:337:slice$5655 ($sdff) from module wire_mold_message_framer (D = $eq$rtl/arch_a/wire_mold_message_framer.sv:216$375_Y, Q = \message_empty_q).
Adding SRST signal on $procdff$5359 ($dff) from module wire_mold_message_framer (D = $procmux$3046_Y, Q = \header_ended_q, rval = 1'0).
Adding EN signal on $auto$ff.cc:337:slice$5659 ($sdff) from module wire_mold_message_framer (D = \in_last, Q = \header_ended_q).
Adding SRST signal on $procdff$5360 ($dff) from module wire_mold_message_framer (D = $procmux$3037_Y, Q = \reject_pending_q, rval = 1'0).
Adding SRST signal on $procdff$5361 ($dff) from module wire_mold_message_framer (D = $procmux$2993_Y, Q = \result_pending_q, rval = 1'0).
Adding SRST signal on $procdff$5362 ($dff) from module wire_mold_header_seq (D = $procmux$3839_Y, Q = \state_q, rval = 3'000).
Adding SRST signal on $procdff$5363 ($dff) from module wire_mold_header_seq (D = $procmux$3780_Y, Q = \header_index_q, rval = 5'00000).
Adding SRST signal on $procdff$5364 ($dff) from module wire_mold_header_seq (D = $procmux$3758_Y, Q = \reject_fatal_q, rval = 1'1).
Adding EN signal on $auto$ff.cc:337:slice$5667 ($sdff) from module wire_mold_header_seq (D = $procmux$3728_Y, Q = \reject_fatal_q).
Adding SRST signal on $procdff$5365 ($dff) from module wire_mold_header_seq (D = $procmux$3718_Y, Q = \reject_code_q, rval = 3'000).
Adding EN signal on $auto$ff.cc:337:slice$5679 ($sdff) from module wire_mold_header_seq (D = $procmux$3688_Y, Q = \reject_code_q).
Adding SRST signal on $procdff$5366 ($dff) from module wire_mold_header_seq (D = $2$lookahead\header_q$308[151:0]$317, Q = \header_q, rval = 152'00000000000000000000000000000000000000000000000000000000000000000000000000000000000000000000000000000000000000000000000000000000000000000000000000000000).
Adding SRST signal on $procdff$5367 ($dff) from module wire_mold_header_seq (D = $procmux$3678_Y, Q = \pending_code_q, rval = 3'011).
Adding EN signal on $auto$ff.cc:337:slice$5700 ($sdff) from module wire_mold_header_seq (D = $procmux$3671_Y, Q = \pending_code_q).
Adding SRST signal on $procdff$5379 ($dff) from module wire_mold_header_seq (D = $procmux$3417_Y, Q = \recovery_required_q, rval = 1'0).
Adding SRST signal on $procdff$5368 ($dff) from module wire_mold_header_seq (D = $procmux$3646_Y, Q = \pending_fatal_q, rval = 1'1).
Adding EN signal on $auto$ff.cc:337:slice$5709 ($sdff) from module wire_mold_header_seq (D = $procmux$3639_Y, Q = \pending_fatal_q).
Adding EN signal on $procdff$5369 ($dff) from module wire_mold_header_seq (D = \cfg_active_session, Q = \active_session_q).
Adding EN signal on $procdff$5370 ($dff) from module wire_mold_header_seq (D = $procmux$3614_Y, Q = \expected_sequence_q).
Adding SRST signal on $procdff$5371 ($dff) from module wire_mold_header_seq (D = $procmux$3603_Y, Q = \packet_sequence_q, rval = 64'0000000000000000000000000000000000000000000000000000000000000000).
Adding EN signal on $auto$ff.cc:337:slice$5725 ($sdff) from module wire_mold_header_seq (D = \header_q [71:8], Q = \packet_sequence_q).
Adding SRST signal on $procdff$5372 ($dff) from module wire_mold_header_seq (D = $procmux$3577_Y, Q = \packet_count_q, rval = 16'0000000000000000).
Adding EN signal on $auto$ff.cc:337:slice$5739 ($sdff) from module wire_mold_header_seq (D = { \header_q [7:0] \in_data }, Q = \packet_count_q).
Adding SRST signal on $procdff$5373 ($dff) from module wire_mold_header_seq (D = $procmux$3551_Y, Q = \packet_empty_q, rval = 1'0).
Adding EN signal on $auto$ff.cc:337:slice$5753 ($sdff) from module wire_mold_header_seq (D = \in_last, Q = \packet_empty_q).
Adding SRST signal on $procdff$5374 ($dff) from module wire_mold_header_seq (D = $procmux$3525_Y, Q = \packet_valid_q, rval = 1'0).
Adding SRST signal on $procdff$5375 ($dff) from module wire_mold_header_seq (D = $procmux$3497_Y, Q = \body_data_q, rval = 8'00000000).
Adding EN signal on $auto$ff.cc:337:slice$5768 ($sdff) from module wire_mold_header_seq (D = \in_data, Q = \body_data_q).
Adding SRST signal on $procdff$5376 ($dff) from module wire_mold_header_seq (D = $procmux$3488_Y, Q = \body_valid_q, rval = 1'0).
Adding SRST signal on $procdff$5377 ($dff) from module wire_mold_header_seq (D = $procmux$3477_Y, Q = \body_last_q, rval = 1'0).
Adding SRST signal on $procdff$5378 ($dff) from module wire_mold_header_seq (D = $procmux$3464_Y, Q = \controller_valid_q, rval = 1'1).
Setting constant 0-bit at position 0 on $procdff$5380 ($dff) from module wire_mold_header_seq.
Setting constant 0-bit at position 1 on $procdff$5380 ($dff) from module wire_mold_header_seq.
Setting constant 0-bit at position 2 on $procdff$5380 ($dff) from module wire_mold_header_seq.
Setting constant 0-bit at position 3 on $procdff$5380 ($dff) from module wire_mold_header_seq.
Setting constant 0-bit at position 4 on $procdff$5380 ($dff) from module wire_mold_header_seq.
Setting constant 0-bit at position 5 on $procdff$5380 ($dff) from module wire_mold_header_seq.
Setting constant 0-bit at position 6 on $procdff$5380 ($dff) from module wire_mold_header_seq.
Setting constant 0-bit at position 7 on $procdff$5380 ($dff) from module wire_mold_header_seq.
Setting constant 0-bit at position 8 on $procdff$5380 ($dff) from module wire_mold_header_seq.
Setting constant 0-bit at position 9 on $procdff$5380 ($dff) from module wire_mold_header_seq.
Setting constant 0-bit at position 10 on $procdff$5380 ($dff) from module wire_mold_header_seq.
Setting constant 0-bit at position 11 on $procdff$5380 ($dff) from module wire_mold_header_seq.
Setting constant 0-bit at position 12 on $procdff$5380 ($dff) from module wire_mold_header_seq.
Setting constant 0-bit at position 13 on $procdff$5380 ($dff) from module wire_mold_header_seq.
Setting constant 0-bit at position 14 on $procdff$5380 ($dff) from module wire_mold_header_seq.
Setting constant 0-bit at position 15 on $procdff$5380 ($dff) from module wire_mold_header_seq.
Setting constant 0-bit at position 16 on $procdff$5380 ($dff) from module wire_mold_header_seq.
Setting constant 0-bit at position 17 on $procdff$5380 ($dff) from module wire_mold_header_seq.
Setting constant 0-bit at position 18 on $procdff$5380 ($dff) from module wire_mold_header_seq.
Setting constant 0-bit at position 19 on $procdff$5380 ($dff) from module wire_mold_header_seq.
Setting constant 0-bit at position 20 on $procdff$5380 ($dff) from module wire_mold_header_seq.
Setting constant 0-bit at position 21 on $procdff$5380 ($dff) from module wire_mold_header_seq.
Setting constant 0-bit at position 22 on $procdff$5380 ($dff) from module wire_mold_header_seq.
Setting constant 0-bit at position 23 on $procdff$5380 ($dff) from module wire_mold_header_seq.
Setting constant 0-bit at position 24 on $procdff$5380 ($dff) from module wire_mold_header_seq.
Setting constant 0-bit at position 25 on $procdff$5380 ($dff) from module wire_mold_header_seq.
Setting constant 0-bit at position 26 on $procdff$5380 ($dff) from module wire_mold_header_seq.
Setting constant 0-bit at position 27 on $procdff$5380 ($dff) from module wire_mold_header_seq.
Setting constant 0-bit at position 28 on $procdff$5380 ($dff) from module wire_mold_header_seq.
Setting constant 0-bit at position 29 on $procdff$5380 ($dff) from module wire_mold_header_seq.
Setting constant 0-bit at position 30 on $procdff$5380 ($dff) from module wire_mold_header_seq.
Setting constant 0-bit at position 31 on $procdff$5380 ($dff) from module wire_mold_header_seq.
Setting constant 0-bit at position 0 on $procdff$5381 ($dff) from module wire_mold_header_seq.
Setting constant 0-bit at position 1 on $procdff$5381 ($dff) from module wire_mold_header_seq.
Setting constant 0-bit at position 2 on $procdff$5381 ($dff) from module wire_mold_header_seq.
Setting constant 0-bit at position 3 on $procdff$5381 ($dff) from module wire_mold_header_seq.
Setting constant 0-bit at position 4 on $procdff$5381 ($dff) from module wire_mold_header_seq.
Setting constant 0-bit at position 5 on $procdff$5381 ($dff) from module wire_mold_header_seq.
Setting constant 0-bit at position 6 on $procdff$5381 ($dff) from module wire_mold_header_seq.
Setting constant 0-bit at position 7 on $procdff$5381 ($dff) from module wire_mold_header_seq.
Setting constant 0-bit at position 8 on $procdff$5381 ($dff) from module wire_mold_header_seq.
Setting constant 0-bit at position 9 on $procdff$5381 ($dff) from module wire_mold_header_seq.
Setting constant 0-bit at position 10 on $procdff$5381 ($dff) from module wire_mold_header_seq.
Setting constant 0-bit at position 11 on $procdff$5381 ($dff) from module wire_mold_header_seq.
Setting constant 0-bit at position 12 on $procdff$5381 ($dff) from module wire_mold_header_seq.
Setting constant 0-bit at position 13 on $procdff$5381 ($dff) from module wire_mold_header_seq.
Setting constant 0-bit at position 14 on $procdff$5381 ($dff) from module wire_mold_header_seq.
Setting constant 0-bit at position 15 on $procdff$5381 ($dff) from module wire_mold_header_seq.
Setting constant 0-bit at position 16 on $procdff$5381 ($dff) from module wire_mold_header_seq.
Setting constant 0-bit at position 17 on $procdff$5381 ($dff) from module wire_mold_header_seq.
Setting constant 0-bit at position 18 on $procdff$5381 ($dff) from module wire_mold_header_seq.
Setting constant 0-bit at position 19 on $procdff$5381 ($dff) from module wire_mold_header_seq.
Setting constant 0-bit at position 20 on $procdff$5381 ($dff) from module wire_mold_header_seq.
Setting constant 0-bit at position 21 on $procdff$5381 ($dff) from module wire_mold_header_seq.
Setting constant 0-bit at position 22 on $procdff$5381 ($dff) from module wire_mold_header_seq.
Setting constant 0-bit at position 23 on $procdff$5381 ($dff) from module wire_mold_header_seq.
Setting constant 0-bit at position 24 on $procdff$5381 ($dff) from module wire_mold_header_seq.
Setting constant 0-bit at position 25 on $procdff$5381 ($dff) from module wire_mold_header_seq.
Setting constant 0-bit at position 26 on $procdff$5381 ($dff) from module wire_mold_header_seq.
Setting constant 0-bit at position 27 on $procdff$5381 ($dff) from module wire_mold_header_seq.
Setting constant 0-bit at position 28 on $procdff$5381 ($dff) from module wire_mold_header_seq.
Setting constant 0-bit at position 29 on $procdff$5381 ($dff) from module wire_mold_header_seq.
Setting constant 0-bit at position 30 on $procdff$5381 ($dff) from module wire_mold_header_seq.
Setting constant 0-bit at position 31 on $procdff$5381 ($dff) from module wire_mold_header_seq.
Setting constant 0-bit at position 32 on $procdff$5381 ($dff) from module wire_mold_header_seq.
Setting constant 0-bit at position 33 on $procdff$5381 ($dff) from module wire_mold_header_seq.
Setting constant 0-bit at position 34 on $procdff$5381 ($dff) from module wire_mold_header_seq.
Setting constant 0-bit at position 35 on $procdff$5381 ($dff) from module wire_mold_header_seq.
Setting constant 0-bit at position 36 on $procdff$5381 ($dff) from module wire_mold_header_seq.
Setting constant 0-bit at position 37 on $procdff$5381 ($dff) from module wire_mold_header_seq.
Setting constant 0-bit at position 38 on $procdff$5381 ($dff) from module wire_mold_header_seq.
Setting constant 0-bit at position 39 on $procdff$5381 ($dff) from module wire_mold_header_seq.
Setting constant 0-bit at position 40 on $procdff$5381 ($dff) from module wire_mold_header_seq.
Setting constant 0-bit at position 41 on $procdff$5381 ($dff) from module wire_mold_header_seq.
Setting constant 0-bit at position 42 on $procdff$5381 ($dff) from module wire_mold_header_seq.
Setting constant 0-bit at position 43 on $procdff$5381 ($dff) from module wire_mold_header_seq.
Setting constant 0-bit at position 44 on $procdff$5381 ($dff) from module wire_mold_header_seq.
Setting constant 0-bit at position 45 on $procdff$5381 ($dff) from module wire_mold_header_seq.
Setting constant 0-bit at position 46 on $procdff$5381 ($dff) from module wire_mold_header_seq.
Setting constant 0-bit at position 47 on $procdff$5381 ($dff) from module wire_mold_header_seq.
Setting constant 0-bit at position 48 on $procdff$5381 ($dff) from module wire_mold_header_seq.
Setting constant 0-bit at position 49 on $procdff$5381 ($dff) from module wire_mold_header_seq.
Setting constant 0-bit at position 50 on $procdff$5381 ($dff) from module wire_mold_header_seq.
Setting constant 0-bit at position 51 on $procdff$5381 ($dff) from module wire_mold_header_seq.
Setting constant 0-bit at position 52 on $procdff$5381 ($dff) from module wire_mold_header_seq.
Setting constant 0-bit at position 53 on $procdff$5381 ($dff) from module wire_mold_header_seq.
Setting constant 0-bit at position 54 on $procdff$5381 ($dff) from module wire_mold_header_seq.
Setting constant 0-bit at position 55 on $procdff$5381 ($dff) from module wire_mold_header_seq.
Setting constant 0-bit at position 56 on $procdff$5381 ($dff) from module wire_mold_header_seq.
Setting constant 0-bit at position 57 on $procdff$5381 ($dff) from module wire_mold_header_seq.
Setting constant 0-bit at position 58 on $procdff$5381 ($dff) from module wire_mold_header_seq.
Setting constant 0-bit at position 59 on $procdff$5381 ($dff) from module wire_mold_header_seq.
Setting constant 0-bit at position 60 on $procdff$5381 ($dff) from module wire_mold_header_seq.
Setting constant 0-bit at position 61 on $procdff$5381 ($dff) from module wire_mold_header_seq.
Setting constant 0-bit at position 62 on $procdff$5381 ($dff) from module wire_mold_header_seq.
Setting constant 0-bit at position 63 on $procdff$5381 ($dff) from module wire_mold_header_seq.
Setting constant 0-bit at position 64 on $procdff$5381 ($dff) from module wire_mold_header_seq.
Setting constant 0-bit at position 65 on $procdff$5381 ($dff) from module wire_mold_header_seq.
Setting constant 0-bit at position 66 on $procdff$5381 ($dff) from module wire_mold_header_seq.
Setting constant 0-bit at position 67 on $procdff$5381 ($dff) from module wire_mold_header_seq.
Setting constant 0-bit at position 68 on $procdff$5381 ($dff) from module wire_mold_header_seq.
Setting constant 0-bit at position 69 on $procdff$5381 ($dff) from module wire_mold_header_seq.
Setting constant 0-bit at position 70 on $procdff$5381 ($dff) from module wire_mold_header_seq.
Setting constant 0-bit at position 71 on $procdff$5381 ($dff) from module wire_mold_header_seq.
Setting constant 0-bit at position 72 on $procdff$5381 ($dff) from module wire_mold_header_seq.
Setting constant 0-bit at position 73 on $procdff$5381 ($dff) from module wire_mold_header_seq.
Setting constant 0-bit at position 74 on $procdff$5381 ($dff) from module wire_mold_header_seq.
Setting constant 0-bit at position 75 on $procdff$5381 ($dff) from module wire_mold_header_seq.
Setting constant 0-bit at position 76 on $procdff$5381 ($dff) from module wire_mold_header_seq.
Setting constant 0-bit at position 77 on $procdff$5381 ($dff) from module wire_mold_header_seq.
Setting constant 0-bit at position 78 on $procdff$5381 ($dff) from module wire_mold_header_seq.
Setting constant 0-bit at position 79 on $procdff$5381 ($dff) from module wire_mold_header_seq.
Setting constant 0-bit at position 80 on $procdff$5381 ($dff) from module wire_mold_header_seq.
Setting constant 0-bit at position 81 on $procdff$5381 ($dff) from module wire_mold_header_seq.
Setting constant 0-bit at position 82 on $procdff$5381 ($dff) from module wire_mold_header_seq.
Setting constant 0-bit at position 83 on $procdff$5381 ($dff) from module wire_mold_header_seq.
Setting constant 0-bit at position 84 on $procdff$5381 ($dff) from module wire_mold_header_seq.
Setting constant 0-bit at position 85 on $procdff$5381 ($dff) from module wire_mold_header_seq.
Setting constant 0-bit at position 86 on $procdff$5381 ($dff) from module wire_mold_header_seq.
Setting constant 0-bit at position 87 on $procdff$5381 ($dff) from module wire_mold_header_seq.
Setting constant 0-bit at position 88 on $procdff$5381 ($dff) from module wire_mold_header_seq.
Setting constant 0-bit at position 89 on $procdff$5381 ($dff) from module wire_mold_header_seq.
Setting constant 0-bit at position 90 on $procdff$5381 ($dff) from module wire_mold_header_seq.
Setting constant 0-bit at position 91 on $procdff$5381 ($dff) from module wire_mold_header_seq.
Setting constant 0-bit at position 92 on $procdff$5381 ($dff) from module wire_mold_header_seq.
Setting constant 0-bit at position 93 on $procdff$5381 ($dff) from module wire_mold_header_seq.
Setting constant 0-bit at position 94 on $procdff$5381 ($dff) from module wire_mold_header_seq.
Setting constant 0-bit at position 95 on $procdff$5381 ($dff) from module wire_mold_header_seq.
Setting constant 0-bit at position 96 on $procdff$5381 ($dff) from module wire_mold_header_seq.
Setting constant 0-bit at position 97 on $procdff$5381 ($dff) from module wire_mold_header_seq.
Setting constant 0-bit at position 98 on $procdff$5381 ($dff) from module wire_mold_header_seq.
Setting constant 0-bit at position 99 on $procdff$5381 ($dff) from module wire_mold_header_seq.
Setting constant 0-bit at position 100 on $procdff$5381 ($dff) from module wire_mold_header_seq.
Setting constant 0-bit at position 101 on $procdff$5381 ($dff) from module wire_mold_header_seq.
Setting constant 0-bit at position 102 on $procdff$5381 ($dff) from module wire_mold_header_seq.
Setting constant 0-bit at position 103 on $procdff$5381 ($dff) from module wire_mold_header_seq.
Setting constant 0-bit at position 104 on $procdff$5381 ($dff) from module wire_mold_header_seq.
Setting constant 0-bit at position 105 on $procdff$5381 ($dff) from module wire_mold_header_seq.
Setting constant 0-bit at position 106 on $procdff$5381 ($dff) from module wire_mold_header_seq.
Setting constant 0-bit at position 107 on $procdff$5381 ($dff) from module wire_mold_header_seq.
Setting constant 0-bit at position 108 on $procdff$5381 ($dff) from module wire_mold_header_seq.
Setting constant 0-bit at position 109 on $procdff$5381 ($dff) from module wire_mold_header_seq.
Setting constant 0-bit at position 110 on $procdff$5381 ($dff) from module wire_mold_header_seq.
Setting constant 0-bit at position 111 on $procdff$5381 ($dff) from module wire_mold_header_seq.
Setting constant 0-bit at position 112 on $procdff$5381 ($dff) from module wire_mold_header_seq.
Setting constant 0-bit at position 113 on $procdff$5381 ($dff) from module wire_mold_header_seq.
Setting constant 0-bit at position 114 on $procdff$5381 ($dff) from module wire_mold_header_seq.
Setting constant 0-bit at position 115 on $procdff$5381 ($dff) from module wire_mold_header_seq.
Setting constant 0-bit at position 116 on $procdff$5381 ($dff) from module wire_mold_header_seq.
Setting constant 0-bit at position 117 on $procdff$5381 ($dff) from module wire_mold_header_seq.
Setting constant 0-bit at position 118 on $procdff$5381 ($dff) from module wire_mold_header_seq.
Setting constant 0-bit at position 119 on $procdff$5381 ($dff) from module wire_mold_header_seq.
Setting constant 0-bit at position 120 on $procdff$5381 ($dff) from module wire_mold_header_seq.
Setting constant 0-bit at position 121 on $procdff$5381 ($dff) from module wire_mold_header_seq.
Setting constant 0-bit at position 122 on $procdff$5381 ($dff) from module wire_mold_header_seq.
Setting constant 0-bit at position 123 on $procdff$5381 ($dff) from module wire_mold_header_seq.
Setting constant 0-bit at position 124 on $procdff$5381 ($dff) from module wire_mold_header_seq.
Setting constant 0-bit at position 125 on $procdff$5381 ($dff) from module wire_mold_header_seq.
Setting constant 0-bit at position 126 on $procdff$5381 ($dff) from module wire_mold_header_seq.
Setting constant 0-bit at position 127 on $procdff$5381 ($dff) from module wire_mold_header_seq.
Setting constant 0-bit at position 128 on $procdff$5381 ($dff) from module wire_mold_header_seq.
Setting constant 0-bit at position 129 on $procdff$5381 ($dff) from module wire_mold_header_seq.
Setting constant 0-bit at position 130 on $procdff$5381 ($dff) from module wire_mold_header_seq.
Setting constant 0-bit at position 131 on $procdff$5381 ($dff) from module wire_mold_header_seq.
Setting constant 0-bit at position 132 on $procdff$5381 ($dff) from module wire_mold_header_seq.
Setting constant 0-bit at position 133 on $procdff$5381 ($dff) from module wire_mold_header_seq.
Setting constant 0-bit at position 134 on $procdff$5381 ($dff) from module wire_mold_header_seq.
Setting constant 0-bit at position 135 on $procdff$5381 ($dff) from module wire_mold_header_seq.
Setting constant 0-bit at position 136 on $procdff$5381 ($dff) from module wire_mold_header_seq.
Setting constant 0-bit at position 137 on $procdff$5381 ($dff) from module wire_mold_header_seq.
Setting constant 0-bit at position 138 on $procdff$5381 ($dff) from module wire_mold_header_seq.
Setting constant 0-bit at position 139 on $procdff$5381 ($dff) from module wire_mold_header_seq.
Setting constant 0-bit at position 140 on $procdff$5381 ($dff) from module wire_mold_header_seq.
Setting constant 0-bit at position 141 on $procdff$5381 ($dff) from module wire_mold_header_seq.
Setting constant 0-bit at position 142 on $procdff$5381 ($dff) from module wire_mold_header_seq.
Setting constant 0-bit at position 143 on $procdff$5381 ($dff) from module wire_mold_header_seq.
Setting constant 0-bit at position 144 on $procdff$5381 ($dff) from module wire_mold_header_seq.
Setting constant 0-bit at position 145 on $procdff$5381 ($dff) from module wire_mold_header_seq.
Setting constant 0-bit at position 146 on $procdff$5381 ($dff) from module wire_mold_header_seq.
Setting constant 0-bit at position 147 on $procdff$5381 ($dff) from module wire_mold_header_seq.
Setting constant 0-bit at position 148 on $procdff$5381 ($dff) from module wire_mold_header_seq.
Setting constant 0-bit at position 149 on $procdff$5381 ($dff) from module wire_mold_header_seq.
Setting constant 0-bit at position 150 on $procdff$5381 ($dff) from module wire_mold_header_seq.
Setting constant 0-bit at position 151 on $procdff$5381 ($dff) from module wire_mold_header_seq.
Adding SRST signal on $procdff$5393 ($dff) from module wire_udp_parser (D = $procmux$4022_Y, Q = \pending_code_q, rval = 3'001).
Adding EN signal on $auto$ff.cc:337:slice$5777 ($sdff) from module wire_udp_parser (D = $procmux$3998_Y, Q = \pending_code_q).
Adding SRST signal on $procdff$5394 ($dff) from module wire_udp_parser (D = $procmux$3981_Y, Q = \pending_fatal_q, rval = 1'1).
Adding EN signal on $auto$ff.cc:337:slice$5793 ($sdff) from module wire_udp_parser (D = $procmux$3958_Y, Q = \pending_fatal_q).
Adding SRST signal on $procdff$5392 ($dff) from module wire_udp_parser (D = $procmux$4048_Y, Q = \actual_count_q, rval = 16'0000000000000000).
Adding EN signal on $auto$ff.cc:337:slice$5809 ($sdff) from module wire_udp_parser (D = $procmux$4029_Y, Q = \actual_count_q).
Adding SRST signal on $procdff$5382 ($dff) from module wire_udp_parser (D = $procmux$4345_Y, Q = \state_q, rval = 2'00).
Adding SRST signal on $procdff$5383 ($dff) from module wire_udp_parser (D = $procmux$4290_Y, Q = \header_index_q, rval = 4'0000).
Adding SRST signal on $procdff$5384 ($dff) from module wire_udp_parser (D = $procmux$4267_Y, Q = \payload_data_q, rval = 8'00000000).
Adding EN signal on $auto$ff.cc:337:slice$5827 ($sdff) from module wire_udp_parser (D = $procmux$4260_Y, Q = \payload_data_q).
Adding SRST signal on $procdff$5385 ($dff) from module wire_udp_parser (D = $procmux$4248_Y, Q = \payload_last_q, rval = 1'0).
Adding SRST signal on $procdff$5386 ($dff) from module wire_udp_parser (D = $procmux$4225_Y, Q = \payload_valid_q, rval = 1'0).
Adding SRST signal on $procdff$5387 ($dff) from module wire_udp_parser (D = $procmux$4204_Y, Q = \reject_fatal_q, rval = 1'0).
Adding EN signal on $auto$ff.cc:337:slice$5837 ($sdff) from module wire_udp_parser (D = $procmux$4164_Y, Q = \reject_fatal_q).
Adding SRST signal on $procdff$5388 ($dff) from module wire_udp_parser (D = $procmux$4152_Y, Q = \reject_code_q, rval = 3'001).
Adding EN signal on $auto$ff.cc:337:slice$5851 ($sdff) from module wire_udp_parser (D = $procmux$4112_Y, Q = \reject_code_q).
Adding SRST signal on $procdff$5389 ($dff) from module wire_udp_parser (D = $2$lookahead\header_q$240[55:0]$251, Q = \header_q, rval = 56'00000000000000000000000000000000000000000000000000000000).
Adding SRST signal on $procdff$5390 ($dff) from module wire_udp_parser (D = $procmux$4100_Y, Q = \remaining_q, rval = 16'0000000000000000).
Adding EN signal on $auto$ff.cc:337:slice$5866 ($sdff) from module wire_udp_parser (D = $procmux$4079_Y, Q = \remaining_q).
Adding SRST signal on $procdff$5391 ($dff) from module wire_udp_parser (D = $procmux$4065_Y, Q = \declared_length_q, rval = 16'0000000000000000).
Adding EN signal on $auto$ff.cc:337:slice$5886 ($sdff) from module wire_udp_parser (D = \header_q [23:8], Q = \declared_length_q).
Setting constant 0-bit at position 0 on $procdff$5395 ($dff) from module wire_udp_parser.
Setting constant 0-bit at position 1 on $procdff$5395 ($dff) from module wire_udp_parser.
Setting constant 0-bit at position 2 on $procdff$5395 ($dff) from module wire_udp_parser.
Setting constant 0-bit at position 3 on $procdff$5395 ($dff) from module wire_udp_parser.
Setting constant 0-bit at position 4 on $procdff$5395 ($dff) from module wire_udp_parser.
Setting constant 0-bit at position 5 on $procdff$5395 ($dff) from module wire_udp_parser.
Setting constant 0-bit at position 6 on $procdff$5395 ($dff) from module wire_udp_parser.
Setting constant 0-bit at position 7 on $procdff$5395 ($dff) from module wire_udp_parser.
Setting constant 0-bit at position 8 on $procdff$5395 ($dff) from module wire_udp_parser.
Setting constant 0-bit at position 9 on $procdff$5395 ($dff) from module wire_udp_parser.
Setting constant 0-bit at position 10 on $procdff$5395 ($dff) from module wire_udp_parser.
Setting constant 0-bit at position 11 on $procdff$5395 ($dff) from module wire_udp_parser.
Setting constant 0-bit at position 12 on $procdff$5395 ($dff) from module wire_udp_parser.
Setting constant 0-bit at position 13 on $procdff$5395 ($dff) from module wire_udp_parser.
Setting constant 0-bit at position 14 on $procdff$5395 ($dff) from module wire_udp_parser.
Setting constant 0-bit at position 15 on $procdff$5395 ($dff) from module wire_udp_parser.
Setting constant 0-bit at position 16 on $procdff$5395 ($dff) from module wire_udp_parser.
Setting constant 0-bit at position 17 on $procdff$5395 ($dff) from module wire_udp_parser.
Setting constant 0-bit at position 18 on $procdff$5395 ($dff) from module wire_udp_parser.
Setting constant 0-bit at position 19 on $procdff$5395 ($dff) from module wire_udp_parser.
Setting constant 0-bit at position 20 on $procdff$5395 ($dff) from module wire_udp_parser.
Setting constant 0-bit at position 21 on $procdff$5395 ($dff) from module wire_udp_parser.
Setting constant 0-bit at position 22 on $procdff$5395 ($dff) from module wire_udp_parser.
Setting constant 0-bit at position 23 on $procdff$5395 ($dff) from module wire_udp_parser.
Setting constant 0-bit at position 24 on $procdff$5395 ($dff) from module wire_udp_parser.
Setting constant 0-bit at position 25 on $procdff$5395 ($dff) from module wire_udp_parser.
Setting constant 0-bit at position 26 on $procdff$5395 ($dff) from module wire_udp_parser.
Setting constant 0-bit at position 27 on $procdff$5395 ($dff) from module wire_udp_parser.
Setting constant 0-bit at position 28 on $procdff$5395 ($dff) from module wire_udp_parser.
Setting constant 0-bit at position 29 on $procdff$5395 ($dff) from module wire_udp_parser.
Setting constant 0-bit at position 30 on $procdff$5395 ($dff) from module wire_udp_parser.
Setting constant 0-bit at position 31 on $procdff$5395 ($dff) from module wire_udp_parser.
Setting constant 0-bit at position 0 on $procdff$5396 ($dff) from module wire_udp_parser.
Setting constant 0-bit at position 1 on $procdff$5396 ($dff) from module wire_udp_parser.
Setting constant 0-bit at position 2 on $procdff$5396 ($dff) from module wire_udp_parser.
Setting constant 0-bit at position 3 on $procdff$5396 ($dff) from module wire_udp_parser.
Setting constant 0-bit at position 4 on $procdff$5396 ($dff) from module wire_udp_parser.
Setting constant 0-bit at position 5 on $procdff$5396 ($dff) from module wire_udp_parser.
Setting constant 0-bit at position 6 on $procdff$5396 ($dff) from module wire_udp_parser.
Setting constant 0-bit at position 7 on $procdff$5396 ($dff) from module wire_udp_parser.
Setting constant 0-bit at position 8 on $procdff$5396 ($dff) from module wire_udp_parser.
Setting constant 0-bit at position 9 on $procdff$5396 ($dff) from module wire_udp_parser.
Setting constant 0-bit at position 10 on $procdff$5396 ($dff) from module wire_udp_parser.
Setting constant 0-bit at position 11 on $procdff$5396 ($dff) from module wire_udp_parser.
Setting constant 0-bit at position 12 on $procdff$5396 ($dff) from module wire_udp_parser.
Setting constant 0-bit at position 13 on $procdff$5396 ($dff) from module wire_udp_parser.
Setting constant 0-bit at position 14 on $procdff$5396 ($dff) from module wire_udp_parser.
Setting constant 0-bit at position 15 on $procdff$5396 ($dff) from module wire_udp_parser.
Setting constant 0-bit at position 16 on $procdff$5396 ($dff) from module wire_udp_parser.
Setting constant 0-bit at position 17 on $procdff$5396 ($dff) from module wire_udp_parser.
Setting constant 0-bit at position 18 on $procdff$5396 ($dff) from module wire_udp_parser.
Setting constant 0-bit at position 19 on $procdff$5396 ($dff) from module wire_udp_parser.
Setting constant 0-bit at position 20 on $procdff$5396 ($dff) from module wire_udp_parser.
Setting constant 0-bit at position 21 on $procdff$5396 ($dff) from module wire_udp_parser.
Setting constant 0-bit at position 22 on $procdff$5396 ($dff) from module wire_udp_parser.
Setting constant 0-bit at position 23 on $procdff$5396 ($dff) from module wire_udp_parser.
Setting constant 0-bit at position 24 on $procdff$5396 ($dff) from module wire_udp_parser.
Setting constant 0-bit at position 25 on $procdff$5396 ($dff) from module wire_udp_parser.
Setting constant 0-bit at position 26 on $procdff$5396 ($dff) from module wire_udp_parser.
Setting constant 0-bit at position 27 on $procdff$5396 ($dff) from module wire_udp_parser.
Setting constant 0-bit at position 28 on $procdff$5396 ($dff) from module wire_udp_parser.
Setting constant 0-bit at position 29 on $procdff$5396 ($dff) from module wire_udp_parser.
Setting constant 0-bit at position 30 on $procdff$5396 ($dff) from module wire_udp_parser.
Setting constant 0-bit at position 31 on $procdff$5396 ($dff) from module wire_udp_parser.
Setting constant 0-bit at position 32 on $procdff$5396 ($dff) from module wire_udp_parser.
Setting constant 0-bit at position 33 on $procdff$5396 ($dff) from module wire_udp_parser.
Setting constant 0-bit at position 34 on $procdff$5396 ($dff) from module wire_udp_parser.
Setting constant 0-bit at position 35 on $procdff$5396 ($dff) from module wire_udp_parser.
Setting constant 0-bit at position 36 on $procdff$5396 ($dff) from module wire_udp_parser.
Setting constant 0-bit at position 37 on $procdff$5396 ($dff) from module wire_udp_parser.
Setting constant 0-bit at position 38 on $procdff$5396 ($dff) from module wire_udp_parser.
Setting constant 0-bit at position 39 on $procdff$5396 ($dff) from module wire_udp_parser.
Setting constant 0-bit at position 40 on $procdff$5396 ($dff) from module wire_udp_parser.
Setting constant 0-bit at position 41 on $procdff$5396 ($dff) from module wire_udp_parser.
Setting constant 0-bit at position 42 on $procdff$5396 ($dff) from module wire_udp_parser.
Setting constant 0-bit at position 43 on $procdff$5396 ($dff) from module wire_udp_parser.
Setting constant 0-bit at position 44 on $procdff$5396 ($dff) from module wire_udp_parser.
Setting constant 0-bit at position 45 on $procdff$5396 ($dff) from module wire_udp_parser.
Setting constant 0-bit at position 46 on $procdff$5396 ($dff) from module wire_udp_parser.
Setting constant 0-bit at position 47 on $procdff$5396 ($dff) from module wire_udp_parser.
Setting constant 0-bit at position 48 on $procdff$5396 ($dff) from module wire_udp_parser.
Setting constant 0-bit at position 49 on $procdff$5396 ($dff) from module wire_udp_parser.
Setting constant 0-bit at position 50 on $procdff$5396 ($dff) from module wire_udp_parser.
Setting constant 0-bit at position 51 on $procdff$5396 ($dff) from module wire_udp_parser.
Setting constant 0-bit at position 52 on $procdff$5396 ($dff) from module wire_udp_parser.
Setting constant 0-bit at position 53 on $procdff$5396 ($dff) from module wire_udp_parser.
Setting constant 0-bit at position 54 on $procdff$5396 ($dff) from module wire_udp_parser.
Setting constant 0-bit at position 55 on $procdff$5396 ($dff) from module wire_udp_parser.
Adding SRST signal on $procdff$5405 ($dff) from module wire_ipv4_parser (D = $procmux$4791_Y, Q = \remaining_q, rval = 16'0000000000000000).
Adding EN signal on $auto$ff.cc:337:slice$5896 ($sdff) from module wire_ipv4_parser (D = $procmux$4773_Y, Q = \remaining_q).
Adding SRST signal on $procdff$5406 ($dff) from module wire_ipv4_parser (D = $procmux$4759_Y, Q = \payload_physical_last_q, rval = 1'0).
Adding SRST signal on $procdff$5397 ($dff) from module wire_ipv4_parser (D = $procmux$4966_Y, Q = \state_q, rval = 3'000).
Adding SRST signal on $procdff$5398 ($dff) from module wire_ipv4_parser (D = $procmux$4923_Y, Q = \header_index_q, rval = 5'00000).
Adding SRST signal on $procdff$5399 ($dff) from module wire_ipv4_parser (D = $procmux$4899_Y, Q = \payload_data_q, rval = 8'00000000).
Adding EN signal on $auto$ff.cc:337:slice$5919 ($sdff) from module wire_ipv4_parser (D = \in_data, Q = \payload_data_q).
Adding SRST signal on $procdff$5400 ($dff) from module wire_ipv4_parser (D = $procmux$4885_Y, Q = \payload_last_q, rval = 1'0).
Adding SRST signal on $procdff$5401 ($dff) from module wire_ipv4_parser (D = $procmux$4867_Y, Q = \payload_valid_q, rval = 1'0).
Adding SRST signal on $procdff$5402 ($dff) from module wire_ipv4_parser (D = $procmux$4851_Y, Q = \reject_fatal_q, rval = 1'0).
Adding EN signal on $auto$ff.cc:337:slice$5927 ($sdff) from module wire_ipv4_parser (D = $procmux$4833_Y, Q = \reject_fatal_q).
Adding SRST signal on $procdff$5403 ($dff) from module wire_ipv4_parser (D = $procmux$4821_Y, Q = \reject_code_q, rval = 4'0000).
Adding EN signal on $auto$ff.cc:337:slice$5939 ($sdff) from module wire_ipv4_parser (D = $procmux$4803_Y, Q = \reject_code_q).
Adding SRST signal on $procdff$5404 ($dff) from module wire_ipv4_parser (D = $2$lookahead\header_q$112[151:0]$130, Q = \header_q, rval = 152'00000000000000000000000000000000000000000000000000000000000000000000000000000000000000000000000000000000000000000000000000000000000000000000000000000000).
Setting constant 0-bit at position 0 on $procdff$5409 ($dff) from module wire_ipv4_parser.
Setting constant 0-bit at position 1 on $procdff$5409 ($dff) from module wire_ipv4_parser.
Setting constant 0-bit at position 2 on $procdff$5409 ($dff) from module wire_ipv4_parser.
Setting constant 0-bit at position 3 on $procdff$5409 ($dff) from module wire_ipv4_parser.
Setting constant 0-bit at position 0 on $procdff$5408 ($dff) from module wire_ipv4_parser.
Setting constant 0-bit at position 0 on $procdff$5407 ($dff) from module wire_ipv4_parser.
Setting constant 0-bit at position 1 on $procdff$5407 ($dff) from module wire_ipv4_parser.
Setting constant 0-bit at position 2 on $procdff$5407 ($dff) from module wire_ipv4_parser.
Setting constant 0-bit at position 3 on $procdff$5407 ($dff) from module wire_ipv4_parser.
Setting constant 0-bit at position 4 on $procdff$5407 ($dff) from module wire_ipv4_parser.
Setting constant 0-bit at position 5 on $procdff$5407 ($dff) from module wire_ipv4_parser.
Setting constant 0-bit at position 6 on $procdff$5407 ($dff) from module wire_ipv4_parser.
Setting constant 0-bit at position 7 on $procdff$5407 ($dff) from module wire_ipv4_parser.
Setting constant 0-bit at position 8 on $procdff$5407 ($dff) from module wire_ipv4_parser.
Setting constant 0-bit at position 9 on $procdff$5407 ($dff) from module wire_ipv4_parser.
Setting constant 0-bit at position 10 on $procdff$5407 ($dff) from module wire_ipv4_parser.
Setting constant 0-bit at position 11 on $procdff$5407 ($dff) from module wire_ipv4_parser.
Setting constant 0-bit at position 12 on $procdff$5407 ($dff) from module wire_ipv4_parser.
Setting constant 0-bit at position 13 on $procdff$5407 ($dff) from module wire_ipv4_parser.
Setting constant 0-bit at position 14 on $procdff$5407 ($dff) from module wire_ipv4_parser.
Setting constant 0-bit at position 15 on $procdff$5407 ($dff) from module wire_ipv4_parser.
Setting constant 0-bit at position 16 on $procdff$5407 ($dff) from module wire_ipv4_parser.
Setting constant 0-bit at position 17 on $procdff$5407 ($dff) from module wire_ipv4_parser.
Setting constant 0-bit at position 18 on $procdff$5407 ($dff) from module wire_ipv4_parser.
Setting constant 0-bit at position 19 on $procdff$5407 ($dff) from module wire_ipv4_parser.
Setting constant 0-bit at position 20 on $procdff$5407 ($dff) from module wire_ipv4_parser.
Setting constant 0-bit at position 21 on $procdff$5407 ($dff) from module wire_ipv4_parser.
Setting constant 0-bit at position 22 on $procdff$5407 ($dff) from module wire_ipv4_parser.
Setting constant 0-bit at position 23 on $procdff$5407 ($dff) from module wire_ipv4_parser.
Setting constant 0-bit at position 24 on $procdff$5407 ($dff) from module wire_ipv4_parser.
Setting constant 0-bit at position 25 on $procdff$5407 ($dff) from module wire_ipv4_parser.
Setting constant 0-bit at position 26 on $procdff$5407 ($dff) from module wire_ipv4_parser.
Setting constant 0-bit at position 27 on $procdff$5407 ($dff) from module wire_ipv4_parser.
Setting constant 0-bit at position 28 on $procdff$5407 ($dff) from module wire_ipv4_parser.
Setting constant 0-bit at position 29 on $procdff$5407 ($dff) from module wire_ipv4_parser.
Setting constant 0-bit at position 30 on $procdff$5407 ($dff) from module wire_ipv4_parser.
Setting constant 0-bit at position 31 on $procdff$5407 ($dff) from module wire_ipv4_parser.
Setting constant 0-bit at position 0 on $procdff$5410 ($dff) from module wire_ipv4_parser.
Setting constant 0-bit at position 1 on $procdff$5410 ($dff) from module wire_ipv4_parser.
Setting constant 0-bit at position 2 on $procdff$5410 ($dff) from module wire_ipv4_parser.
Setting constant 0-bit at position 3 on $procdff$5410 ($dff) from module wire_ipv4_parser.
Setting constant 0-bit at position 4 on $procdff$5410 ($dff) from module wire_ipv4_parser.
Setting constant 0-bit at position 5 on $procdff$5410 ($dff) from module wire_ipv4_parser.
Setting constant 0-bit at position 6 on $procdff$5410 ($dff) from module wire_ipv4_parser.
Setting constant 0-bit at position 7 on $procdff$5410 ($dff) from module wire_ipv4_parser.
Setting constant 0-bit at position 8 on $procdff$5410 ($dff) from module wire_ipv4_parser.
Setting constant 0-bit at position 9 on $procdff$5410 ($dff) from module wire_ipv4_parser.
Setting constant 0-bit at position 10 on $procdff$5410 ($dff) from module wire_ipv4_parser.
Setting constant 0-bit at position 11 on $procdff$5410 ($dff) from module wire_ipv4_parser.
Setting constant 0-bit at position 12 on $procdff$5410 ($dff) from module wire_ipv4_parser.
Setting constant 0-bit at position 13 on $procdff$5410 ($dff) from module wire_ipv4_parser.
Setting constant 0-bit at position 14 on $procdff$5410 ($dff) from module wire_ipv4_parser.
Setting constant 0-bit at position 15 on $procdff$5410 ($dff) from module wire_ipv4_parser.
Setting constant 0-bit at position 16 on $procdff$5410 ($dff) from module wire_ipv4_parser.
Setting constant 0-bit at position 17 on $procdff$5410 ($dff) from module wire_ipv4_parser.
Setting constant 0-bit at position 18 on $procdff$5410 ($dff) from module wire_ipv4_parser.
Setting constant 0-bit at position 19 on $procdff$5410 ($dff) from module wire_ipv4_parser.
Setting constant 0-bit at position 20 on $procdff$5410 ($dff) from module wire_ipv4_parser.
Setting constant 0-bit at position 21 on $procdff$5410 ($dff) from module wire_ipv4_parser.
Setting constant 0-bit at position 22 on $procdff$5410 ($dff) from module wire_ipv4_parser.
Setting constant 0-bit at position 23 on $procdff$5410 ($dff) from module wire_ipv4_parser.
Setting constant 0-bit at position 24 on $procdff$5410 ($dff) from module wire_ipv4_parser.
Setting constant 0-bit at position 25 on $procdff$5410 ($dff) from module wire_ipv4_parser.
Setting constant 0-bit at position 26 on $procdff$5410 ($dff) from module wire_ipv4_parser.
Setting constant 0-bit at position 27 on $procdff$5410 ($dff) from module wire_ipv4_parser.
Setting constant 0-bit at position 28 on $procdff$5410 ($dff) from module wire_ipv4_parser.
Setting constant 0-bit at position 29 on $procdff$5410 ($dff) from module wire_ipv4_parser.
Setting constant 0-bit at position 30 on $procdff$5410 ($dff) from module wire_ipv4_parser.
Setting constant 0-bit at position 31 on $procdff$5410 ($dff) from module wire_ipv4_parser.
Setting constant 0-bit at position 32 on $procdff$5410 ($dff) from module wire_ipv4_parser.
Setting constant 0-bit at position 33 on $procdff$5410 ($dff) from module wire_ipv4_parser.
Setting constant 0-bit at position 34 on $procdff$5410 ($dff) from module wire_ipv4_parser.
Setting constant 0-bit at position 35 on $procdff$5410 ($dff) from module wire_ipv4_parser.
Setting constant 0-bit at position 36 on $procdff$5410 ($dff) from module wire_ipv4_parser.
Setting constant 0-bit at position 37 on $procdff$5410 ($dff) from module wire_ipv4_parser.
Setting constant 0-bit at position 38 on $procdff$5410 ($dff) from module wire_ipv4_parser.
Setting constant 0-bit at position 39 on $procdff$5410 ($dff) from module wire_ipv4_parser.
Setting constant 0-bit at position 40 on $procdff$5410 ($dff) from module wire_ipv4_parser.
Setting constant 0-bit at position 41 on $procdff$5410 ($dff) from module wire_ipv4_parser.
Setting constant 0-bit at position 42 on $procdff$5410 ($dff) from module wire_ipv4_parser.
Setting constant 0-bit at position 43 on $procdff$5410 ($dff) from module wire_ipv4_parser.
Setting constant 0-bit at position 44 on $procdff$5410 ($dff) from module wire_ipv4_parser.
Setting constant 0-bit at position 45 on $procdff$5410 ($dff) from module wire_ipv4_parser.
Setting constant 0-bit at position 46 on $procdff$5410 ($dff) from module wire_ipv4_parser.
Setting constant 0-bit at position 47 on $procdff$5410 ($dff) from module wire_ipv4_parser.
Setting constant 0-bit at position 48 on $procdff$5410 ($dff) from module wire_ipv4_parser.
Setting constant 0-bit at position 49 on $procdff$5410 ($dff) from module wire_ipv4_parser.
Setting constant 0-bit at position 50 on $procdff$5410 ($dff) from module wire_ipv4_parser.
Setting constant 0-bit at position 51 on $procdff$5410 ($dff) from module wire_ipv4_parser.
Setting constant 0-bit at position 52 on $procdff$5410 ($dff) from module wire_ipv4_parser.
Setting constant 0-bit at position 53 on $procdff$5410 ($dff) from module wire_ipv4_parser.
Setting constant 0-bit at position 54 on $procdff$5410 ($dff) from module wire_ipv4_parser.
Setting constant 0-bit at position 55 on $procdff$5410 ($dff) from module wire_ipv4_parser.
Setting constant 0-bit at position 56 on $procdff$5410 ($dff) from module wire_ipv4_parser.
Setting constant 0-bit at position 57 on $procdff$5410 ($dff) from module wire_ipv4_parser.
Setting constant 0-bit at position 58 on $procdff$5410 ($dff) from module wire_ipv4_parser.
Setting constant 0-bit at position 59 on $procdff$5410 ($dff) from module wire_ipv4_parser.
Setting constant 0-bit at position 60 on $procdff$5410 ($dff) from module wire_ipv4_parser.
Setting constant 0-bit at position 61 on $procdff$5410 ($dff) from module wire_ipv4_parser.
Setting constant 0-bit at position 62 on $procdff$5410 ($dff) from module wire_ipv4_parser.
Setting constant 0-bit at position 63 on $procdff$5410 ($dff) from module wire_ipv4_parser.
Setting constant 0-bit at position 64 on $procdff$5410 ($dff) from module wire_ipv4_parser.
Setting constant 0-bit at position 65 on $procdff$5410 ($dff) from module wire_ipv4_parser.
Setting constant 0-bit at position 66 on $procdff$5410 ($dff) from module wire_ipv4_parser.
Setting constant 0-bit at position 67 on $procdff$5410 ($dff) from module wire_ipv4_parser.
Setting constant 0-bit at position 68 on $procdff$5410 ($dff) from module wire_ipv4_parser.
Setting constant 0-bit at position 69 on $procdff$5410 ($dff) from module wire_ipv4_parser.
Setting constant 0-bit at position 70 on $procdff$5410 ($dff) from module wire_ipv4_parser.
Setting constant 0-bit at position 71 on $procdff$5410 ($dff) from module wire_ipv4_parser.
Setting constant 0-bit at position 72 on $procdff$5410 ($dff) from module wire_ipv4_parser.
Setting constant 0-bit at position 73 on $procdff$5410 ($dff) from module wire_ipv4_parser.
Setting constant 0-bit at position 74 on $procdff$5410 ($dff) from module wire_ipv4_parser.
Setting constant 0-bit at position 75 on $procdff$5410 ($dff) from module wire_ipv4_parser.
Setting constant 0-bit at position 76 on $procdff$5410 ($dff) from module wire_ipv4_parser.
Setting constant 0-bit at position 77 on $procdff$5410 ($dff) from module wire_ipv4_parser.
Setting constant 0-bit at position 78 on $procdff$5410 ($dff) from module wire_ipv4_parser.
Setting constant 0-bit at position 79 on $procdff$5410 ($dff) from module wire_ipv4_parser.
Setting constant 0-bit at position 80 on $procdff$5410 ($dff) from module wire_ipv4_parser.
Setting constant 0-bit at position 81 on $procdff$5410 ($dff) from module wire_ipv4_parser.
Setting constant 0-bit at position 82 on $procdff$5410 ($dff) from module wire_ipv4_parser.
Setting constant 0-bit at position 83 on $procdff$5410 ($dff) from module wire_ipv4_parser.
Setting constant 0-bit at position 84 on $procdff$5410 ($dff) from module wire_ipv4_parser.
Setting constant 0-bit at position 85 on $procdff$5410 ($dff) from module wire_ipv4_parser.
Setting constant 0-bit at position 86 on $procdff$5410 ($dff) from module wire_ipv4_parser.
Setting constant 0-bit at position 87 on $procdff$5410 ($dff) from module wire_ipv4_parser.
Setting constant 0-bit at position 88 on $procdff$5410 ($dff) from module wire_ipv4_parser.
Setting constant 0-bit at position 89 on $procdff$5410 ($dff) from module wire_ipv4_parser.
Setting constant 0-bit at position 90 on $procdff$5410 ($dff) from module wire_ipv4_parser.
Setting constant 0-bit at position 91 on $procdff$5410 ($dff) from module wire_ipv4_parser.
Setting constant 0-bit at position 92 on $procdff$5410 ($dff) from module wire_ipv4_parser.
Setting constant 0-bit at position 93 on $procdff$5410 ($dff) from module wire_ipv4_parser.
Setting constant 0-bit at position 94 on $procdff$5410 ($dff) from module wire_ipv4_parser.
Setting constant 0-bit at position 95 on $procdff$5410 ($dff) from module wire_ipv4_parser.
Setting constant 0-bit at position 96 on $procdff$5410 ($dff) from module wire_ipv4_parser.
Setting constant 0-bit at position 97 on $procdff$5410 ($dff) from module wire_ipv4_parser.
Setting constant 0-bit at position 98 on $procdff$5410 ($dff) from module wire_ipv4_parser.
Setting constant 0-bit at position 99 on $procdff$5410 ($dff) from module wire_ipv4_parser.
Setting constant 0-bit at position 100 on $procdff$5410 ($dff) from module wire_ipv4_parser.
Setting constant 0-bit at position 101 on $procdff$5410 ($dff) from module wire_ipv4_parser.
Setting constant 0-bit at position 102 on $procdff$5410 ($dff) from module wire_ipv4_parser.
Setting constant 0-bit at position 103 on $procdff$5410 ($dff) from module wire_ipv4_parser.
Setting constant 0-bit at position 104 on $procdff$5410 ($dff) from module wire_ipv4_parser.
Setting constant 0-bit at position 105 on $procdff$5410 ($dff) from module wire_ipv4_parser.
Setting constant 0-bit at position 106 on $procdff$5410 ($dff) from module wire_ipv4_parser.
Setting constant 0-bit at position 107 on $procdff$5410 ($dff) from module wire_ipv4_parser.
Setting constant 0-bit at position 108 on $procdff$5410 ($dff) from module wire_ipv4_parser.
Setting constant 0-bit at position 109 on $procdff$5410 ($dff) from module wire_ipv4_parser.
Setting constant 0-bit at position 110 on $procdff$5410 ($dff) from module wire_ipv4_parser.
Setting constant 0-bit at position 111 on $procdff$5410 ($dff) from module wire_ipv4_parser.
Setting constant 0-bit at position 112 on $procdff$5410 ($dff) from module wire_ipv4_parser.
Setting constant 0-bit at position 113 on $procdff$5410 ($dff) from module wire_ipv4_parser.
Setting constant 0-bit at position 114 on $procdff$5410 ($dff) from module wire_ipv4_parser.
Setting constant 0-bit at position 115 on $procdff$5410 ($dff) from module wire_ipv4_parser.
Setting constant 0-bit at position 116 on $procdff$5410 ($dff) from module wire_ipv4_parser.
Setting constant 0-bit at position 117 on $procdff$5410 ($dff) from module wire_ipv4_parser.
Setting constant 0-bit at position 118 on $procdff$5410 ($dff) from module wire_ipv4_parser.
Setting constant 0-bit at position 119 on $procdff$5410 ($dff) from module wire_ipv4_parser.
Setting constant 0-bit at position 120 on $procdff$5410 ($dff) from module wire_ipv4_parser.
Setting constant 0-bit at position 121 on $procdff$5410 ($dff) from module wire_ipv4_parser.
Setting constant 0-bit at position 122 on $procdff$5410 ($dff) from module wire_ipv4_parser.
Setting constant 0-bit at position 123 on $procdff$5410 ($dff) from module wire_ipv4_parser.
Setting constant 0-bit at position 124 on $procdff$5410 ($dff) from module wire_ipv4_parser.
Setting constant 0-bit at position 125 on $procdff$5410 ($dff) from module wire_ipv4_parser.
Setting constant 0-bit at position 126 on $procdff$5410 ($dff) from module wire_ipv4_parser.
Setting constant 0-bit at position 127 on $procdff$5410 ($dff) from module wire_ipv4_parser.
Setting constant 0-bit at position 128 on $procdff$5410 ($dff) from module wire_ipv4_parser.
Setting constant 0-bit at position 129 on $procdff$5410 ($dff) from module wire_ipv4_parser.
Setting constant 0-bit at position 130 on $procdff$5410 ($dff) from module wire_ipv4_parser.
Setting constant 0-bit at position 131 on $procdff$5410 ($dff) from module wire_ipv4_parser.
Setting constant 0-bit at position 132 on $procdff$5410 ($dff) from module wire_ipv4_parser.
Setting constant 0-bit at position 133 on $procdff$5410 ($dff) from module wire_ipv4_parser.
Setting constant 0-bit at position 134 on $procdff$5410 ($dff) from module wire_ipv4_parser.
Setting constant 0-bit at position 135 on $procdff$5410 ($dff) from module wire_ipv4_parser.
Setting constant 0-bit at position 136 on $procdff$5410 ($dff) from module wire_ipv4_parser.
Setting constant 0-bit at position 137 on $procdff$5410 ($dff) from module wire_ipv4_parser.
Setting constant 0-bit at position 138 on $procdff$5410 ($dff) from module wire_ipv4_parser.
Setting constant 0-bit at position 139 on $procdff$5410 ($dff) from module wire_ipv4_parser.
Setting constant 0-bit at position 140 on $procdff$5410 ($dff) from module wire_ipv4_parser.
Setting constant 0-bit at position 141 on $procdff$5410 ($dff) from module wire_ipv4_parser.
Setting constant 0-bit at position 142 on $procdff$5410 ($dff) from module wire_ipv4_parser.
Setting constant 0-bit at position 143 on $procdff$5410 ($dff) from module wire_ipv4_parser.
Setting constant 0-bit at position 144 on $procdff$5410 ($dff) from module wire_ipv4_parser.
Setting constant 0-bit at position 145 on $procdff$5410 ($dff) from module wire_ipv4_parser.
Setting constant 0-bit at position 146 on $procdff$5410 ($dff) from module wire_ipv4_parser.
Setting constant 0-bit at position 147 on $procdff$5410 ($dff) from module wire_ipv4_parser.
Setting constant 0-bit at position 148 on $procdff$5410 ($dff) from module wire_ipv4_parser.
Setting constant 0-bit at position 149 on $procdff$5410 ($dff) from module wire_ipv4_parser.
Setting constant 0-bit at position 150 on $procdff$5410 ($dff) from module wire_ipv4_parser.
Setting constant 0-bit at position 151 on $procdff$5410 ($dff) from module wire_ipv4_parser.
Adding SRST signal on $procdff$5411 ($dff) from module wire_eth_parser (D = $procmux$5115_Y, Q = \state_q, rval = 2'00).
Adding SRST signal on $procdff$5412 ($dff) from module wire_eth_parser (D = $procmux$5084_Y, Q = \header_index_q, rval = 4'0000).
Adding SRST signal on $procdff$5413 ($dff) from module wire_eth_parser (D = $procmux$5062_Y, Q = \ethertype_high_q, rval = 8'00000000).
Adding EN signal on $auto$ff.cc:337:slice$5958 ($sdff) from module wire_eth_parser (D = \in_data, Q = \ethertype_high_q).
Adding SRST signal on $procdff$5414 ($dff) from module wire_eth_parser (D = $procmux$5046_Y, Q = \payload_data_q, rval = 8'00000000).
Adding EN signal on $auto$ff.cc:337:slice$5964 ($sdff) from module wire_eth_parser (D = \in_data, Q = \payload_data_q).
Adding SRST signal on $procdff$5415 ($dff) from module wire_eth_parser (D = $procmux$5038_Y, Q = \payload_last_q, rval = 1'0).
Adding SRST signal on $procdff$5416 ($dff) from module wire_eth_parser (D = $procmux$5026_Y, Q = \payload_valid_q, rval = 1'0).
Adding SRST signal on $procdff$5417 ($dff) from module wire_eth_parser (D = $procmux$5016_Y, Q = \reject_fatal_q, rval = 1'0).
Adding EN signal on $auto$ff.cc:337:slice$5970 ($sdff) from module wire_eth_parser (D = $procmux$4998_Y, Q = \reject_fatal_q).
Adding SRST signal on $procdff$5418 ($dff) from module wire_eth_parser (D = $procmux$4991_Y, Q = \reject_code_q, rval = 2'00).
Adding EN signal on $auto$ff.cc:337:slice$5980 ($sdff) from module wire_eth_parser (D = $procmux$4973_Y, Q = \reject_code_q).
Adding SRST signal on $procdff$5419 ($dff) from module wire_gearbox_64to8 (D = $procmux$5194_Y, Q = \data_q, rval = 64'0000000000000000000000000000000000000000000000000000000000000000).
Adding EN signal on $auto$ff.cc:337:slice$5990 ($sdff) from module wire_gearbox_64to8 (D = \in_data, Q = \data_q).
Adding SRST signal on $procdff$5420 ($dff) from module wire_gearbox_64to8 (D = $procmux$5188_Y, Q = \last_q, rval = 1'0).
Adding EN signal on $auto$ff.cc:337:slice$5992 ($sdff) from module wire_gearbox_64to8 (D = $procmux$5188_Y, Q = \last_q).
Adding SRST signal on $procdff$5421 ($dff) from module wire_gearbox_64to8 (D = $procmux$5177_Y, Q = \count_q, rval = 4'0000).
Adding EN signal on $auto$ff.cc:337:slice$6000 ($sdff) from module wire_gearbox_64to8 (D = $3\keep_count$func$rtl/arch_a/wire_gearbox_64to8.sv:58$44.$result[3:0]$65, Q = \count_q).
Adding SRST signal on $procdff$5422 ($dff) from module wire_gearbox_64to8 (D = $procmux$5168_Y, Q = \index_q, rval = 3'000).
Adding EN signal on $auto$ff.cc:337:slice$6002 ($sdff) from module wire_gearbox_64to8 (D = $procmux$5166_Y, Q = \index_q).
Adding SRST signal on $procdff$5423 ($dff) from module wire_gearbox_64to8 (D = $procmux$5160_Y, Q = \valid_q, rval = 1'0).
Adding EN signal on $auto$ff.cc:337:slice$6006 ($sdff) from module wire_gearbox_64to8 (D = $procmux$5160_Y, Q = \valid_q).
Setting constant 0-bit at position 0 on $procdff$5424 ($dff) from module wire_gearbox_64to8.
Setting constant 0-bit at position 1 on $procdff$5424 ($dff) from module wire_gearbox_64to8.
Setting constant 0-bit at position 2 on $procdff$5424 ($dff) from module wire_gearbox_64to8.
Setting constant 0-bit at position 3 on $procdff$5424 ($dff) from module wire_gearbox_64to8.
Setting constant 0-bit at position 0 on $procdff$5425 ($dff) from module wire_gearbox_64to8.
Setting constant 0-bit at position 1 on $procdff$5425 ($dff) from module wire_gearbox_64to8.
Setting constant 0-bit at position 2 on $procdff$5425 ($dff) from module wire_gearbox_64to8.
Setting constant 0-bit at position 3 on $procdff$5425 ($dff) from module wire_gearbox_64to8.
Setting constant 0-bit at position 4 on $procdff$5425 ($dff) from module wire_gearbox_64to8.
Setting constant 0-bit at position 5 on $procdff$5425 ($dff) from module wire_gearbox_64to8.
Setting constant 0-bit at position 6 on $procdff$5425 ($dff) from module wire_gearbox_64to8.
Setting constant 0-bit at position 7 on $procdff$5425 ($dff) from module wire_gearbox_64to8.
Adding SRST signal on $procdff$5428 ($dff) from module wire_ingress_buffer (D = $procmux$5254_Y, Q = \count_q, rval = 2'00).
Adding EN signal on $auto$ff.cc:337:slice$6016 ($sdff) from module wire_ingress_buffer (D = $procmux$5254_Y, Q = \count_q).
Adding SRST signal on $procdff$5426 ($dff) from module wire_ingress_buffer (D = $procmux$5293_Y, Q = \read_ptr_q, rval = 1'0).
Adding EN signal on $auto$ff.cc:337:slice$6020 ($sdff) from module wire_ingress_buffer (D = $add$rtl/common/wire_ingress_buffer.sv:51$41_Y, Q = \read_ptr_q).
Adding SRST signal on $procdff$5427 ($dff) from module wire_ingress_buffer (D = $procmux$5288_Y, Q = \write_ptr_q, rval = 1'0).
Adding EN signal on $auto$ff.cc:337:slice$6022 ($sdff) from module wire_ingress_buffer (D = $add$rtl/common/wire_ingress_buffer.sv:47$40_Y, Q = \write_ptr_q).

12.7. Executing OPT_CLEAN pass (remove unused cells and wires).
Finding unused cells or wires in module \wire_arch_a_parser_top..
Finding unused cells or wires in module \wire_itch_decoder..
Finding unused cells or wires in module \wire_mold_message_framer..
Finding unused cells or wires in module \wire_mold_header_seq..
Finding unused cells or wires in module \wire_udp_parser..
Finding unused cells or wires in module \wire_ipv4_parser..
Finding unused cells or wires in module \wire_eth_parser..
Finding unused cells or wires in module \wire_gearbox_64to8..
Finding unused cells or wires in module \wire_ingress_buffer..
Removed 215 unused cells and 2862 unused wires.
<suppressed ~225 debug messages>

12.8. Executing OPT_EXPR pass (perform const folding).
Optimizing module wire_arch_a_parser_top.
Optimizing module wire_itch_decoder.
<suppressed ~4 debug messages>
Optimizing module wire_mold_message_framer.
<suppressed ~3 debug messages>
Optimizing module wire_mold_header_seq.
<suppressed ~6 debug messages>
Optimizing module wire_udp_parser.
<suppressed ~8 debug messages>
Optimizing module wire_ipv4_parser.
<suppressed ~3 debug messages>
Optimizing module wire_eth_parser.
<suppressed ~2 debug messages>
Optimizing module wire_gearbox_64to8.
<suppressed ~4 debug messages>
Optimizing module wire_ingress_buffer.
<suppressed ~1 debug messages>

12.9. Rerunning OPT passes. (Maybe there is more to do..)

12.10. Executing OPT_MUXTREE pass (detect dead branches in mux trees).
Running muxtree optimizer on module \wire_arch_a_parser_top..
  Creating internal representation of mux trees.
  Evaluating internal representation of mux trees.
  Analyzing evaluation results.
Running muxtree optimizer on module \wire_itch_decoder..
  Creating internal representation of mux trees.
  Evaluating internal representation of mux trees.
  Analyzing evaluation results.
Running muxtree optimizer on module \wire_mold_message_framer..
  Creating internal representation of mux trees.
  Evaluating internal representation of mux trees.
  Analyzing evaluation results.
Running muxtree optimizer on module \wire_mold_header_seq..
  Creating internal representation of mux trees.
  Evaluating internal representation of mux trees.
  Analyzing evaluation results.
Running muxtree optimizer on module \wire_udp_parser..
  Creating internal representation of mux trees.
  Evaluating internal representation of mux trees.
  Analyzing evaluation results.
Running muxtree optimizer on module \wire_ipv4_parser..
  Creating internal representation of mux trees.
  Evaluating internal representation of mux trees.
  Analyzing evaluation results.
Running muxtree optimizer on module \wire_eth_parser..
  Creating internal representation of mux trees.
  Evaluating internal representation of mux trees.
  Analyzing evaluation results.
Running muxtree optimizer on module \wire_gearbox_64to8..
  Creating internal representation of mux trees.
  Evaluating internal representation of mux trees.
  Analyzing evaluation results.
Running muxtree optimizer on module \wire_ingress_buffer..
  Creating internal representation of mux trees.
  Evaluating internal representation of mux trees.
  Analyzing evaluation results.
Removed 0 multiplexer ports.
<suppressed ~1719 debug messages>

12.11. Executing OPT_REDUCE pass (consolidate $*mux and $reduce_* inputs).
  Optimizing cells in module \wire_arch_a_parser_top.
  Optimizing cells in module \wire_itch_decoder.
  Optimizing cells in module \wire_mold_message_framer.
    New ctrl vector for $pmux cell $procmux$3027: $auto$opt_reduce.cc:137:opt_pmux$6025
    New ctrl vector for $pmux cell $procmux$2981: $auto$opt_reduce.cc:137:opt_pmux$6027
  Optimizing cells in module \wire_mold_message_framer.
  Optimizing cells in module \wire_mold_header_seq.
  Optimizing cells in module \wire_udp_parser.
  Optimizing cells in module \wire_ipv4_parser.
  Optimizing cells in module \wire_eth_parser.
  Optimizing cells in module \wire_gearbox_64to8.
  Optimizing cells in module \wire_ingress_buffer.
Performed a total of 2 changes.

12.12. Executing OPT_MERGE pass (detect identical cells).
Finding identical cells in module `\wire_arch_a_parser_top'.
Computing hashes of 45 cells of `\wire_arch_a_parser_top'.
Finding duplicate cells in `\wire_arch_a_parser_top'.
Finding identical cells in module `\wire_itch_decoder'.
Computing hashes of 359 cells of `\wire_itch_decoder'.
Finding duplicate cells in `\wire_itch_decoder'.
Computing hashes of 345 cells of `\wire_itch_decoder'.
Finding duplicate cells in `\wire_itch_decoder'.
<suppressed ~42 debug messages>
Finding identical cells in module `\wire_mold_message_framer'.
Computing hashes of 156 cells of `\wire_mold_message_framer'.
Finding duplicate cells in `\wire_mold_message_framer'.
Computing hashes of 153 cells of `\wire_mold_message_framer'.
Finding duplicate cells in `\wire_mold_message_framer'.
<suppressed ~9 debug messages>
Finding identical cells in module `\wire_mold_header_seq'.
Computing hashes of 197 cells of `\wire_mold_header_seq'.
Finding duplicate cells in `\wire_mold_header_seq'.
Computing hashes of 180 cells of `\wire_mold_header_seq'.
Finding duplicate cells in `\wire_mold_header_seq'.
Computing hashes of 177 cells of `\wire_mold_header_seq'.
Finding duplicate cells in `\wire_mold_header_seq'.
<suppressed ~60 debug messages>
Finding identical cells in module `\wire_udp_parser'.
Computing hashes of 200 cells of `\wire_udp_parser'.
Finding duplicate cells in `\wire_udp_parser'.
Computing hashes of 180 cells of `\wire_udp_parser'.
Finding duplicate cells in `\wire_udp_parser'.
Computing hashes of 178 cells of `\wire_udp_parser'.
Finding duplicate cells in `\wire_udp_parser'.
<suppressed ~66 debug messages>
Finding identical cells in module `\wire_ipv4_parser'.
Computing hashes of 165 cells of `\wire_ipv4_parser'.
Finding duplicate cells in `\wire_ipv4_parser'.
Computing hashes of 160 cells of `\wire_ipv4_parser'.
Finding duplicate cells in `\wire_ipv4_parser'.
Computing hashes of 159 cells of `\wire_ipv4_parser'.
Finding duplicate cells in `\wire_ipv4_parser'.
<suppressed ~18 debug messages>
Finding identical cells in module `\wire_eth_parser'.
Computing hashes of 77 cells of `\wire_eth_parser'.
Finding duplicate cells in `\wire_eth_parser'.
Computing hashes of 74 cells of `\wire_eth_parser'.
Finding duplicate cells in `\wire_eth_parser'.
Computing hashes of 73 cells of `\wire_eth_parser'.
Finding duplicate cells in `\wire_eth_parser'.
<suppressed ~12 debug messages>
Finding identical cells in module `\wire_gearbox_64to8'.
Computing hashes of 40 cells of `\wire_gearbox_64to8'.
Finding duplicate cells in `\wire_gearbox_64to8'.
Computing hashes of 37 cells of `\wire_gearbox_64to8'.
Finding duplicate cells in `\wire_gearbox_64to8'.
Computing hashes of 35 cells of `\wire_gearbox_64to8'.
Finding duplicate cells in `\wire_gearbox_64to8'.
<suppressed ~15 debug messages>
Finding identical cells in module `\wire_ingress_buffer'.
Computing hashes of 32 cells of `\wire_ingress_buffer'.
Finding duplicate cells in `\wire_ingress_buffer'.
Removed a total of 74 cells.

12.13. Executing OPT_DFF pass (perform DFF optimizations).
Adding EN signal on $auto$ff.cc:337:slice$5699 ($sdff) from module wire_mold_header_seq (D = $or$rtl/arch_a/wire_mold_header_seq.sv:180$335_Y, Q = \header_q).
Adding EN signal on $auto$ff.cc:337:slice$5865 ($sdff) from module wire_udp_parser (D = $or$rtl/arch_a/wire_udp_parser.sv:104$271_Y, Q = \header_q).
Adding EN signal on $auto$ff.cc:337:slice$5951 ($sdff) from module wire_ipv4_parser (D = $or$rtl/arch_a/wire_ipv4_parser.sv:155$156_Y, Q = \header_q).

12.14. Executing OPT_CLEAN pass (remove unused cells and wires).
Finding unused cells or wires in module \wire_arch_a_parser_top..
Finding unused cells or wires in module \wire_itch_decoder..
Finding unused cells or wires in module \wire_mold_message_framer..
Finding unused cells or wires in module \wire_mold_header_seq..
Finding unused cells or wires in module \wire_udp_parser..
Finding unused cells or wires in module \wire_ipv4_parser..
Finding unused cells or wires in module \wire_eth_parser..
Finding unused cells or wires in module \wire_gearbox_64to8..
Finding unused cells or wires in module \wire_ingress_buffer..
Removed 12 unused cells and 88 unused wires.
<suppressed ~19 debug messages>

12.15. Executing OPT_EXPR pass (perform const folding).
Optimizing module wire_arch_a_parser_top.
Optimizing module wire_itch_decoder.
Optimizing module wire_mold_message_framer.
Optimizing module wire_mold_header_seq.
Optimizing module wire_udp_parser.
Optimizing module wire_ipv4_parser.
Optimizing module wire_eth_parser.
Optimizing module wire_gearbox_64to8.
Optimizing module wire_ingress_buffer.

12.16. Rerunning OPT passes. (Maybe there is more to do..)

12.17. Executing OPT_MUXTREE pass (detect dead branches in mux trees).
Running muxtree optimizer on module \wire_arch_a_parser_top..
  Creating internal representation of mux trees.
  Evaluating internal representation of mux trees.
  Analyzing evaluation results.
Running muxtree optimizer on module \wire_itch_decoder..
  Creating internal representation of mux trees.
  Evaluating internal representation of mux trees.
  Analyzing evaluation results.
Running muxtree optimizer on module \wire_mold_message_framer..
  Creating internal representation of mux trees.
  Evaluating internal representation of mux trees.
  Analyzing evaluation results.
Running muxtree optimizer on module \wire_mold_header_seq..
  Creating internal representation of mux trees.
  Evaluating internal representation of mux trees.
  Analyzing evaluation results.
Running muxtree optimizer on module \wire_udp_parser..
  Creating internal representation of mux trees.
  Evaluating internal representation of mux trees.
  Analyzing evaluation results.
Running muxtree optimizer on module \wire_ipv4_parser..
  Creating internal representation of mux trees.
  Evaluating internal representation of mux trees.
  Analyzing evaluation results.
Running muxtree optimizer on module \wire_eth_parser..
  Creating internal representation of mux trees.
  Evaluating internal representation of mux trees.
  Analyzing evaluation results.
Running muxtree optimizer on module \wire_gearbox_64to8..
  Creating internal representation of mux trees.
  Evaluating internal representation of mux trees.
  Analyzing evaluation results.
Running muxtree optimizer on module \wire_ingress_buffer..
  Creating internal representation of mux trees.
  Evaluating internal representation of mux trees.
  Analyzing evaluation results.
Removed 0 multiplexer ports.
<suppressed ~1803 debug messages>

12.18. Executing OPT_REDUCE pass (consolidate $*mux and $reduce_* inputs).
  Optimizing cells in module \wire_arch_a_parser_top.
  Optimizing cells in module \wire_itch_decoder.
  Optimizing cells in module \wire_mold_message_framer.
  Optimizing cells in module \wire_mold_header_seq.
  Optimizing cells in module \wire_udp_parser.
  Optimizing cells in module \wire_ipv4_parser.
  Optimizing cells in module \wire_eth_parser.
  Optimizing cells in module \wire_gearbox_64to8.
  Optimizing cells in module \wire_ingress_buffer.
Performed a total of 0 changes.

12.19. Executing OPT_MERGE pass (detect identical cells).
Finding identical cells in module `\wire_arch_a_parser_top'.
Computing hashes of 45 cells of `\wire_arch_a_parser_top'.
Finding duplicate cells in `\wire_arch_a_parser_top'.
Finding identical cells in module `\wire_itch_decoder'.
Computing hashes of 345 cells of `\wire_itch_decoder'.
Finding duplicate cells in `\wire_itch_decoder'.
Finding identical cells in module `\wire_mold_message_framer'.
Computing hashes of 153 cells of `\wire_mold_message_framer'.
Finding duplicate cells in `\wire_mold_message_framer'.
Finding identical cells in module `\wire_mold_header_seq'.
Computing hashes of 175 cells of `\wire_mold_header_seq'.
Finding duplicate cells in `\wire_mold_header_seq'.
Finding identical cells in module `\wire_udp_parser'.
Computing hashes of 176 cells of `\wire_udp_parser'.
Finding duplicate cells in `\wire_udp_parser'.
Computing hashes of 175 cells of `\wire_udp_parser'.
Finding duplicate cells in `\wire_udp_parser'.
<suppressed ~3 debug messages>
Finding identical cells in module `\wire_ipv4_parser'.
Computing hashes of 157 cells of `\wire_ipv4_parser'.
Finding duplicate cells in `\wire_ipv4_parser'.
Finding identical cells in module `\wire_eth_parser'.
Computing hashes of 73 cells of `\wire_eth_parser'.
Finding duplicate cells in `\wire_eth_parser'.
Finding identical cells in module `\wire_gearbox_64to8'.
Computing hashes of 35 cells of `\wire_gearbox_64to8'.
Finding duplicate cells in `\wire_gearbox_64to8'.
Finding identical cells in module `\wire_ingress_buffer'.
Computing hashes of 32 cells of `\wire_ingress_buffer'.
Finding duplicate cells in `\wire_ingress_buffer'.
Removed a total of 1 cells.

12.20. Executing OPT_DFF pass (perform DFF optimizations).

12.21. Executing OPT_CLEAN pass (remove unused cells and wires).
Finding unused cells or wires in module \wire_arch_a_parser_top..
Finding unused cells or wires in module \wire_itch_decoder..
Finding unused cells or wires in module \wire_mold_message_framer..
Finding unused cells or wires in module \wire_mold_header_seq..
Finding unused cells or wires in module \wire_udp_parser..
Finding unused cells or wires in module \wire_ipv4_parser..
Finding unused cells or wires in module \wire_eth_parser..
Finding unused cells or wires in module \wire_gearbox_64to8..
Finding unused cells or wires in module \wire_ingress_buffer..
Removed 0 unused cells and 1 unused wires.
<suppressed ~1 debug messages>

12.22. Executing OPT_EXPR pass (perform const folding).
Optimizing module wire_arch_a_parser_top.
Optimizing module wire_itch_decoder.
Optimizing module wire_mold_message_framer.
Optimizing module wire_mold_header_seq.
Optimizing module wire_udp_parser.
Optimizing module wire_ipv4_parser.
Optimizing module wire_eth_parser.
Optimizing module wire_gearbox_64to8.
Optimizing module wire_ingress_buffer.

12.23. Rerunning OPT passes. (Maybe there is more to do..)

12.24. Executing OPT_MUXTREE pass (detect dead branches in mux trees).
Running muxtree optimizer on module \wire_arch_a_parser_top..
  Creating internal representation of mux trees.
  Evaluating internal representation of mux trees.
  Analyzing evaluation results.
Running muxtree optimizer on module \wire_itch_decoder..
  Creating internal representation of mux trees.
  Evaluating internal representation of mux trees.
  Analyzing evaluation results.
Running muxtree optimizer on module \wire_mold_message_framer..
  Creating internal representation of mux trees.
  Evaluating internal representation of mux trees.
  Analyzing evaluation results.
Running muxtree optimizer on module \wire_mold_header_seq..
  Creating internal representation of mux trees.
  Evaluating internal representation of mux trees.
  Analyzing evaluation results.
Running muxtree optimizer on module \wire_udp_parser..
  Creating internal representation of mux trees.
  Evaluating internal representation of mux trees.
  Analyzing evaluation results.
Running muxtree optimizer on module \wire_ipv4_parser..
  Creating internal representation of mux trees.
  Evaluating internal representation of mux trees.
  Analyzing evaluation results.
Running muxtree optimizer on module \wire_eth_parser..
  Creating internal representation of mux trees.
  Evaluating internal representation of mux trees.
  Analyzing evaluation results.
Running muxtree optimizer on module \wire_gearbox_64to8..
  Creating internal representation of mux trees.
  Evaluating internal representation of mux trees.
  Analyzing evaluation results.
Running muxtree optimizer on module \wire_ingress_buffer..
  Creating internal representation of mux trees.
  Evaluating internal representation of mux trees.
  Analyzing evaluation results.
Removed 0 multiplexer ports.
<suppressed ~1803 debug messages>

12.25. Executing OPT_REDUCE pass (consolidate $*mux and $reduce_* inputs).
  Optimizing cells in module \wire_arch_a_parser_top.
  Optimizing cells in module \wire_itch_decoder.
  Optimizing cells in module \wire_mold_message_framer.
  Optimizing cells in module \wire_mold_header_seq.
  Optimizing cells in module \wire_udp_parser.
  Optimizing cells in module \wire_ipv4_parser.
  Optimizing cells in module \wire_eth_parser.
  Optimizing cells in module \wire_gearbox_64to8.
  Optimizing cells in module \wire_ingress_buffer.
Performed a total of 0 changes.

12.26. Executing OPT_MERGE pass (detect identical cells).
Finding identical cells in module `\wire_arch_a_parser_top'.
Computing hashes of 45 cells of `\wire_arch_a_parser_top'.
Finding duplicate cells in `\wire_arch_a_parser_top'.
Finding identical cells in module `\wire_itch_decoder'.
Computing hashes of 345 cells of `\wire_itch_decoder'.
Finding duplicate cells in `\wire_itch_decoder'.
Finding identical cells in module `\wire_mold_message_framer'.
Computing hashes of 153 cells of `\wire_mold_message_framer'.
Finding duplicate cells in `\wire_mold_message_framer'.
Finding identical cells in module `\wire_mold_header_seq'.
Computing hashes of 175 cells of `\wire_mold_header_seq'.
Finding duplicate cells in `\wire_mold_header_seq'.
Finding identical cells in module `\wire_udp_parser'.
Computing hashes of 175 cells of `\wire_udp_parser'.
Finding duplicate cells in `\wire_udp_parser'.
Finding identical cells in module `\wire_ipv4_parser'.
Computing hashes of 157 cells of `\wire_ipv4_parser'.
Finding duplicate cells in `\wire_ipv4_parser'.
Finding identical cells in module `\wire_eth_parser'.
Computing hashes of 73 cells of `\wire_eth_parser'.
Finding duplicate cells in `\wire_eth_parser'.
Finding identical cells in module `\wire_gearbox_64to8'.
Computing hashes of 35 cells of `\wire_gearbox_64to8'.
Finding duplicate cells in `\wire_gearbox_64to8'.
Finding identical cells in module `\wire_ingress_buffer'.
Computing hashes of 32 cells of `\wire_ingress_buffer'.
Finding duplicate cells in `\wire_ingress_buffer'.
Removed a total of 0 cells.

12.27. Executing OPT_DFF pass (perform DFF optimizations).

12.28. Executing OPT_CLEAN pass (remove unused cells and wires).
Finding unused cells or wires in module \wire_arch_a_parser_top..
Finding unused cells or wires in module \wire_itch_decoder..
Finding unused cells or wires in module \wire_mold_message_framer..
Finding unused cells or wires in module \wire_mold_header_seq..
Finding unused cells or wires in module \wire_udp_parser..
Finding unused cells or wires in module \wire_ipv4_parser..
Finding unused cells or wires in module \wire_eth_parser..
Finding unused cells or wires in module \wire_gearbox_64to8..
Finding unused cells or wires in module \wire_ingress_buffer..

12.29. Executing OPT_EXPR pass (perform const folding).
Optimizing module wire_arch_a_parser_top.
Optimizing module wire_itch_decoder.
Optimizing module wire_mold_message_framer.
Optimizing module wire_mold_header_seq.
Optimizing module wire_udp_parser.
Optimizing module wire_ipv4_parser.
Optimizing module wire_eth_parser.
Optimizing module wire_gearbox_64to8.
Optimizing module wire_ingress_buffer.

12.30. Finished fast OPT passes. (There is nothing left to do.)

13. Executing CHECK pass (checking for obvious problems).
Checking module wire_arch_a_parser_top...
Checking module wire_itch_decoder...
Checking module wire_mold_message_framer...
Checking module wire_mold_header_seq...
Checking module wire_udp_parser...
Checking module wire_ipv4_parser...
Checking module wire_eth_parser...
Checking module wire_gearbox_64to8...
Checking module wire_ingress_buffer...
Found and reported 0 problems.

14. Executing SYNTH pass.

14.1. Executing HIERARCHY pass (managing design hierarchy).

14.1.1. Analyzing design hierarchy..
Top module:  \wire_arch_a_parser_top
Used module:     \wire_udp_parser
Used module:     \wire_ipv4_parser
Used module:     \wire_eth_parser
Used module:     \wire_gearbox_64to8
Used module:     \wire_ingress_buffer
Used module:     \wire_mold_header_seq
Used module:     \wire_mold_message_framer
Used module:     \wire_itch_decoder

14.1.2. Analyzing design hierarchy..
Top module:  \wire_arch_a_parser_top
Used module:     \wire_udp_parser
Used module:     \wire_ipv4_parser
Used module:     \wire_eth_parser
Used module:     \wire_gearbox_64to8
Used module:     \wire_ingress_buffer
Used module:     \wire_mold_header_seq
Used module:     \wire_mold_message_framer
Used module:     \wire_itch_decoder
Removed 0 unused modules.

14.2. Executing PROC pass (convert processes to netlists).

14.2.1. Executing PROC_CLEAN pass (remove empty switches from decision trees).
Cleaned up 0 empty switches.

14.2.2. Executing PROC_RMDEAD pass (remove dead branches from decision trees).
Removed a total of 0 dead cases.

14.2.3. Executing PROC_PRUNE pass (remove redundant assignments in processes).
Removed 0 redundant assignments.
Promoted 0 assignments to connections.

14.2.4. Executing PROC_INIT pass (extract init attributes).

14.2.5. Executing PROC_ARST pass (detect async resets in processes).

14.2.6. Executing PROC_ROM pass (convert switches to ROMs).
Converted 0 switches.

14.2.7. Executing PROC_MUX pass (convert decision trees to multiplexers).

14.2.8. Executing PROC_DLATCH pass (convert process syncs to latches).

14.2.9. Executing PROC_DFF pass (convert process syncs to FFs).

14.2.10. Executing PROC_MEMWR pass (convert process memory writes to cells).

14.2.11. Executing PROC_CLEAN pass (remove empty switches from decision trees).
Cleaned up 0 empty switches.

14.2.12. Executing OPT_EXPR pass (perform const folding).
Optimizing module wire_arch_a_parser_top.
Optimizing module wire_itch_decoder.
Optimizing module wire_mold_message_framer.
Optimizing module wire_mold_header_seq.
Optimizing module wire_udp_parser.
Optimizing module wire_ipv4_parser.
Optimizing module wire_eth_parser.
Optimizing module wire_gearbox_64to8.
Optimizing module wire_ingress_buffer.

14.3. Executing OPT_EXPR pass (perform const folding).
Optimizing module wire_arch_a_parser_top.
Optimizing module wire_itch_decoder.
Optimizing module wire_mold_message_framer.
Optimizing module wire_mold_header_seq.
Optimizing module wire_udp_parser.
Optimizing module wire_ipv4_parser.
Optimizing module wire_eth_parser.
Optimizing module wire_gearbox_64to8.
Optimizing module wire_ingress_buffer.

14.4. Executing CHECK pass (checking for obvious problems).
Checking module wire_arch_a_parser_top...
Checking module wire_itch_decoder...
Checking module wire_mold_message_framer...
Checking module wire_mold_header_seq...
Checking module wire_udp_parser...
Checking module wire_ipv4_parser...
Checking module wire_eth_parser...
Checking module wire_gearbox_64to8...
Checking module wire_ingress_buffer...
Found and reported 0 problems.

14.5. Executing OPT_CLEAN pass (remove unused cells and wires).
Finding unused cells or wires in module \wire_arch_a_parser_top..
Finding unused cells or wires in module \wire_itch_decoder..
Finding unused cells or wires in module \wire_mold_message_framer..
Finding unused cells or wires in module \wire_mold_header_seq..
Finding unused cells or wires in module \wire_udp_parser..
Finding unused cells or wires in module \wire_ipv4_parser..
Finding unused cells or wires in module \wire_eth_parser..
Finding unused cells or wires in module \wire_gearbox_64to8..
Finding unused cells or wires in module \wire_ingress_buffer..

14.6. Executing OPT pass (performing simple optimizations).

14.6.1. Executing OPT_EXPR pass (perform const folding).
Optimizing module wire_arch_a_parser_top.
Optimizing module wire_itch_decoder.
Optimizing module wire_mold_message_framer.
Optimizing module wire_mold_header_seq.
Optimizing module wire_udp_parser.
Optimizing module wire_ipv4_parser.
Optimizing module wire_eth_parser.
Optimizing module wire_gearbox_64to8.
Optimizing module wire_ingress_buffer.

14.6.2. Executing OPT_MERGE pass (detect identical cells).
Finding identical cells in module `\wire_arch_a_parser_top'.
Computing hashes of 45 cells of `\wire_arch_a_parser_top'.
Finding duplicate cells in `\wire_arch_a_parser_top'.
Finding identical cells in module `\wire_itch_decoder'.
Computing hashes of 345 cells of `\wire_itch_decoder'.
Finding duplicate cells in `\wire_itch_decoder'.
Finding identical cells in module `\wire_mold_message_framer'.
Computing hashes of 153 cells of `\wire_mold_message_framer'.
Finding duplicate cells in `\wire_mold_message_framer'.
Finding identical cells in module `\wire_mold_header_seq'.
Computing hashes of 175 cells of `\wire_mold_header_seq'.
Finding duplicate cells in `\wire_mold_header_seq'.
Finding identical cells in module `\wire_udp_parser'.
Computing hashes of 175 cells of `\wire_udp_parser'.
Finding duplicate cells in `\wire_udp_parser'.
Finding identical cells in module `\wire_ipv4_parser'.
Computing hashes of 157 cells of `\wire_ipv4_parser'.
Finding duplicate cells in `\wire_ipv4_parser'.
Finding identical cells in module `\wire_eth_parser'.
Computing hashes of 73 cells of `\wire_eth_parser'.
Finding duplicate cells in `\wire_eth_parser'.
Finding identical cells in module `\wire_gearbox_64to8'.
Computing hashes of 35 cells of `\wire_gearbox_64to8'.
Finding duplicate cells in `\wire_gearbox_64to8'.
Finding identical cells in module `\wire_ingress_buffer'.
Computing hashes of 32 cells of `\wire_ingress_buffer'.
Finding duplicate cells in `\wire_ingress_buffer'.
Removed a total of 0 cells.

14.6.3. Executing OPT_MUXTREE pass (detect dead branches in mux trees).
Running muxtree optimizer on module \wire_arch_a_parser_top..
  Creating internal representation of mux trees.
  Evaluating internal representation of mux trees.
  Analyzing evaluation results.
Running muxtree optimizer on module \wire_itch_decoder..
  Creating internal representation of mux trees.
  Evaluating internal representation of mux trees.
  Analyzing evaluation results.
Running muxtree optimizer on module \wire_mold_message_framer..
  Creating internal representation of mux trees.
  Evaluating internal representation of mux trees.
  Analyzing evaluation results.
Running muxtree optimizer on module \wire_mold_header_seq..
  Creating internal representation of mux trees.
  Evaluating internal representation of mux trees.
  Analyzing evaluation results.
Running muxtree optimizer on module \wire_udp_parser..
  Creating internal representation of mux trees.
  Evaluating internal representation of mux trees.
  Analyzing evaluation results.
Running muxtree optimizer on module \wire_ipv4_parser..
  Creating internal representation of mux trees.
  Evaluating internal representation of mux trees.
  Analyzing evaluation results.
Running muxtree optimizer on module \wire_eth_parser..
  Creating internal representation of mux trees.
  Evaluating internal representation of mux trees.
  Analyzing evaluation results.
Running muxtree optimizer on module \wire_gearbox_64to8..
  Creating internal representation of mux trees.
  Evaluating internal representation of mux trees.
  Analyzing evaluation results.
Running muxtree optimizer on module \wire_ingress_buffer..
  Creating internal representation of mux trees.
  Evaluating internal representation of mux trees.
  Analyzing evaluation results.
Removed 0 multiplexer ports.
<suppressed ~1803 debug messages>

14.6.4. Executing OPT_REDUCE pass (consolidate $*mux and $reduce_* inputs).
  Optimizing cells in module \wire_arch_a_parser_top.
  Optimizing cells in module \wire_itch_decoder.
  Optimizing cells in module \wire_mold_message_framer.
  Optimizing cells in module \wire_mold_header_seq.
  Optimizing cells in module \wire_udp_parser.
  Optimizing cells in module \wire_ipv4_parser.
  Optimizing cells in module \wire_eth_parser.
  Optimizing cells in module \wire_gearbox_64to8.
  Optimizing cells in module \wire_ingress_buffer.
Performed a total of 0 changes.

14.6.5. Executing OPT_MERGE pass (detect identical cells).
Finding identical cells in module `\wire_arch_a_parser_top'.
Computing hashes of 45 cells of `\wire_arch_a_parser_top'.
Finding duplicate cells in `\wire_arch_a_parser_top'.
Finding identical cells in module `\wire_itch_decoder'.
Computing hashes of 345 cells of `\wire_itch_decoder'.
Finding duplicate cells in `\wire_itch_decoder'.
Finding identical cells in module `\wire_mold_message_framer'.
Computing hashes of 153 cells of `\wire_mold_message_framer'.
Finding duplicate cells in `\wire_mold_message_framer'.
Finding identical cells in module `\wire_mold_header_seq'.
Computing hashes of 175 cells of `\wire_mold_header_seq'.
Finding duplicate cells in `\wire_mold_header_seq'.
Finding identical cells in module `\wire_udp_parser'.
Computing hashes of 175 cells of `\wire_udp_parser'.
Finding duplicate cells in `\wire_udp_parser'.
Finding identical cells in module `\wire_ipv4_parser'.
Computing hashes of 157 cells of `\wire_ipv4_parser'.
Finding duplicate cells in `\wire_ipv4_parser'.
Finding identical cells in module `\wire_eth_parser'.
Computing hashes of 73 cells of `\wire_eth_parser'.
Finding duplicate cells in `\wire_eth_parser'.
Finding identical cells in module `\wire_gearbox_64to8'.
Computing hashes of 35 cells of `\wire_gearbox_64to8'.
Finding duplicate cells in `\wire_gearbox_64to8'.
Finding identical cells in module `\wire_ingress_buffer'.
Computing hashes of 32 cells of `\wire_ingress_buffer'.
Finding duplicate cells in `\wire_ingress_buffer'.
Removed a total of 0 cells.

14.6.6. Executing OPT_DFF pass (perform DFF optimizations).

14.6.7. Executing OPT_CLEAN pass (remove unused cells and wires).
Finding unused cells or wires in module \wire_arch_a_parser_top..
Finding unused cells or wires in module \wire_itch_decoder..
Finding unused cells or wires in module \wire_mold_message_framer..
Finding unused cells or wires in module \wire_mold_header_seq..
Finding unused cells or wires in module \wire_udp_parser..
Finding unused cells or wires in module \wire_ipv4_parser..
Finding unused cells or wires in module \wire_eth_parser..
Finding unused cells or wires in module \wire_gearbox_64to8..
Finding unused cells or wires in module \wire_ingress_buffer..

14.6.8. Executing OPT_EXPR pass (perform const folding).
Optimizing module wire_arch_a_parser_top.
Optimizing module wire_itch_decoder.
Optimizing module wire_mold_message_framer.
Optimizing module wire_mold_header_seq.
Optimizing module wire_udp_parser.
Optimizing module wire_ipv4_parser.
Optimizing module wire_eth_parser.
Optimizing module wire_gearbox_64to8.
Optimizing module wire_ingress_buffer.

14.6.9. Finished fast OPT passes. (There is nothing left to do.)

14.7. Executing FSM pass (extract and optimize FSM).

14.7.1. Executing FSM_DETECT pass (finding FSMs in design).

14.7.2. Executing FSM_EXTRACT pass (extracting FSM from design).

14.7.3. Executing FSM_OPT pass (simple optimizations of FSMs).

14.7.4. Executing OPT_CLEAN pass (remove unused cells and wires).
Finding unused cells or wires in module \wire_arch_a_parser_top..
Finding unused cells or wires in module \wire_itch_decoder..
Finding unused cells or wires in module \wire_mold_message_framer..
Finding unused cells or wires in module \wire_mold_header_seq..
Finding unused cells or wires in module \wire_udp_parser..
Finding unused cells or wires in module \wire_ipv4_parser..
Finding unused cells or wires in module \wire_eth_parser..
Finding unused cells or wires in module \wire_gearbox_64to8..
Finding unused cells or wires in module \wire_ingress_buffer..

14.7.5. Executing FSM_OPT pass (simple optimizations of FSMs).

14.7.6. Executing FSM_RECODE pass (re-assigning FSM state encoding).

14.7.7. Executing FSM_INFO pass (dumping all available information on FSM cells).

14.7.8. Executing FSM_MAP pass (mapping FSMs to basic logic).

14.8. Executing OPT pass (performing simple optimizations).

14.8.1. Executing OPT_EXPR pass (perform const folding).
Optimizing module wire_arch_a_parser_top.
Optimizing module wire_itch_decoder.
Optimizing module wire_mold_message_framer.
Optimizing module wire_mold_header_seq.
Optimizing module wire_udp_parser.
Optimizing module wire_ipv4_parser.
Optimizing module wire_eth_parser.
Optimizing module wire_gearbox_64to8.
Optimizing module wire_ingress_buffer.

14.8.2. Executing OPT_MERGE pass (detect identical cells).
Finding identical cells in module `\wire_arch_a_parser_top'.
Computing hashes of 45 cells of `\wire_arch_a_parser_top'.
Finding duplicate cells in `\wire_arch_a_parser_top'.
Finding identical cells in module `\wire_itch_decoder'.
Computing hashes of 345 cells of `\wire_itch_decoder'.
Finding duplicate cells in `\wire_itch_decoder'.
Finding identical cells in module `\wire_mold_message_framer'.
Computing hashes of 153 cells of `\wire_mold_message_framer'.
Finding duplicate cells in `\wire_mold_message_framer'.
Finding identical cells in module `\wire_mold_header_seq'.
Computing hashes of 175 cells of `\wire_mold_header_seq'.
Finding duplicate cells in `\wire_mold_header_seq'.
Finding identical cells in module `\wire_udp_parser'.
Computing hashes of 175 cells of `\wire_udp_parser'.
Finding duplicate cells in `\wire_udp_parser'.
Finding identical cells in module `\wire_ipv4_parser'.
Computing hashes of 157 cells of `\wire_ipv4_parser'.
Finding duplicate cells in `\wire_ipv4_parser'.
Finding identical cells in module `\wire_eth_parser'.
Computing hashes of 73 cells of `\wire_eth_parser'.
Finding duplicate cells in `\wire_eth_parser'.
Finding identical cells in module `\wire_gearbox_64to8'.
Computing hashes of 35 cells of `\wire_gearbox_64to8'.
Finding duplicate cells in `\wire_gearbox_64to8'.
Finding identical cells in module `\wire_ingress_buffer'.
Computing hashes of 32 cells of `\wire_ingress_buffer'.
Finding duplicate cells in `\wire_ingress_buffer'.
Removed a total of 0 cells.

14.8.3. Executing OPT_MUXTREE pass (detect dead branches in mux trees).
Running muxtree optimizer on module \wire_arch_a_parser_top..
  Creating internal representation of mux trees.
  Evaluating internal representation of mux trees.
  Analyzing evaluation results.
Running muxtree optimizer on module \wire_itch_decoder..
  Creating internal representation of mux trees.
  Evaluating internal representation of mux trees.
  Analyzing evaluation results.
Running muxtree optimizer on module \wire_mold_message_framer..
  Creating internal representation of mux trees.
  Evaluating internal representation of mux trees.
  Analyzing evaluation results.
Running muxtree optimizer on module \wire_mold_header_seq..
  Creating internal representation of mux trees.
  Evaluating internal representation of mux trees.
  Analyzing evaluation results.
Running muxtree optimizer on module \wire_udp_parser..
  Creating internal representation of mux trees.
  Evaluating internal representation of mux trees.
  Analyzing evaluation results.
Running muxtree optimizer on module \wire_ipv4_parser..
  Creating internal representation of mux trees.
  Evaluating internal representation of mux trees.
  Analyzing evaluation results.
Running muxtree optimizer on module \wire_eth_parser..
  Creating internal representation of mux trees.
  Evaluating internal representation of mux trees.
  Analyzing evaluation results.
Running muxtree optimizer on module \wire_gearbox_64to8..
  Creating internal representation of mux trees.
  Evaluating internal representation of mux trees.
  Analyzing evaluation results.
Running muxtree optimizer on module \wire_ingress_buffer..
  Creating internal representation of mux trees.
  Evaluating internal representation of mux trees.
  Analyzing evaluation results.
Removed 0 multiplexer ports.
<suppressed ~1803 debug messages>

14.8.4. Executing OPT_REDUCE pass (consolidate $*mux and $reduce_* inputs).
  Optimizing cells in module \wire_arch_a_parser_top.
  Optimizing cells in module \wire_itch_decoder.
  Optimizing cells in module \wire_mold_message_framer.
  Optimizing cells in module \wire_mold_header_seq.
  Optimizing cells in module \wire_udp_parser.
  Optimizing cells in module \wire_ipv4_parser.
  Optimizing cells in module \wire_eth_parser.
  Optimizing cells in module \wire_gearbox_64to8.
  Optimizing cells in module \wire_ingress_buffer.
Performed a total of 0 changes.

14.8.5. Executing OPT_MERGE pass (detect identical cells).
Finding identical cells in module `\wire_arch_a_parser_top'.
Computing hashes of 45 cells of `\wire_arch_a_parser_top'.
Finding duplicate cells in `\wire_arch_a_parser_top'.
Finding identical cells in module `\wire_itch_decoder'.
Computing hashes of 345 cells of `\wire_itch_decoder'.
Finding duplicate cells in `\wire_itch_decoder'.
Finding identical cells in module `\wire_mold_message_framer'.
Computing hashes of 153 cells of `\wire_mold_message_framer'.
Finding duplicate cells in `\wire_mold_message_framer'.
Finding identical cells in module `\wire_mold_header_seq'.
Computing hashes of 175 cells of `\wire_mold_header_seq'.
Finding duplicate cells in `\wire_mold_header_seq'.
Finding identical cells in module `\wire_udp_parser'.
Computing hashes of 175 cells of `\wire_udp_parser'.
Finding duplicate cells in `\wire_udp_parser'.
Finding identical cells in module `\wire_ipv4_parser'.
Computing hashes of 157 cells of `\wire_ipv4_parser'.
Finding duplicate cells in `\wire_ipv4_parser'.
Finding identical cells in module `\wire_eth_parser'.
Computing hashes of 73 cells of `\wire_eth_parser'.
Finding duplicate cells in `\wire_eth_parser'.
Finding identical cells in module `\wire_gearbox_64to8'.
Computing hashes of 35 cells of `\wire_gearbox_64to8'.
Finding duplicate cells in `\wire_gearbox_64to8'.
Finding identical cells in module `\wire_ingress_buffer'.
Computing hashes of 32 cells of `\wire_ingress_buffer'.
Finding duplicate cells in `\wire_ingress_buffer'.
Removed a total of 0 cells.

14.8.6. Executing OPT_DFF pass (perform DFF optimizations).

14.8.7. Executing OPT_CLEAN pass (remove unused cells and wires).
Finding unused cells or wires in module \wire_arch_a_parser_top..
Finding unused cells or wires in module \wire_itch_decoder..
Finding unused cells or wires in module \wire_mold_message_framer..
Finding unused cells or wires in module \wire_mold_header_seq..
Finding unused cells or wires in module \wire_udp_parser..
Finding unused cells or wires in module \wire_ipv4_parser..
Finding unused cells or wires in module \wire_eth_parser..
Finding unused cells or wires in module \wire_gearbox_64to8..
Finding unused cells or wires in module \wire_ingress_buffer..

14.8.8. Executing OPT_EXPR pass (perform const folding).
Optimizing module wire_arch_a_parser_top.
Optimizing module wire_itch_decoder.
Optimizing module wire_mold_message_framer.
Optimizing module wire_mold_header_seq.
Optimizing module wire_udp_parser.
Optimizing module wire_ipv4_parser.
Optimizing module wire_eth_parser.
Optimizing module wire_gearbox_64to8.
Optimizing module wire_ingress_buffer.

14.8.9. Finished fast OPT passes. (There is nothing left to do.)

14.9. Executing WREDUCE pass (reducing word size of cells).
Removed top 2 bits (of 4) from mux cell wire_arch_a_parser_top.$procmux$793 ($mux).
Removed top 2 bits (of 4) from mux cell wire_arch_a_parser_top.$procmux$796 ($mux).
Removed top 1 bits (of 4) from mux cell wire_arch_a_parser_top.$procmux$799 ($mux).
Removed top 1 bits (of 4) from mux cell wire_arch_a_parser_top.$procmux$802 ($mux).
Removed top 1 bits (of 4) from mux cell wire_arch_a_parser_top.$procmux$805 ($mux).
Removed top 2 bits (of 4) from wire wire_arch_a_parser_top.$procmux$793_Y.
Removed top 1 bits (of 4) from wire wire_arch_a_parser_top.$procmux$805_Y.
Removed top 2 bits (of 4) from wire wire_arch_a_parser_top.$procmux$796_Y.
Removed top 1 bits (of 4) from wire wire_arch_a_parser_top.$procmux$799_Y.
Removed top 1 bits (of 4) from wire wire_arch_a_parser_top.$procmux$802_Y.
Removed top 26 address bits (of 32) from memory read port wire_itch_decoder.$memrd$\bytes_q$rtl/arch_a/wire_itch_decoder.sv:84$726 (bytes_q).
Removed top 26 address bits (of 32) from memory read port wire_itch_decoder.$memrd$\bytes_q$rtl/arch_a/wire_itch_decoder.sv:84$725 (bytes_q).
Removed top 26 address bits (of 32) from memory read port wire_itch_decoder.$memrd$\bytes_q$rtl/arch_a/wire_itch_decoder.sv:84$724 (bytes_q).
Removed top 26 address bits (of 32) from memory read port wire_itch_decoder.$memrd$\bytes_q$rtl/arch_a/wire_itch_decoder.sv:84$723 (bytes_q).
Removed top 26 address bits (of 32) from memory read port wire_itch_decoder.$memrd$\bytes_q$rtl/arch_a/wire_itch_decoder.sv:84$722 (bytes_q).
Removed top 26 address bits (of 32) from memory read port wire_itch_decoder.$memrd$\bytes_q$rtl/arch_a/wire_itch_decoder.sv:84$721 (bytes_q).
Removed top 26 address bits (of 32) from memory read port wire_itch_decoder.$memrd$\bytes_q$rtl/arch_a/wire_itch_decoder.sv:84$720 (bytes_q).
Removed top 26 address bits (of 32) from memory read port wire_itch_decoder.$memrd$\bytes_q$rtl/arch_a/wire_itch_decoder.sv:84$719 (bytes_q).
Removed top 26 address bits (of 32) from memory read port wire_itch_decoder.$memrd$\bytes_q$rtl/arch_a/wire_itch_decoder.sv:87$718 (bytes_q).
Removed top 26 address bits (of 32) from memory read port wire_itch_decoder.$memrd$\bytes_q$rtl/arch_a/wire_itch_decoder.sv:87$717 (bytes_q).
Removed top 26 address bits (of 32) from memory read port wire_itch_decoder.$memrd$\bytes_q$rtl/arch_a/wire_itch_decoder.sv:87$716 (bytes_q).
Removed top 26 address bits (of 32) from memory read port wire_itch_decoder.$memrd$\bytes_q$rtl/arch_a/wire_itch_decoder.sv:87$715 (bytes_q).
Removed top 26 address bits (of 32) from memory read port wire_itch_decoder.$memrd$\bytes_q$rtl/arch_a/wire_itch_decoder.sv:88$714 (bytes_q).
Removed top 26 address bits (of 32) from memory read port wire_itch_decoder.$memrd$\bytes_q$rtl/arch_a/wire_itch_decoder.sv:88$713 (bytes_q).
Removed top 26 address bits (of 32) from memory read port wire_itch_decoder.$memrd$\bytes_q$rtl/arch_a/wire_itch_decoder.sv:88$712 (bytes_q).
Removed top 26 address bits (of 32) from memory read port wire_itch_decoder.$memrd$\bytes_q$rtl/arch_a/wire_itch_decoder.sv:88$711 (bytes_q).
Removed top 26 address bits (of 32) from memory read port wire_itch_decoder.$memrd$\bytes_q$rtl/arch_a/wire_itch_decoder.sv:87$710 (bytes_q).
Removed top 26 address bits (of 32) from memory read port wire_itch_decoder.$memrd$\bytes_q$rtl/arch_a/wire_itch_decoder.sv:87$709 (bytes_q).
Removed top 26 address bits (of 32) from memory read port wire_itch_decoder.$memrd$\bytes_q$rtl/arch_a/wire_itch_decoder.sv:87$708 (bytes_q).
Removed top 26 address bits (of 32) from memory read port wire_itch_decoder.$memrd$\bytes_q$rtl/arch_a/wire_itch_decoder.sv:87$707 (bytes_q).
Removed top 26 address bits (of 32) from memory read port wire_itch_decoder.$memrd$\bytes_q$rtl/arch_a/wire_itch_decoder.sv:88$706 (bytes_q).
Removed top 26 address bits (of 32) from memory read port wire_itch_decoder.$memrd$\bytes_q$rtl/arch_a/wire_itch_decoder.sv:88$705 (bytes_q).
Removed top 26 address bits (of 32) from memory read port wire_itch_decoder.$memrd$\bytes_q$rtl/arch_a/wire_itch_decoder.sv:88$704 (bytes_q).
Removed top 26 address bits (of 32) from memory read port wire_itch_decoder.$memrd$\bytes_q$rtl/arch_a/wire_itch_decoder.sv:88$703 (bytes_q).
Removed top 26 address bits (of 32) from memory read port wire_itch_decoder.$memrd$\bytes_q$rtl/arch_a/wire_itch_decoder.sv:217$647 (bytes_q).
Removed top 26 address bits (of 32) from memory read port wire_itch_decoder.$memrd$\bytes_q$rtl/arch_a/wire_itch_decoder.sv:84$641 (bytes_q).
Removed top 26 address bits (of 32) from memory read port wire_itch_decoder.$memrd$\bytes_q$rtl/arch_a/wire_itch_decoder.sv:81$571 (bytes_q).
Removed top 26 address bits (of 32) from memory read port wire_itch_decoder.$memrd$\bytes_q$rtl/arch_a/wire_itch_decoder.sv:81$570 (bytes_q).
Removed top 26 address bits (of 32) from memory read port wire_itch_decoder.$memrd$\bytes_q$rtl/arch_a/wire_itch_decoder.sv:91$550 (bytes_q).
Removed top 26 address bits (of 32) from memory read port wire_itch_decoder.$memrd$\bytes_q$rtl/arch_a/wire_itch_decoder.sv:91$549 (bytes_q).
Removed top 26 address bits (of 32) from memory read port wire_itch_decoder.$memrd$\bytes_q$rtl/arch_a/wire_itch_decoder.sv:91$548 (bytes_q).
Removed top 26 address bits (of 32) from memory read port wire_itch_decoder.$memrd$\bytes_q$rtl/arch_a/wire_itch_decoder.sv:92$547 (bytes_q).
Removed top 26 address bits (of 32) from memory read port wire_itch_decoder.$memrd$\bytes_q$rtl/arch_a/wire_itch_decoder.sv:92$546 (bytes_q).
Removed top 26 address bits (of 32) from memory read port wire_itch_decoder.$memrd$\bytes_q$rtl/arch_a/wire_itch_decoder.sv:92$545 (bytes_q).
Removed top 26 bits (of 32) from port B of cell wire_itch_decoder.$lt$rtl/arch_a/wire_itch_decoder.sv:167$497 ($lt).
Removed top 1 bits (of 8) from port B of cell wire_itch_decoder.$ne$rtl/arch_a/wire_itch_decoder.sv:169$502 ($ne).
Removed top 1 bits (of 8) from port B of cell wire_itch_decoder.$ne$rtl/arch_a/wire_itch_decoder.sv:169$503 ($ne).
Removed top 1 bits (of 8) from port B of cell wire_itch_decoder.$ne$rtl/arch_a/wire_itch_decoder.sv:169$505 ($ne).
Removed top 1 bits (of 8) from port B of cell wire_itch_decoder.$ne$rtl/arch_a/wire_itch_decoder.sv:170$507 ($ne).
Removed top 1 bits (of 8) from port B of cell wire_itch_decoder.$ne$rtl/arch_a/wire_itch_decoder.sv:170$509 ($ne).
Removed top 1 bits (of 8) from port B of cell wire_itch_decoder.$ne$rtl/arch_a/wire_itch_decoder.sv:170$511 ($ne).
Removed top 1 bits (of 8) from port B of cell wire_itch_decoder.$ne$rtl/arch_a/wire_itch_decoder.sv:171$513 ($ne).
Removed top 1 bits (of 8) from port B of cell wire_itch_decoder.$ne$rtl/arch_a/wire_itch_decoder.sv:171$515 ($ne).
Removed top 10 bits (of 16) from port B of cell wire_itch_decoder.$ne$rtl/arch_a/wire_itch_decoder.sv:176$519 ($ne).
Removed top 10 bits (of 16) from port B of cell wire_itch_decoder.$ne$rtl/arch_a/wire_itch_decoder.sv:177$522 ($ne).
Removed top 11 bits (of 16) from port B of cell wire_itch_decoder.$ne$rtl/arch_a/wire_itch_decoder.sv:178$525 ($ne).
Removed top 11 bits (of 16) from port B of cell wire_itch_decoder.$ne$rtl/arch_a/wire_itch_decoder.sv:179$528 ($ne).
Removed top 11 bits (of 16) from port B of cell wire_itch_decoder.$ne$rtl/arch_a/wire_itch_decoder.sv:180$531 ($ne).
Removed top 10 bits (of 16) from port B of cell wire_itch_decoder.$ne$rtl/arch_a/wire_itch_decoder.sv:181$534 ($ne).
Removed top 10 bits (of 16) from port B of cell wire_itch_decoder.$ne$rtl/arch_a/wire_itch_decoder.sv:182$537 ($ne).
Removed top 10 bits (of 16) from port A of cell wire_itch_decoder.$add$rtl/arch_a/wire_itch_decoder.sv:190$540 ($add).
Removed top 15 bits (of 16) from port B of cell wire_itch_decoder.$add$rtl/arch_a/wire_itch_decoder.sv:190$540 ($add).
Removed top 9 bits (of 16) from port Y of cell wire_itch_decoder.$add$rtl/arch_a/wire_itch_decoder.sv:190$540 ($add).
Removed top 9 bits (of 16) from port A of cell wire_itch_decoder.$ne$rtl/arch_a/wire_itch_decoder.sv:190$541 ($ne).
Removed top 1 bits (of 8) from port B of cell wire_itch_decoder.$eq$rtl/arch_a/wire_itch_decoder.sv:204$554 ($eq).
Removed top 1 bits (of 8) from port B of cell wire_itch_decoder.$eq$rtl/arch_a/wire_itch_decoder.sv:206$588 ($eq).
Removed top 1 bits (of 8) from port B of cell wire_itch_decoder.$eq$rtl/arch_a/wire_itch_decoder.sv:206$590 ($eq).
Removed top 1 bits (of 8) from port B of cell wire_itch_decoder.$ne$rtl/arch_a/wire_itch_decoder.sv:209$621 ($ne).
Removed top 1 bits (of 8) from port B of cell wire_itch_decoder.$ne$rtl/arch_a/wire_itch_decoder.sv:209$623 ($ne).
Removed top 1 bits (of 8) from port B of cell wire_itch_decoder.$eq$rtl/arch_a/wire_itch_decoder.sv:213$646 ($eq).
Removed top 10 bits (of 16) from mux cell wire_itch_decoder.$procmux$828 ($pmux).
Removed top 1 bits (of 3) from port B of cell wire_itch_decoder.$procmux$2879_CMP0 ($eq).
Removed top 1 bits (of 8) from port B of cell wire_itch_decoder.$procmux$2882_CMP0 ($eq).
Removed top 1 bits (of 3) from mux cell wire_itch_decoder.$procmux$2881 ($mux).
Removed top 1 bits (of 8) from port B of cell wire_itch_decoder.$procmux$2883_CMP0 ($eq).
Removed top 1 bits (of 8) from port B of cell wire_itch_decoder.$procmux$2884_CMP0 ($eq).
Removed top 1 bits (of 8) from port B of cell wire_itch_decoder.$procmux$2885_CMP0 ($eq).
Removed top 1 bits (of 8) from port B of cell wire_itch_decoder.$procmux$2886_CMP0 ($eq).
Removed top 1 bits (of 3) from port B of cell wire_itch_decoder.$procmux$2902_CMP0 ($eq).
Removed top 1 bits (of 8) from port B of cell wire_itch_decoder.$procmux$2907_CMP0 ($eq).
Removed top 1 bits (of 8) from port B of cell wire_itch_decoder.$procmux$2910_CMP0 ($eq).
Removed top 1 bits (of 8) from port B of cell wire_itch_decoder.$procmux$2913_CMP0 ($eq).
Removed top 1 bits (of 8) from port B of cell wire_itch_decoder.$procmux$2916_CMP0 ($eq).
Removed top 1 bits (of 8) from port B of cell wire_itch_decoder.$procmux$2919_CMP0 ($eq).
Removed top 1 bits (of 8) from port B of cell wire_itch_decoder.$procmux$2922_CMP0 ($eq).
Removed top 1 bits (of 8) from port B of cell wire_itch_decoder.$procmux$2925_CMP0 ($eq).
Removed top 1 bits (of 8) from port B of cell wire_itch_decoder.$procmux$2925_CMP1 ($eq).
Removed top 2 bits (of 3) from port B of cell wire_itch_decoder.$procmux$2942_CMP0 ($eq).
Removed top 9 bits (of 16) from wire wire_itch_decoder.$add$rtl/arch_a/wire_itch_decoder.sv:190$540_Y.
Removed top 1 bits (of 3) from wire wire_itch_decoder.$procmux$2881_Y.
Removed top 10 bits (of 16) from wire wire_itch_decoder.required_length$func$rtl/arch_a/wire_itch_decoder.sv:112$388.$result.
Removed top 15 bits (of 16) from port B of cell wire_mold_message_framer.$add$rtl/arch_a/wire_mold_message_framer.sv:86$347 ($add).
Removed top 2 bits (of 4) from port B of cell wire_mold_message_framer.$eq$rtl/arch_a/wire_mold_message_framer.sv:96$359 ($eq).
Removed top 48 bits (of 64) from port B of cell wire_mold_message_framer.$add$rtl/arch_a/wire_mold_message_framer.sv:97$360 ($add).
Removed top 1 bits (of 4) from port B of cell wire_mold_message_framer.$eq$rtl/arch_a/wire_mold_message_framer.sv:134$372 ($eq).
Removed top 15 bits (of 16) from port B of cell wire_mold_message_framer.$eq$rtl/arch_a/wire_mold_message_framer.sv:223$376 ($eq).
Removed top 15 bits (of 16) from port B of cell wire_mold_message_framer.$sub$rtl/arch_a/wire_mold_message_framer.sv:239$379 ($sub).
Removed top 1 bits (of 4) from port B of cell wire_mold_message_framer.$eq$rtl/arch_a/wire_mold_message_framer.sv:260$380 ($eq).
Removed top 1 bits (of 3) from mux cell wire_mold_message_framer.$procmux$3117 ($mux).
Removed top 1 bits (of 3) from mux cell wire_mold_message_framer.$procmux$3121 ($mux).
Removed top 1 bits (of 3) from mux cell wire_mold_message_framer.$procmux$3123 ($mux).
Removed top 1 bits (of 3) from port B of cell wire_mold_message_framer.$procmux$3218_CMP0 ($eq).
Removed top 2 bits (of 3) from port B of cell wire_mold_message_framer.$procmux$3219_CMP0 ($eq).
Removed top 1 bits (of 4) from mux cell wire_mold_message_framer.$procmux$3230 ($mux).
Removed top 1 bits (of 4) from port B of cell wire_mold_message_framer.$procmux$3250_CMP0 ($eq).
Removed top 1 bits (of 4) from port B of cell wire_mold_message_framer.$procmux$3256_CMP0 ($eq).
Removed top 2 bits (of 4) from port B of cell wire_mold_message_framer.$procmux$3257_CMP0 ($eq).
Removed top 3 bits (of 4) from port B of cell wire_mold_message_framer.$procmux$3261_CMP0 ($eq).
Removed top 1 bits (of 3) from wire wire_mold_message_framer.$procmux$3121_Y.
Removed top 1 bits (of 4) from wire wire_mold_message_framer.$procmux$3230_Y.
Removed top 1 bits (of 3) from wire wire_mold_message_framer.$procmux$3123_Y.
Removed top 1 bits (of 3) from wire wire_mold_message_framer.$procmux$3117_Y.
Removed top 1 bits (of 3) from port B of cell wire_mold_header_seq.$eq$rtl/arch_a/wire_mold_header_seq.sv:100$296 ($eq).
Removed top 48 bits (of 64) from port B of cell wire_mold_header_seq.$add$rtl/arch_a/wire_mold_header_seq.sv:151$315 ($add).
Removed top 24 bits (of 32) from port A of cell wire_mold_header_seq.$sub$rtl/arch_a/wire_mold_header_seq.sv:180$326 ($sub).
Removed top 24 bits (of 32) from port B of cell wire_mold_header_seq.$sub$rtl/arch_a/wire_mold_header_seq.sv:180$326 ($sub).
Removed top 23 bits (of 32) from port Y of cell wire_mold_header_seq.$sub$rtl/arch_a/wire_mold_header_seq.sv:180$326 ($sub).
Converting cell wire_mold_header_seq.$add$rtl/arch_a/wire_mold_header_seq.sv:180$327 ($add) from unsigned to signed.
Removed top 23 bits (of 32) from port A of cell wire_mold_header_seq.$add$rtl/arch_a/wire_mold_header_seq.sv:180$327 ($add).
Removed top 30 bits (of 32) from port B of cell wire_mold_header_seq.$add$rtl/arch_a/wire_mold_header_seq.sv:180$327 ($add).
Removed top 22 bits (of 32) from port Y of cell wire_mold_header_seq.$add$rtl/arch_a/wire_mold_header_seq.sv:180$327 ($add).
Converting cell wire_mold_header_seq.$sub$rtl/arch_a/wire_mold_header_seq.sv:180$328 ($sub) from unsigned to signed.
Removed top 22 bits (of 32) from port A of cell wire_mold_header_seq.$sub$rtl/arch_a/wire_mold_header_seq.sv:180$328 ($sub).
Removed top 27 bits (of 32) from port B of cell wire_mold_header_seq.$sub$rtl/arch_a/wire_mold_header_seq.sv:180$328 ($sub).
Removed top 21 bits (of 32) from port Y of cell wire_mold_header_seq.$sub$rtl/arch_a/wire_mold_header_seq.sv:180$328 ($sub).
Converting cell wire_mold_header_seq.$neg$rtl/arch_a/wire_mold_header_seq.sv:180$333 ($neg) from signed to unsigned.
Removed top 1 bits (of 33) from port A of cell wire_mold_header_seq.$neg$rtl/arch_a/wire_mold_header_seq.sv:180$333 ($neg).
Removed top 4 bits (of 5) from port B of cell wire_mold_header_seq.$add$rtl/arch_a/wire_mold_header_seq.sv:181$336 ($add).
Removed top 1 bits (of 3) from port B of cell wire_mold_header_seq.$procmux$3496_CMP0 ($eq).
Removed top 2 bits (of 3) from mux cell wire_mold_header_seq.$procmux$3786 ($mux).
Removed top 2 bits (of 3) from mux cell wire_mold_header_seq.$procmux$3822 ($mux).
Removed top 2 bits (of 3) from wire wire_mold_header_seq.$procmux$3786_Y.
Removed top 2 bits (of 3) from wire wire_mold_header_seq.$procmux$3810_Y.
Removed top 1 bits (of 4) from port B of cell wire_udp_parser.$lt$rtl/arch_a/wire_udp_parser.sv:103$258 ($lt).
Removed top 26 bits (of 32) from port A of cell wire_udp_parser.$sub$rtl/arch_a/wire_udp_parser.sv:104$262 ($sub).
Removed top 25 bits (of 32) from port B of cell wire_udp_parser.$sub$rtl/arch_a/wire_udp_parser.sv:104$262 ($sub).
Removed top 24 bits (of 32) from port Y of cell wire_udp_parser.$sub$rtl/arch_a/wire_udp_parser.sv:104$262 ($sub).
Converting cell wire_udp_parser.$add$rtl/arch_a/wire_udp_parser.sv:104$263 ($add) from unsigned to signed.
Removed top 24 bits (of 32) from port A of cell wire_udp_parser.$add$rtl/arch_a/wire_udp_parser.sv:104$263 ($add).
Removed top 30 bits (of 32) from port B of cell wire_udp_parser.$add$rtl/arch_a/wire_udp_parser.sv:104$263 ($add).
Removed top 23 bits (of 32) from port Y of cell wire_udp_parser.$add$rtl/arch_a/wire_udp_parser.sv:104$263 ($add).
Converting cell wire_udp_parser.$sub$rtl/arch_a/wire_udp_parser.sv:104$264 ($sub) from unsigned to signed.
Removed top 23 bits (of 32) from port A of cell wire_udp_parser.$sub$rtl/arch_a/wire_udp_parser.sv:104$264 ($sub).
Removed top 27 bits (of 32) from port B of cell wire_udp_parser.$sub$rtl/arch_a/wire_udp_parser.sv:104$264 ($sub).
Removed top 22 bits (of 32) from port Y of cell wire_udp_parser.$sub$rtl/arch_a/wire_udp_parser.sv:104$264 ($sub).
Converting cell wire_udp_parser.$neg$rtl/arch_a/wire_udp_parser.sv:104$269 ($neg) from signed to unsigned.
Removed top 1 bits (of 33) from port A of cell wire_udp_parser.$neg$rtl/arch_a/wire_udp_parser.sv:104$269 ($neg).
Removed top 3 bits (of 4) from port B of cell wire_udp_parser.$add$rtl/arch_a/wire_udp_parser.sv:105$272 ($add).
Removed top 12 bits (of 16) from port B of cell wire_udp_parser.$lt$rtl/arch_a/wire_udp_parser.sv:111$273 ($lt).
Removed top 12 bits (of 16) from port B of cell wire_udp_parser.$eq$rtl/arch_a/wire_udp_parser.sv:121$274 ($eq).
Removed top 12 bits (of 16) from port B of cell wire_udp_parser.$sub$rtl/arch_a/wire_udp_parser.sv:159$276 ($sub).
Removed top 15 bits (of 16) from port B of cell wire_udp_parser.$gt$rtl/arch_a/wire_udp_parser.sv:166$277 ($gt).
Removed top 15 bits (of 16) from port B of cell wire_udp_parser.$eq$rtl/arch_a/wire_udp_parser.sv:170$279 ($eq).
Removed top 15 bits (of 16) from port B of cell wire_udp_parser.$sub$rtl/arch_a/wire_udp_parser.sv:186$280 ($sub).
Removed top 15 bits (of 16) from port B of cell wire_udp_parser.$add$rtl/arch_a/wire_udp_parser.sv:193$282 ($add).
Removed top 2 bits (of 3) from mux cell wire_udp_parser.$procmux$4002 ($mux).
Removed top 1 bits (of 2) from port B of cell wire_udp_parser.$procmux$4316_CMP0 ($eq).
Removed top 1 bits (of 2) from mux cell wire_udp_parser.$procmux$4334 ($mux).
Removed top 1 bits (of 2) from wire wire_udp_parser.$procmux$4322_Y.
Removed top 2 bits (of 3) from wire wire_udp_parser.$procmux$4002_Y.
Removed top 1 bits (of 3) from mux cell wire_ipv4_parser.$ternary$rtl/arch_a/wire_ipv4_parser.sv:137$124 ($mux).
Removed top 24 bits (of 32) from port A of cell wire_ipv4_parser.$sub$rtl/arch_a/wire_ipv4_parser.sv:155$147 ($sub).
Removed top 24 bits (of 32) from port B of cell wire_ipv4_parser.$sub$rtl/arch_a/wire_ipv4_parser.sv:155$147 ($sub).
Removed top 23 bits (of 32) from port Y of cell wire_ipv4_parser.$sub$rtl/arch_a/wire_ipv4_parser.sv:155$147 ($sub).
Converting cell wire_ipv4_parser.$add$rtl/arch_a/wire_ipv4_parser.sv:155$148 ($add) from unsigned to signed.
Removed top 23 bits (of 32) from port A of cell wire_ipv4_parser.$add$rtl/arch_a/wire_ipv4_parser.sv:155$148 ($add).
Removed top 30 bits (of 32) from port B of cell wire_ipv4_parser.$add$rtl/arch_a/wire_ipv4_parser.sv:155$148 ($add).
Removed top 22 bits (of 32) from port Y of cell wire_ipv4_parser.$add$rtl/arch_a/wire_ipv4_parser.sv:155$148 ($add).
Converting cell wire_ipv4_parser.$sub$rtl/arch_a/wire_ipv4_parser.sv:155$149 ($sub) from unsigned to signed.
Removed top 22 bits (of 32) from port A of cell wire_ipv4_parser.$sub$rtl/arch_a/wire_ipv4_parser.sv:155$149 ($sub).
Removed top 27 bits (of 32) from port B of cell wire_ipv4_parser.$sub$rtl/arch_a/wire_ipv4_parser.sv:155$149 ($sub).
Removed top 21 bits (of 32) from port Y of cell wire_ipv4_parser.$sub$rtl/arch_a/wire_ipv4_parser.sv:155$149 ($sub).
Converting cell wire_ipv4_parser.$neg$rtl/arch_a/wire_ipv4_parser.sv:155$154 ($neg) from signed to unsigned.
Removed top 1 bits (of 33) from port A of cell wire_ipv4_parser.$neg$rtl/arch_a/wire_ipv4_parser.sv:155$154 ($neg).
Removed top 4 bits (of 5) from port B of cell wire_ipv4_parser.$add$rtl/arch_a/wire_ipv4_parser.sv:156$157 ($add).
Removed top 11 bits (of 16) from port B of cell wire_ipv4_parser.$eq$rtl/arch_a/wire_ipv4_parser.sv:160$161 ($eq).
Removed top 11 bits (of 16) from port B of cell wire_ipv4_parser.$sub$rtl/arch_a/wire_ipv4_parser.sv:169$162 ($sub).
Removed top 2 bits (of 4) from port B of cell wire_ipv4_parser.$eq$rtl/arch_a/wire_ipv4_parser.sv:91$163 ($eq).
Removed top 2 bits (of 4) from port B of cell wire_ipv4_parser.$eq$rtl/arch_a/wire_ipv4_parser.sv:92$164 ($eq).
Removed top 1 bits (of 4) from port B of cell wire_ipv4_parser.$eq$rtl/arch_a/wire_ipv4_parser.sv:93$166 ($eq).
Removed top 1 bits (of 4) from port B of cell wire_ipv4_parser.$eq$rtl/arch_a/wire_ipv4_parser.sv:94$168 ($eq).
Removed top 15 bits (of 16) from port B of cell wire_ipv4_parser.$gt$rtl/arch_a/wire_ipv4_parser.sv:183$172 ($gt).
Removed top 15 bits (of 16) from port B of cell wire_ipv4_parser.$eq$rtl/arch_a/wire_ipv4_parser.sv:189$174 ($eq).
Removed top 15 bits (of 16) from port B of cell wire_ipv4_parser.$sub$rtl/arch_a/wire_ipv4_parser.sv:193$176 ($sub).
Removed top 1 bits (of 4) from port B of cell wire_ipv4_parser.$ne$rtl/arch_a/wire_ipv4_parser.sv:70$187 ($ne).
Removed top 1 bits (of 4) from port B of cell wire_ipv4_parser.$ne$rtl/arch_a/wire_ipv4_parser.sv:72$192 ($ne).
Removed top 11 bits (of 16) from port B of cell wire_ipv4_parser.$lt$rtl/arch_a/wire_ipv4_parser.sv:74$197 ($lt).
Removed top 2 bits (of 18) from port A of cell wire_ipv4_parser.$add$rtl/arch_a/wire_ipv4_parser.sv:50$202 ($add).
Removed top 2 bits (of 18) from port B of cell wire_ipv4_parser.$add$rtl/arch_a/wire_ipv4_parser.sv:50$202 ($add).
Removed top 1 bits (of 18) from port Y of cell wire_ipv4_parser.$add$rtl/arch_a/wire_ipv4_parser.sv:50$202 ($add).
Removed top 1 bits (of 18) from port A of cell wire_ipv4_parser.$add$rtl/arch_a/wire_ipv4_parser.sv:50$203 ($add).
Removed top 2 bits (of 18) from port B of cell wire_ipv4_parser.$add$rtl/arch_a/wire_ipv4_parser.sv:50$203 ($add).
Removed top 2 bits (of 18) from port B of cell wire_ipv4_parser.$add$rtl/arch_a/wire_ipv4_parser.sv:50$204 ($add).
Removed top 2 bits (of 18) from port B of cell wire_ipv4_parser.$add$rtl/arch_a/wire_ipv4_parser.sv:50$205 ($add).
Removed top 2 bits (of 18) from port B of cell wire_ipv4_parser.$add$rtl/arch_a/wire_ipv4_parser.sv:50$206 ($add).
Removed top 2 bits (of 18) from port B of cell wire_ipv4_parser.$add$rtl/arch_a/wire_ipv4_parser.sv:50$207 ($add).
Removed top 2 bits (of 18) from port B of cell wire_ipv4_parser.$add$rtl/arch_a/wire_ipv4_parser.sv:50$208 ($add).
Removed top 2 bits (of 18) from port B of cell wire_ipv4_parser.$add$rtl/arch_a/wire_ipv4_parser.sv:50$209 ($add).
Removed top 2 bits (of 18) from port B of cell wire_ipv4_parser.$add$rtl/arch_a/wire_ipv4_parser.sv:50$210 ($add).
Removed top 2 bits (of 18) from port A of cell wire_ipv4_parser.$add$rtl/arch_a/wire_ipv4_parser.sv:55$211 ($add).
Removed top 16 bits (of 18) from port B of cell wire_ipv4_parser.$add$rtl/arch_a/wire_ipv4_parser.sv:55$211 ($add).
Removed top 1 bits (of 18) from port Y of cell wire_ipv4_parser.$add$rtl/arch_a/wire_ipv4_parser.sv:55$211 ($add).
Removed top 2 bits (of 18) from port A of cell wire_ipv4_parser.$add$rtl/arch_a/wire_ipv4_parser.sv:56$212 ($add).
Removed top 17 bits (of 18) from port B of cell wire_ipv4_parser.$add$rtl/arch_a/wire_ipv4_parser.sv:56$212 ($add).
Removed top 2 bits (of 18) from port Y of cell wire_ipv4_parser.$add$rtl/arch_a/wire_ipv4_parser.sv:56$212 ($add).
Removed top 3 bits (of 8) from port B of cell wire_ipv4_parser.$ne$rtl/arch_a/wire_ipv4_parser.sv:82$221 ($ne).
Removed top 1 bits (of 3) from port B of cell wire_ipv4_parser.$procmux$4939_CMP0 ($eq).
Removed top 1 bits (of 3) from port B of cell wire_ipv4_parser.$procmux$4942_CMP0 ($eq).
Removed top 2 bits (of 3) from port B of cell wire_ipv4_parser.$procmux$4946_CMP0 ($eq).
Removed top 2 bits (of 18) from wire wire_ipv4_parser.$add$rtl/arch_a/wire_ipv4_parser.sv:56$212_Y.
Removed top 1 bits (of 18) from wire wire_ipv4_parser.$add$rtl/arch_a/wire_ipv4_parser.sv:55$211_Y.
Removed top 1 bits (of 18) from wire wire_ipv4_parser.$add$rtl/arch_a/wire_ipv4_parser.sv:50$202_Y.
Removed top 1 bits (of 3) from wire wire_ipv4_parser.$ternary$rtl/arch_a/wire_ipv4_parser.sv:137$124_Y.
Removed top 4 bits (of 16) from port B of cell wire_eth_parser.$eq$rtl/arch_a/wire_eth_parser.sv:94$89 ($eq).
Removed top 3 bits (of 4) from port B of cell wire_eth_parser.$add$rtl/arch_a/wire_eth_parser.sv:110$90 ($add).
Removed top 1 bits (of 2) from port B of cell wire_eth_parser.$procmux$5045_CMP0 ($eq).
Removed top 1 bits (of 2) from mux cell wire_eth_parser.$procmux$5101 ($mux).
Removed top 1 bits (of 2) from wire wire_eth_parser.$procmux$5101_Y.
Removed top 3 bits (of 4) from port B of cell wire_gearbox_64to8.$sub$rtl/arch_a/wire_gearbox_64to8.sv:38$45 ($sub).
Removed top 1 bits (of 4) from port A of cell wire_gearbox_64to8.$eq$rtl/arch_a/wire_gearbox_64to8.sv:38$46 ($eq).
Removed top 25 bits (of 32) from port B of cell wire_gearbox_64to8.$shiftx$rtl/arch_a/wire_gearbox_64to8.sv:42$51 ($shiftx).
Removed top 2 bits (of 3) from port B of cell wire_gearbox_64to8.$add$rtl/arch_a/wire_gearbox_64to8.sv:68$67 ($add).
Removed top 1 bits (of 8) from port B of cell wire_gearbox_64to8.$procmux$5124_CMP0 ($eq).
Removed top 2 bits (of 8) from port B of cell wire_gearbox_64to8.$procmux$5125_CMP0 ($eq).
Removed top 3 bits (of 8) from port B of cell wire_gearbox_64to8.$procmux$5126_CMP0 ($eq).
Removed top 4 bits (of 8) from port B of cell wire_gearbox_64to8.$procmux$5127_CMP0 ($eq).
Removed top 5 bits (of 8) from port B of cell wire_gearbox_64to8.$procmux$5128_CMP0 ($eq).
Removed top 6 bits (of 8) from port B of cell wire_gearbox_64to8.$procmux$5129_CMP0 ($eq).
Removed top 7 bits (of 8) from port B of cell wire_gearbox_64to8.$procmux$5130_CMP0 ($eq).
Removed top 1 bits (of 2) from port B of cell wire_ingress_buffer.$add$rtl/common/wire_ingress_buffer.sv:54$42 ($add).
Removed top 1 bits (of 2) from port B of cell wire_ingress_buffer.$sub$rtl/common/wire_ingress_buffer.sv:55$43 ($sub).
Removed top 1 bits (of 2) from port B of cell wire_ingress_buffer.$procmux$5255_CMP0 ($eq).

14.10. Executing PEEPOPT pass (run peephole optimizers).
shiftpow2 pattern in wire_gearbox_64to8: shift=$shiftx$rtl/arch_a/wire_gearbox_64to8.sv:42$51, index=\index_q, stride=8, width=8, ways=8

14.11. Executing OPT_CLEAN pass (remove unused cells and wires).
Finding unused cells or wires in module \wire_arch_a_parser_top..
Finding unused cells or wires in module \wire_itch_decoder..
Finding unused cells or wires in module \wire_mold_message_framer..
Finding unused cells or wires in module \wire_mold_header_seq..
Finding unused cells or wires in module \wire_udp_parser..
Finding unused cells or wires in module \wire_ipv4_parser..
Finding unused cells or wires in module \wire_eth_parser..
Finding unused cells or wires in module \wire_gearbox_64to8..
Finding unused cells or wires in module \wire_ingress_buffer..
Removed 0 unused cells and 21 unused wires.
<suppressed ~7 debug messages>

14.12. Executing ALUMACC pass (create $alu and $macc cells).
Extracting $alu and $macc cells in module wire_arch_a_parser_top:
  created 0 $alu and 0 $macc cells.
Extracting $alu and $macc cells in module wire_itch_decoder:
  creating $macc model for $add$rtl/arch_a/wire_itch_decoder.sv:194$543 ($add).
  creating $macc model for $add$rtl/arch_a/wire_itch_decoder.sv:190$540 ($add).
  creating $alu model for $macc $add$rtl/arch_a/wire_itch_decoder.sv:190$540.
  creating $alu model for $macc $add$rtl/arch_a/wire_itch_decoder.sv:194$543.
  creating $alu model for $lt$rtl/arch_a/wire_itch_decoder.sv:167$497 ($lt): new $alu
  creating $alu cell for $lt$rtl/arch_a/wire_itch_decoder.sv:167$497: $auto$alumacc.cc:576:replace_alu$6066
  creating $alu cell for $add$rtl/arch_a/wire_itch_decoder.sv:194$543: $auto$alumacc.cc:576:replace_alu$6071
  creating $alu cell for $add$rtl/arch_a/wire_itch_decoder.sv:190$540: $auto$alumacc.cc:576:replace_alu$6074
  created 3 $alu and 0 $macc cells.
Extracting $alu and $macc cells in module wire_mold_message_framer:
  creating $macc model for $sub$rtl/arch_a/wire_mold_message_framer.sv:239$379 ($sub).
  creating $macc model for $add$rtl/arch_a/wire_mold_message_framer.sv:97$360 ($add).
  creating $macc model for $add$rtl/arch_a/wire_mold_message_framer.sv:86$347 ($add).
  creating $alu model for $macc $add$rtl/arch_a/wire_mold_message_framer.sv:86$347.
  creating $alu model for $macc $add$rtl/arch_a/wire_mold_message_framer.sv:97$360.
  creating $alu model for $macc $sub$rtl/arch_a/wire_mold_message_framer.sv:239$379.
  creating $alu model for $eq$rtl/arch_a/wire_mold_message_framer.sv:223$376 ($eq): merged with $sub$rtl/arch_a/wire_mold_message_framer.sv:239$379.
  creating $alu cell for $sub$rtl/arch_a/wire_mold_message_framer.sv:239$379, $eq$rtl/arch_a/wire_mold_message_framer.sv:223$376: $auto$alumacc.cc:576:replace_alu$6077
  creating $alu cell for $add$rtl/arch_a/wire_mold_message_framer.sv:97$360: $auto$alumacc.cc:576:replace_alu$6082
  creating $alu cell for $add$rtl/arch_a/wire_mold_message_framer.sv:86$347: $auto$alumacc.cc:576:replace_alu$6085
  created 3 $alu and 0 $macc cells.
Extracting $alu and $macc cells in module wire_mold_header_seq:
  creating $macc model for $add$rtl/arch_a/wire_mold_header_seq.sv:181$336 ($add).
  creating $macc model for $neg$rtl/arch_a/wire_mold_header_seq.sv:180$333 ($neg).
  creating $macc model for $sub$rtl/arch_a/wire_mold_header_seq.sv:180$328 ($sub).
  creating $macc model for $add$rtl/arch_a/wire_mold_header_seq.sv:180$327 ($add).
  creating $macc model for $sub$rtl/arch_a/wire_mold_header_seq.sv:180$326 ($sub).
  creating $macc model for $add$rtl/arch_a/wire_mold_header_seq.sv:151$315 ($add).
  merging $macc model for $add$rtl/arch_a/wire_mold_header_seq.sv:180$327 into $sub$rtl/arch_a/wire_mold_header_seq.sv:180$328.
  creating $alu model for $macc $sub$rtl/arch_a/wire_mold_header_seq.sv:180$326.
  creating $alu model for $macc $add$rtl/arch_a/wire_mold_header_seq.sv:151$315.
  creating $alu model for $macc $neg$rtl/arch_a/wire_mold_header_seq.sv:180$333.
  creating $alu model for $macc $add$rtl/arch_a/wire_mold_header_seq.sv:181$336.
  creating $macc cell for $sub$rtl/arch_a/wire_mold_header_seq.sv:180$328: $auto$alumacc.cc:427:replace_macc$6088
  creating $alu model for $lt$rtl/arch_a/wire_mold_header_seq.sv:172$320 ($lt): new $alu
  creating $alu cell for $lt$rtl/arch_a/wire_mold_header_seq.sv:172$320: $auto$alumacc.cc:576:replace_alu$6090
  creating $alu cell for $add$rtl/arch_a/wire_mold_header_seq.sv:181$336: $auto$alumacc.cc:576:replace_alu$6095
  creating $alu cell for $neg$rtl/arch_a/wire_mold_header_seq.sv:180$333: $auto$alumacc.cc:576:replace_alu$6098
  creating $alu cell for $add$rtl/arch_a/wire_mold_header_seq.sv:151$315: $auto$alumacc.cc:576:replace_alu$6101
  creating $alu cell for $sub$rtl/arch_a/wire_mold_header_seq.sv:180$326: $auto$alumacc.cc:576:replace_alu$6104
  created 5 $alu and 1 $macc cells.
Extracting $alu and $macc cells in module wire_udp_parser:
  creating $macc model for $add$rtl/arch_a/wire_udp_parser.sv:193$282 ($add).
  creating $macc model for $sub$rtl/arch_a/wire_udp_parser.sv:186$280 ($sub).
  creating $macc model for $sub$rtl/arch_a/wire_udp_parser.sv:159$276 ($sub).
  creating $macc model for $add$rtl/arch_a/wire_udp_parser.sv:105$272 ($add).
  creating $macc model for $neg$rtl/arch_a/wire_udp_parser.sv:104$269 ($neg).
  creating $macc model for $sub$rtl/arch_a/wire_udp_parser.sv:104$264 ($sub).
  creating $macc model for $add$rtl/arch_a/wire_udp_parser.sv:104$263 ($add).
  creating $macc model for $sub$rtl/arch_a/wire_udp_parser.sv:104$262 ($sub).
  merging $macc model for $add$rtl/arch_a/wire_udp_parser.sv:104$263 into $sub$rtl/arch_a/wire_udp_parser.sv:104$264.
  creating $alu model for $macc $sub$rtl/arch_a/wire_udp_parser.sv:104$262.
  creating $alu model for $macc $neg$rtl/arch_a/wire_udp_parser.sv:104$269.
  creating $alu model for $macc $add$rtl/arch_a/wire_udp_parser.sv:105$272.
  creating $alu model for $macc $sub$rtl/arch_a/wire_udp_parser.sv:159$276.
  creating $alu model for $macc $sub$rtl/arch_a/wire_udp_parser.sv:186$280.
  creating $alu model for $macc $add$rtl/arch_a/wire_udp_parser.sv:193$282.
  creating $macc cell for $sub$rtl/arch_a/wire_udp_parser.sv:104$264: $auto$alumacc.cc:427:replace_macc$6107
  creating $alu model for $gt$rtl/arch_a/wire_udp_parser.sv:166$277 ($gt): merged with $sub$rtl/arch_a/wire_udp_parser.sv:186$280.
  creating $alu model for $lt$rtl/arch_a/wire_udp_parser.sv:111$273 ($lt): merged with $sub$rtl/arch_a/wire_udp_parser.sv:159$276.
  creating $alu model for $lt$rtl/arch_a/wire_udp_parser.sv:103$258 ($lt): new $alu
  creating $alu model for $eq$rtl/arch_a/wire_udp_parser.sv:170$279 ($eq): merged with $sub$rtl/arch_a/wire_udp_parser.sv:186$280.
  creating $alu model for $eq$rtl/arch_a/wire_udp_parser.sv:121$274 ($eq): merged with $sub$rtl/arch_a/wire_udp_parser.sv:159$276.
  creating $alu cell for $lt$rtl/arch_a/wire_udp_parser.sv:103$258: $auto$alumacc.cc:576:replace_alu$6109
  creating $alu cell for $add$rtl/arch_a/wire_udp_parser.sv:193$282: $auto$alumacc.cc:576:replace_alu$6114
  creating $alu cell for $sub$rtl/arch_a/wire_udp_parser.sv:186$280, $gt$rtl/arch_a/wire_udp_parser.sv:166$277, $eq$rtl/arch_a/wire_udp_parser.sv:170$279: $auto$alumacc.cc:576:replace_alu$6117
  creating $alu cell for $sub$rtl/arch_a/wire_udp_parser.sv:159$276, $lt$rtl/arch_a/wire_udp_parser.sv:111$273, $eq$rtl/arch_a/wire_udp_parser.sv:121$274: $auto$alumacc.cc:576:replace_alu$6128
  creating $alu cell for $add$rtl/arch_a/wire_udp_parser.sv:105$272: $auto$alumacc.cc:576:replace_alu$6135
  creating $alu cell for $neg$rtl/arch_a/wire_udp_parser.sv:104$269: $auto$alumacc.cc:576:replace_alu$6138
  creating $alu cell for $sub$rtl/arch_a/wire_udp_parser.sv:104$262: $auto$alumacc.cc:576:replace_alu$6141
  created 7 $alu and 1 $macc cells.
Extracting $alu and $macc cells in module wire_ipv4_parser:
  creating $macc model for $add$rtl/arch_a/wire_ipv4_parser.sv:56$212 ($add).
  creating $macc model for $add$rtl/arch_a/wire_ipv4_parser.sv:55$211 ($add).
  creating $macc model for $add$rtl/arch_a/wire_ipv4_parser.sv:50$210 ($add).
  creating $macc model for $add$rtl/arch_a/wire_ipv4_parser.sv:50$209 ($add).
  creating $macc model for $add$rtl/arch_a/wire_ipv4_parser.sv:50$208 ($add).
  creating $macc model for $add$rtl/arch_a/wire_ipv4_parser.sv:50$207 ($add).
  creating $macc model for $add$rtl/arch_a/wire_ipv4_parser.sv:50$206 ($add).
  creating $macc model for $add$rtl/arch_a/wire_ipv4_parser.sv:50$205 ($add).
  creating $macc model for $add$rtl/arch_a/wire_ipv4_parser.sv:50$204 ($add).
  creating $macc model for $add$rtl/arch_a/wire_ipv4_parser.sv:50$203 ($add).
  creating $macc model for $add$rtl/arch_a/wire_ipv4_parser.sv:50$202 ($add).
  creating $macc model for $sub$rtl/arch_a/wire_ipv4_parser.sv:193$176 ($sub).
  creating $macc model for $sub$rtl/arch_a/wire_ipv4_parser.sv:169$162 ($sub).
  creating $macc model for $add$rtl/arch_a/wire_ipv4_parser.sv:156$157 ($add).
  creating $macc model for $neg$rtl/arch_a/wire_ipv4_parser.sv:155$154 ($neg).
  creating $macc model for $sub$rtl/arch_a/wire_ipv4_parser.sv:155$149 ($sub).
  creating $macc model for $add$rtl/arch_a/wire_ipv4_parser.sv:155$148 ($add).
  creating $macc model for $sub$rtl/arch_a/wire_ipv4_parser.sv:155$147 ($sub).
  merging $macc model for $add$rtl/arch_a/wire_ipv4_parser.sv:155$148 into $sub$rtl/arch_a/wire_ipv4_parser.sv:155$149.
  merging $macc model for $add$rtl/arch_a/wire_ipv4_parser.sv:50$202 into $add$rtl/arch_a/wire_ipv4_parser.sv:50$203.
  merging $macc model for $add$rtl/arch_a/wire_ipv4_parser.sv:50$203 into $add$rtl/arch_a/wire_ipv4_parser.sv:50$204.
  merging $macc model for $add$rtl/arch_a/wire_ipv4_parser.sv:50$204 into $add$rtl/arch_a/wire_ipv4_parser.sv:50$205.
  merging $macc model for $add$rtl/arch_a/wire_ipv4_parser.sv:50$205 into $add$rtl/arch_a/wire_ipv4_parser.sv:50$206.
  merging $macc model for $add$rtl/arch_a/wire_ipv4_parser.sv:50$206 into $add$rtl/arch_a/wire_ipv4_parser.sv:50$207.
  merging $macc model for $add$rtl/arch_a/wire_ipv4_parser.sv:50$207 into $add$rtl/arch_a/wire_ipv4_parser.sv:50$208.
  merging $macc model for $add$rtl/arch_a/wire_ipv4_parser.sv:50$208 into $add$rtl/arch_a/wire_ipv4_parser.sv:50$209.
  merging $macc model for $add$rtl/arch_a/wire_ipv4_parser.sv:50$209 into $add$rtl/arch_a/wire_ipv4_parser.sv:50$210.
  creating $alu model for $macc $sub$rtl/arch_a/wire_ipv4_parser.sv:169$162.
  creating $alu model for $macc $add$rtl/arch_a/wire_ipv4_parser.sv:156$157.
  creating $alu model for $macc $neg$rtl/arch_a/wire_ipv4_parser.sv:155$154.
  creating $alu model for $macc $sub$rtl/arch_a/wire_ipv4_parser.sv:193$176.
  creating $alu model for $macc $sub$rtl/arch_a/wire_ipv4_parser.sv:155$147.
  creating $alu model for $macc $add$rtl/arch_a/wire_ipv4_parser.sv:55$211.
  creating $alu model for $macc $add$rtl/arch_a/wire_ipv4_parser.sv:56$212.
  creating $macc cell for $sub$rtl/arch_a/wire_ipv4_parser.sv:155$149: $auto$alumacc.cc:427:replace_macc$6144
  creating $macc cell for $add$rtl/arch_a/wire_ipv4_parser.sv:50$210: $auto$alumacc.cc:427:replace_macc$6145
  creating $alu model for $lt$rtl/arch_a/wire_ipv4_parser.sv:74$197 ($lt): merged with $sub$rtl/arch_a/wire_ipv4_parser.sv:169$162.
  creating $alu model for $gt$rtl/arch_a/wire_ipv4_parser.sv:183$172 ($gt): merged with $sub$rtl/arch_a/wire_ipv4_parser.sv:193$176.
  creating $alu model for $lt$rtl/arch_a/wire_ipv4_parser.sv:154$141 ($lt): new $alu
  creating $alu model for $eq$rtl/arch_a/wire_ipv4_parser.sv:189$174 ($eq): merged with $sub$rtl/arch_a/wire_ipv4_parser.sv:193$176.
  creating $alu model for $eq$rtl/arch_a/wire_ipv4_parser.sv:160$161 ($eq): merged with $sub$rtl/arch_a/wire_ipv4_parser.sv:169$162.
  creating $alu cell for $lt$rtl/arch_a/wire_ipv4_parser.sv:154$141: $auto$alumacc.cc:576:replace_alu$6147
  creating $alu cell for $add$rtl/arch_a/wire_ipv4_parser.sv:56$212: $auto$alumacc.cc:576:replace_alu$6152
  creating $alu cell for $add$rtl/arch_a/wire_ipv4_parser.sv:55$211: $auto$alumacc.cc:576:replace_alu$6155
  creating $alu cell for $sub$rtl/arch_a/wire_ipv4_parser.sv:155$147: $auto$alumacc.cc:576:replace_alu$6158
  creating $alu cell for $sub$rtl/arch_a/wire_ipv4_parser.sv:193$176, $gt$rtl/arch_a/wire_ipv4_parser.sv:183$172, $eq$rtl/arch_a/wire_ipv4_parser.sv:189$174: $auto$alumacc.cc:576:replace_alu$6161
  creating $alu cell for $neg$rtl/arch_a/wire_ipv4_parser.sv:155$154: $auto$alumacc.cc:576:replace_alu$6172
  creating $alu cell for $add$rtl/arch_a/wire_ipv4_parser.sv:156$157: $auto$alumacc.cc:576:replace_alu$6175
  creating $alu cell for $sub$rtl/arch_a/wire_ipv4_parser.sv:169$162, $lt$rtl/arch_a/wire_ipv4_parser.sv:74$197, $eq$rtl/arch_a/wire_ipv4_parser.sv:160$161: $auto$alumacc.cc:576:replace_alu$6178
  created 8 $alu and 2 $macc cells.
Extracting $alu and $macc cells in module wire_eth_parser:
  creating $macc model for $add$rtl/arch_a/wire_eth_parser.sv:110$90 ($add).
  creating $alu model for $macc $add$rtl/arch_a/wire_eth_parser.sv:110$90.
  creating $alu model for $lt$rtl/arch_a/wire_eth_parser.sv:83$87 ($lt): new $alu
  creating $alu model for $procmux$5110_CMP0 ($eq): merged with $lt$rtl/arch_a/wire_eth_parser.sv:83$87.
  creating $alu cell for $lt$rtl/arch_a/wire_eth_parser.sv:83$87, $procmux$5110_CMP0: $auto$alumacc.cc:576:replace_alu$6186
  creating $alu cell for $add$rtl/arch_a/wire_eth_parser.sv:110$90: $auto$alumacc.cc:576:replace_alu$6193
  created 2 $alu and 0 $macc cells.
Extracting $alu and $macc cells in module wire_gearbox_64to8:
  creating $macc model for $add$rtl/arch_a/wire_gearbox_64to8.sv:68$67 ($add).
  creating $macc model for $sub$rtl/arch_a/wire_gearbox_64to8.sv:38$45 ($sub).
  creating $alu model for $macc $sub$rtl/arch_a/wire_gearbox_64to8.sv:38$45.
  creating $alu model for $macc $add$rtl/arch_a/wire_gearbox_64to8.sv:68$67.
  creating $alu cell for $add$rtl/arch_a/wire_gearbox_64to8.sv:68$67: $auto$alumacc.cc:576:replace_alu$6196
  creating $alu cell for $sub$rtl/arch_a/wire_gearbox_64to8.sv:38$45: $auto$alumacc.cc:576:replace_alu$6199
  created 2 $alu and 0 $macc cells.
Extracting $alu and $macc cells in module wire_ingress_buffer:
  creating $macc model for $sub$rtl/common/wire_ingress_buffer.sv:55$43 ($sub).
  creating $macc model for $add$rtl/common/wire_ingress_buffer.sv:54$42 ($add).
  creating $macc model for $add$rtl/common/wire_ingress_buffer.sv:51$41 ($add).
  creating $macc model for $add$rtl/common/wire_ingress_buffer.sv:47$40 ($add).
  creating $alu model for $macc $add$rtl/common/wire_ingress_buffer.sv:47$40.
  creating $alu model for $macc $add$rtl/common/wire_ingress_buffer.sv:51$41.
  creating $alu model for $macc $add$rtl/common/wire_ingress_buffer.sv:54$42.
  creating $alu model for $macc $sub$rtl/common/wire_ingress_buffer.sv:55$43.
  creating $alu cell for $sub$rtl/common/wire_ingress_buffer.sv:55$43: $auto$alumacc.cc:576:replace_alu$6202
  creating $alu cell for $add$rtl/common/wire_ingress_buffer.sv:54$42: $auto$alumacc.cc:576:replace_alu$6205
  creating $alu cell for $add$rtl/common/wire_ingress_buffer.sv:51$41: $auto$alumacc.cc:576:replace_alu$6208
  creating $alu cell for $add$rtl/common/wire_ingress_buffer.sv:47$40: $auto$alumacc.cc:576:replace_alu$6211
  created 4 $alu and 0 $macc cells.

14.13. Executing SHARE pass (SAT-based resource sharing).

14.14. Executing OPT pass (performing simple optimizations).

14.14.1. Executing OPT_EXPR pass (perform const folding).
Optimizing module wire_arch_a_parser_top.
Optimizing module wire_itch_decoder.
<suppressed ~3 debug messages>
Optimizing module wire_mold_message_framer.
Optimizing module wire_mold_header_seq.
<suppressed ~8 debug messages>
Optimizing module wire_udp_parser.
<suppressed ~15 debug messages>
Optimizing module wire_ipv4_parser.
<suppressed ~6 debug messages>
Optimizing module wire_eth_parser.
Optimizing module wire_gearbox_64to8.
Optimizing module wire_ingress_buffer.

14.14.2. Executing OPT_MERGE pass (detect identical cells).
Finding identical cells in module `\wire_arch_a_parser_top'.
Computing hashes of 45 cells of `\wire_arch_a_parser_top'.
Finding duplicate cells in `\wire_arch_a_parser_top'.
Finding identical cells in module `\wire_itch_decoder'.
Computing hashes of 346 cells of `\wire_itch_decoder'.
Finding duplicate cells in `\wire_itch_decoder'.
Finding identical cells in module `\wire_mold_message_framer'.
Computing hashes of 153 cells of `\wire_mold_message_framer'.
Finding duplicate cells in `\wire_mold_message_framer'.
Finding identical cells in module `\wire_mold_header_seq'.
Computing hashes of 175 cells of `\wire_mold_header_seq'.
Finding duplicate cells in `\wire_mold_header_seq'.
Finding identical cells in module `\wire_udp_parser'.
Computing hashes of 177 cells of `\wire_udp_parser'.
Finding duplicate cells in `\wire_udp_parser'.
Finding identical cells in module `\wire_ipv4_parser'.
Computing hashes of 160 cells of `\wire_ipv4_parser'.
Finding duplicate cells in `\wire_ipv4_parser'.
Finding identical cells in module `\wire_eth_parser'.
Computing hashes of 74 cells of `\wire_eth_parser'.
Finding duplicate cells in `\wire_eth_parser'.
Finding identical cells in module `\wire_gearbox_64to8'.
Computing hashes of 35 cells of `\wire_gearbox_64to8'.
Finding duplicate cells in `\wire_gearbox_64to8'.
Finding identical cells in module `\wire_ingress_buffer'.
Computing hashes of 32 cells of `\wire_ingress_buffer'.
Finding duplicate cells in `\wire_ingress_buffer'.
Removed a total of 0 cells.

14.14.3. Executing OPT_MUXTREE pass (detect dead branches in mux trees).
Running muxtree optimizer on module \wire_arch_a_parser_top..
  Creating internal representation of mux trees.
  Evaluating internal representation of mux trees.
  Analyzing evaluation results.
Running muxtree optimizer on module \wire_itch_decoder..
  Creating internal representation of mux trees.
  Evaluating internal representation of mux trees.
  Analyzing evaluation results.
Running muxtree optimizer on module \wire_mold_message_framer..
  Creating internal representation of mux trees.
  Evaluating internal representation of mux trees.
  Analyzing evaluation results.
Running muxtree optimizer on module \wire_mold_header_seq..
  Creating internal representation of mux trees.
  Evaluating internal representation of mux trees.
  Analyzing evaluation results.
Running muxtree optimizer on module \wire_udp_parser..
  Creating internal representation of mux trees.
  Evaluating internal representation of mux trees.
  Analyzing evaluation results.
Running muxtree optimizer on module \wire_ipv4_parser..
  Creating internal representation of mux trees.
  Evaluating internal representation of mux trees.
  Analyzing evaluation results.
Running muxtree optimizer on module \wire_eth_parser..
  Creating internal representation of mux trees.
  Evaluating internal representation of mux trees.
  Analyzing evaluation results.
Running muxtree optimizer on module \wire_gearbox_64to8..
  Creating internal representation of mux trees.
  Evaluating internal representation of mux trees.
  Analyzing evaluation results.
Running muxtree optimizer on module \wire_ingress_buffer..
  Creating internal representation of mux trees.
  Evaluating internal representation of mux trees.
  Analyzing evaluation results.
Removed 0 multiplexer ports.
<suppressed ~1803 debug messages>

14.14.4. Executing OPT_REDUCE pass (consolidate $*mux and $reduce_* inputs).
  Optimizing cells in module \wire_arch_a_parser_top.
  Optimizing cells in module \wire_itch_decoder.
  Optimizing cells in module \wire_mold_message_framer.
  Optimizing cells in module \wire_mold_header_seq.
  Optimizing cells in module \wire_udp_parser.
  Optimizing cells in module \wire_ipv4_parser.
  Optimizing cells in module \wire_eth_parser.
  Optimizing cells in module \wire_gearbox_64to8.
  Optimizing cells in module \wire_ingress_buffer.
Performed a total of 0 changes.

14.14.5. Executing OPT_MERGE pass (detect identical cells).
Finding identical cells in module `\wire_arch_a_parser_top'.
Computing hashes of 45 cells of `\wire_arch_a_parser_top'.
Finding duplicate cells in `\wire_arch_a_parser_top'.
Finding identical cells in module `\wire_itch_decoder'.
Computing hashes of 346 cells of `\wire_itch_decoder'.
Finding duplicate cells in `\wire_itch_decoder'.
Finding identical cells in module `\wire_mold_message_framer'.
Computing hashes of 153 cells of `\wire_mold_message_framer'.
Finding duplicate cells in `\wire_mold_message_framer'.
Finding identical cells in module `\wire_mold_header_seq'.
Computing hashes of 175 cells of `\wire_mold_header_seq'.
Finding duplicate cells in `\wire_mold_header_seq'.
Finding identical cells in module `\wire_udp_parser'.
Computing hashes of 177 cells of `\wire_udp_parser'.
Finding duplicate cells in `\wire_udp_parser'.
Finding identical cells in module `\wire_ipv4_parser'.
Computing hashes of 160 cells of `\wire_ipv4_parser'.
Finding duplicate cells in `\wire_ipv4_parser'.
Finding identical cells in module `\wire_eth_parser'.
Computing hashes of 74 cells of `\wire_eth_parser'.
Finding duplicate cells in `\wire_eth_parser'.
Finding identical cells in module `\wire_gearbox_64to8'.
Computing hashes of 35 cells of `\wire_gearbox_64to8'.
Finding duplicate cells in `\wire_gearbox_64to8'.
Finding identical cells in module `\wire_ingress_buffer'.
Computing hashes of 32 cells of `\wire_ingress_buffer'.
Finding duplicate cells in `\wire_ingress_buffer'.
Removed a total of 0 cells.

14.14.6. Executing OPT_DFF pass (perform DFF optimizations).
Setting constant 0-bit at position 3 on $auto$ff.cc:337:slice$5465 ($sdffe) from module wire_arch_a_parser_top.

14.14.7. Executing OPT_CLEAN pass (remove unused cells and wires).
Finding unused cells or wires in module \wire_arch_a_parser_top..
Finding unused cells or wires in module \wire_itch_decoder..
Finding unused cells or wires in module \wire_mold_message_framer..
Finding unused cells or wires in module \wire_mold_header_seq..
Finding unused cells or wires in module \wire_udp_parser..
Finding unused cells or wires in module \wire_ipv4_parser..
Finding unused cells or wires in module \wire_eth_parser..
Finding unused cells or wires in module \wire_gearbox_64to8..
Finding unused cells or wires in module \wire_ingress_buffer..
Removed 13 unused cells and 30 unused wires.
<suppressed ~19 debug messages>

14.14.8. Executing OPT_EXPR pass (perform const folding).
Optimizing module wire_arch_a_parser_top.
Optimizing module wire_itch_decoder.
Optimizing module wire_mold_message_framer.
Optimizing module wire_mold_header_seq.
Optimizing module wire_udp_parser.
Optimizing module wire_ipv4_parser.
Optimizing module wire_eth_parser.
Optimizing module wire_gearbox_64to8.
Optimizing module wire_ingress_buffer.

14.14.9. Rerunning OPT passes. (Maybe there is more to do..)

14.14.10. Executing OPT_MUXTREE pass (detect dead branches in mux trees).
Running muxtree optimizer on module \wire_arch_a_parser_top..
  Creating internal representation of mux trees.
  Evaluating internal representation of mux trees.
  Analyzing evaluation results.
Running muxtree optimizer on module \wire_itch_decoder..
  Creating internal representation of mux trees.
  Evaluating internal representation of mux trees.
  Analyzing evaluation results.
Running muxtree optimizer on module \wire_mold_message_framer..
  Creating internal representation of mux trees.
  Evaluating internal representation of mux trees.
  Analyzing evaluation results.
Running muxtree optimizer on module \wire_mold_header_seq..
  Creating internal representation of mux trees.
  Evaluating internal representation of mux trees.
  Analyzing evaluation results.
Running muxtree optimizer on module \wire_udp_parser..
  Creating internal representation of mux trees.
  Evaluating internal representation of mux trees.
  Analyzing evaluation results.
Running muxtree optimizer on module \wire_ipv4_parser..
  Creating internal representation of mux trees.
  Evaluating internal representation of mux trees.
  Analyzing evaluation results.
Running muxtree optimizer on module \wire_eth_parser..
  Creating internal representation of mux trees.
  Evaluating internal representation of mux trees.
  Analyzing evaluation results.
Running muxtree optimizer on module \wire_gearbox_64to8..
  Creating internal representation of mux trees.
  Evaluating internal representation of mux trees.
  Analyzing evaluation results.
Running muxtree optimizer on module \wire_ingress_buffer..
  Creating internal representation of mux trees.
  Evaluating internal representation of mux trees.
  Analyzing evaluation results.
Removed 0 multiplexer ports.
<suppressed ~1803 debug messages>

14.14.11. Executing OPT_REDUCE pass (consolidate $*mux and $reduce_* inputs).
  Optimizing cells in module \wire_arch_a_parser_top.
  Optimizing cells in module \wire_itch_decoder.
  Optimizing cells in module \wire_mold_message_framer.
  Optimizing cells in module \wire_mold_header_seq.
  Optimizing cells in module \wire_udp_parser.
  Optimizing cells in module \wire_ipv4_parser.
  Optimizing cells in module \wire_eth_parser.
  Optimizing cells in module \wire_gearbox_64to8.
  Optimizing cells in module \wire_ingress_buffer.
Performed a total of 0 changes.

14.14.12. Executing OPT_MERGE pass (detect identical cells).
Finding identical cells in module `\wire_arch_a_parser_top'.
Computing hashes of 45 cells of `\wire_arch_a_parser_top'.
Finding duplicate cells in `\wire_arch_a_parser_top'.
Finding identical cells in module `\wire_itch_decoder'.
Computing hashes of 345 cells of `\wire_itch_decoder'.
Finding duplicate cells in `\wire_itch_decoder'.
Finding identical cells in module `\wire_mold_message_framer'.
Computing hashes of 153 cells of `\wire_mold_message_framer'.
Finding duplicate cells in `\wire_mold_message_framer'.
Finding identical cells in module `\wire_mold_header_seq'.
Computing hashes of 174 cells of `\wire_mold_header_seq'.
Finding duplicate cells in `\wire_mold_header_seq'.
Finding identical cells in module `\wire_udp_parser'.
Computing hashes of 176 cells of `\wire_udp_parser'.
Finding duplicate cells in `\wire_udp_parser'.
Finding identical cells in module `\wire_ipv4_parser'.
Computing hashes of 150 cells of `\wire_ipv4_parser'.
Finding duplicate cells in `\wire_ipv4_parser'.
Finding identical cells in module `\wire_eth_parser'.
Computing hashes of 74 cells of `\wire_eth_parser'.
Finding duplicate cells in `\wire_eth_parser'.
Finding identical cells in module `\wire_gearbox_64to8'.
Computing hashes of 35 cells of `\wire_gearbox_64to8'.
Finding duplicate cells in `\wire_gearbox_64to8'.
Finding identical cells in module `\wire_ingress_buffer'.
Computing hashes of 32 cells of `\wire_ingress_buffer'.
Finding duplicate cells in `\wire_ingress_buffer'.
Removed a total of 0 cells.

14.14.13. Executing OPT_DFF pass (perform DFF optimizations).

14.14.14. Executing OPT_CLEAN pass (remove unused cells and wires).
Finding unused cells or wires in module \wire_arch_a_parser_top..
Finding unused cells or wires in module \wire_itch_decoder..
Finding unused cells or wires in module \wire_mold_message_framer..
Finding unused cells or wires in module \wire_mold_header_seq..
Finding unused cells or wires in module \wire_udp_parser..
Finding unused cells or wires in module \wire_ipv4_parser..
Finding unused cells or wires in module \wire_eth_parser..
Finding unused cells or wires in module \wire_gearbox_64to8..
Finding unused cells or wires in module \wire_ingress_buffer..

14.14.15. Executing OPT_EXPR pass (perform const folding).
Optimizing module wire_arch_a_parser_top.
Optimizing module wire_itch_decoder.
Optimizing module wire_mold_message_framer.
Optimizing module wire_mold_header_seq.
Optimizing module wire_udp_parser.
Optimizing module wire_ipv4_parser.
Optimizing module wire_eth_parser.
Optimizing module wire_gearbox_64to8.
Optimizing module wire_ingress_buffer.

14.14.16. Finished fast OPT passes. (There is nothing left to do.)

14.15. Executing MEMORY pass.

14.15.1. Executing OPT_MEM pass (optimize memories).
Performed a total of 0 transformations.

14.15.2. Executing OPT_MEM_PRIORITY pass (removing unnecessary memory write priority relations).
Performed a total of 0 transformations.

14.15.3. Executing OPT_MEM_FEEDBACK pass (finding memory read-to-write feedback paths).
  Analyzing wire_itch_decoder.bytes_q write port 0.
  Analyzing wire_ingress_buffer.last_q write port 0.
  Analyzing wire_ingress_buffer.keep_q write port 0.
  Analyzing wire_ingress_buffer.data_q write port 0.

14.15.4. Executing MEMORY_BMUX2ROM pass (converting muxes to ROMs).

14.15.5. Executing MEMORY_DFF pass (merging $dff cells to $memrd).
Checking read port `\bytes_q'[0] in module `\wire_itch_decoder': merging output FF to cell.
    Write port 0: don't care on collision.
Checking read port `\bytes_q'[1] in module `\wire_itch_decoder': merging output FF to cell.
    Write port 0: don't care on collision.
Checking read port `\bytes_q'[2] in module `\wire_itch_decoder': merging output FF to cell.
    Write port 0: don't care on collision.
Checking read port `\bytes_q'[3] in module `\wire_itch_decoder': merging output FF to cell.
    Write port 0: don't care on collision.
Checking read port `\bytes_q'[4] in module `\wire_itch_decoder': merging output FF to cell.
    Write port 0: don't care on collision.
Checking read port `\bytes_q'[5] in module `\wire_itch_decoder': merging output FF to cell.
    Write port 0: don't care on collision.
Checking read port `\bytes_q'[6] in module `\wire_itch_decoder': no output FF found.
Checking read port `\bytes_q'[7] in module `\wire_itch_decoder': no output FF found.
Checking read port `\bytes_q'[8] in module `\wire_itch_decoder': FF found, but with a mux select that doesn't seem to correspond to transparency logic.
Checking read port `\bytes_q'[9] in module `\wire_itch_decoder': no output FF found.
Checking read port `\bytes_q'[10] in module `\wire_itch_decoder': no output FF found.
Checking read port `\bytes_q'[11] in module `\wire_itch_decoder': no output FF found.
Checking read port `\bytes_q'[12] in module `\wire_itch_decoder': no output FF found.
Checking read port `\bytes_q'[13] in module `\wire_itch_decoder': no output FF found.
Checking read port `\bytes_q'[14] in module `\wire_itch_decoder': no output FF found.
Checking read port `\bytes_q'[15] in module `\wire_itch_decoder': no output FF found.
Checking read port `\bytes_q'[16] in module `\wire_itch_decoder': no output FF found.
Checking read port `\bytes_q'[17] in module `\wire_itch_decoder': no output FF found.
Checking read port `\bytes_q'[18] in module `\wire_itch_decoder': no output FF found.
Checking read port `\bytes_q'[19] in module `\wire_itch_decoder': no output FF found.
Checking read port `\bytes_q'[20] in module `\wire_itch_decoder': no output FF found.
Checking read port `\bytes_q'[21] in module `\wire_itch_decoder': no output FF found.
Checking read port `\bytes_q'[22] in module `\wire_itch_decoder': no output FF found.
Checking read port `\bytes_q'[23] in module `\wire_itch_decoder': no output FF found.
Checking read port `\bytes_q'[24] in module `\wire_itch_decoder': no output FF found.
Checking read port `\bytes_q'[25] in module `\wire_itch_decoder': no output FF found.
Checking read port `\bytes_q'[26] in module `\wire_itch_decoder': no output FF found.
Checking read port `\bytes_q'[27] in module `\wire_itch_decoder': no output FF found.
Checking read port `\bytes_q'[28] in module `\wire_itch_decoder': no output FF found.
Checking read port `\bytes_q'[29] in module `\wire_itch_decoder': no output FF found.
Checking read port `\bytes_q'[30] in module `\wire_itch_decoder': no output FF found.
Checking read port `\bytes_q'[31] in module `\wire_itch_decoder': no output FF found.
Checking read port `\bytes_q'[32] in module `\wire_itch_decoder': no output FF found.
Checking read port `\bytes_q'[33] in module `\wire_itch_decoder': no output FF found.
Checking read port address `\bytes_q'[6] in module `\wire_itch_decoder': no address FF found.
Checking read port address `\bytes_q'[7] in module `\wire_itch_decoder': no address FF found.
Checking read port address `\bytes_q'[8] in module `\wire_itch_decoder': no address FF found.
Checking read port address `\bytes_q'[9] in module `\wire_itch_decoder': no address FF found.
Checking read port address `\bytes_q'[10] in module `\wire_itch_decoder': no address FF found.
Checking read port address `\bytes_q'[11] in module `\wire_itch_decoder': no address FF found.
Checking read port address `\bytes_q'[12] in module `\wire_itch_decoder': no address FF found.
Checking read port address `\bytes_q'[13] in module `\wire_itch_decoder': no address FF found.
Checking read port address `\bytes_q'[14] in module `\wire_itch_decoder': no address FF found.
Checking read port address `\bytes_q'[15] in module `\wire_itch_decoder': no address FF found.
Checking read port address `\bytes_q'[16] in module `\wire_itch_decoder': no address FF found.
Checking read port address `\bytes_q'[17] in module `\wire_itch_decoder': no address FF found.
Checking read port address `\bytes_q'[18] in module `\wire_itch_decoder': no address FF found.
Checking read port address `\bytes_q'[19] in module `\wire_itch_decoder': no address FF found.
Checking read port address `\bytes_q'[20] in module `\wire_itch_decoder': no address FF found.
Checking read port address `\bytes_q'[21] in module `\wire_itch_decoder': no address FF found.
Checking read port address `\bytes_q'[22] in module `\wire_itch_decoder': no address FF found.
Checking read port address `\bytes_q'[23] in module `\wire_itch_decoder': no address FF found.
Checking read port address `\bytes_q'[24] in module `\wire_itch_decoder': no address FF found.
Checking read port address `\bytes_q'[25] in module `\wire_itch_decoder': no address FF found.
Checking read port address `\bytes_q'[26] in module `\wire_itch_decoder': no address FF found.
Checking read port address `\bytes_q'[27] in module `\wire_itch_decoder': no address FF found.
Checking read port address `\bytes_q'[28] in module `\wire_itch_decoder': no address FF found.
Checking read port address `\bytes_q'[29] in module `\wire_itch_decoder': no address FF found.
Checking read port address `\bytes_q'[30] in module `\wire_itch_decoder': no address FF found.
Checking read port address `\bytes_q'[31] in module `\wire_itch_decoder': no address FF found.
Checking read port address `\bytes_q'[32] in module `\wire_itch_decoder': no address FF found.
Checking read port address `\bytes_q'[33] in module `\wire_itch_decoder': no address FF found.
Checking read port `\last_q'[0] in module `\wire_ingress_buffer': no output FF found.
Checking read port `\keep_q'[0] in module `\wire_ingress_buffer': no output FF found.
Checking read port `\data_q'[0] in module `\wire_ingress_buffer': no output FF found.
Checking read port address `\last_q'[0] in module `\wire_ingress_buffer': merged address FF to cell.
Checking read port address `\keep_q'[0] in module `\wire_ingress_buffer': merged address FF to cell.
Checking read port address `\data_q'[0] in module `\wire_ingress_buffer': merged address FF to cell.

14.15.6. Executing OPT_CLEAN pass (remove unused cells and wires).
Finding unused cells or wires in module \wire_arch_a_parser_top..
Finding unused cells or wires in module \wire_itch_decoder..
Finding unused cells or wires in module \wire_mold_message_framer..
Finding unused cells or wires in module \wire_mold_header_seq..
Finding unused cells or wires in module \wire_udp_parser..
Finding unused cells or wires in module \wire_ipv4_parser..
Finding unused cells or wires in module \wire_eth_parser..
Finding unused cells or wires in module \wire_gearbox_64to8..
Finding unused cells or wires in module \wire_ingress_buffer..
Removed 1 unused cells and 54 unused wires.
<suppressed ~2 debug messages>

14.15.7. Executing MEMORY_SHARE pass (consolidating $memrd/$memwr cells).
Consolidating read ports of memory wire_itch_decoder.bytes_q by address:
  Merging ports 1, 2 (address 6'001001).
  Merging ports 3, 4 (address 6'000111).
  Merging ports 3, 5 (address 6'000110).
  Merging ports 7, 9 (address 6'000001).
  Merging ports 8, 30 (address 6'100011).
  Merging ports 8, 31 (address 6'100010).
  Merging ports 8, 32 (address 6'100000).
  Merging ports 10, 25 (address 6'010010).
  Merging ports 11, 12 (address 6'010001).
  Merging ports 13, 14 (address 6'001111).
  Merging ports 13, 15 (address 6'001110).
  Merging ports 13, 16 (address 6'001100).
  Merging ports 13, 17 (address 6'001100).
  Merging ports 18, 29 (address 6'011010).
  Merging ports 19, 20 (address 6'011001).
  Merging ports 21, 22 (address 6'010111).
  Merging ports 21, 23 (address 6'010110).
  Merging ports 21, 24 (address 6'010100).
  Merging ports 26, 33 (address 6'011110).
  Merging ports 27, 28 (address 6'011101).
Consolidating read ports of memory wire_itch_decoder.bytes_q by address:
  Merging ports 0, 1 (address 6'001010).
  Merging ports 3, 4 (address 6'000010).
  Merging ports 3, 8 (address 6'000000).
  Merging ports 3, 9 (address 6'000000).
  Merging ports 3, 10 (address 6'000000).
  Merging ports 3, 11 (address 6'000000).
  Merging ports 3, 12 (address 6'000000).
  Merging ports 3, 13 (address 6'000000).
  Merging ports 6, 7 (address 6'010010).
Consolidating read ports of memory wire_itch_decoder.bytes_q by address:
  Merging ports 2, 3 (address 6'000000).
Consolidating read ports of memory wire_itch_decoder.bytes_q by address:

14.15.8. Executing OPT_MEM_WIDEN pass (optimize memories where all ports are wide).
Performed a total of 0 transformations.

14.15.9. Executing OPT_CLEAN pass (remove unused cells and wires).
Finding unused cells or wires in module \wire_arch_a_parser_top..
Finding unused cells or wires in module \wire_itch_decoder..
Finding unused cells or wires in module \wire_mold_message_framer..
Finding unused cells or wires in module \wire_mold_header_seq..
Finding unused cells or wires in module \wire_udp_parser..
Finding unused cells or wires in module \wire_ipv4_parser..
Finding unused cells or wires in module \wire_eth_parser..
Finding unused cells or wires in module \wire_gearbox_64to8..
Finding unused cells or wires in module \wire_ingress_buffer..
Removed 0 unused cells and 38 unused wires.
<suppressed ~1 debug messages>

14.15.10. Executing MEMORY_COLLECT pass (generating $mem cells).

14.16. Executing OPT_CLEAN pass (remove unused cells and wires).
Finding unused cells or wires in module \wire_arch_a_parser_top..
Finding unused cells or wires in module \wire_itch_decoder..
Finding unused cells or wires in module \wire_mold_message_framer..
Finding unused cells or wires in module \wire_mold_header_seq..
Finding unused cells or wires in module \wire_udp_parser..
Finding unused cells or wires in module \wire_ipv4_parser..
Finding unused cells or wires in module \wire_eth_parser..
Finding unused cells or wires in module \wire_gearbox_64to8..
Finding unused cells or wires in module \wire_ingress_buffer..

14.17. Executing OPT pass (performing simple optimizations).

14.17.1. Executing OPT_EXPR pass (perform const folding).
Optimizing module wire_arch_a_parser_top.
Optimizing module wire_itch_decoder.
<suppressed ~69 debug messages>
Optimizing module wire_mold_message_framer.
<suppressed ~13 debug messages>
Optimizing module wire_mold_header_seq.
<suppressed ~39 debug messages>
Optimizing module wire_udp_parser.
<suppressed ~52 debug messages>
Optimizing module wire_ipv4_parser.
<suppressed ~23 debug messages>
Optimizing module wire_eth_parser.
<suppressed ~9 debug messages>
Optimizing module wire_gearbox_64to8.
<suppressed ~4 debug messages>
Optimizing module wire_ingress_buffer.
<suppressed ~10 debug messages>

14.17.2. Executing OPT_MERGE pass (detect identical cells).
Finding identical cells in module `\wire_arch_a_parser_top'.
Computing hashes of 45 cells of `\wire_arch_a_parser_top'.
Finding duplicate cells in `\wire_arch_a_parser_top'.
Finding identical cells in module `\wire_itch_decoder'.
Computing hashes of 264 cells of `\wire_itch_decoder'.
Finding duplicate cells in `\wire_itch_decoder'.
Finding identical cells in module `\wire_mold_message_framer'.
Computing hashes of 150 cells of `\wire_mold_message_framer'.
Finding duplicate cells in `\wire_mold_message_framer'.
Finding identical cells in module `\wire_mold_header_seq'.
Computing hashes of 152 cells of `\wire_mold_header_seq'.
Finding duplicate cells in `\wire_mold_header_seq'.
Finding identical cells in module `\wire_udp_parser'.
Computing hashes of 146 cells of `\wire_udp_parser'.
Finding duplicate cells in `\wire_udp_parser'.
Finding identical cells in module `\wire_ipv4_parser'.
Computing hashes of 138 cells of `\wire_ipv4_parser'.
Finding duplicate cells in `\wire_ipv4_parser'.
Finding identical cells in module `\wire_eth_parser'.
Computing hashes of 69 cells of `\wire_eth_parser'.
Finding duplicate cells in `\wire_eth_parser'.
Finding identical cells in module `\wire_gearbox_64to8'.
Computing hashes of 32 cells of `\wire_gearbox_64to8'.
Finding duplicate cells in `\wire_gearbox_64to8'.
Finding identical cells in module `\wire_ingress_buffer'.
Computing hashes of 26 cells of `\wire_ingress_buffer'.
Finding duplicate cells in `\wire_ingress_buffer'.
Computing hashes of 24 cells of `\wire_ingress_buffer'.
Finding duplicate cells in `\wire_ingress_buffer'.
Computing hashes of 22 cells of `\wire_ingress_buffer'.
Finding duplicate cells in `\wire_ingress_buffer'.
<suppressed ~12 debug messages>
Removed a total of 4 cells.

14.17.3. Executing OPT_DFF pass (perform DFF optimizations).
Adding EN signal on $auto$ff.cc:337:slice$5701 ($sdffe) from module wire_mold_header_seq (D = $procmux$3671_Y, Q = \pending_code_q).

14.17.4. Executing OPT_CLEAN pass (remove unused cells and wires).
Finding unused cells or wires in module \wire_arch_a_parser_top..
Finding unused cells or wires in module \wire_itch_decoder..
Finding unused cells or wires in module \wire_mold_message_framer..
Finding unused cells or wires in module \wire_mold_header_seq..
Finding unused cells or wires in module \wire_udp_parser..
Finding unused cells or wires in module \wire_ipv4_parser..
Finding unused cells or wires in module \wire_eth_parser..
Finding unused cells or wires in module \wire_gearbox_64to8..
Finding unused cells or wires in module \wire_ingress_buffer..
Removed 2 unused cells and 157 unused wires.
<suppressed ~10 debug messages>

14.17.5. Rerunning OPT passes. (Removed registers in this run.)

14.17.6. Executing OPT_EXPR pass (perform const folding).
Optimizing module wire_arch_a_parser_top.
Optimizing module wire_itch_decoder.
Optimizing module wire_mold_message_framer.
Optimizing module wire_mold_header_seq.
<suppressed ~1 debug messages>
Optimizing module wire_udp_parser.
<suppressed ~1 debug messages>
Optimizing module wire_ipv4_parser.
<suppressed ~2 debug messages>
Optimizing module wire_eth_parser.
<suppressed ~1 debug messages>
Optimizing module wire_gearbox_64to8.
<suppressed ~1 debug messages>
Optimizing module wire_ingress_buffer.

14.17.7. Executing OPT_MERGE pass (detect identical cells).
Finding identical cells in module `\wire_arch_a_parser_top'.
Computing hashes of 45 cells of `\wire_arch_a_parser_top'.
Finding duplicate cells in `\wire_arch_a_parser_top'.
Finding identical cells in module `\wire_itch_decoder'.
Computing hashes of 262 cells of `\wire_itch_decoder'.
Finding duplicate cells in `\wire_itch_decoder'.
Finding identical cells in module `\wire_mold_message_framer'.
Computing hashes of 150 cells of `\wire_mold_message_framer'.
Finding duplicate cells in `\wire_mold_message_framer'.
Finding identical cells in module `\wire_mold_header_seq'.
Computing hashes of 153 cells of `\wire_mold_header_seq'.
Finding duplicate cells in `\wire_mold_header_seq'.
Finding identical cells in module `\wire_udp_parser'.
Computing hashes of 146 cells of `\wire_udp_parser'.
Finding duplicate cells in `\wire_udp_parser'.
Finding identical cells in module `\wire_ipv4_parser'.
Computing hashes of 138 cells of `\wire_ipv4_parser'.
Finding duplicate cells in `\wire_ipv4_parser'.
Finding identical cells in module `\wire_eth_parser'.
Computing hashes of 69 cells of `\wire_eth_parser'.
Finding duplicate cells in `\wire_eth_parser'.
Finding identical cells in module `\wire_gearbox_64to8'.
Computing hashes of 32 cells of `\wire_gearbox_64to8'.
Finding duplicate cells in `\wire_gearbox_64to8'.
Finding identical cells in module `\wire_ingress_buffer'.
Computing hashes of 22 cells of `\wire_ingress_buffer'.
Finding duplicate cells in `\wire_ingress_buffer'.
Removed a total of 0 cells.

14.17.8. Executing OPT_DFF pass (perform DFF optimizations).

14.17.9. Executing OPT_CLEAN pass (remove unused cells and wires).
Finding unused cells or wires in module \wire_arch_a_parser_top..
Finding unused cells or wires in module \wire_itch_decoder..
Finding unused cells or wires in module \wire_mold_message_framer..
Finding unused cells or wires in module \wire_mold_header_seq..
Finding unused cells or wires in module \wire_udp_parser..
Finding unused cells or wires in module \wire_ipv4_parser..
Finding unused cells or wires in module \wire_eth_parser..
Finding unused cells or wires in module \wire_gearbox_64to8..
Finding unused cells or wires in module \wire_ingress_buffer..
Removed 0 unused cells and 1 unused wires.
<suppressed ~1 debug messages>

14.17.10. Finished fast OPT passes.

14.18. Executing MEMORY_MAP pass (converting memories to logic and flip-flops).
Mapping memory \bytes_q in module \wire_itch_decoder:
  created 64 $dff cells and 0 static cells of width 8.
Extracted data FF from read port 0 of wire_itch_decoder.bytes_q: $\bytes_q$rdreg[0]
Extracted data FF from read port 1 of wire_itch_decoder.bytes_q: $\bytes_q$rdreg[1]
  read interface: 2 $dff and 45 $mux cells.
  write interface: 64 write mux blocks.
Mapping memory \last_q in module \wire_ingress_buffer:
  created 2 $dff cells and 0 static cells of width 1.
Extracted addr FF from read port 0 of wire_ingress_buffer.last_q: $\last_q$rdreg[0]
  read interface: 1 $dff and 1 $mux cells.
  write interface: 2 write mux blocks.
Mapping memory \keep_q in module \wire_ingress_buffer:
  created 2 $dff cells and 0 static cells of width 8.
Extracted addr FF from read port 0 of wire_ingress_buffer.keep_q: $\keep_q$rdreg[0]
  read interface: 1 $dff and 1 $mux cells.
  write interface: 2 write mux blocks.
Mapping memory \data_q in module \wire_ingress_buffer:
  created 2 $dff cells and 0 static cells of width 64.
Extracted addr FF from read port 0 of wire_ingress_buffer.data_q: $\data_q$rdreg[0]
  read interface: 1 $dff and 1 $mux cells.
  write interface: 2 write mux blocks.

14.19. Executing OPT pass (performing simple optimizations).

14.19.1. Executing OPT_EXPR pass (perform const folding).
Optimizing module wire_arch_a_parser_top.
Optimizing module wire_itch_decoder.
<suppressed ~65 debug messages>
Optimizing module wire_mold_message_framer.
Optimizing module wire_mold_header_seq.
Optimizing module wire_udp_parser.
Optimizing module wire_ipv4_parser.
Optimizing module wire_eth_parser.
Optimizing module wire_gearbox_64to8.
Optimizing module wire_ingress_buffer.
<suppressed ~2 debug messages>

14.19.2. Executing OPT_MERGE pass (detect identical cells).
Finding identical cells in module `\wire_arch_a_parser_top'.
Computing hashes of 45 cells of `\wire_arch_a_parser_top'.
Finding duplicate cells in `\wire_arch_a_parser_top'.
Finding identical cells in module `\wire_itch_decoder'.
Computing hashes of 565 cells of `\wire_itch_decoder'.
Finding duplicate cells in `\wire_itch_decoder'.
Finding identical cells in module `\wire_mold_message_framer'.
Computing hashes of 150 cells of `\wire_mold_message_framer'.
Finding duplicate cells in `\wire_mold_message_framer'.
Finding identical cells in module `\wire_mold_header_seq'.
Computing hashes of 153 cells of `\wire_mold_header_seq'.
Finding duplicate cells in `\wire_mold_header_seq'.
Finding identical cells in module `\wire_udp_parser'.
Computing hashes of 146 cells of `\wire_udp_parser'.
Finding duplicate cells in `\wire_udp_parser'.
Finding identical cells in module `\wire_ipv4_parser'.
Computing hashes of 138 cells of `\wire_ipv4_parser'.
Finding duplicate cells in `\wire_ipv4_parser'.
Finding identical cells in module `\wire_eth_parser'.
Computing hashes of 69 cells of `\wire_eth_parser'.
Finding duplicate cells in `\wire_eth_parser'.
Finding identical cells in module `\wire_gearbox_64to8'.
Computing hashes of 32 cells of `\wire_gearbox_64to8'.
Finding duplicate cells in `\wire_gearbox_64to8'.
Finding identical cells in module `\wire_ingress_buffer'.
Computing hashes of 44 cells of `\wire_ingress_buffer'.
Finding duplicate cells in `\wire_ingress_buffer'.
Computing hashes of 38 cells of `\wire_ingress_buffer'.
Finding duplicate cells in `\wire_ingress_buffer'.
<suppressed ~18 debug messages>
Removed a total of 6 cells.

14.19.3. Executing OPT_MUXTREE pass (detect dead branches in mux trees).
Running muxtree optimizer on module \wire_arch_a_parser_top..
  Creating internal representation of mux trees.
  Evaluating internal representation of mux trees.
  Analyzing evaluation results.
Running muxtree optimizer on module \wire_itch_decoder..
  Creating internal representation of mux trees.
  Evaluating internal representation of mux trees.
  Analyzing evaluation results.
Running muxtree optimizer on module \wire_mold_message_framer..
  Creating internal representation of mux trees.
  Evaluating internal representation of mux trees.
  Analyzing evaluation results.
Running muxtree optimizer on module \wire_mold_header_seq..
  Creating internal representation of mux trees.
  Evaluating internal representation of mux trees.
  Analyzing evaluation results.
Running muxtree optimizer on module \wire_udp_parser..
  Creating internal representation of mux trees.
  Evaluating internal representation of mux trees.
  Analyzing evaluation results.
Running muxtree optimizer on module \wire_ipv4_parser..
  Creating internal representation of mux trees.
  Evaluating internal representation of mux trees.
  Analyzing evaluation results.
Running muxtree optimizer on module \wire_eth_parser..
  Creating internal representation of mux trees.
  Evaluating internal representation of mux trees.
  Analyzing evaluation results.
Running muxtree optimizer on module \wire_gearbox_64to8..
  Creating internal representation of mux trees.
  Evaluating internal representation of mux trees.
  Analyzing evaluation results.
Running muxtree optimizer on module \wire_ingress_buffer..
  Creating internal representation of mux trees.
  Evaluating internal representation of mux trees.
  Analyzing evaluation results.
Removed 0 multiplexer ports.
<suppressed ~1432 debug messages>

14.19.4. Executing OPT_REDUCE pass (consolidate $*mux and $reduce_* inputs).
  Optimizing cells in module \wire_arch_a_parser_top.
  Optimizing cells in module \wire_itch_decoder.
    Consolidated identical input bits for $mux cell $procmux$2881:
      Old ports: A=2'00, B=2'11, Y=$auto$wreduce.cc:513:run$6049 [1:0]
      New ports: A=1'0, B=1'1, Y=$auto$wreduce.cc:513:run$6049 [0]
      New connections: $auto$wreduce.cc:513:run$6049 [1] = $auto$wreduce.cc:513:run$6049 [0]
    New ctrl vector for $pmux cell $procmux$2687: $eq$rtl/arch_a/wire_itch_decoder.sv:114$421_Y
    Consolidated identical input bits for $mux cell $procmux$2784:
      Old ports: A=3'011, B=3'100, Y=$procmux$2784_Y
      New ports: A=2'01, B=2'10, Y={ $procmux$2784_Y [2] $procmux$2784_Y [0] }
      New connections: $procmux$2784_Y [1] = $procmux$2784_Y [0]
    Consolidated identical input bits for $pmux cell $procmux$828:
      Old ports: A=6'000000, B=42'101100100011010011010111100100011111101000, Y=\required_length$func$rtl/arch_a/wire_itch_decoder.sv:112$388.$result
      New ports: A=5'00000, B=35'10110100010100101011100100111110100, Y={ \required_length$func$rtl/arch_a/wire_itch_decoder.sv:112$388.$result [5:2] \required_length$func$rtl/arch_a/wire_itch_decoder.sv:112$388.$result [0] }
      New connections: \required_length$func$rtl/arch_a/wire_itch_decoder.sv:112$388.$result [1] = \required_length$func$rtl/arch_a/wire_itch_decoder.sv:112$388.$result [0]
    Consolidated identical input bits for $mux cell $procmux$2944:
      Old ports: A=3'001, B=3'101, Y=$procmux$2944_Y
      New ports: A=1'0, B=1'1, Y=$procmux$2944_Y [2]
      New connections: $procmux$2944_Y [1:0] = 2'01
    Consolidated identical input bits for $mux cell $procmux$2889:
      Old ports: A=3'011, B=3'101, Y=$procmux$2889_Y
      New ports: A=2'01, B=2'10, Y=$procmux$2889_Y [2:1]
      New connections: $procmux$2889_Y [0] = 1'1
    Consolidated identical input bits for $mux cell $procmux$2933:
      Old ports: A=3'010, B=3'101, Y=$procmux$2933_Y
      New ports: A=2'10, B=2'01, Y=$procmux$2933_Y [1:0]
      New connections: $procmux$2933_Y [2] = $procmux$2933_Y [0]
    New ctrl vector for $pmux cell $procmux$2872: { $eq$rtl/arch_a/wire_itch_decoder.sv:113$419_Y $eq$rtl/arch_a/wire_itch_decoder.sv:114$422_Y $procmux$1012_CMP $eq$rtl/arch_a/wire_itch_decoder.sv:114$421_Y $eq$rtl/arch_a/wire_itch_decoder.sv:113$418_Y }
    Consolidated identical input bits for $mux cell $procmux$2870:
      Old ports: A=3'100, B=3'101, Y=$procmux$2870_Y
      New ports: A=1'0, B=1'1, Y=$procmux$2870_Y [0]
      New connections: $procmux$2870_Y [2:1] = 2'10
    Consolidated identical input bits for $pmux cell $procmux$2906:
      Old ports: A=3'100, B=18'100100100100100100, Y=$procmux$2906_Y
      New connections: $procmux$2906_Y = 3'100
  Optimizing cells in module \wire_itch_decoder.
    Consolidated identical input bits for $mux cell $procmux$2936:
      Old ports: A=$procmux$2933_Y, B=3'101, Y=$procmux$2936_Y
      New ports: A=$procmux$2933_Y [1:0], B=2'01, Y=$procmux$2936_Y [1:0]
      New connections: $procmux$2936_Y [2] = $procmux$2936_Y [0]
    Consolidated identical input bits for $mux cell $procmux$2927:
      Old ports: A=$procmux$2906_Y, B=3'100, Y=$procmux$2927_Y
      New connections: $procmux$2927_Y = 3'100
    Consolidated identical input bits for $mux cell $procmux$2892:
      Old ports: A=$procmux$2889_Y, B=3'101, Y=$procmux$2892_Y
      New ports: A=$procmux$2889_Y [2:1], B=2'10, Y=$procmux$2892_Y [2:1]
      New connections: $procmux$2892_Y [0] = 1'1
  Optimizing cells in module \wire_itch_decoder.
  Optimizing cells in module \wire_mold_message_framer.
    Consolidated identical input bits for $pmux cell $procmux$3216:
      Old ports: A=4'0110, B=12'100001110001, Y=$procmux$3216_Y
      New ports: A=3'010, B=9'100011001, Y={ $procmux$3216_Y [3] $procmux$3216_Y [1:0] }
      New connections: $procmux$3216_Y [2] = $procmux$3216_Y [1]
    Consolidated identical input bits for $mux cell $procmux$3117:
      Old ports: A=2'00, B=2'11, Y=$auto$wreduce.cc:513:run$6054 [1:0]
      New ports: A=1'0, B=1'1, Y=$auto$wreduce.cc:513:run$6054 [0]
      New connections: $auto$wreduce.cc:513:run$6054 [1] = $auto$wreduce.cc:513:run$6054 [0]
    Consolidated identical input bits for $mux cell $procmux$3226:
      Old ports: A=4'0100, B=4'1000, Y=$procmux$3226_Y
      New ports: A=2'01, B=2'10, Y=$procmux$3226_Y [3:2]
      New connections: $procmux$3226_Y [1:0] = 2'00
    Consolidated identical input bits for $mux cell $procmux$3230:
      Old ports: A=3'001, B=3'110, Y=$auto$wreduce.cc:513:run$6052 [2:0]
      New ports: A=2'01, B=2'10, Y=$auto$wreduce.cc:513:run$6052 [1:0]
      New connections: $auto$wreduce.cc:513:run$6052 [2] = $auto$wreduce.cc:513:run$6052 [1]
    Consolidated identical input bits for $mux cell $procmux$3234:
      Old ports: A=4'1000, B=4'0111, Y=$procmux$3234_Y
      New ports: A=2'10, B=2'01, Y={ $procmux$3234_Y [3] $procmux$3234_Y [0] }
      New connections: $procmux$3234_Y [2:1] = { $procmux$3234_Y [0] $procmux$3234_Y [0] }
    Consolidated identical input bits for $mux cell $procmux$3259:
      Old ports: A=4'0010, B=4'1000, Y=$procmux$3259_Y
      New ports: A=2'01, B=2'10, Y={ $procmux$3259_Y [3] $procmux$3259_Y [1] }
      New connections: { $procmux$3259_Y [2] $procmux$3259_Y [0] } = 2'00
    Consolidated identical input bits for $mux cell $procmux$3243:
      Old ports: A=4'0001, B=4'1000, Y=$procmux$3243_Y
      New ports: A=2'01, B=2'10, Y={ $procmux$3243_Y [3] $procmux$3243_Y [0] }
      New connections: $procmux$3243_Y [2:1] = 2'00
  Optimizing cells in module \wire_mold_message_framer.
    Consolidated identical input bits for $mux cell $procmux$3236:
      Old ports: A={ 1'0 $auto$wreduce.cc:513:run$6052 [2:0] }, B=$procmux$3234_Y, Y=$procmux$3236_Y
      New ports: A={ 1'0 $auto$wreduce.cc:513:run$6052 [1:0] }, B={ $procmux$3234_Y [3] $procmux$3234_Y [0] $procmux$3234_Y [0] }, Y={ $procmux$3236_Y [3] $procmux$3236_Y [1:0] }
      New connections: $procmux$3236_Y [2] = $procmux$3236_Y [1]
  Optimizing cells in module \wire_mold_message_framer.
  Optimizing cells in module \wire_mold_header_seq.
    New input vector for $reduce_and cell $auto$simple.cc:211:make_patterns_logic$6409: { $eq$rtl/arch_a/wire_mold_header_seq.sv:104$298_Y \input_fire $auto$simple.cc:193:make_patterns_logic$5702 $auto$alumacc.cc:593:replace_alu$6092 [4] $auto$simple.cc:193:make_patterns_logic$6406 }
    Consolidated identical input bits for $mux cell $procmux$3668:
      Old ports: A=3'011, B=3'010, Y=$procmux$3668_Y
      New ports: A=1'1, B=1'0, Y=$procmux$3668_Y [0]
      New connections: $procmux$3668_Y [2:1] = 2'01
    Consolidated identical input bits for $mux cell $procmux$3816:
      Old ports: A=3'100, B=3'000, Y=$procmux$3816_Y
      New ports: A=1'1, B=1'0, Y=$procmux$3816_Y [2]
      New connections: $procmux$3816_Y [1:0] = 2'00
    Consolidated identical input bits for $mux cell $procmux$3812:
      Old ports: A=3'001, B={ 2'10 \in_last }, Y=$procmux$3812_Y
      New ports: A=2'01, B={ 1'1 \in_last }, Y={ $procmux$3812_Y [2] $procmux$3812_Y [0] }
      New connections: $procmux$3812_Y [1] = 1'0
    Consolidated identical input bits for $mux cell $procmux$3795:
      Old ports: A=3'110, B=3'000, Y=$procmux$3795_Y
      New ports: A=1'1, B=1'0, Y=$procmux$3795_Y [1]
      New connections: { $procmux$3795_Y [2] $procmux$3795_Y [0] } = { $procmux$3795_Y [1] 1'0 }
    Consolidated identical input bits for $mux cell $procmux$3703:
      Old ports: A=3'100, B=3'010, Y=$procmux$3703_Y
      New ports: A=2'10, B=2'01, Y=$procmux$3703_Y [2:1]
      New connections: $procmux$3703_Y [0] = 1'0
  Optimizing cells in module \wire_mold_header_seq.
    Consolidated identical input bits for $mux cell $procmux$3671:
      Old ports: A=$procmux$3668_Y, B=3'001, Y=$procmux$3671_Y
      New ports: A={ 1'1 $procmux$3668_Y [0] }, B=2'01, Y=$procmux$3671_Y [1:0]
      New connections: $procmux$3671_Y [2] = 1'0
    Consolidated identical input bits for $mux cell $procmux$3818:
      Old ports: A=$procmux$3812_Y, B=$procmux$3816_Y, Y=$procmux$3818_Y
      New ports: A={ $procmux$3812_Y [2] $procmux$3812_Y [0] }, B={ $procmux$3816_Y [2] 1'0 }, Y={ $procmux$3818_Y [2] $procmux$3818_Y [0] }
      New connections: $procmux$3818_Y [1] = 1'0
  Optimizing cells in module \wire_mold_header_seq.
    Consolidated identical input bits for $mux cell $procmux$3824:
      Old ports: A=$procmux$3818_Y, B={ 2'10 \in_last }, Y=$procmux$3824_Y
      New ports: A={ $procmux$3818_Y [2] $procmux$3818_Y [0] }, B={ 1'1 \in_last }, Y={ $procmux$3824_Y [2] $procmux$3824_Y [0] }
      New connections: $procmux$3824_Y [1] = 1'0
  Optimizing cells in module \wire_mold_header_seq.
    Consolidated identical input bits for $mux cell $procmux$3830:
      Old ports: A=$procmux$3824_Y, B={ 2'10 \in_last }, Y=$procmux$3830_Y
      New ports: A={ $procmux$3824_Y [2] $procmux$3824_Y [0] }, B={ 1'1 \in_last }, Y={ $procmux$3830_Y [2] $procmux$3830_Y [0] }
      New connections: $procmux$3830_Y [1] = 1'0
  Optimizing cells in module \wire_mold_header_seq.
  Optimizing cells in module \wire_udp_parser.
    Consolidated identical input bits for $mux cell $procmux$4130:
      Old ports: A=3'100, B=3'011, Y=$procmux$4130_Y
      New ports: A=2'10, B=2'01, Y={ $procmux$4130_Y [2] $procmux$4130_Y [0] }
      New connections: $procmux$4130_Y [1] = $procmux$4130_Y [0]
    Consolidated identical input bits for $mux cell $procmux$4318:
      Old ports: A=2'01, B=2'11, Y=$procmux$4318_Y
      New ports: A=1'0, B=1'1, Y=$procmux$4318_Y [1]
      New connections: $procmux$4318_Y [0] = 1'1
  Optimizing cells in module \wire_udp_parser.
  Optimizing cells in module \wire_ipv4_parser.
    Consolidated identical input bits for $mux cell $procmux$4810:
      Old ports: A=4'0010, B=4'1000, Y=$procmux$4810_Y
      New ports: A=2'01, B=2'10, Y={ $procmux$4810_Y [3] $procmux$4810_Y [1] }
      New connections: { $procmux$4810_Y [2] $procmux$4810_Y [0] } = 2'00
    Consolidated identical input bits for $mux cell $procmux$4948:
      Old ports: A=3'011, B=3'100, Y=$procmux$4948_Y
      New ports: A=2'01, B=2'10, Y={ $procmux$4948_Y [2] $procmux$4948_Y [0] }
      New connections: $procmux$4948_Y [1] = $procmux$4948_Y [0]
    Consolidated identical input bits for $mux cell $procmux$4952:
      Old ports: A=3'001, B=3'100, Y=$procmux$4952_Y
      New ports: A=2'01, B=2'10, Y={ $procmux$4952_Y [2] $procmux$4952_Y [0] }
      New connections: $procmux$4952_Y [1] = 1'0
    Consolidated identical input bits for $mux cell $procmux$4351:
      Old ports: A=4'1111, B=4'0110, Y=$7\classify_header$func$rtl/arch_a/wire_ipv4_parser.sv:102$94.$result[3:0]$222
      New ports: A=1'1, B=1'0, Y=$7\classify_header$func$rtl/arch_a/wire_ipv4_parser.sv:102$94.$result[3:0]$222 [0]
      New connections: $7\classify_header$func$rtl/arch_a/wire_ipv4_parser.sv:102$94.$result[3:0]$222 [3:1] = { $7\classify_header$func$rtl/arch_a/wire_ipv4_parser.sv:102$94.$result[3:0]$222 [0] 2'11 }
    Consolidated identical input bits for $mux cell $ternary$rtl/arch_a/wire_ipv4_parser.sv:137$124:
      Old ports: A=2'10, B=2'00, Y=$auto$wreduce.cc:513:run$6062 [1:0]
      New ports: A=1'1, B=1'0, Y=$auto$wreduce.cc:513:run$6062 [1]
      New connections: $auto$wreduce.cc:513:run$6062 [0] = 1'0
  Optimizing cells in module \wire_ipv4_parser.
    Consolidated identical input bits for $mux cell $procmux$4372:
      Old ports: A=$7\classify_header$func$rtl/arch_a/wire_ipv4_parser.sv:102$94.$result[3:0]$222, B=4'0101, Y=$6\classify_header$func$rtl/arch_a/wire_ipv4_parser.sv:102$94.$result[3:0]$220
      New ports: A={ $7\classify_header$func$rtl/arch_a/wire_ipv4_parser.sv:102$94.$result[3:0]$222 [0] 1'1 $7\classify_header$func$rtl/arch_a/wire_ipv4_parser.sv:102$94.$result[3:0]$222 [0] }, B=3'001, Y={ $6\classify_header$func$rtl/arch_a/wire_ipv4_parser.sv:102$94.$result[3:0]$220 [3] $6\classify_header$func$rtl/arch_a/wire_ipv4_parser.sv:102$94.$result[3:0]$220 [1:0] }
      New connections: $6\classify_header$func$rtl/arch_a/wire_ipv4_parser.sv:102$94.$result[3:0]$220 [2] = 1'1
    Consolidated identical input bits for $mux cell $procmux$4955:
      Old ports: A=$procmux$4952_Y, B=3'100, Y=$procmux$4955_Y
      New ports: A={ $procmux$4952_Y [2] $procmux$4952_Y [0] }, B=2'10, Y={ $procmux$4955_Y [2] $procmux$4955_Y [0] }
      New connections: $procmux$4955_Y [1] = 1'0
  Optimizing cells in module \wire_ipv4_parser.
    Consolidated identical input bits for $mux cell $procmux$4390:
      Old ports: A=$6\classify_header$func$rtl/arch_a/wire_ipv4_parser.sv:102$94.$result[3:0]$220, B=4'0100, Y=$5\classify_header$func$rtl/arch_a/wire_ipv4_parser.sv:102$94.$result[3:0]$218
      New ports: A={ $6\classify_header$func$rtl/arch_a/wire_ipv4_parser.sv:102$94.$result[3:0]$220 [3] $6\classify_header$func$rtl/arch_a/wire_ipv4_parser.sv:102$94.$result[3:0]$220 [1:0] }, B=3'000, Y={ $5\classify_header$func$rtl/arch_a/wire_ipv4_parser.sv:102$94.$result[3:0]$218 [3] $5\classify_header$func$rtl/arch_a/wire_ipv4_parser.sv:102$94.$result[3:0]$218 [1:0] }
      New connections: $5\classify_header$func$rtl/arch_a/wire_ipv4_parser.sv:102$94.$result[3:0]$218 [2] = 1'1
  Optimizing cells in module \wire_ipv4_parser.
  Optimizing cells in module \wire_eth_parser.
    Consolidated identical input bits for $mux cell $procmux$5105:
      Old ports: A=2'01, B=2'11, Y=$procmux$5105_Y
      New ports: A=1'0, B=1'1, Y=$procmux$5105_Y [1]
      New connections: $procmux$5105_Y [0] = 1'1
  Optimizing cells in module \wire_eth_parser.
  Optimizing cells in module \wire_gearbox_64to8.
  Optimizing cells in module \wire_ingress_buffer.
Performed a total of 42 changes.

14.19.5. Executing OPT_MERGE pass (detect identical cells).
Finding identical cells in module `\wire_arch_a_parser_top'.
Computing hashes of 45 cells of `\wire_arch_a_parser_top'.
Finding duplicate cells in `\wire_arch_a_parser_top'.
Finding identical cells in module `\wire_itch_decoder'.
Computing hashes of 563 cells of `\wire_itch_decoder'.
Finding duplicate cells in `\wire_itch_decoder'.
Finding identical cells in module `\wire_mold_message_framer'.
Computing hashes of 150 cells of `\wire_mold_message_framer'.
Finding duplicate cells in `\wire_mold_message_framer'.
Computing hashes of 149 cells of `\wire_mold_message_framer'.
Finding duplicate cells in `\wire_mold_message_framer'.
<suppressed ~3 debug messages>
Finding identical cells in module `\wire_mold_header_seq'.
Computing hashes of 153 cells of `\wire_mold_header_seq'.
Finding duplicate cells in `\wire_mold_header_seq'.
Finding identical cells in module `\wire_udp_parser'.
Computing hashes of 146 cells of `\wire_udp_parser'.
Finding duplicate cells in `\wire_udp_parser'.
Finding identical cells in module `\wire_ipv4_parser'.
Computing hashes of 138 cells of `\wire_ipv4_parser'.
Finding duplicate cells in `\wire_ipv4_parser'.
Computing hashes of 137 cells of `\wire_ipv4_parser'.
Finding duplicate cells in `\wire_ipv4_parser'.
<suppressed ~3 debug messages>
Finding identical cells in module `\wire_eth_parser'.
Computing hashes of 69 cells of `\wire_eth_parser'.
Finding duplicate cells in `\wire_eth_parser'.
Finding identical cells in module `\wire_gearbox_64to8'.
Computing hashes of 32 cells of `\wire_gearbox_64to8'.
Finding duplicate cells in `\wire_gearbox_64to8'.
Finding identical cells in module `\wire_ingress_buffer'.
Computing hashes of 38 cells of `\wire_ingress_buffer'.
Finding duplicate cells in `\wire_ingress_buffer'.
Removed a total of 2 cells.

14.19.6. Executing OPT_SHARE pass.
    Found cells that share an operand and can be merged by moving the $pmux $procmux$2694 in front of them:
        $procmux$2692
        $procmux$2698
        $procmux$2703
        $procmux$2708
        $procmux$2713
        $procmux$2718
        $procmux$2723

    Found cells that share an operand and can be merged by moving the $mux $procmux$5254 in front of them:
        $auto$alumacc.cc:576:replace_alu$6202
        $auto$alumacc.cc:576:replace_alu$6205

14.19.7. Executing OPT_DFF pass (perform DFF optimizations).
Setting constant 0-bit at position 2 on $auto$ff.cc:337:slice$6405 ($sdffe) from module wire_mold_header_seq.
Adding SRST signal on $\data_q$rdreg[0] ($dff) from module wire_ingress_buffer (D = $auto$rtlil.cc:3369:Mux$6330, Q = $\data_q$rdreg[0]$q, rval = 1'0).

14.19.8. Executing OPT_CLEAN pass (remove unused cells and wires).
Finding unused cells or wires in module \wire_arch_a_parser_top..
Finding unused cells or wires in module \wire_itch_decoder..
Finding unused cells or wires in module \wire_mold_message_framer..
Finding unused cells or wires in module \wire_mold_header_seq..
Finding unused cells or wires in module \wire_udp_parser..
Finding unused cells or wires in module \wire_ipv4_parser..
Finding unused cells or wires in module \wire_eth_parser..
Finding unused cells or wires in module \wire_gearbox_64to8..
Finding unused cells or wires in module \wire_ingress_buffer..
Removed 137 unused cells and 361 unused wires.
<suppressed ~170 debug messages>

14.19.9. Executing OPT_EXPR pass (perform const folding).
Optimizing module wire_arch_a_parser_top.
Optimizing module wire_itch_decoder.
<suppressed ~4 debug messages>
Optimizing module wire_mold_message_framer.
<suppressed ~1 debug messages>
Optimizing module wire_mold_header_seq.
<suppressed ~3 debug messages>
Optimizing module wire_udp_parser.
<suppressed ~1 debug messages>
Optimizing module wire_ipv4_parser.
<suppressed ~2 debug messages>
Optimizing module wire_eth_parser.
<suppressed ~1 debug messages>
Optimizing module wire_gearbox_64to8.
Optimizing module wire_ingress_buffer.
<suppressed ~2 debug messages>

14.19.10. Rerunning OPT passes. (Maybe there is more to do..)

14.19.11. Executing OPT_MUXTREE pass (detect dead branches in mux trees).
Running muxtree optimizer on module \wire_arch_a_parser_top..
  Creating internal representation of mux trees.
  Evaluating internal representation of mux trees.
  Analyzing evaluation results.
Running muxtree optimizer on module \wire_itch_decoder..
  Creating internal representation of mux trees.
  Evaluating internal representation of mux trees.
  Analyzing evaluation results.
Running muxtree optimizer on module \wire_mold_message_framer..
  Creating internal representation of mux trees.
  Evaluating internal representation of mux trees.
  Analyzing evaluation results.
Running muxtree optimizer on module \wire_mold_header_seq..
  Creating internal representation of mux trees.
  Evaluating internal representation of mux trees.
  Analyzing evaluation results.
Running muxtree optimizer on module \wire_udp_parser..
  Creating internal representation of mux trees.
  Evaluating internal representation of mux trees.
  Analyzing evaluation results.
Running muxtree optimizer on module \wire_ipv4_parser..
  Creating internal representation of mux trees.
  Evaluating internal representation of mux trees.
  Analyzing evaluation results.
Running muxtree optimizer on module \wire_eth_parser..
  Creating internal representation of mux trees.
  Evaluating internal representation of mux trees.
  Analyzing evaluation results.
Running muxtree optimizer on module \wire_gearbox_64to8..
  Creating internal representation of mux trees.
  Evaluating internal representation of mux trees.
  Analyzing evaluation results.
Running muxtree optimizer on module \wire_ingress_buffer..
  Creating internal representation of mux trees.
  Evaluating internal representation of mux trees.
  Analyzing evaluation results.
Removed 0 multiplexer ports.
<suppressed ~1355 debug messages>

14.19.12. Executing OPT_REDUCE pass (consolidate $*mux and $reduce_* inputs).
  Optimizing cells in module \wire_arch_a_parser_top.
  Optimizing cells in module \wire_itch_decoder.
    New ctrl vector for $pmux cell $procmux$2694: $auto$opt_reduce.cc:137:opt_pmux$7215
    New input vector for $reduce_or cell $auto$opt_reduce.cc:131:opt_pmux$7214: { $procmux$2631_CMP $procmux$2626_CMP $procmux$2621_CMP $procmux$2616_CMP $procmux$2611_CMP $procmux$2606_CMP $procmux$2601_CMP }
  Optimizing cells in module \wire_itch_decoder.
  Optimizing cells in module \wire_mold_message_framer.
  Optimizing cells in module \wire_mold_header_seq.
  Optimizing cells in module \wire_udp_parser.
  Optimizing cells in module \wire_ipv4_parser.
  Optimizing cells in module \wire_eth_parser.
  Optimizing cells in module \wire_gearbox_64to8.
  Optimizing cells in module \wire_ingress_buffer.
    Consolidated identical input bits for $mux cell $auto$opt_share.cc:244:merge_operators$7208:
      Old ports: A=2'11, B=2'01, Y=$auto$rtlil.cc:3369:Mux$7209
      New ports: A=1'1, B=1'0, Y=$auto$rtlil.cc:3369:Mux$7209 [1]
      New connections: $auto$rtlil.cc:3369:Mux$7209 [0] = 1'1
  Optimizing cells in module \wire_ingress_buffer.
Performed a total of 3 changes.

14.19.13. Executing OPT_MERGE pass (detect identical cells).
Finding identical cells in module `\wire_arch_a_parser_top'.
Computing hashes of 45 cells of `\wire_arch_a_parser_top'.
Finding duplicate cells in `\wire_arch_a_parser_top'.
Finding identical cells in module `\wire_itch_decoder'.
Computing hashes of 420 cells of `\wire_itch_decoder'.
Finding duplicate cells in `\wire_itch_decoder'.
Finding identical cells in module `\wire_mold_message_framer'.
Computing hashes of 148 cells of `\wire_mold_message_framer'.
Finding duplicate cells in `\wire_mold_message_framer'.
Finding identical cells in module `\wire_mold_header_seq'.
Computing hashes of 153 cells of `\wire_mold_header_seq'.
Finding duplicate cells in `\wire_mold_header_seq'.
Computing hashes of 150 cells of `\wire_mold_header_seq'.
Finding duplicate cells in `\wire_mold_header_seq'.
<suppressed ~9 debug messages>
Finding identical cells in module `\wire_udp_parser'.
Computing hashes of 145 cells of `\wire_udp_parser'.
Finding duplicate cells in `\wire_udp_parser'.
Finding identical cells in module `\wire_ipv4_parser'.
Computing hashes of 137 cells of `\wire_ipv4_parser'.
Finding duplicate cells in `\wire_ipv4_parser'.
Finding identical cells in module `\wire_eth_parser'.
Computing hashes of 68 cells of `\wire_eth_parser'.
Finding duplicate cells in `\wire_eth_parser'.
Finding identical cells in module `\wire_gearbox_64to8'.
Computing hashes of 32 cells of `\wire_gearbox_64to8'.
Finding duplicate cells in `\wire_gearbox_64to8'.
Finding identical cells in module `\wire_ingress_buffer'.
Computing hashes of 36 cells of `\wire_ingress_buffer'.
Finding duplicate cells in `\wire_ingress_buffer'.
Removed a total of 3 cells.

14.19.14. Executing OPT_SHARE pass.

14.19.15. Executing OPT_DFF pass (perform DFF optimizations).
Adding EN signal on $memory\bytes_q[0]$6410 ($dff) from module wire_itch_decoder (D = \in_data, Q = \bytes_q[0]).
Adding EN signal on $memory\bytes_q[1]$6412 ($dff) from module wire_itch_decoder (D = \in_data, Q = \bytes_q[1]).
Adding EN signal on $memory\bytes_q[2]$6414 ($dff) from module wire_itch_decoder (D = \in_data, Q = \bytes_q[2]).
Adding EN signal on $memory\bytes_q[4]$6418 ($dff) from module wire_itch_decoder (D = \in_data, Q = \bytes_q[4]).
Adding EN signal on $memory\bytes_q[5]$6420 ($dff) from module wire_itch_decoder (D = \in_data, Q = \bytes_q[5]).
Adding EN signal on $memory\bytes_q[6]$6422 ($dff) from module wire_itch_decoder (D = \in_data, Q = \bytes_q[6]).
Adding EN signal on $memory\bytes_q[7]$6424 ($dff) from module wire_itch_decoder (D = \in_data, Q = \bytes_q[7]).
Adding EN signal on $memory\bytes_q[8]$6426 ($dff) from module wire_itch_decoder (D = \in_data, Q = \bytes_q[8]).
Adding EN signal on $memory\bytes_q[9]$6428 ($dff) from module wire_itch_decoder (D = \in_data, Q = \bytes_q[9]).
Adding EN signal on $memory\bytes_q[10]$6430 ($dff) from module wire_itch_decoder (D = \in_data, Q = \bytes_q[10]).
Adding EN signal on $memory\bytes_q[11]$6432 ($dff) from module wire_itch_decoder (D = \in_data, Q = \bytes_q[11]).
Adding EN signal on $memory\bytes_q[12]$6434 ($dff) from module wire_itch_decoder (D = \in_data, Q = \bytes_q[12]).
Adding EN signal on $memory\bytes_q[13]$6436 ($dff) from module wire_itch_decoder (D = \in_data, Q = \bytes_q[13]).
Adding EN signal on $memory\bytes_q[14]$6438 ($dff) from module wire_itch_decoder (D = \in_data, Q = \bytes_q[14]).
Adding EN signal on $memory\bytes_q[15]$6440 ($dff) from module wire_itch_decoder (D = \in_data, Q = \bytes_q[15]).
Adding EN signal on $memory\bytes_q[16]$6442 ($dff) from module wire_itch_decoder (D = \in_data, Q = \bytes_q[16]).
Adding EN signal on $memory\bytes_q[17]$6444 ($dff) from module wire_itch_decoder (D = \in_data, Q = \bytes_q[17]).
Adding EN signal on $memory\bytes_q[18]$6446 ($dff) from module wire_itch_decoder (D = \in_data, Q = \bytes_q[18]).
Adding EN signal on $memory\bytes_q[19]$6448 ($dff) from module wire_itch_decoder (D = \in_data, Q = \bytes_q[19]).
Adding EN signal on $memory\bytes_q[20]$6450 ($dff) from module wire_itch_decoder (D = \in_data, Q = \bytes_q[20]).
Adding EN signal on $memory\bytes_q[21]$6452 ($dff) from module wire_itch_decoder (D = \in_data, Q = \bytes_q[21]).
Adding EN signal on $memory\bytes_q[22]$6454 ($dff) from module wire_itch_decoder (D = \in_data, Q = \bytes_q[22]).
Adding EN signal on $memory\bytes_q[23]$6456 ($dff) from module wire_itch_decoder (D = \in_data, Q = \bytes_q[23]).
Adding EN signal on $memory\bytes_q[24]$6458 ($dff) from module wire_itch_decoder (D = \in_data, Q = \bytes_q[24]).
Adding EN signal on $memory\bytes_q[25]$6460 ($dff) from module wire_itch_decoder (D = \in_data, Q = \bytes_q[25]).
Adding EN signal on $memory\bytes_q[26]$6462 ($dff) from module wire_itch_decoder (D = \in_data, Q = \bytes_q[26]).
Adding EN signal on $memory\bytes_q[27]$6464 ($dff) from module wire_itch_decoder (D = \in_data, Q = \bytes_q[27]).
Adding EN signal on $memory\bytes_q[28]$6466 ($dff) from module wire_itch_decoder (D = \in_data, Q = \bytes_q[28]).
Adding EN signal on $memory\bytes_q[29]$6468 ($dff) from module wire_itch_decoder (D = \in_data, Q = \bytes_q[29]).
Adding EN signal on $memory\bytes_q[30]$6470 ($dff) from module wire_itch_decoder (D = \in_data, Q = \bytes_q[30]).
Adding EN signal on $memory\bytes_q[31]$6472 ($dff) from module wire_itch_decoder (D = \in_data, Q = \bytes_q[31]).
Adding EN signal on $memory\bytes_q[32]$6474 ($dff) from module wire_itch_decoder (D = \in_data, Q = \bytes_q[32]).
Adding EN signal on $memory\bytes_q[33]$6476 ($dff) from module wire_itch_decoder (D = \in_data, Q = \bytes_q[33]).
Adding EN signal on $memory\bytes_q[34]$6478 ($dff) from module wire_itch_decoder (D = \in_data, Q = \bytes_q[34]).
Adding EN signal on $memory\bytes_q[35]$6480 ($dff) from module wire_itch_decoder (D = \in_data, Q = \bytes_q[35]).
Adding EN signal on $memory\last_q[0]$7153 ($dff) from module wire_ingress_buffer (D = \in_last, Q = \last_q[0]).
Adding EN signal on $memory\last_q[1]$7155 ($dff) from module wire_ingress_buffer (D = \in_last, Q = \last_q[1]).
Adding EN signal on $memory\data_q[0]$7187 ($dff) from module wire_ingress_buffer (D = \in_data, Q = \data_q[0]).
Adding EN signal on $memory\data_q[1]$7189 ($dff) from module wire_ingress_buffer (D = \in_data, Q = \data_q[1]).
Adding EN signal on $memory\keep_q[0]$7172 ($dff) from module wire_ingress_buffer (D = \in_keep, Q = \keep_q[0]).
Adding EN signal on $memory\keep_q[1]$7174 ($dff) from module wire_ingress_buffer (D = \in_keep, Q = \keep_q[1]).

14.19.16. Executing OPT_CLEAN pass (remove unused cells and wires).
Finding unused cells or wires in module \wire_arch_a_parser_top..
Finding unused cells or wires in module \wire_itch_decoder..
Finding unused cells or wires in module \wire_mold_message_framer..
Finding unused cells or wires in module \wire_mold_header_seq..
Finding unused cells or wires in module \wire_udp_parser..
Finding unused cells or wires in module \wire_ipv4_parser..
Finding unused cells or wires in module \wire_eth_parser..
Finding unused cells or wires in module \wire_gearbox_64to8..
Finding unused cells or wires in module \wire_ingress_buffer..
Removed 41 unused cells and 52 unused wires.
<suppressed ~47 debug messages>

14.19.17. Executing OPT_EXPR pass (perform const folding).
Optimizing module wire_arch_a_parser_top.
Optimizing module wire_itch_decoder.
Optimizing module wire_mold_message_framer.
Optimizing module wire_mold_header_seq.
Optimizing module wire_udp_parser.
Optimizing module wire_ipv4_parser.
Optimizing module wire_eth_parser.
Optimizing module wire_gearbox_64to8.
Optimizing module wire_ingress_buffer.
<suppressed ~1 debug messages>

14.19.18. Rerunning OPT passes. (Maybe there is more to do..)

14.19.19. Executing OPT_MUXTREE pass (detect dead branches in mux trees).
Running muxtree optimizer on module \wire_arch_a_parser_top..
  Creating internal representation of mux trees.
  Evaluating internal representation of mux trees.
  Analyzing evaluation results.
Running muxtree optimizer on module \wire_itch_decoder..
  Creating internal representation of mux trees.
  Evaluating internal representation of mux trees.
  Analyzing evaluation results.
Running muxtree optimizer on module \wire_mold_message_framer..
  Creating internal representation of mux trees.
  Evaluating internal representation of mux trees.
  Analyzing evaluation results.
Running muxtree optimizer on module \wire_mold_header_seq..
  Creating internal representation of mux trees.
  Evaluating internal representation of mux trees.
  Analyzing evaluation results.
Running muxtree optimizer on module \wire_udp_parser..
  Creating internal representation of mux trees.
  Evaluating internal representation of mux trees.
  Analyzing evaluation results.
Running muxtree optimizer on module \wire_ipv4_parser..
  Creating internal representation of mux trees.
  Evaluating internal representation of mux trees.
  Analyzing evaluation results.
Running muxtree optimizer on module \wire_eth_parser..
  Creating internal representation of mux trees.
  Evaluating internal representation of mux trees.
  Analyzing evaluation results.
Running muxtree optimizer on module \wire_gearbox_64to8..
  Creating internal representation of mux trees.
  Evaluating internal representation of mux trees.
  Analyzing evaluation results.
Running muxtree optimizer on module \wire_ingress_buffer..
  Creating internal representation of mux trees.
  Evaluating internal representation of mux trees.
  Analyzing evaluation results.
Removed 0 multiplexer ports.
<suppressed ~1271 debug messages>

14.19.20. Executing OPT_REDUCE pass (consolidate $*mux and $reduce_* inputs).
  Optimizing cells in module \wire_arch_a_parser_top.
  Optimizing cells in module \wire_itch_decoder.
  Optimizing cells in module \wire_mold_message_framer.
  Optimizing cells in module \wire_mold_header_seq.
  Optimizing cells in module \wire_udp_parser.
  Optimizing cells in module \wire_ipv4_parser.
  Optimizing cells in module \wire_eth_parser.
  Optimizing cells in module \wire_gearbox_64to8.
  Optimizing cells in module \wire_ingress_buffer.
Performed a total of 0 changes.

14.19.21. Executing OPT_MERGE pass (detect identical cells).
Finding identical cells in module `\wire_arch_a_parser_top'.
Computing hashes of 45 cells of `\wire_arch_a_parser_top'.
Finding duplicate cells in `\wire_arch_a_parser_top'.
Finding identical cells in module `\wire_itch_decoder'.
Computing hashes of 385 cells of `\wire_itch_decoder'.
Finding duplicate cells in `\wire_itch_decoder'.
Finding identical cells in module `\wire_mold_message_framer'.
Computing hashes of 148 cells of `\wire_mold_message_framer'.
Finding duplicate cells in `\wire_mold_message_framer'.
Finding identical cells in module `\wire_mold_header_seq'.
Computing hashes of 150 cells of `\wire_mold_header_seq'.
Finding duplicate cells in `\wire_mold_header_seq'.
Finding identical cells in module `\wire_udp_parser'.
Computing hashes of 145 cells of `\wire_udp_parser'.
Finding duplicate cells in `\wire_udp_parser'.
Finding identical cells in module `\wire_ipv4_parser'.
Computing hashes of 137 cells of `\wire_ipv4_parser'.
Finding duplicate cells in `\wire_ipv4_parser'.
Finding identical cells in module `\wire_eth_parser'.
Computing hashes of 68 cells of `\wire_eth_parser'.
Finding duplicate cells in `\wire_eth_parser'.
Finding identical cells in module `\wire_gearbox_64to8'.
Computing hashes of 32 cells of `\wire_gearbox_64to8'.
Finding duplicate cells in `\wire_gearbox_64to8'.
Finding identical cells in module `\wire_ingress_buffer'.
Computing hashes of 30 cells of `\wire_ingress_buffer'.
Finding duplicate cells in `\wire_ingress_buffer'.
Removed a total of 0 cells.

14.19.22. Executing OPT_SHARE pass.

14.19.23. Executing OPT_DFF pass (perform DFF optimizations).

14.19.24. Executing OPT_CLEAN pass (remove unused cells and wires).
Finding unused cells or wires in module \wire_arch_a_parser_top..
Finding unused cells or wires in module \wire_itch_decoder..
Finding unused cells or wires in module \wire_mold_message_framer..
Finding unused cells or wires in module \wire_mold_header_seq..
Finding unused cells or wires in module \wire_udp_parser..
Finding unused cells or wires in module \wire_ipv4_parser..
Finding unused cells or wires in module \wire_eth_parser..
Finding unused cells or wires in module \wire_gearbox_64to8..
Finding unused cells or wires in module \wire_ingress_buffer..

14.19.25. Executing OPT_EXPR pass (perform const folding).
Optimizing module wire_arch_a_parser_top.
Optimizing module wire_itch_decoder.
Optimizing module wire_mold_message_framer.
Optimizing module wire_mold_header_seq.
Optimizing module wire_udp_parser.
Optimizing module wire_ipv4_parser.
Optimizing module wire_eth_parser.
Optimizing module wire_gearbox_64to8.
Optimizing module wire_ingress_buffer.

14.19.26. Finished fast OPT passes. (There is nothing left to do.)

14.20. Executing TECHMAP pass (map to technology primitives).

14.20.1. Executing Verilog-2005 frontend: /Users/Dilan/eda/wire-to-decision/oss-cad-suite/libexec/../share/yosys/techmap.v
Parsing Verilog input from `/Users/Dilan/eda/wire-to-decision/oss-cad-suite/libexec/../share/yosys/techmap.v' to AST representation.
Generating RTLIL representation for module `\_90_simplemap_bool_ops'.
Generating RTLIL representation for module `\_90_simplemap_reduce_ops'.
Generating RTLIL representation for module `\_90_simplemap_logic_ops'.
Generating RTLIL representation for module `\_90_simplemap_compare_ops'.
Generating RTLIL representation for module `\_90_simplemap_various'.
Generating RTLIL representation for module `\_90_simplemap_registers'.
Generating RTLIL representation for module `\_90_shift_ops_shr_shl_sshl_sshr'.
Generating RTLIL representation for module `\_90_shift_shiftx'.
Generating RTLIL representation for module `\_90_fa'.
Generating RTLIL representation for module `\_90_lcu_brent_kung'.
Generating RTLIL representation for module `\_90_alu'.
Generating RTLIL representation for module `\_90_macc'.
Generating RTLIL representation for module `\_90_alumacc'.
Generating RTLIL representation for module `$__div_mod_u'.
Generating RTLIL representation for module `$__div_mod_trunc'.
Generating RTLIL representation for module `\_90_div'.
Generating RTLIL representation for module `\_90_mod'.
Generating RTLIL representation for module `$__div_mod_floor'.
Generating RTLIL representation for module `\_90_divfloor'.
Generating RTLIL representation for module `\_90_modfloor'.
Generating RTLIL representation for module `\_90_pow'.
Generating RTLIL representation for module `\_90_demux'.
Generating RTLIL representation for module `\_90_lut'.
Generating RTLIL representation for module `$connect'.
Generating RTLIL representation for module `$input_port'.
Successfully finished Verilog frontend.

14.20.2. Continuing TECHMAP pass.
Using extmapper simplemap for cells of type $dffe.
Using extmapper simplemap for cells of type $sdff.
Using extmapper simplemap for cells of type $not.
Using extmapper simplemap for cells of type $mux.
Using template $paramod$fc972a7a46956c1788f3cb5257b53c8f1df2d0cc\_90_alu for cells of type $alu.
Using template $paramod$7e708ae28ab761f11d0fb59d3ffc72f6a4baf5d9\_90_alu for cells of type $alu.
Using extmapper simplemap for cells of type $sdffe.
Using extmapper simplemap for cells of type $reduce_bool.
Using extmapper simplemap for cells of type $logic_and.
Using extmapper simplemap for cells of type $ne.
Using extmapper simplemap for cells of type $logic_or.
Using extmapper simplemap for cells of type $and.
Using extmapper simplemap for cells of type $eq.
Using extmapper simplemap for cells of type $pos.
Using template $paramod\_90_fa\WIDTH=32'00000000000000000000000000000010 for cells of type $fa.
Using template $paramod\_90_lcu_brent_kung\WIDTH=32'00000000000000000000000000000010 for cells of type $lcu.
Using extmapper simplemap for cells of type $xor.
Using template $paramod\_90_fa\WIDTH=32'00000000000000000000000000000001 for cells of type $fa.
Using template $paramod\_90_lcu_brent_kung\WIDTH=32'00000000000000000000000000000001 for cells of type $lcu.
Using extmapper simplemap for cells of type $or.
Using template $paramod$8742280fdebca84e1c87f2a86ed84f62d558f4cc\_90_alu for cells of type $alu.
Using template $paramod$3ef7d3dd227da7627a99c5e5a6a4deb817573e39\_90_alu for cells of type $alu.
Using extmapper simplemap for cells of type $bmux.
Using extmapper simplemap for cells of type $reduce_or.
Using extmapper simplemap for cells of type $reduce_and.
Using extmapper simplemap for cells of type $logic_not.
Using extmapper simplemap for cells of type $pmux.
Using template $paramod\_90_fa\WIDTH=32'00000000000000000000000000000011 for cells of type $fa.
Using template $paramod\_90_lcu_brent_kung\WIDTH=32'00000000000000000000000000000011 for cells of type $lcu.
Using template $paramod\_90_fa\WIDTH=32'00000000000000000000000000000100 for cells of type $fa.
Using template $paramod\_90_lcu_brent_kung\WIDTH=32'00000000000000000000000000000100 for cells of type $lcu.
Using template $paramod$32a7b7b86c07519b7537abc18e96f0331f97914d\_90_alu for cells of type $alu.
Using template $paramod$740b056ede97228d3eae64ea2fdc81f0a33e0fe7\_90_alu for cells of type $alu.
Using template $paramod$680bc57ce8b3d7fda2b446d0be16effb4fbc004f\_90_alu for cells of type $alu.
Using template $paramod$672a140277c71df8314410f22acc08d55222c3c7\_90_alu for cells of type $alu.
Using template $paramod$99501223b6f7e5af250351eeb57edb5403a5ad0b\_90_alu for cells of type $alu.
Using template $paramod$a1665ef28c749ebcdbe9aecd466e644647b56463\_90_alu for cells of type $alu.
Using template $paramod$719aadea7a94d31a13cd25a777432aacb0e462b5\_90_alu for cells of type $alu.
Using template $paramod$98d5b101fc40d541c293178ad5465fa81dcb4a40\_90_alu for cells of type $alu.
Using template $paramod$2af30114e9bd4ccb04dad757b3f0a8f6bf0615b0\_90_alu for cells of type $alu.
Using template $paramod$b18e16801adf491a64caa0542270798e5d4ac6b6\_90_alu for cells of type $alu.
Using extmapper maccmap for cells of type $macc_v2.
  add \header_q [151:136] (16 bits, unsigned)
  add \header_q [135:120] (16 bits, unsigned)
  add \header_q [119:104] (16 bits, unsigned)
  add \header_q [103:88] (16 bits, unsigned)
  add \header_q [87:72] (16 bits, unsigned)
  add \header_q [71:56] (16 bits, unsigned)
  add \header_q [55:40] (16 bits, unsigned)
  add \header_q [39:24] (16 bits, unsigned)
  add \header_q [23:8] (16 bits, unsigned)
  add { \header_q [7:0] \in_data } (16 bits, unsigned)
  add { $sub$rtl/arch_a/wire_ipv4_parser.sv:155$147_Y [8:3] 3'111 } (9 bits, signed)
  add 11'11111111001 (11 bits, unsigned)
Using template $paramod$constmap:c921208d5594ebb799e960dd14577284fe309283$paramod$9f7c24d1a70db3698635b7e5db0ae450c9f3726d\_90_shift_shiftx for cells of type $shift.
Analyzing pattern of constant bits for this cell:
Creating constmapped module `$paramod$constmap:fce774570ecf5985d8817e21c43c65b66fb12b62$paramod$9f7c24d1a70db3698635b7e5db0ae450c9f3726d\_90_shift_shiftx'.

14.20.60. Executing OPT_MUXTREE pass (detect dead branches in mux trees).
Running muxtree optimizer on module $paramod$constmap:fce774570ecf5985d8817e21c43c65b66fb12b62$paramod$9f7c24d1a70db3698635b7e5db0ae450c9f3726d\_90_shift_shiftx..
  Creating internal representation of mux trees.
  Evaluating internal representation of mux trees.
  Analyzing evaluation results.
    dead port 2/2 on $mux $procmux$9084.
    dead port 2/2 on $mux $procmux$9090.
    dead port 2/2 on $mux $procmux$9096.
    dead port 2/2 on $mux $procmux$9102.
    dead port 2/2 on $mux $procmux$9108.
    dead port 2/2 on $mux $procmux$9114.
    dead port 2/2 on $mux $procmux$9120.
    dead port 2/2 on $mux $procmux$9126.
    dead port 2/2 on $mux $procmux$9132.
Removed 9 multiplexer ports.
<suppressed ~1548 debug messages>

14.20.61. Executing OPT_EXPR pass (perform const folding).
Optimizing module $paramod$constmap:fce774570ecf5985d8817e21c43c65b66fb12b62$paramod$9f7c24d1a70db3698635b7e5db0ae450c9f3726d\_90_shift_shiftx.
<suppressed ~25 debug messages>
Removed 0 unused cells and 14 unused wires.
Using template $paramod$constmap:fce774570ecf5985d8817e21c43c65b66fb12b62$paramod$9f7c24d1a70db3698635b7e5db0ae450c9f3726d\_90_shift_shiftx for cells of type $shift.
Using template $paramod\_90_fa\WIDTH=32'00000000000000000000000000010000 for cells of type $fa.
Using template $paramod\_90_fa\WIDTH=32'00000000000000000000000000010001 for cells of type $fa.
Using template $paramod\_90_fa\WIDTH=32'00000000000000000000000000010010 for cells of type $fa.
Using template $paramod$12350b8c8422a70d10b7db4eaae1202a7148b784\_90_alu for cells of type $alu.
Using template $paramod\_90_fa\WIDTH=32'00000000000000000000000000000101 for cells of type $fa.
Using template $paramod\_90_lcu_brent_kung\WIDTH=32'00000000000000000000000000000101 for cells of type $lcu.
Using template $paramod\_90_lcu_brent_kung\WIDTH=32'00000000000000000000000000010000 for cells of type $lcu.
Using template $paramod\_90_lcu_brent_kung\WIDTH=32'00000000000000000000000000010001 for cells of type $lcu.
Using template $paramod\_90_fa\WIDTH=32'00000000000000000000000000000110 for cells of type $fa.
Using template $paramod\_90_lcu_brent_kung\WIDTH=32'00000000000000000000000000000110 for cells of type $lcu.
Using template $paramod\_90_fa\WIDTH=32'00000000000000000000000000100001 for cells of type $fa.
Using template $paramod\_90_lcu_brent_kung\WIDTH=32'00000000000000000000000000100001 for cells of type $lcu.
Using template $paramod\_90_fa\WIDTH=32'00000000000000000000000000001110 for cells of type $fa.
Using template $paramod\_90_lcu_brent_kung\WIDTH=32'00000000000000000000000000001110 for cells of type $lcu.
Using template $paramod\_90_lcu_brent_kung\WIDTH=32'00000000000000000000000000010010 for cells of type $lcu.
Using template $paramod$90579471a6bf6bd40b5ef9b7e45de3774567ccf7\_90_alu for cells of type $alu.
Using template $paramod$c15aee48e26a714a5f3d013cd387ce60c26c192c\_90_alu for cells of type $alu.
Using template $paramod$f956edc9fe4df758d9fdb10bfc518a364c99e75e\_90_alu for cells of type $alu.
  add { $sub$rtl/arch_a/wire_udp_parser.sv:104$262_Y [7:3] 3'111 } (8 bits, signed)
  add 10'1111111001 (10 bits, unsigned)
Using template $paramod$constmap:d8a3c44b818804315f1b65cc06ddb441021e8a7f$paramod$823591ec664b39d3cfb9e058aa66174669feadaf\_90_shift_shiftx for cells of type $shift.
Analyzing pattern of constant bits for this cell:
Creating constmapped module `$paramod$constmap:7b6cf79afb8b4a492f1a278168ac5472e97a76a6$paramod$823591ec664b39d3cfb9e058aa66174669feadaf\_90_shift_shiftx'.

14.20.117. Executing OPT_MUXTREE pass (detect dead branches in mux trees).
Running muxtree optimizer on module $paramod$constmap:7b6cf79afb8b4a492f1a278168ac5472e97a76a6$paramod$823591ec664b39d3cfb9e058aa66174669feadaf\_90_shift_shiftx..
  Creating internal representation of mux trees.
  Evaluating internal representation of mux trees.
  Analyzing evaluation results.
    dead port 2/2 on $mux $procmux$28314.
    dead port 2/2 on $mux $procmux$28320.
    dead port 2/2 on $mux $procmux$28326.
    dead port 2/2 on $mux $procmux$28332.
    dead port 2/2 on $mux $procmux$28338.
    dead port 2/2 on $mux $procmux$28344.
    dead port 2/2 on $mux $procmux$28350.
Removed 7 multiplexer ports.
<suppressed ~2233 debug messages>

14.20.118. Executing OPT_EXPR pass (perform const folding).
Optimizing module $paramod$constmap:7b6cf79afb8b4a492f1a278168ac5472e97a76a6$paramod$823591ec664b39d3cfb9e058aa66174669feadaf\_90_shift_shiftx.
<suppressed ~27 debug messages>
Removed 0 unused cells and 12 unused wires.
Using template $paramod$constmap:7b6cf79afb8b4a492f1a278168ac5472e97a76a6$paramod$823591ec664b39d3cfb9e058aa66174669feadaf\_90_shift_shiftx for cells of type $shift.
Using template $paramod\_90_fa\WIDTH=32'00000000000000000000000000001101 for cells of type $fa.
Using template $paramod\_90_lcu_brent_kung\WIDTH=32'00000000000000000000000000001101 for cells of type $lcu.
Using template $paramod$3f3f2584f4e9c2748e07f9b6a631d8767aa63e85\_90_alu for cells of type $alu.
  add { $sub$rtl/arch_a/wire_mold_header_seq.sv:180$326_Y [8:3] 3'111 } (9 bits, signed)
  add 11'11111111001 (11 bits, unsigned)
Using template $paramod\_90_fa\WIDTH=32'00000000000000000000000001000000 for cells of type $fa.
Using template $paramod\_90_lcu_brent_kung\WIDTH=32'00000000000000000000000001000000 for cells of type $lcu.
Using template $paramod$f28fc3f2e267d7716249e826e8c90c34ca9542c1\_90_alu for cells of type $alu.
Using template $paramod$32efbfac1c4dc57230cf86180788fdfd12e3b511\_90_alu for cells of type $alu.
Using template $paramod\_90_fa\WIDTH=32'00000000000000000000000000000111 for cells of type $fa.
Using template $paramod\_90_lcu_brent_kung\WIDTH=32'00000000000000000000000000000111 for cells of type $lcu.
No more expansions possible.
<suppressed ~2974 debug messages>

14.21. Executing OPT pass (performing simple optimizations).

14.21.1. Executing OPT_EXPR pass (perform const folding).
Optimizing module wire_arch_a_parser_top.
<suppressed ~1 debug messages>
Optimizing module wire_itch_decoder.
<suppressed ~1016 debug messages>
Optimizing module wire_mold_message_framer.
<suppressed ~882 debug messages>
Optimizing module wire_mold_header_seq.
<suppressed ~13525 debug messages>
Optimizing module wire_udp_parser.
<suppressed ~3624 debug messages>
Optimizing module wire_ipv4_parser.
<suppressed ~13706 debug messages>
Optimizing module wire_eth_parser.
<suppressed ~122 debug messages>
Optimizing module wire_gearbox_64to8.
<suppressed ~172 debug messages>
Optimizing module wire_ingress_buffer.
<suppressed ~42 debug messages>

14.21.2. Executing OPT_MERGE pass (detect identical cells).
Finding identical cells in module `\wire_arch_a_parser_top'.
Computing hashes of 54 cells of `\wire_arch_a_parser_top'.
Finding duplicate cells in `\wire_arch_a_parser_top'.
Finding identical cells in module `\wire_itch_decoder'.
Computing hashes of 3206 cells of `\wire_itch_decoder'.
Finding duplicate cells in `\wire_itch_decoder'.
Computing hashes of 2976 cells of `\wire_itch_decoder'.
Finding duplicate cells in `\wire_itch_decoder'.
Computing hashes of 2877 cells of `\wire_itch_decoder'.
Finding duplicate cells in `\wire_itch_decoder'.
Computing hashes of 2824 cells of `\wire_itch_decoder'.
Finding duplicate cells in `\wire_itch_decoder'.
Computing hashes of 2813 cells of `\wire_itch_decoder'.
Finding duplicate cells in `\wire_itch_decoder'.
<suppressed ~1179 debug messages>
Finding identical cells in module `\wire_mold_message_framer'.
Computing hashes of 1069 cells of `\wire_mold_message_framer'.
Finding duplicate cells in `\wire_mold_message_framer'.
Computing hashes of 1034 cells of `\wire_mold_message_framer'.
Finding duplicate cells in `\wire_mold_message_framer'.
Computing hashes of 1025 cells of `\wire_mold_message_framer'.
Finding duplicate cells in `\wire_mold_message_framer'.
Computing hashes of 1024 cells of `\wire_mold_message_framer'.
Finding duplicate cells in `\wire_mold_message_framer'.
<suppressed ~135 debug messages>
Finding identical cells in module `\wire_mold_header_seq'.
Computing hashes of 4185 cells of `\wire_mold_header_seq'.
Finding duplicate cells in `\wire_mold_header_seq'.
Computing hashes of 4108 cells of `\wire_mold_header_seq'.
Finding duplicate cells in `\wire_mold_header_seq'.
Computing hashes of 4072 cells of `\wire_mold_header_seq'.
Finding duplicate cells in `\wire_mold_header_seq'.
Computing hashes of 4032 cells of `\wire_mold_header_seq'.
Finding duplicate cells in `\wire_mold_header_seq'.
Computing hashes of 3989 cells of `\wire_mold_header_seq'.
Finding duplicate cells in `\wire_mold_header_seq'.
Computing hashes of 3923 cells of `\wire_mold_header_seq'.
Finding duplicate cells in `\wire_mold_header_seq'.
Computing hashes of 3803 cells of `\wire_mold_header_seq'.
Finding duplicate cells in `\wire_mold_header_seq'.
Computing hashes of 3571 cells of `\wire_mold_header_seq'.
Finding duplicate cells in `\wire_mold_header_seq'.
Computing hashes of 3115 cells of `\wire_mold_header_seq'.
Finding duplicate cells in `\wire_mold_header_seq'.
Computing hashes of 2981 cells of `\wire_mold_header_seq'.
Finding duplicate cells in `\wire_mold_header_seq'.
Computing hashes of 2980 cells of `\wire_mold_header_seq'.
Finding duplicate cells in `\wire_mold_header_seq'.
Computing hashes of 2979 cells of `\wire_mold_header_seq'.
Finding duplicate cells in `\wire_mold_header_seq'.
Computing hashes of 2978 cells of `\wire_mold_header_seq'.
Finding duplicate cells in `\wire_mold_header_seq'.
Computing hashes of 2977 cells of `\wire_mold_header_seq'.
Finding duplicate cells in `\wire_mold_header_seq'.
Computing hashes of 2976 cells of `\wire_mold_header_seq'.
Finding duplicate cells in `\wire_mold_header_seq'.
Computing hashes of 2975 cells of `\wire_mold_header_seq'.
Finding duplicate cells in `\wire_mold_header_seq'.
Computing hashes of 2974 cells of `\wire_mold_header_seq'.
Finding duplicate cells in `\wire_mold_header_seq'.
Computing hashes of 2973 cells of `\wire_mold_header_seq'.
Finding duplicate cells in `\wire_mold_header_seq'.
Computing hashes of 2972 cells of `\wire_mold_header_seq'.
Finding duplicate cells in `\wire_mold_header_seq'.
Computing hashes of 2971 cells of `\wire_mold_header_seq'.
Finding duplicate cells in `\wire_mold_header_seq'.
Computing hashes of 2970 cells of `\wire_mold_header_seq'.
Finding duplicate cells in `\wire_mold_header_seq'.
Computing hashes of 2969 cells of `\wire_mold_header_seq'.
Finding duplicate cells in `\wire_mold_header_seq'.
Computing hashes of 2968 cells of `\wire_mold_header_seq'.
Finding duplicate cells in `\wire_mold_header_seq'.
Computing hashes of 2967 cells of `\wire_mold_header_seq'.
Finding duplicate cells in `\wire_mold_header_seq'.
<suppressed ~3654 debug messages>
Finding identical cells in module `\wire_udp_parser'.
Computing hashes of 1752 cells of `\wire_udp_parser'.
Finding duplicate cells in `\wire_udp_parser'.
Computing hashes of 1675 cells of `\wire_udp_parser'.
Finding duplicate cells in `\wire_udp_parser'.
Computing hashes of 1635 cells of `\wire_udp_parser'.
Finding duplicate cells in `\wire_udp_parser'.
Computing hashes of 1594 cells of `\wire_udp_parser'.
Finding duplicate cells in `\wire_udp_parser'.
Computing hashes of 1551 cells of `\wire_udp_parser'.
Finding duplicate cells in `\wire_udp_parser'.
Computing hashes of 1485 cells of `\wire_udp_parser'.
Finding duplicate cells in `\wire_udp_parser'.
Computing hashes of 1365 cells of `\wire_udp_parser'.
Finding duplicate cells in `\wire_udp_parser'.
Computing hashes of 1315 cells of `\wire_udp_parser'.
Finding duplicate cells in `\wire_udp_parser'.
Computing hashes of 1314 cells of `\wire_udp_parser'.
Finding duplicate cells in `\wire_udp_parser'.
Computing hashes of 1313 cells of `\wire_udp_parser'.
Finding duplicate cells in `\wire_udp_parser'.
Computing hashes of 1312 cells of `\wire_udp_parser'.
Finding duplicate cells in `\wire_udp_parser'.
Computing hashes of 1311 cells of `\wire_udp_parser'.
Finding duplicate cells in `\wire_udp_parser'.
Computing hashes of 1310 cells of `\wire_udp_parser'.
Finding duplicate cells in `\wire_udp_parser'.
Computing hashes of 1309 cells of `\wire_udp_parser'.
Finding duplicate cells in `\wire_udp_parser'.
Computing hashes of 1308 cells of `\wire_udp_parser'.
Finding duplicate cells in `\wire_udp_parser'.
Computing hashes of 1307 cells of `\wire_udp_parser'.
Finding duplicate cells in `\wire_udp_parser'.
Computing hashes of 1306 cells of `\wire_udp_parser'.
Finding duplicate cells in `\wire_udp_parser'.
Computing hashes of 1305 cells of `\wire_udp_parser'.
Finding duplicate cells in `\wire_udp_parser'.
Computing hashes of 1304 cells of `\wire_udp_parser'.
Finding duplicate cells in `\wire_udp_parser'.
Computing hashes of 1303 cells of `\wire_udp_parser'.
Finding duplicate cells in `\wire_udp_parser'.
Computing hashes of 1302 cells of `\wire_udp_parser'.
Finding duplicate cells in `\wire_udp_parser'.
Computing hashes of 1301 cells of `\wire_udp_parser'.
Finding duplicate cells in `\wire_udp_parser'.
Computing hashes of 1300 cells of `\wire_udp_parser'.
Finding duplicate cells in `\wire_udp_parser'.
Computing hashes of 1299 cells of `\wire_udp_parser'.
Finding duplicate cells in `\wire_udp_parser'.
Computing hashes of 1298 cells of `\wire_udp_parser'.
Finding duplicate cells in `\wire_udp_parser'.
Computing hashes of 1297 cells of `\wire_udp_parser'.
Finding duplicate cells in `\wire_udp_parser'.
<suppressed ~1365 debug messages>
Finding identical cells in module `\wire_ipv4_parser'.
Computing hashes of 4523 cells of `\wire_ipv4_parser'.
Finding duplicate cells in `\wire_ipv4_parser'.
Computing hashes of 4432 cells of `\wire_ipv4_parser'.
Finding duplicate cells in `\wire_ipv4_parser'.
Computing hashes of 4393 cells of `\wire_ipv4_parser'.
Finding duplicate cells in `\wire_ipv4_parser'.
Computing hashes of 4353 cells of `\wire_ipv4_parser'.
Finding duplicate cells in `\wire_ipv4_parser'.
Computing hashes of 4310 cells of `\wire_ipv4_parser'.
Finding duplicate cells in `\wire_ipv4_parser'.
Computing hashes of 4244 cells of `\wire_ipv4_parser'.
Finding duplicate cells in `\wire_ipv4_parser'.
Computing hashes of 4124 cells of `\wire_ipv4_parser'.
Finding duplicate cells in `\wire_ipv4_parser'.
Computing hashes of 3892 cells of `\wire_ipv4_parser'.
Finding duplicate cells in `\wire_ipv4_parser'.
Computing hashes of 3436 cells of `\wire_ipv4_parser'.
Finding duplicate cells in `\wire_ipv4_parser'.
Computing hashes of 3302 cells of `\wire_ipv4_parser'.
Finding duplicate cells in `\wire_ipv4_parser'.
Computing hashes of 3301 cells of `\wire_ipv4_parser'.
Finding duplicate cells in `\wire_ipv4_parser'.
Computing hashes of 3300 cells of `\wire_ipv4_parser'.
Finding duplicate cells in `\wire_ipv4_parser'.
Computing hashes of 3299 cells of `\wire_ipv4_parser'.
Finding duplicate cells in `\wire_ipv4_parser'.
Computing hashes of 3298 cells of `\wire_ipv4_parser'.
Finding duplicate cells in `\wire_ipv4_parser'.
Computing hashes of 3297 cells of `\wire_ipv4_parser'.
Finding duplicate cells in `\wire_ipv4_parser'.
Computing hashes of 3296 cells of `\wire_ipv4_parser'.
Finding duplicate cells in `\wire_ipv4_parser'.
Computing hashes of 3295 cells of `\wire_ipv4_parser'.
Finding duplicate cells in `\wire_ipv4_parser'.
Computing hashes of 3294 cells of `\wire_ipv4_parser'.
Finding duplicate cells in `\wire_ipv4_parser'.
Computing hashes of 3293 cells of `\wire_ipv4_parser'.
Finding duplicate cells in `\wire_ipv4_parser'.
Computing hashes of 3292 cells of `\wire_ipv4_parser'.
Finding duplicate cells in `\wire_ipv4_parser'.
Computing hashes of 3291 cells of `\wire_ipv4_parser'.
Finding duplicate cells in `\wire_ipv4_parser'.
Computing hashes of 3290 cells of `\wire_ipv4_parser'.
Finding duplicate cells in `\wire_ipv4_parser'.
Computing hashes of 3289 cells of `\wire_ipv4_parser'.
Finding duplicate cells in `\wire_ipv4_parser'.
Computing hashes of 3288 cells of `\wire_ipv4_parser'.
Finding duplicate cells in `\wire_ipv4_parser'.
<suppressed ~3705 debug messages>
Finding identical cells in module `\wire_eth_parser'.
Computing hashes of 194 cells of `\wire_eth_parser'.
Finding duplicate cells in `\wire_eth_parser'.
Computing hashes of 182 cells of `\wire_eth_parser'.
Finding duplicate cells in `\wire_eth_parser'.
<suppressed ~36 debug messages>
Finding identical cells in module `\wire_gearbox_64to8'.
Computing hashes of 303 cells of `\wire_gearbox_64to8'.
Finding duplicate cells in `\wire_gearbox_64to8'.
Computing hashes of 264 cells of `\wire_gearbox_64to8'.
Finding duplicate cells in `\wire_gearbox_64to8'.
Computing hashes of 249 cells of `\wire_gearbox_64to8'.
Finding duplicate cells in `\wire_gearbox_64to8'.
Computing hashes of 245 cells of `\wire_gearbox_64to8'.
Finding duplicate cells in `\wire_gearbox_64to8'.
<suppressed ~174 debug messages>
Finding identical cells in module `\wire_ingress_buffer'.
Computing hashes of 253 cells of `\wire_ingress_buffer'.
Finding duplicate cells in `\wire_ingress_buffer'.
Computing hashes of 249 cells of `\wire_ingress_buffer'.
Finding duplicate cells in `\wire_ingress_buffer'.
<suppressed ~12 debug messages>
Removed a total of 3420 cells.

14.21.3. Executing OPT_DFF pass (perform DFF optimizations).

14.21.4. Executing OPT_CLEAN pass (remove unused cells and wires).
Finding unused cells or wires in module \wire_arch_a_parser_top..
Finding unused cells or wires in module \wire_itch_decoder..
Finding unused cells or wires in module \wire_mold_message_framer..
Finding unused cells or wires in module \wire_mold_header_seq..
Finding unused cells or wires in module \wire_udp_parser..
Finding unused cells or wires in module \wire_ipv4_parser..
Finding unused cells or wires in module \wire_eth_parser..
Finding unused cells or wires in module \wire_gearbox_64to8..
Finding unused cells or wires in module \wire_ingress_buffer..
Removed 1588 unused cells and 3789 unused wires.
<suppressed ~1598 debug messages>

14.21.5. Finished fast OPT passes.

14.22. Executing ABC pass (technology mapping using ABC).

14.22.1. Summary of detected clock domains:
  107 cells in clk=\clk, en=$auto$simple.cc:210:make_patterns_logic$5554, arst={ }, srst=$logic_or$rtl/arch_a/wire_itch_decoder.sv:138$449_Y
  21 cells in clk=\clk, en={ }, arst={ }, srst=$logic_or$rtl/arch_a/wire_itch_decoder.sv:138$449_Y
  24 cells in clk=\clk, en=$memory\bytes_q$wren[35][0][0]$y$6974, arst={ }, srst={ }
  26 cells in clk=\clk, en=$memory\bytes_q$wren[34][0][0]$y$6968, arst={ }, srst={ }
  26 cells in clk=\clk, en=$memory\bytes_q$wren[33][0][0]$y$6962, arst={ }, srst={ }
  27 cells in clk=\clk, en=$memory\bytes_q$wren[32][0][0]$y$6956, arst={ }, srst={ }
  26 cells in clk=\clk, en=$memory\bytes_q$wren[31][0][0]$y$6944, arst={ }, srst={ }
  26 cells in clk=\clk, en=$memory\bytes_q$wren[30][0][0]$y$6938, arst={ }, srst={ }
  26 cells in clk=\clk, en=$memory\bytes_q$wren[29][0][0]$y$6932, arst={ }, srst={ }
  26 cells in clk=\clk, en=$memory\bytes_q$wren[28][0][0]$y$6926, arst={ }, srst={ }
  27 cells in clk=\clk, en=$memory\bytes_q$wren[27][0][0]$y$6920, arst={ }, srst={ }
  26 cells in clk=\clk, en=$memory\bytes_q$wren[26][0][0]$y$6914, arst={ }, srst={ }
  26 cells in clk=\clk, en=$memory\bytes_q$wren[25][0][0]$y$6908, arst={ }, srst={ }
  25 cells in clk=\clk, en=$memory\bytes_q$wren[24][0][0]$y$6902, arst={ }, srst={ }
  26 cells in clk=\clk, en=$memory\bytes_q$wren[23][0][0]$y$6894, arst={ }, srst={ }
  34 cells in clk=\clk, en=$memory\bytes_q$wren[22][0][0]$y$6888, arst={ }, srst={ }
  34 cells in clk=\clk, en=$memory\bytes_q$wren[21][0][0]$y$6882, arst={ }, srst={ }
  34 cells in clk=\clk, en=$memory\bytes_q$wren[20][0][0]$y$6876, arst={ }, srst={ }
  47 cells in clk=\clk, en=$memory\bytes_q$wren[19][0][0]$y$6870, arst={ }, srst={ }
  26 cells in clk=\clk, en=$memory\bytes_q$wren[18][0][0]$y$6864, arst={ }, srst={ }
  26 cells in clk=\clk, en=$memory\bytes_q$wren[17][0][0]$y$6858, arst={ }, srst={ }
  27 cells in clk=\clk, en=$memory\bytes_q$wren[16][0][0]$y$6852, arst={ }, srst={ }
  26 cells in clk=\clk, en=$memory\bytes_q$wren[15][0][0]$y$6840, arst={ }, srst={ }
  26 cells in clk=\clk, en=$memory\bytes_q$wren[14][0][0]$y$6834, arst={ }, srst={ }
  26 cells in clk=\clk, en=$memory\bytes_q$wren[13][0][0]$y$6828, arst={ }, srst={ }
  27 cells in clk=\clk, en=$memory\bytes_q$wren[12][0][0]$y$6822, arst={ }, srst={ }
  40 cells in clk=\clk, en=$memory\bytes_q$wren[11][0][0]$y$6816, arst={ }, srst={ }
  10 cells in clk=\clk, en=$memory\bytes_q$wren[10][0][0]$y$6810, arst={ }, srst={ }
  10 cells in clk=\clk, en=$memory\bytes_q$wren[9][0][0]$y$6804, arst={ }, srst={ }
  10 cells in clk=\clk, en=$memory\bytes_q$wren[8][0][0]$y$6798, arst={ }, srst={ }
  10 cells in clk=\clk, en=$memory\bytes_q$wren[7][0][0]$y$6788, arst={ }, srst={ }
  11 cells in clk=\clk, en=$memory\bytes_q$wren[6][0][0]$y$6780, arst={ }, srst={ }
  10 cells in clk=\clk, en=$memory\bytes_q$wren[5][0][0]$y$6770, arst={ }, srst={ }
  19 cells in clk=\clk, en=$memory\bytes_q$wren[2][0][0]$y$6742, arst={ }, srst={ }
  17 cells in clk=\clk, en=$memory\bytes_q$wren[1][0][0]$y$6730, arst={ }, srst={ }
  27 cells in clk=\clk, en=$memory\bytes_q$wren[0][0][0]$y$6720, arst={ }, srst={ }
  36 cells in clk=\clk, en=$auto$simple.cc:210:make_patterns_logic$5588, arst={ }, srst=$logic_or$rtl/arch_a/wire_itch_decoder.sv:138$449_Y
  147 cells in clk=\clk, en=$logic_or$rtl/arch_a/wire_itch_decoder.sv:138$449_Y, arst={ }, srst={ }
  55 cells in clk=\clk, en=$auto$simple.cc:210:make_patterns_logic$5567, arst={ }, srst=$logic_or$rtl/arch_a/wire_itch_decoder.sv:138$449_Y
  153 cells in clk=\clk, en=$auto$simple.cc:210:make_patterns_logic$5534, arst={ }, srst=$logic_or$rtl/arch_a/wire_itch_decoder.sv:138$449_Y
  173 cells in clk=\clk, en=$auto$simple.cc:210:make_patterns_logic$5530, arst={ }, srst=$logic_or$rtl/arch_a/wire_itch_decoder.sv:138$449_Y
  114 cells in clk=\clk, en=$auto$simple.cc:210:make_patterns_logic$5504, arst={ }, srst=$logic_or$rtl/arch_a/wire_itch_decoder.sv:138$449_Y
  1141 cells in clk=\clk, en=$procmux$1012_CMP, arst={ }, srst=$logic_or$rtl/arch_a/wire_itch_decoder.sv:138$449_Y

14.22.2. Extracting gate netlist of module `\wire_itch_decoder' to `<abc-temp-dir>/input.blif'..
Found matching posedge clock domain: \clk, enabled by $auto$simple.cc:210:make_patterns_logic$5554, synchronously reset by $logic_or$rtl/arch_a/wire_itch_decoder.sv:138$449_Y

14.22.3. Extracting gate netlist of module `\wire_itch_decoder' to `<abc-temp-dir>/input.blif'..
Found matching posedge clock domain: \clk, synchronously reset by $logic_or$rtl/arch_a/wire_itch_decoder.sv:138$449_Y

14.22.4. Extracting gate netlist of module `\wire_itch_decoder' to `<abc-temp-dir>/input.blif'..
Found matching posedge clock domain: \clk, enabled by $memory\bytes_q$wren[35][0][0]$y$6974

14.22.5. Extracting gate netlist of module `\wire_itch_decoder' to `<abc-temp-dir>/input.blif'..
Found matching posedge clock domain: \clk, enabled by $memory\bytes_q$wren[34][0][0]$y$6968

14.22.6. Extracting gate netlist of module `\wire_itch_decoder' to `<abc-temp-dir>/input.blif'..
Found matching posedge clock domain: \clk, enabled by $memory\bytes_q$wren[33][0][0]$y$6962

14.22.7. Extracting gate netlist of module `\wire_itch_decoder' to `<abc-temp-dir>/input.blif'..
Found matching posedge clock domain: \clk, enabled by $memory\bytes_q$wren[32][0][0]$y$6956

14.22.8. Extracting gate netlist of module `\wire_itch_decoder' to `<abc-temp-dir>/input.blif'..
Found matching posedge clock domain: \clk, enabled by $memory\bytes_q$wren[31][0][0]$y$6944

14.22.9. Extracting gate netlist of module `\wire_itch_decoder' to `<abc-temp-dir>/input.blif'..
Found matching posedge clock domain: \clk, enabled by $memory\bytes_q$wren[30][0][0]$y$6938

14.22.10. Extracting gate netlist of module `\wire_itch_decoder' to `<abc-temp-dir>/input.blif'..
Found matching posedge clock domain: \clk, enabled by $memory\bytes_q$wren[29][0][0]$y$6932

14.22.11. Extracting gate netlist of module `\wire_itch_decoder' to `<abc-temp-dir>/input.blif'..
Found matching posedge clock domain: \clk, enabled by $memory\bytes_q$wren[28][0][0]$y$6926

14.22.12. Extracting gate netlist of module `\wire_itch_decoder' to `<abc-temp-dir>/input.blif'..
Found matching posedge clock domain: \clk, enabled by $memory\bytes_q$wren[27][0][0]$y$6920

14.22.13. Extracting gate netlist of module `\wire_itch_decoder' to `<abc-temp-dir>/input.blif'..
Found matching posedge clock domain: \clk, enabled by $memory\bytes_q$wren[26][0][0]$y$6914

14.22.14. Extracting gate netlist of module `\wire_itch_decoder' to `<abc-temp-dir>/input.blif'..
Found matching posedge clock domain: \clk, enabled by $memory\bytes_q$wren[25][0][0]$y$6908

14.22.15. Extracting gate netlist of module `\wire_itch_decoder' to `<abc-temp-dir>/input.blif'..
Found matching posedge clock domain: \clk, enabled by $memory\bytes_q$wren[24][0][0]$y$6902

14.22.16. Extracting gate netlist of module `\wire_itch_decoder' to `<abc-temp-dir>/input.blif'..
Found matching posedge clock domain: \clk, enabled by $memory\bytes_q$wren[23][0][0]$y$6894

14.22.17. Extracting gate netlist of module `\wire_itch_decoder' to `<abc-temp-dir>/input.blif'..
Found matching posedge clock domain: \clk, enabled by $memory\bytes_q$wren[22][0][0]$y$6888

14.22.18. Extracting gate netlist of module `\wire_itch_decoder' to `<abc-temp-dir>/input.blif'..
Found matching posedge clock domain: \clk, enabled by $memory\bytes_q$wren[21][0][0]$y$6882

14.22.19. Extracting gate netlist of module `\wire_itch_decoder' to `<abc-temp-dir>/input.blif'..
Found matching posedge clock domain: \clk, enabled by $memory\bytes_q$wren[20][0][0]$y$6876

14.22.20. Extracting gate netlist of module `\wire_itch_decoder' to `<abc-temp-dir>/input.blif'..
Found matching posedge clock domain: \clk, enabled by $memory\bytes_q$wren[19][0][0]$y$6870

14.22.21. Extracting gate netlist of module `\wire_itch_decoder' to `<abc-temp-dir>/input.blif'..
Found matching posedge clock domain: \clk, enabled by $memory\bytes_q$wren[18][0][0]$y$6864

14.22.22. Extracting gate netlist of module `\wire_itch_decoder' to `<abc-temp-dir>/input.blif'..
Found matching posedge clock domain: \clk, enabled by $memory\bytes_q$wren[17][0][0]$y$6858

14.22.23. Extracting gate netlist of module `\wire_itch_decoder' to `<abc-temp-dir>/input.blif'..
Found matching posedge clock domain: \clk, enabled by $memory\bytes_q$wren[16][0][0]$y$6852

14.22.24. Extracting gate netlist of module `\wire_itch_decoder' to `<abc-temp-dir>/input.blif'..
Found matching posedge clock domain: \clk, enabled by $memory\bytes_q$wren[15][0][0]$y$6840

14.22.25. Extracting gate netlist of module `\wire_itch_decoder' to `<abc-temp-dir>/input.blif'..
Found matching posedge clock domain: \clk, enabled by $memory\bytes_q$wren[14][0][0]$y$6834

14.22.26. Extracting gate netlist of module `\wire_itch_decoder' to `<abc-temp-dir>/input.blif'..
Found matching posedge clock domain: \clk, enabled by $memory\bytes_q$wren[13][0][0]$y$6828

14.22.27. Extracting gate netlist of module `\wire_itch_decoder' to `<abc-temp-dir>/input.blif'..
Found matching posedge clock domain: \clk, enabled by $memory\bytes_q$wren[12][0][0]$y$6822

14.22.28. Extracting gate netlist of module `\wire_itch_decoder' to `<abc-temp-dir>/input.blif'..
Found matching posedge clock domain: \clk, enabled by $memory\bytes_q$wren[11][0][0]$y$6816

14.22.29. Extracting gate netlist of module `\wire_itch_decoder' to `<abc-temp-dir>/input.blif'..
Found matching posedge clock domain: \clk, enabled by $memory\bytes_q$wren[10][0][0]$y$6810

14.22.30. Extracting gate netlist of module `\wire_itch_decoder' to `<abc-temp-dir>/input.blif'..
Found matching posedge clock domain: \clk, enabled by $memory\bytes_q$wren[9][0][0]$y$6804

14.22.31. Extracting gate netlist of module `\wire_itch_decoder' to `<abc-temp-dir>/input.blif'..
Found matching posedge clock domain: \clk, enabled by $memory\bytes_q$wren[8][0][0]$y$6798

14.22.32. Extracting gate netlist of module `\wire_itch_decoder' to `<abc-temp-dir>/input.blif'..
Found matching posedge clock domain: \clk, enabled by $memory\bytes_q$wren[7][0][0]$y$6788

14.22.33. Extracting gate netlist of module `\wire_itch_decoder' to `<abc-temp-dir>/input.blif'..
Found matching posedge clock domain: \clk, enabled by $memory\bytes_q$wren[6][0][0]$y$6780

14.22.34. Extracting gate netlist of module `\wire_itch_decoder' to `<abc-temp-dir>/input.blif'..
Found matching posedge clock domain: \clk, enabled by $memory\bytes_q$wren[5][0][0]$y$6770

14.22.34.1. Executed ABC.
Extracted 106 gates and 182 wires to a netlist network with 74 inputs and 20 outputs.
Running ABC script: <abc-temp-dir>/abc.script
ABC: ======== ABC command line "source <abc-temp-dir>/abc.script"
ABC: + read_blif <abc-temp-dir>/input.blif 
ABC: + read_library <abc-temp-dir>/stdcells.genlib 
ABC: + strash 
ABC: + &get -n 
ABC: + &fraig -x 
ABC: + &put 
ABC: + scorr 
ABC: Warning: The network is combinational (run "fraig" or "fraig_sweep").
ABC: + dc2 
ABC: + dretime 
ABC: + strash 
ABC: + &get -n 
ABC: + &dch -f 
ABC: + &nf 
ABC: + &put 
ABC: + write_blif <abc-temp-dir>/output.blif 

14.22.34.2. Re-integrating ABC results.
ABC RESULTS:               AND cells:       31
ABC RESULTS:            ANDNOT cells:        4
ABC RESULTS:              NAND cells:       25
ABC RESULTS:               NOR cells:       22
ABC RESULTS:               NOT cells:        2
ABC RESULTS:                OR cells:       11
ABC RESULTS:             ORNOT cells:        6
ABC RESULTS:        internal signals:       88
ABC RESULTS:           input signals:       74
ABC RESULTS:          output signals:       20
Removing temp directory.

14.22.34.1. Executed ABC.
Extracted 20 gates and 41 wires to a netlist network with 20 inputs and 3 outputs.
Running ABC script: <abc-temp-dir>/abc.script
ABC: ======== ABC command line "source <abc-temp-dir>/abc.script"
ABC: + read_blif <abc-temp-dir>/input.blif 
ABC: + read_library <abc-temp-dir>/stdcells.genlib 
ABC: + strash 
ABC: + &get -n 
ABC: + &fraig -x 
ABC: + &put 
ABC: + scorr 
ABC: Warning: The network is combinational (run "fraig" or "fraig_sweep").
ABC: + dc2 
ABC: + dretime 
ABC: + strash 
ABC: + &get -n 
ABC: + &dch -f 
ABC: + &nf 
ABC: + &put 
ABC: + write_blif <abc-temp-dir>/output.blif 

14.22.34.2. Re-integrating ABC results.
ABC RESULTS:               AND cells:        8
ABC RESULTS:            ANDNOT cells:        4
ABC RESULTS:               MUX cells:        1
ABC RESULTS:              NAND cells:        8
ABC RESULTS:                OR cells:        3
ABC RESULTS:             ORNOT cells:        3
ABC RESULTS:        internal signals:       18
ABC RESULTS:           input signals:       20
ABC RESULTS:          output signals:        3
Removing temp directory.

14.22.34.1. Executed ABC.
Extracted 16 gates and 34 wires to a netlist network with 17 inputs and 10 outputs.
Running ABC script: <abc-temp-dir>/abc.script
ABC: ======== ABC command line "source <abc-temp-dir>/abc.script"
ABC: + read_blif <abc-temp-dir>/input.blif 
ABC: + read_library <abc-temp-dir>/stdcells.genlib 
ABC: + strash 
ABC: + &get -n 
ABC: + &fraig -x 
ABC: + &put 
ABC: + scorr 
ABC: Warning: The network is combinational (run "fraig" or "fraig_sweep").
ABC: + dc2 
ABC: + dretime 
ABC: + strash 
ABC: + &get -n 
ABC: + &dch -f 
ABC: + &nf 
ABC: + &put 
ABC: + write_blif <abc-temp-dir>/output.blif 

14.22.34.2. Re-integrating ABC results.
ABC RESULTS:               AND cells:        4
ABC RESULTS:            ANDNOT cells:       10
ABC RESULTS:              NAND cells:        1
ABC RESULTS:        internal signals:        7
ABC RESULTS:           input signals:       17
ABC RESULTS:          output signals:       10
Removing temp directory.

14.22.34.1. Executed ABC.
Extracted 18 gates and 32 wires to a netlist network with 13 inputs and 17 outputs.
Running ABC script: <abc-temp-dir>/abc.script
ABC: ======== ABC command line "source <abc-temp-dir>/abc.script"
ABC: + read_blif <abc-temp-dir>/input.blif 
ABC: + read_library <abc-temp-dir>/stdcells.genlib 
ABC: + strash 
ABC: + &get -n 
ABC: + &fraig -x 
ABC: + &put 
ABC: + scorr 
ABC: Warning: The network is combinational (run "fraig" or "fraig_sweep").
ABC: + dc2 
ABC: + dretime 
ABC: + strash 
ABC: + &get -n 
ABC: + &dch -f 
ABC: + &nf 
ABC: + &put 
ABC: + write_blif <abc-temp-dir>/output.blif 

14.22.34.2. Re-integrating ABC results.
ABC RESULTS:               AND cells:        2
ABC RESULTS:            ANDNOT cells:       16
ABC RESULTS:        internal signals:        2
ABC RESULTS:           input signals:       13
ABC RESULTS:          output signals:       17
Removing temp directory.

14.22.34.1. Executed ABC.
Extracted 18 gates and 32 wires to a netlist network with 13 inputs and 17 outputs.
Running ABC script: <abc-temp-dir>/abc.script
ABC: ======== ABC command line "source <abc-temp-dir>/abc.script"
ABC: + read_blif <abc-temp-dir>/input.blif 
ABC: + read_library <abc-temp-dir>/stdcells.genlib 
ABC: + strash 
ABC: + &get -n 
ABC: + &fraig -x 
ABC: + &put 
ABC: + scorr 
ABC: Warning: The network is combinational (run "fraig" or "fraig_sweep").
ABC: + dc2 
ABC: + dretime 
ABC: + strash 
ABC: + &get -n 
ABC: + &dch -f 
ABC: + &nf 
ABC: + &put 
ABC: + write_blif <abc-temp-dir>/output.blif 

14.22.34.2. Re-integrating ABC results.
ABC RESULTS:               AND cells:        2
ABC RESULTS:            ANDNOT cells:       16
ABC RESULTS:        internal signals:        2
ABC RESULTS:           input signals:       13
ABC RESULTS:          output signals:       17
Removing temp directory.

14.22.34.1. Executed ABC.
Extracted 19 gates and 34 wires to a netlist network with 14 inputs and 18 outputs.
Running ABC script: <abc-temp-dir>/abc.script
ABC: ======== ABC command line "source <abc-temp-dir>/abc.script"
ABC: + read_blif <abc-temp-dir>/input.blif 
ABC: + read_library <abc-temp-dir>/stdcells.genlib 
ABC: + strash 
ABC: + &get -n 
ABC: + &fraig -x 
ABC: + &put 
ABC: + scorr 
ABC: Warning: The network is combinational (run "fraig" or "fraig_sweep").
ABC: + dc2 
ABC: + dretime 
ABC: + strash 
ABC: + &get -n 
ABC: + &dch -f 
ABC: + &nf 
ABC: + &put 
ABC: + write_blif <abc-temp-dir>/output.blif 

14.22.34.2. Re-integrating ABC results.
ABC RESULTS:               AND cells:        3
ABC RESULTS:            ANDNOT cells:       16
ABC RESULTS:        internal signals:        2
ABC RESULTS:           input signals:       14
ABC RESULTS:          output signals:       18
Removing temp directory.

14.22.34.1. Executed ABC.
Extracted 18 gates and 39 wires to a netlist network with 20 inputs and 17 outputs.
Running ABC script: <abc-temp-dir>/abc.script
ABC: ======== ABC command line "source <abc-temp-dir>/abc.script"
ABC: + read_blif <abc-temp-dir>/input.blif 
ABC: + read_library <abc-temp-dir>/stdcells.genlib 
ABC: + strash 
ABC: + &get -n 
ABC: + &fraig -x 
ABC: + &put 
ABC: + scorr 
ABC: Warning: The network is combinational (run "fraig" or "fraig_sweep").
ABC: + dc2 
ABC: + dretime 
ABC: + strash 
ABC: + &get -n 
ABC: + &dch -f 
ABC: + &nf 
ABC: + &put 
ABC: + write_blif <abc-temp-dir>/output.blif 

14.22.34.2. Re-integrating ABC results.
ABC RESULTS:               AND cells:        2
ABC RESULTS:            ANDNOT cells:        8
ABC RESULTS:               XOR cells:        8
ABC RESULTS:        internal signals:        2
ABC RESULTS:           input signals:       20
ABC RESULTS:          output signals:       17
Removing temp directory.

14.22.34.1. Executed ABC.
Extracted 18 gates and 38 wires to a netlist network with 20 inputs and 17 outputs.
Running ABC script: <abc-temp-dir>/abc.script
ABC: ======== ABC command line "source <abc-temp-dir>/abc.script"
ABC: + read_blif <abc-temp-dir>/input.blif 
ABC: + read_library <abc-temp-dir>/stdcells.genlib 
ABC: + strash 
ABC: + &get -n 
ABC: + &fraig -x 
ABC: + &put 
ABC: + scorr 
ABC: Warning: The network is combinational (run "fraig" or "fraig_sweep").
ABC: + dc2 
ABC: + dretime 
ABC: + strash 
ABC: + &get -n 
ABC: + &dch -f 
ABC: + &nf 
ABC: + &put 
ABC: + write_blif <abc-temp-dir>/output.blif 

14.22.34.2. Re-integrating ABC results.
ABC RESULTS:               AND cells:       10
ABC RESULTS:               XOR cells:        8
ABC RESULTS:        internal signals:        1
ABC RESULTS:           input signals:       20
ABC RESULTS:          output signals:       17
Removing temp directory.

14.22.34.1. Executed ABC.
Extracted 18 gates and 38 wires to a netlist network with 20 inputs and 17 outputs.
Running ABC script: <abc-temp-dir>/abc.script
ABC: ======== ABC command line "source <abc-temp-dir>/abc.script"
ABC: + read_blif <abc-temp-dir>/input.blif 
ABC: + read_library <abc-temp-dir>/stdcells.genlib 
ABC: + strash 
ABC: + &get -n 
ABC: + &fraig -x 
ABC: + &put 
ABC: + scorr 
ABC: Warning: The network is combinational (run "fraig" or "fraig_sweep").
ABC: + dc2 
ABC: + dretime 
ABC: + strash 
ABC: + &get -n 
ABC: + &dch -f 
ABC: + &nf 
ABC: + &put 
ABC: + write_blif <abc-temp-dir>/output.blif 

14.22.34.2. Re-integrating ABC results.
ABC RESULTS:               AND cells:       10
ABC RESULTS:               XOR cells:        8
ABC RESULTS:        internal signals:        1
ABC RESULTS:           input signals:       20
ABC RESULTS:          output signals:       17
Removing temp directory.

14.22.34.1. Executed ABC.
Extracted 18 gates and 38 wires to a netlist network with 20 inputs and 17 outputs.
Running ABC script: <abc-temp-dir>/abc.script
ABC: ======== ABC command line "source <abc-temp-dir>/abc.script"
ABC: + read_blif <abc-temp-dir>/input.blif 
ABC: + read_library <abc-temp-dir>/stdcells.genlib 
ABC: + strash 
ABC: + &get -n 
ABC: + &fraig -x 
ABC: + &put 
ABC: + scorr 
ABC: Warning: The network is combinational (run "fraig" or "fraig_sweep").
ABC: + dc2 
ABC: + dretime 
ABC: + strash 
ABC: + &get -n 
ABC: + &dch -f 
ABC: + &nf 
ABC: + &put 
ABC: + write_blif <abc-temp-dir>/output.blif 

14.22.34.2. Re-integrating ABC results.
ABC RESULTS:               AND cells:       10
ABC RESULTS:               XOR cells:        8
ABC RESULTS:        internal signals:        1
ABC RESULTS:           input signals:       20
ABC RESULTS:          output signals:       17
Removing temp directory.

14.22.34.1. Executed ABC.
Extracted 19 gates and 39 wires to a netlist network with 20 inputs and 18 outputs.
Running ABC script: <abc-temp-dir>/abc.script
ABC: ======== ABC command line "source <abc-temp-dir>/abc.script"
ABC: + read_blif <abc-temp-dir>/input.blif 
ABC: + read_library <abc-temp-dir>/stdcells.genlib 
ABC: + strash 
ABC: + &get -n 
ABC: + &fraig -x 
ABC: + &put 
ABC: + scorr 
ABC: Warning: The network is combinational (run "fraig" or "fraig_sweep").
ABC: + dc2 
ABC: + dretime 
ABC: + strash 
ABC: + &get -n 
ABC: + &dch -f 
ABC: + &nf 
ABC: + &put 
ABC: + write_blif <abc-temp-dir>/output.blif 

14.22.34.2. Re-integrating ABC results.
ABC RESULTS:               AND cells:        2
ABC RESULTS:            ANDNOT cells:        8
ABC RESULTS:               NOT cells:        1
ABC RESULTS:               XOR cells:        8
ABC RESULTS:        internal signals:        1
ABC RESULTS:           input signals:       20
ABC RESULTS:          output signals:       18
Removing temp directory.

14.22.35. Extracting gate netlist of module `\wire_itch_decoder' to `<abc-temp-dir>/input.blif'..
Found matching posedge clock domain: \clk, enabled by $memory\bytes_q$wren[2][0][0]$y$6742

14.22.35.1. Executed ABC.
Extracted 18 gates and 39 wires to a netlist network with 20 inputs and 17 outputs.
Running ABC script: <abc-temp-dir>/abc.script
ABC: ======== ABC command line "source <abc-temp-dir>/abc.script"
ABC: + read_blif <abc-temp-dir>/input.blif 
ABC: + read_library <abc-temp-dir>/stdcells.genlib 
ABC: + strash 
ABC: + &get -n 
ABC: + &fraig -x 
ABC: + &put 
ABC: + scorr 
ABC: Warning: The network is combinational (run "fraig" or "fraig_sweep").
ABC: + dc2 
ABC: + dretime 
ABC: + strash 
ABC: + &get -n 
ABC: + &dch -f 
ABC: + &nf 
ABC: + &put 
ABC: + write_blif <abc-temp-dir>/output.blif 

14.22.35.2. Re-integrating ABC results.
ABC RESULTS:               AND cells:        2
ABC RESULTS:            ANDNOT cells:        8
ABC RESULTS:               XOR cells:        8
ABC RESULTS:        internal signals:        2
ABC RESULTS:           input signals:       20
ABC RESULTS:          output signals:       17
Removing temp directory.

14.22.36. Extracting gate netlist of module `\wire_itch_decoder' to `<abc-temp-dir>/input.blif'..
Found matching posedge clock domain: \clk, enabled by $memory\bytes_q$wren[1][0][0]$y$6730

14.22.37. Extracting gate netlist of module `\wire_itch_decoder' to `<abc-temp-dir>/input.blif'..
Found matching posedge clock domain: \clk, enabled by $memory\bytes_q$wren[0][0][0]$y$6720

14.22.38. Extracting gate netlist of module `\wire_itch_decoder' to `<abc-temp-dir>/input.blif'..
Found matching posedge clock domain: \clk, enabled by $auto$simple.cc:210:make_patterns_logic$5588, synchronously reset by $logic_or$rtl/arch_a/wire_itch_decoder.sv:138$449_Y

14.22.39. Extracting gate netlist of module `\wire_itch_decoder' to `<abc-temp-dir>/input.blif'..
Found matching posedge clock domain: \clk, enabled by $logic_or$rtl/arch_a/wire_itch_decoder.sv:138$449_Y

14.22.40. Extracting gate netlist of module `\wire_itch_decoder' to `<abc-temp-dir>/input.blif'..
Found matching posedge clock domain: \clk, enabled by $auto$simple.cc:210:make_patterns_logic$5567, synchronously reset by $logic_or$rtl/arch_a/wire_itch_decoder.sv:138$449_Y

14.22.41. Extracting gate netlist of module `\wire_itch_decoder' to `<abc-temp-dir>/input.blif'..
Found matching posedge clock domain: \clk, enabled by $auto$simple.cc:210:make_patterns_logic$5534, synchronously reset by $logic_or$rtl/arch_a/wire_itch_decoder.sv:138$449_Y

14.22.42. Extracting gate netlist of module `\wire_itch_decoder' to `<abc-temp-dir>/input.blif'..
Found matching posedge clock domain: \clk, enabled by $auto$simple.cc:210:make_patterns_logic$5530, synchronously reset by $logic_or$rtl/arch_a/wire_itch_decoder.sv:138$449_Y

14.22.42.1. Executed ABC.
Extracted 18 gates and 39 wires to a netlist network with 20 inputs and 17 outputs.
Running ABC script: <abc-temp-dir>/abc.script
ABC: ======== ABC command line "source <abc-temp-dir>/abc.script"
ABC: + read_blif <abc-temp-dir>/input.blif 
ABC: + read_library <abc-temp-dir>/stdcells.genlib 
ABC: + strash 
ABC: + &get -n 
ABC: + &fraig -x 
ABC: + &put 
ABC: + scorr 
ABC: Warning: The network is combinational (run "fraig" or "fraig_sweep").
ABC: + dc2 
ABC: + dretime 
ABC: + strash 
ABC: + &get -n 
ABC: + &dch -f 
ABC: + &nf 
ABC: + &put 
ABC: + write_blif <abc-temp-dir>/output.blif 

14.22.42.2. Re-integrating ABC results.
ABC RESULTS:               AND cells:        2
ABC RESULTS:            ANDNOT cells:        8
ABC RESULTS:               XOR cells:        8
ABC RESULTS:        internal signals:        2
ABC RESULTS:           input signals:       20
ABC RESULTS:          output signals:       17
Removing temp directory.

14.22.42.1. Executed ABC.
Extracted 17 gates and 37 wires to a netlist network with 19 inputs and 16 outputs.
Running ABC script: <abc-temp-dir>/abc.script
ABC: ======== ABC command line "source <abc-temp-dir>/abc.script"
ABC: + read_blif <abc-temp-dir>/input.blif 
ABC: + read_library <abc-temp-dir>/stdcells.genlib 
ABC: + strash 
ABC: + &get -n 
ABC: + &fraig -x 
ABC: + &put 
ABC: + scorr 
ABC: Warning: The network is combinational (run "fraig" or "fraig_sweep").
ABC: + dc2 
ABC: + dretime 
ABC: + strash 
ABC: + &get -n 
ABC: + &dch -f 
ABC: + &nf 
ABC: + &put 
ABC: + write_blif <abc-temp-dir>/output.blif 

14.22.42.2. Re-integrating ABC results.
ABC RESULTS:               AND cells:        2
ABC RESULTS:            ANDNOT cells:        8
ABC RESULTS:               XOR cells:        7
ABC RESULTS:        internal signals:        2
ABC RESULTS:           input signals:       19
ABC RESULTS:          output signals:       16
Removing temp directory.

14.22.42.1. Executed ABC.
Extracted 18 gates and 32 wires to a netlist network with 13 inputs and 17 outputs.
Running ABC script: <abc-temp-dir>/abc.script
ABC: ======== ABC command line "source <abc-temp-dir>/abc.script"
ABC: + read_blif <abc-temp-dir>/input.blif 
ABC: + read_library <abc-temp-dir>/stdcells.genlib 
ABC: + strash 
ABC: + &get -n 
ABC: + &fraig -x 
ABC: + &put 
ABC: + scorr 
ABC: Warning: The network is combinational (run "fraig" or "fraig_sweep").
ABC: + dc2 
ABC: + dretime 
ABC: + strash 
ABC: + &get -n 
ABC: + &dch -f 
ABC: + &nf 
ABC: + &put 
ABC: + write_blif <abc-temp-dir>/output.blif 

14.22.42.2. Re-integrating ABC results.
ABC RESULTS:               AND cells:        2
ABC RESULTS:            ANDNOT cells:       16
ABC RESULTS:        internal signals:        2
ABC RESULTS:           input signals:       13
ABC RESULTS:          output signals:       17
Removing temp directory.

14.22.42.1. Executed ABC.
Extracted 26 gates and 41 wires to a netlist network with 14 inputs and 25 outputs.
Running ABC script: <abc-temp-dir>/abc.script
ABC: ======== ABC command line "source <abc-temp-dir>/abc.script"
ABC: + read_blif <abc-temp-dir>/input.blif 
ABC: + read_library <abc-temp-dir>/stdcells.genlib 
ABC: + strash 
ABC: + &get -n 
ABC: + &fraig -x 
ABC: + &put 
ABC: + scorr 
ABC: Warning: The network is combinational (run "fraig" or "fraig_sweep").
ABC: + dc2 
ABC: + dretime 
ABC: + strash 
ABC: + &get -n 
ABC: + &dch -f 
ABC: + &nf 
ABC: + &put 
ABC: + write_blif <abc-temp-dir>/output.blif 

14.22.42.2. Re-integrating ABC results.
ABC RESULTS:               AND cells:       10
ABC RESULTS:            ANDNOT cells:       16
ABC RESULTS:        internal signals:        2
ABC RESULTS:           input signals:       14
ABC RESULTS:          output signals:       25
Removing temp directory.

14.22.42.1. Executed ABC.
Extracted 26 gates and 41 wires to a netlist network with 14 inputs and 25 outputs.
Running ABC script: <abc-temp-dir>/abc.script
ABC: ======== ABC command line "source <abc-temp-dir>/abc.script"
ABC: + read_blif <abc-temp-dir>/input.blif 
ABC: + read_library <abc-temp-dir>/stdcells.genlib 
ABC: + strash 
ABC: + &get -n 
ABC: + &fraig -x 
ABC: + &put 
ABC: + scorr 
ABC: Warning: The network is combinational (run "fraig" or "fraig_sweep").
ABC: + dc2 
ABC: + dretime 
ABC: + strash 
ABC: + &get -n 
ABC: + &dch -f 
ABC: + &nf 
ABC: + &put 
ABC: + write_blif <abc-temp-dir>/output.blif 

14.22.42.2. Re-integrating ABC results.
ABC RESULTS:               AND cells:       10
ABC RESULTS:            ANDNOT cells:       16
ABC RESULTS:        internal signals:        2
ABC RESULTS:           input signals:       14
ABC RESULTS:          output signals:       25
Removing temp directory.

14.22.42.1. Executed ABC.
Extracted 26 gates and 41 wires to a netlist network with 14 inputs and 25 outputs.
Running ABC script: <abc-temp-dir>/abc.script
ABC: ======== ABC command line "source <abc-temp-dir>/abc.script"
ABC: + read_blif <abc-temp-dir>/input.blif 
ABC: + read_library <abc-temp-dir>/stdcells.genlib 
ABC: + strash 
ABC: + &get -n 
ABC: + &fraig -x 
ABC: + &put 
ABC: + scorr 
ABC: Warning: The network is combinational (run "fraig" or "fraig_sweep").
ABC: + dc2 
ABC: + dretime 
ABC: + strash 
ABC: + &get -n 
ABC: + &dch -f 
ABC: + &nf 
ABC: + &put 
ABC: + write_blif <abc-temp-dir>/output.blif 

14.22.42.2. Re-integrating ABC results.
ABC RESULTS:               AND cells:       10
ABC RESULTS:            ANDNOT cells:       16
ABC RESULTS:        internal signals:        2
ABC RESULTS:           input signals:       14
ABC RESULTS:          output signals:       25
Removing temp directory.

14.22.42.1. Executed ABC.
Extracted 39 gates and 60 wires to a netlist network with 20 inputs and 31 outputs.
Running ABC script: <abc-temp-dir>/abc.script
ABC: ======== ABC command line "source <abc-temp-dir>/abc.script"
ABC: + read_blif <abc-temp-dir>/input.blif 
ABC: + read_library <abc-temp-dir>/stdcells.genlib 
ABC: + strash 
ABC: + &get -n 
ABC: + &fraig -x 
ABC: + &put 
ABC: + scorr 
ABC: Warning: The network is combinational (run "fraig" or "fraig_sweep").
ABC: + dc2 
ABC: + dretime 
ABC: + strash 
ABC: + &get -n 
ABC: + &dch -f 
ABC: + &nf 
ABC: + &put 
ABC: + write_blif <abc-temp-dir>/output.blif 

14.22.42.2. Re-integrating ABC results.
ABC RESULTS:               AND cells:       20
ABC RESULTS:            ANDNOT cells:        2
ABC RESULTS:               NOR cells:        3
ABC RESULTS:               NOT cells:        4
ABC RESULTS:                OR cells:        5
ABC RESULTS:             ORNOT cells:        3
ABC RESULTS:        internal signals:        9
ABC RESULTS:           input signals:       20
ABC RESULTS:          output signals:       31
Removing temp directory.

14.22.42.1. Executed ABC.
Extracted 18 gates and 32 wires to a netlist network with 13 inputs and 17 outputs.
Running ABC script: <abc-temp-dir>/abc.script
ABC: ======== ABC command line "source <abc-temp-dir>/abc.script"
ABC: + read_blif <abc-temp-dir>/input.blif 
ABC: + read_library <abc-temp-dir>/stdcells.genlib 
ABC: + strash 
ABC: + &get -n 
ABC: + &fraig -x 
ABC: + &put 
ABC: + scorr 
ABC: Warning: The network is combinational (run "fraig" or "fraig_sweep").
ABC: + dc2 
ABC: + dretime 
ABC: + strash 
ABC: + &get -n 
ABC: + &dch -f 
ABC: + &nf 
ABC: + &put 
ABC: + write_blif <abc-temp-dir>/output.blif 

14.22.42.2. Re-integrating ABC results.
ABC RESULTS:               AND cells:       10
ABC RESULTS:            ANDNOT cells:        8
ABC RESULTS:        internal signals:        2
ABC RESULTS:           input signals:       13
ABC RESULTS:          output signals:       17
Removing temp directory.

14.22.43. Extracting gate netlist of module `\wire_itch_decoder' to `<abc-temp-dir>/input.blif'..
Found matching posedge clock domain: \clk, enabled by $auto$simple.cc:210:make_patterns_logic$5504, synchronously reset by $logic_or$rtl/arch_a/wire_itch_decoder.sv:138$449_Y

14.22.43.1. Executed ABC.
Extracted 18 gates and 32 wires to a netlist network with 13 inputs and 17 outputs.
Running ABC script: <abc-temp-dir>/abc.script
ABC: ======== ABC command line "source <abc-temp-dir>/abc.script"
ABC: + read_blif <abc-temp-dir>/input.blif 
ABC: + read_library <abc-temp-dir>/stdcells.genlib 
ABC: + strash 
ABC: + &get -n 
ABC: + &fraig -x 
ABC: + &put 
ABC: + scorr 
ABC: Warning: The network is combinational (run "fraig" or "fraig_sweep").
ABC: + dc2 
ABC: + dretime 
ABC: + strash 
ABC: + &get -n 
ABC: + &dch -f 
ABC: + &nf 
ABC: + &put 
ABC: + write_blif <abc-temp-dir>/output.blif 

14.22.43.2. Re-integrating ABC results.
ABC RESULTS:               AND cells:       10
ABC RESULTS:            ANDNOT cells:        8
ABC RESULTS:        internal signals:        2
ABC RESULTS:           input signals:       13
ABC RESULTS:          output signals:       17
Removing temp directory.

14.22.44. Extracting gate netlist of module `\wire_itch_decoder' to `<abc-temp-dir>/input.blif'..
Found matching posedge clock domain: \clk, enabled by $procmux$1012_CMP, synchronously reset by $logic_or$rtl/arch_a/wire_itch_decoder.sv:138$449_Y

14.22.45. Summary of detected clock domains:
  1806 cells in clk=\clk, en=$auto$simple.cc:210:make_patterns_logic$6041, arst={ }, srst=\rst
  425 cells in clk=\clk, en=$auto$simple.cc:210:make_patterns_logic$5937, arst={ }, srst=\rst
  12 cells in clk=\clk, en=$auto$simple.cc:210:make_patterns_logic$5923, arst={ }, srst=\rst
  280 cells in clk=\clk, en={ }, arst={ }, srst=\rst
  157 cells in clk=\clk, en=$auto$simple.cc:210:make_patterns_logic$5914, arst={ }, srst=\rst

14.22.46. Extracting gate netlist of module `\wire_ipv4_parser' to `<abc-temp-dir>/input.blif'..
Found matching posedge clock domain: \clk, enabled by $auto$simple.cc:210:make_patterns_logic$6041, synchronously reset by \rst

14.22.47. Extracting gate netlist of module `\wire_ipv4_parser' to `<abc-temp-dir>/input.blif'..
Found matching posedge clock domain: \clk, enabled by $auto$simple.cc:210:make_patterns_logic$5937, synchronously reset by \rst

14.22.48. Extracting gate netlist of module `\wire_ipv4_parser' to `<abc-temp-dir>/input.blif'..
Found matching posedge clock domain: \clk, enabled by $auto$simple.cc:210:make_patterns_logic$5923, synchronously reset by \rst

14.22.49. Extracting gate netlist of module `\wire_ipv4_parser' to `<abc-temp-dir>/input.blif'..
Found matching posedge clock domain: \clk, synchronously reset by \rst

14.22.49.1. Executed ABC.
Extracted 19 gates and 34 wires to a netlist network with 14 inputs and 18 outputs.
Running ABC script: <abc-temp-dir>/abc.script
ABC: ======== ABC command line "source <abc-temp-dir>/abc.script"
ABC: + read_blif <abc-temp-dir>/input.blif 
ABC: + read_library <abc-temp-dir>/stdcells.genlib 
ABC: + strash 
ABC: + &get -n 
ABC: + &fraig -x 
ABC: + &put 
ABC: + scorr 
ABC: Warning: The network is combinational (run "fraig" or "fraig_sweep").
ABC: + dc2 
ABC: + dretime 
ABC: + strash 
ABC: + &get -n 
ABC: + &dch -f 
ABC: + &nf 
ABC: + &put 
ABC: + write_blif <abc-temp-dir>/output.blif 

14.22.49.2. Re-integrating ABC results.
ABC RESULTS:               AND cells:       11
ABC RESULTS:            ANDNOT cells:        8
ABC RESULTS:        internal signals:        2
ABC RESULTS:           input signals:       14
ABC RESULTS:          output signals:       18
Removing temp directory.

14.22.50. Extracting gate netlist of module `\wire_ipv4_parser' to `<abc-temp-dir>/input.blif'..
Found matching posedge clock domain: \clk, enabled by $auto$simple.cc:210:make_patterns_logic$5914, synchronously reset by \rst

14.22.51. Summary of detected clock domains:
  15 cells in clk=\clk, en=$auto$simple.cc:210:make_patterns_logic$5677, arst={ }, srst=$logic_or$rtl/arch_a/wire_mold_header_seq.sv:112$312_Y
  75 cells in clk=\clk, en=$auto$simple.cc:210:make_patterns_logic$5706, arst={ }, srst=$logic_or$rtl/arch_a/wire_mold_header_seq.sv:112$312_Y
  97 cells in clk=\clk, en=$auto$simple.cc:210:make_patterns_logic$6408, arst={ }, srst=$logic_or$rtl/arch_a/wire_mold_header_seq.sv:112$312_Y
  1274 cells in clk=\clk, en=$auto$simple.cc:210:make_patterns_logic$6031, arst={ }, srst=$logic_or$rtl/arch_a/wire_mold_header_seq.sv:112$312_Y
  10 cells in clk=\clk, en=$auto$simple.cc:210:make_patterns_logic$5770, arst={ }, srst=$logic_or$rtl/arch_a/wire_mold_header_seq.sv:112$312_Y
  155 cells in clk=\clk, en=$auto$simple.cc:210:make_patterns_logic$5737, arst={ }, srst=$logic_or$rtl/arch_a/wire_mold_header_seq.sv:112$312_Y
  346 cells in clk=\clk, en=$auto$simple.cc:210:make_patterns_logic$5723, arst={ }, srst={ }
  80 cells in clk=\clk, en=$logic_or$rtl/arch_a/wire_mold_header_seq.sv:112$312_Y, arst={ }, srst={ }
  20 cells in clk=\clk, en=$auto$simple.cc:210:make_patterns_logic$5697, arst={ }, srst=$logic_or$rtl/arch_a/wire_mold_header_seq.sv:112$312_Y
  278 cells in clk=\clk, en={ }, arst={ }, srst=$logic_or$rtl/arch_a/wire_mold_header_seq.sv:112$312_Y

14.22.51.1. Executed ABC.
Extracted 18 gates and 32 wires to a netlist network with 13 inputs and 17 outputs.
Running ABC script: <abc-temp-dir>/abc.script
ABC: ======== ABC command line "source <abc-temp-dir>/abc.script"
ABC: + read_blif <abc-temp-dir>/input.blif 
ABC: + read_library <abc-temp-dir>/stdcells.genlib 
ABC: + strash 
ABC: + &get -n 
ABC: + &fraig -x 
ABC: + &put 
ABC: + scorr 
ABC: Warning: The network is combinational (run "fraig" or "fraig_sweep").
ABC: + dc2 
ABC: + dretime 
ABC: + strash 
ABC: + &get -n 
ABC: + &dch -f 
ABC: + &nf 
ABC: + &put 
ABC: + write_blif <abc-temp-dir>/output.blif 

14.22.51.2. Re-integrating ABC results.
ABC RESULTS:               AND cells:       10
ABC RESULTS:            ANDNOT cells:        8
ABC RESULTS:        internal signals:        2
ABC RESULTS:           input signals:       13
ABC RESULTS:          output signals:       17
Removing temp directory.

14.22.51.1. Executed ABC.
Extracted 18 gates and 32 wires to a netlist network with 13 inputs and 17 outputs.
Running ABC script: <abc-temp-dir>/abc.script
ABC: ======== ABC command line "source <abc-temp-dir>/abc.script"
ABC: + read_blif <abc-temp-dir>/input.blif 
ABC: + read_library <abc-temp-dir>/stdcells.genlib 
ABC: + strash 
ABC: + &get -n 
ABC: + &fraig -x 
ABC: + &put 
ABC: + scorr 
ABC: Warning: The network is combinational (run "fraig" or "fraig_sweep").
ABC: + dc2 
ABC: + dretime 
ABC: + strash 
ABC: + &get -n 
ABC: + &dch -f 
ABC: + &nf 
ABC: + &put 
ABC: + write_blif <abc-temp-dir>/output.blif 

14.22.51.2. Re-integrating ABC results.
ABC RESULTS:               AND cells:       10
ABC RESULTS:            ANDNOT cells:        8
ABC RESULTS:        internal signals:        2
ABC RESULTS:           input signals:       13
ABC RESULTS:          output signals:       17
Removing temp directory.

14.22.51.1. Executed ABC.
Extracted 18 gates and 32 wires to a netlist network with 13 inputs and 17 outputs.
Running ABC script: <abc-temp-dir>/abc.script
ABC: ======== ABC command line "source <abc-temp-dir>/abc.script"
ABC: + read_blif <abc-temp-dir>/input.blif 
ABC: + read_library <abc-temp-dir>/stdcells.genlib 
ABC: + strash 
ABC: + &get -n 
ABC: + &fraig -x 
ABC: + &put 
ABC: + scorr 
ABC: Warning: The network is combinational (run "fraig" or "fraig_sweep").
ABC: + dc2 
ABC: + dretime 
ABC: + strash 
ABC: + &get -n 
ABC: + &dch -f 
ABC: + &nf 
ABC: + &put 
ABC: + write_blif <abc-temp-dir>/output.blif 

14.22.51.2. Re-integrating ABC results.
ABC RESULTS:               AND cells:       10
ABC RESULTS:            ANDNOT cells:        8
ABC RESULTS:        internal signals:        2
ABC RESULTS:           input signals:       13
ABC RESULTS:          output signals:       17
Removing temp directory.

14.22.51.1. Executed ABC.
Extracted 19 gates and 34 wires to a netlist network with 14 inputs and 18 outputs.
Running ABC script: <abc-temp-dir>/abc.script
ABC: ======== ABC command line "source <abc-temp-dir>/abc.script"
ABC: + read_blif <abc-temp-dir>/input.blif 
ABC: + read_library <abc-temp-dir>/stdcells.genlib 
ABC: + strash 
ABC: + &get -n 
ABC: + &fraig -x 
ABC: + &put 
ABC: + scorr 
ABC: Warning: The network is combinational (run "fraig" or "fraig_sweep").
ABC: + dc2 
ABC: + dretime 
ABC: + strash 
ABC: + &get -n 
ABC: + &dch -f 
ABC: + &nf 
ABC: + &put 
ABC: + write_blif <abc-temp-dir>/output.blif 

14.22.51.2. Re-integrating ABC results.
ABC RESULTS:               AND cells:       11
ABC RESULTS:            ANDNOT cells:        8
ABC RESULTS:        internal signals:        2
ABC RESULTS:           input signals:       14
ABC RESULTS:          output signals:       18
Removing temp directory.

14.22.52. Extracting gate netlist of module `\wire_mold_header_seq' to `<abc-temp-dir>/input.blif'..
Found matching posedge clock domain: \clk, enabled by $auto$simple.cc:210:make_patterns_logic$5677, synchronously reset by $logic_or$rtl/arch_a/wire_mold_header_seq.sv:112$312_Y

14.22.53. Extracting gate netlist of module `\wire_mold_header_seq' to `<abc-temp-dir>/input.blif'..
Found matching posedge clock domain: \clk, enabled by $auto$simple.cc:210:make_patterns_logic$5706, synchronously reset by $logic_or$rtl/arch_a/wire_mold_header_seq.sv:112$312_Y

14.22.54. Extracting gate netlist of module `\wire_mold_header_seq' to `<abc-temp-dir>/input.blif'..
Found matching posedge clock domain: \clk, enabled by $auto$simple.cc:210:make_patterns_logic$6408, synchronously reset by $logic_or$rtl/arch_a/wire_mold_header_seq.sv:112$312_Y

14.22.55. Extracting gate netlist of module `\wire_mold_header_seq' to `<abc-temp-dir>/input.blif'..
Found matching posedge clock domain: \clk, enabled by $auto$simple.cc:210:make_patterns_logic$6031, synchronously reset by $logic_or$rtl/arch_a/wire_mold_header_seq.sv:112$312_Y

14.22.55.1. Executed ABC.
Extracted 32 gates and 57 wires to a netlist network with 24 inputs and 22 outputs.
Running ABC script: <abc-temp-dir>/abc.script
ABC: ======== ABC command line "source <abc-temp-dir>/abc.script"
ABC: + read_blif <abc-temp-dir>/input.blif 
ABC: + read_library <abc-temp-dir>/stdcells.genlib 
ABC: + strash 
ABC: + &get -n 
ABC: + &fraig -x 
ABC: + &put 
ABC: + scorr 
ABC: Warning: The network is combinational (run "fraig" or "fraig_sweep").
ABC: + dc2 
ABC: + dretime 
ABC: + strash 
ABC: + &get -n 
ABC: + &dch -f 
ABC: + &nf 
ABC: + &put 
ABC: + write_blif <abc-temp-dir>/output.blif 

14.22.55.2. Re-integrating ABC results.
ABC RESULTS:               AND cells:       18
ABC RESULTS:            ANDNOT cells:        2
ABC RESULTS:              NAND cells:        3
ABC RESULTS:               NOR cells:        4
ABC RESULTS:               NOT cells:        1
ABC RESULTS:                OR cells:        3
ABC RESULTS:        internal signals:       11
ABC RESULTS:           input signals:       24
ABC RESULTS:          output signals:       22
Removing temp directory.

14.22.55.1. Executed ABC.
Extracted 2 gates and 5 wires to a netlist network with 3 inputs and 1 outputs.
Running ABC script: <abc-temp-dir>/abc.script
ABC: ======== ABC command line "source <abc-temp-dir>/abc.script"
ABC: + read_blif <abc-temp-dir>/input.blif 
ABC: + read_library <abc-temp-dir>/stdcells.genlib 
ABC: + strash 
ABC: + &get -n 
ABC: + &fraig -x 
ABC: + &put 
ABC: + scorr 
ABC: Warning: The network is combinational (run "fraig" or "fraig_sweep").
ABC: + dc2 
ABC: + dretime 
ABC: + strash 
ABC: + &get -n 
ABC: + &dch -f 
ABC: + &nf 
ABC: + &put 
ABC: + write_blif <abc-temp-dir>/output.blif 

14.22.55.2. Re-integrating ABC results.
ABC RESULTS:               AND cells:        2
ABC RESULTS:        internal signals:        1
ABC RESULTS:           input signals:        3
ABC RESULTS:          output signals:        1
Removing temp directory.

14.22.55.1. Executed ABC.
Extracted 2 gates and 5 wires to a netlist network with 3 inputs and 1 outputs.
Running ABC script: <abc-temp-dir>/abc.script
ABC: ======== ABC command line "source <abc-temp-dir>/abc.script"
ABC: + read_blif <abc-temp-dir>/input.blif 
ABC: + read_library <abc-temp-dir>/stdcells.genlib 
ABC: + strash 
ABC: + &get -n 
ABC: + &fraig -x 
ABC: + &put 
ABC: + scorr 
ABC: Warning: The network is combinational (run "fraig" or "fraig_sweep").
ABC: + dc2 
ABC: + dretime 
ABC: + strash 
ABC: + &get -n 
ABC: + &dch -f 
ABC: + &nf 
ABC: + &put 
ABC: + write_blif <abc-temp-dir>/output.blif 

14.22.55.2. Re-integrating ABC results.
ABC RESULTS:               AND cells:        2
ABC RESULTS:        internal signals:        1
ABC RESULTS:           input signals:        3
ABC RESULTS:          output signals:        1
Removing temp directory.

14.22.55.1. Executed ABC.
Extracted 2 gates and 5 wires to a netlist network with 3 inputs and 1 outputs.
Running ABC script: <abc-temp-dir>/abc.script
ABC: ======== ABC command line "source <abc-temp-dir>/abc.script"
ABC: + read_blif <abc-temp-dir>/input.blif 
ABC: + read_library <abc-temp-dir>/stdcells.genlib 
ABC: + strash 
ABC: + &get -n 
ABC: + &fraig -x 
ABC: + &put 
ABC: + scorr 
ABC: Warning: The network is combinational (run "fraig" or "fraig_sweep").
ABC: + dc2 
ABC: + dretime 
ABC: + strash 
ABC: + &get -n 
ABC: + &dch -f 
ABC: + &nf 
ABC: + &put 
ABC: + write_blif <abc-temp-dir>/output.blif 

14.22.55.2. Re-integrating ABC results.
ABC RESULTS:               AND cells:        2
ABC RESULTS:        internal signals:        1
ABC RESULTS:           input signals:        3
ABC RESULTS:          output signals:        1
Removing temp directory.

14.22.55.1. Executed ABC.
Extracted 2 gates and 5 wires to a netlist network with 3 inputs and 1 outputs.
Running ABC script: <abc-temp-dir>/abc.script
ABC: ======== ABC command line "source <abc-temp-dir>/abc.script"
ABC: + read_blif <abc-temp-dir>/input.blif 
ABC: + read_library <abc-temp-dir>/stdcells.genlib 
ABC: + strash 
ABC: + &get -n 
ABC: + &fraig -x 
ABC: + &put 
ABC: + scorr 
ABC: Warning: The network is combinational (run "fraig" or "fraig_sweep").
ABC: + dc2 
ABC: + dretime 
ABC: + strash 
ABC: + &get -n 
ABC: + &dch -f 
ABC: + &nf 
ABC: + &put 
ABC: + write_blif <abc-temp-dir>/output.blif 

14.22.55.2. Re-integrating ABC results.
ABC RESULTS:               AND cells:        2
ABC RESULTS:        internal signals:        1
ABC RESULTS:           input signals:        3
ABC RESULTS:          output signals:        1
Removing temp directory.

14.22.55.1. Executed ABC.
Extracted 3 gates and 7 wires to a netlist network with 4 inputs and 2 outputs.
Running ABC script: <abc-temp-dir>/abc.script
ABC: ======== ABC command line "source <abc-temp-dir>/abc.script"
ABC: + read_blif <abc-temp-dir>/input.blif 
ABC: + read_library <abc-temp-dir>/stdcells.genlib 
ABC: + strash 
ABC: + &get -n 
ABC: + &fraig -x 
ABC: + &put 
ABC: + scorr 
ABC: Warning: The network is combinational (run "fraig" or "fraig_sweep").
ABC: + dc2 
ABC: + dretime 
ABC: + strash 
ABC: + &get -n 
ABC: + &dch -f 
ABC: + &nf 
ABC: + &put 
ABC: + write_blif <abc-temp-dir>/output.blif 

14.22.55.2. Re-integrating ABC results.
ABC RESULTS:               AND cells:        3
ABC RESULTS:        internal signals:        1
ABC RESULTS:           input signals:        4
ABC RESULTS:          output signals:        2
Removing temp directory.

14.22.56. Extracting gate netlist of module `\wire_mold_header_seq' to `<abc-temp-dir>/input.blif'..
Found matching posedge clock domain: \clk, enabled by $auto$simple.cc:210:make_patterns_logic$5770, synchronously reset by $logic_or$rtl/arch_a/wire_mold_header_seq.sv:112$312_Y

14.22.57. Extracting gate netlist of module `\wire_mold_header_seq' to `<abc-temp-dir>/input.blif'..
Found matching posedge clock domain: \clk, enabled by $auto$simple.cc:210:make_patterns_logic$5737, synchronously reset by $logic_or$rtl/arch_a/wire_mold_header_seq.sv:112$312_Y

14.22.58. Extracting gate netlist of module `\wire_mold_header_seq' to `<abc-temp-dir>/input.blif'..
Found matching posedge clock domain: \clk, enabled by $auto$simple.cc:210:make_patterns_logic$5723

14.22.58.1. Executed ABC.
Extracted 2 gates and 5 wires to a netlist network with 3 inputs and 1 outputs.
Running ABC script: <abc-temp-dir>/abc.script
ABC: ======== ABC command line "source <abc-temp-dir>/abc.script"
ABC: + read_blif <abc-temp-dir>/input.blif 
ABC: + read_library <abc-temp-dir>/stdcells.genlib 
ABC: + strash 
ABC: + &get -n 
ABC: + &fraig -x 
ABC: + &put 
ABC: + scorr 
ABC: Warning: The network is combinational (run "fraig" or "fraig_sweep").
ABC: + dc2 
ABC: + dretime 
ABC: + strash 
ABC: + &get -n 
ABC: + &dch -f 
ABC: + &nf 
ABC: + &put 
ABC: + write_blif <abc-temp-dir>/output.blif 

14.22.58.2. Re-integrating ABC results.
ABC RESULTS:               AND cells:        2
ABC RESULTS:        internal signals:        1
ABC RESULTS:           input signals:        3
ABC RESULTS:          output signals:        1
Removing temp directory.

14.22.59. Extracting gate netlist of module `\wire_mold_header_seq' to `<abc-temp-dir>/input.blif'..
Found matching posedge clock domain: \clk, enabled by $logic_or$rtl/arch_a/wire_mold_header_seq.sv:112$312_Y

14.22.60. Extracting gate netlist of module `\wire_mold_header_seq' to `<abc-temp-dir>/input.blif'..
Found matching posedge clock domain: \clk, enabled by $auto$simple.cc:210:make_patterns_logic$5697, synchronously reset by $logic_or$rtl/arch_a/wire_mold_header_seq.sv:112$312_Y

14.22.60.1. Executed ABC.
Extracted 11 gates and 31 wires to a netlist network with 20 inputs and 10 outputs.
Running ABC script: <abc-temp-dir>/abc.script
ABC: ======== ABC command line "source <abc-temp-dir>/abc.script"
ABC: + read_blif <abc-temp-dir>/input.blif 
ABC: + read_library <abc-temp-dir>/stdcells.genlib 
ABC: + strash 
ABC: + &get -n 
ABC: + &fraig -x 
ABC: + &put 
ABC: + scorr 
ABC: Warning: The network is combinational (run "fraig" or "fraig_sweep").
ABC: + dc2 
ABC: + dretime 
ABC: + strash 
ABC: + &get -n 
ABC: + &dch -f 
ABC: + &nf 
ABC: + &put 
ABC: + write_blif <abc-temp-dir>/output.blif 

14.22.60.2. Re-integrating ABC results.
ABC RESULTS:               AND cells:        3
ABC RESULTS:               XOR cells:        8
ABC RESULTS:        internal signals:        1
ABC RESULTS:           input signals:       20
ABC RESULTS:          output signals:       10
Removing temp directory.

14.22.61. Extracting gate netlist of module `\wire_mold_header_seq' to `<abc-temp-dir>/input.blif'..
Found matching posedge clock domain: \clk, synchronously reset by $logic_or$rtl/arch_a/wire_mold_header_seq.sv:112$312_Y

14.22.62. Summary of detected clock domains:
  360 cells in clk=\clk, en=$auto$simple.cc:210:make_patterns_logic$6036, arst={ }, srst=\rst
  52 cells in clk=\clk, en=$auto$simple.cc:210:make_patterns_logic$5892, arst={ }, srst=\rst
  162 cells in clk=\clk, en=$auto$simple.cc:210:make_patterns_logic$5884, arst={ }, srst=\rst
  61 cells in clk=\clk, en=$auto$simple.cc:210:make_patterns_logic$5849, arst={ }, srst=\rst
  14 cells in clk=\clk, en=$auto$simple.cc:210:make_patterns_logic$5833, arst={ }, srst=\rst
  237 cells in clk=\clk, en={ }, arst={ }, srst=\rst
  115 cells in clk=\clk, en=$auto$simple.cc:210:make_patterns_logic$5823, arst={ }, srst=\rst
  79 cells in clk=\clk, en=$auto$simple.cc:210:make_patterns_logic$5791, arst={ }, srst=\rst

14.22.62.1. Executed ABC.
Extracted 9 gates and 26 wires to a netlist network with 17 inputs and 8 outputs.
Running ABC script: <abc-temp-dir>/abc.script
ABC: ======== ABC command line "source <abc-temp-dir>/abc.script"
ABC: + read_blif <abc-temp-dir>/input.blif 
ABC: + read_library <abc-temp-dir>/stdcells.genlib 
ABC: + strash 
ABC: + &get -n 
ABC: + &fraig -x 
ABC: + &put 
ABC: + scorr 
ABC: Warning: The network is combinational (run "fraig" or "fraig_sweep").
ABC: + dc2 
ABC: + dretime 
ABC: + strash 
ABC: + &get -n 
ABC: + &dch -f 
ABC: + &nf 
ABC: + &put 
ABC: + write_blif <abc-temp-dir>/output.blif 

14.22.62.2. Re-integrating ABC results.
ABC RESULTS:               AND cells:        2
ABC RESULTS:               XOR cells:        7
ABC RESULTS:        internal signals:        1
ABC RESULTS:           input signals:       17
ABC RESULTS:          output signals:        8
Removing temp directory.

14.22.62.1. Executed ABC.
Extracted 19 gates and 32 wires to a netlist network with 13 inputs and 14 outputs.
Running ABC script: <abc-temp-dir>/abc.script
ABC: ======== ABC command line "source <abc-temp-dir>/abc.script"
ABC: + read_blif <abc-temp-dir>/input.blif 
ABC: + read_library <abc-temp-dir>/stdcells.genlib 
ABC: + strash 
ABC: + &get -n 
ABC: + &fraig -x 
ABC: + &put 
ABC: + scorr 
ABC: Warning: The network is combinational (run "fraig" or "fraig_sweep").
ABC: + dc2 
ABC: + dretime 
ABC: + strash 
ABC: + &get -n 
ABC: + &dch -f 
ABC: + &nf 
ABC: + &put 
ABC: + write_blif <abc-temp-dir>/output.blif 

14.22.62.2. Re-integrating ABC results.
ABC RESULTS:               AND cells:        4
ABC RESULTS:               NOT cells:        2
ABC RESULTS:                OR cells:        3
ABC RESULTS:             ORNOT cells:        6
ABC RESULTS:        internal signals:        5
ABC RESULTS:           input signals:       13
ABC RESULTS:          output signals:       14
Removing temp directory.

14.22.63. Extracting gate netlist of module `\wire_udp_parser' to `<abc-temp-dir>/input.blif'..
Found matching posedge clock domain: \clk, enabled by $auto$simple.cc:210:make_patterns_logic$6036, synchronously reset by \rst

14.22.64. Extracting gate netlist of module `\wire_udp_parser' to `<abc-temp-dir>/input.blif'..
Found matching posedge clock domain: \clk, enabled by $auto$simple.cc:210:make_patterns_logic$5892, synchronously reset by \rst

14.22.64.1. Executed ABC.
Extracted 33 gates and 53 wires to a netlist network with 18 inputs and 7 outputs.
Running ABC script: <abc-temp-dir>/abc.script
ABC: ======== ABC command line "source <abc-temp-dir>/abc.script"
ABC: + read_blif <abc-temp-dir>/input.blif 
ABC: + read_library <abc-temp-dir>/stdcells.genlib 
ABC: + strash 
ABC: + &get -n 
ABC: + &fraig -x 
ABC: + &put 
ABC: + scorr 
ABC: Warning: The network is combinational (run "fraig" or "fraig_sweep").
ABC: + dc2 
ABC: + dretime 
ABC: + strash 
ABC: + &get -n 
ABC: + &dch -f 
ABC: + &nf 
ABC: + &put 
ABC: + write_blif <abc-temp-dir>/output.blif 

14.22.64.2. Re-integrating ABC results.
ABC RESULTS:               AND cells:       10
ABC RESULTS:            ANDNOT cells:        1
ABC RESULTS:              NAND cells:        2
ABC RESULTS:               NOR cells:        4
ABC RESULTS:               NOT cells:        3
ABC RESULTS:                OR cells:        6
ABC RESULTS:        internal signals:       28
ABC RESULTS:           input signals:       18
ABC RESULTS:          output signals:        7
Removing temp directory.

14.22.65. Extracting gate netlist of module `\wire_udp_parser' to `<abc-temp-dir>/input.blif'..
Found matching posedge clock domain: \clk, enabled by $auto$simple.cc:210:make_patterns_logic$5884, synchronously reset by \rst

14.22.65.1. Executed ABC.
Extracted 66 gates and 134 wires to a netlist network with 68 inputs and 2 outputs.
Running ABC script: <abc-temp-dir>/abc.script
ABC: ======== ABC command line "source <abc-temp-dir>/abc.script"
ABC: + read_blif <abc-temp-dir>/input.blif 
ABC: + read_library <abc-temp-dir>/stdcells.genlib 
ABC: + strash 
ABC: + &get -n 
ABC: + &fraig -x 
ABC: + &put 
ABC: + scorr 
ABC: Warning: The network is combinational (run "fraig" or "fraig_sweep").
ABC: + dc2 
ABC: + dretime 
ABC: + strash 
ABC: + &get -n 
ABC: + &dch -f 
ABC: + &nf 
ABC: + &put 
ABC: + write_blif <abc-temp-dir>/output.blif 

14.22.65.2. Re-integrating ABC results.
ABC RESULTS:               AND cells:       31
ABC RESULTS:            ANDNOT cells:        1
ABC RESULTS:              NAND cells:        1
ABC RESULTS:               NOR cells:       31
ABC RESULTS:              XNOR cells:        1
ABC RESULTS:               XOR cells:        1
ABC RESULTS:        internal signals:       64
ABC RESULTS:           input signals:       68
ABC RESULTS:          output signals:        2
Removing temp directory.

14.22.65.1. Executed ABC.
Extracted 49 gates and 64 wires to a netlist network with 14 inputs and 38 outputs.
Running ABC script: <abc-temp-dir>/abc.script
ABC: ======== ABC command line "source <abc-temp-dir>/abc.script"
ABC: + read_blif <abc-temp-dir>/input.blif 
ABC: + read_library <abc-temp-dir>/stdcells.genlib 
ABC: + strash 
ABC: + &get -n 
ABC: + &fraig -x 
ABC: + &put 
ABC: + scorr 
ABC: Warning: The network is combinational (run "fraig" or "fraig_sweep").
ABC: + dc2 
ABC: + dretime 
ABC: + strash 
ABC: + &get -n 
ABC: + &dch -f 
ABC: + &nf 
ABC: + &put 
ABC: + write_blif <abc-temp-dir>/output.blif 

14.22.65.2. Re-integrating ABC results.
ABC RESULTS:               AND cells:       19
ABC RESULTS:            ANDNOT cells:        6
ABC RESULTS:              NAND cells:        1
ABC RESULTS:               NOR cells:        4
ABC RESULTS:               NOT cells:        4
ABC RESULTS:                OR cells:        6
ABC RESULTS:             ORNOT cells:        1
ABC RESULTS:              XNOR cells:        1
ABC RESULTS:               XOR cells:        3
ABC RESULTS:        internal signals:       12
ABC RESULTS:           input signals:       14
ABC RESULTS:          output signals:       38
Removing temp directory.

14.22.66. Extracting gate netlist of module `\wire_udp_parser' to `<abc-temp-dir>/input.blif'..
Found matching posedge clock domain: \clk, enabled by $auto$simple.cc:210:make_patterns_logic$5849, synchronously reset by \rst

14.22.67. Extracting gate netlist of module `\wire_udp_parser' to `<abc-temp-dir>/input.blif'..
Found matching posedge clock domain: \clk, enabled by $auto$simple.cc:210:make_patterns_logic$5833, synchronously reset by \rst

14.22.67.1. Executed ABC.
Extracted 73 gates and 117 wires to a netlist network with 43 inputs and 50 outputs.
Running ABC script: <abc-temp-dir>/abc.script
ABC: ======== ABC command line "source <abc-temp-dir>/abc.script"
ABC: + read_blif <abc-temp-dir>/input.blif 
ABC: + read_library <abc-temp-dir>/stdcells.genlib 
ABC: + strash 
ABC: + &get -n 
ABC: + &fraig -x 
ABC: + &put 
ABC: + scorr 
ABC: Warning: The network is combinational (run "fraig" or "fraig_sweep").
ABC: + dc2 
ABC: + dretime 
ABC: + strash 
ABC: + &get -n 
ABC: + &dch -f 
ABC: + &nf 
ABC: + &put 
ABC: + write_blif <abc-temp-dir>/output.blif 

14.22.67.2. Re-integrating ABC results.
ABC RESULTS:               AND cells:        8
ABC RESULTS:            ANDNOT cells:        4
ABC RESULTS:              NAND cells:       10
ABC RESULTS:               NOR cells:        6
ABC RESULTS:               NOT cells:       14
ABC RESULTS:                OR cells:       11
ABC RESULTS:             ORNOT cells:        6
ABC RESULTS:              XNOR cells:        4
ABC RESULTS:               XOR cells:        8
ABC RESULTS:        internal signals:       24
ABC RESULTS:           input signals:       43
ABC RESULTS:          output signals:       50
Removing temp directory.

14.22.68. Extracting gate netlist of module `\wire_udp_parser' to `<abc-temp-dir>/input.blif'..
Found matching posedge clock domain: \clk, synchronously reset by \rst

14.22.69. Extracting gate netlist of module `\wire_udp_parser' to `<abc-temp-dir>/input.blif'..
Found matching posedge clock domain: \clk, enabled by $auto$simple.cc:210:make_patterns_logic$5823, synchronously reset by \rst

14.22.69.1. Executed ABC.
Extracted 170 gates and 234 wires to a netlist network with 63 inputs and 33 outputs.
Running ABC script: <abc-temp-dir>/abc.script
ABC: ======== ABC command line "source <abc-temp-dir>/abc.script"
ABC: + read_blif <abc-temp-dir>/input.blif 
ABC: + read_library <abc-temp-dir>/stdcells.genlib 
ABC: + strash 
ABC: + &get -n 
ABC: + &fraig -x 
ABC: + &put 
ABC: + scorr 
ABC: Warning: The network is combinational (run "fraig" or "fraig_sweep").
ABC: + dc2 
ABC: + dretime 
ABC: + strash 
ABC: + &get -n 
ABC: + &dch -f 
ABC: + &nf 
ABC: + &put 
ABC: + write_blif <abc-temp-dir>/output.blif 

14.22.69.2. Re-integrating ABC results.
ABC RESULTS:               AND cells:       29
ABC RESULTS:            ANDNOT cells:       21
ABC RESULTS:               MUX cells:        2
ABC RESULTS:              NAND cells:       45
ABC RESULTS:               NOR cells:       14
ABC RESULTS:               NOT cells:        9
ABC RESULTS:                OR cells:       14
ABC RESULTS:             ORNOT cells:       11
ABC RESULTS:        internal signals:      138
ABC RESULTS:           input signals:       63
ABC RESULTS:          output signals:       33
Removing temp directory.

14.22.69.1. Executed ABC.
Extracted 111 gates and 157 wires to a netlist network with 44 inputs and 10 outputs.
Running ABC script: <abc-temp-dir>/abc.script
ABC: ======== ABC command line "source <abc-temp-dir>/abc.script"
ABC: + read_blif <abc-temp-dir>/input.blif 
ABC: + read_library <abc-temp-dir>/stdcells.genlib 
ABC: + strash 
ABC: + &get -n 
ABC: + &fraig -x 
ABC: + &put 
ABC: + scorr 
ABC: Warning: The network is combinational (run "fraig" or "fraig_sweep").
ABC: + dc2 
ABC: + dretime 
ABC: + strash 
ABC: + &get -n 
ABC: + &dch -f 
ABC: + &nf 
ABC: + &put 
ABC: + write_blif <abc-temp-dir>/output.blif 

14.22.69.2. Re-integrating ABC results.
ABC RESULTS:               AND cells:       23
ABC RESULTS:            ANDNOT cells:        9
ABC RESULTS:              NAND cells:       16
ABC RESULTS:               NOR cells:        7
ABC RESULTS:               NOT cells:        1
ABC RESULTS:                OR cells:       13
ABC RESULTS:             ORNOT cells:        3
ABC RESULTS:        internal signals:      103
ABC RESULTS:           input signals:       44
ABC RESULTS:          output signals:       10
Removing temp directory.

14.22.70. Extracting gate netlist of module `\wire_udp_parser' to `<abc-temp-dir>/input.blif'..
Found matching posedge clock domain: \clk, enabled by $auto$simple.cc:210:make_patterns_logic$5791, synchronously reset by \rst

14.22.71. Summary of detected clock domains:
  114 cells in clk=\clk, en=$auto$simple.cc:210:make_patterns_logic$5653, arst={ }, srst=$logic_or$rtl/arch_a/wire_mold_message_framer.sv:113$371_Y
  87 cells in clk=\clk, en=$auto$simple.cc:210:make_patterns_logic$5645, arst={ }, srst=$logic_or$rtl/arch_a/wire_mold_message_framer.sv:113$371_Y
  19 cells in clk=\clk, en=$auto$simple.cc:210:make_patterns_logic$5641, arst={ }, srst=$logic_or$rtl/arch_a/wire_mold_message_framer.sv:113$371_Y
  31 cells in clk=\clk, en=$auto$simple.cc:210:make_patterns_logic$5634, arst={ }, srst=$logic_or$rtl/arch_a/wire_mold_message_framer.sv:113$371_Y
  313 cells in clk=\clk, en=\packet_fire, arst={ }, srst=$logic_or$rtl/arch_a/wire_mold_message_framer.sv:113$371_Y
  9 cells in clk=\clk, en=$auto$simple.cc:210:make_patterns_logic$5621, arst={ }, srst=$logic_or$rtl/arch_a/wire_mold_message_framer.sv:113$371_Y
  353 cells in clk=\clk, en={ }, arst={ }, srst=$logic_or$rtl/arch_a/wire_mold_message_framer.sv:113$371_Y

14.22.72. Extracting gate netlist of module `\wire_mold_message_framer' to `<abc-temp-dir>/input.blif'..
Found matching posedge clock domain: \clk, enabled by $auto$simple.cc:210:make_patterns_logic$5653, synchronously reset by $logic_or$rtl/arch_a/wire_mold_message_framer.sv:113$371_Y

14.22.73. Extracting gate netlist of module `\wire_mold_message_framer' to `<abc-temp-dir>/input.blif'..
Found matching posedge clock domain: \clk, enabled by $auto$simple.cc:210:make_patterns_logic$5645, synchronously reset by $logic_or$rtl/arch_a/wire_mold_message_framer.sv:113$371_Y

14.22.74. Extracting gate netlist of module `\wire_mold_message_framer' to `<abc-temp-dir>/input.blif'..
Found matching posedge clock domain: \clk, enabled by $auto$simple.cc:210:make_patterns_logic$5641, synchronously reset by $logic_or$rtl/arch_a/wire_mold_message_framer.sv:113$371_Y

14.22.74.1. Executed ABC.
Extracted 808 gates and 1191 wires to a netlist network with 382 inputs and 203 outputs.
Running ABC script: <abc-temp-dir>/abc.script
ABC: ======== ABC command line "source <abc-temp-dir>/abc.script"
ABC: + read_blif <abc-temp-dir>/input.blif 
ABC: + read_library <abc-temp-dir>/stdcells.genlib 
ABC: + strash 
ABC: + &get -n 
ABC: + &fraig -x 
ABC: + &put 
ABC: + scorr 
ABC: Warning: The network is combinational (run "fraig" or "fraig_sweep").
ABC: + dc2 
ABC: + dretime 
ABC: + strash 
ABC: + &get -n 
ABC: + &dch -f 
ABC: + &nf 
ABC: + &put 
ABC: + write_blif <abc-temp-dir>/output.blif 

14.22.74.2. Re-integrating ABC results.
ABC RESULTS:               AND cells:      203
ABC RESULTS:            ANDNOT cells:       68
ABC RESULTS:               MUX cells:        2
ABC RESULTS:              NAND cells:      289
ABC RESULTS:               NOR cells:       11
ABC RESULTS:               NOT cells:        2
ABC RESULTS:                OR cells:       35
ABC RESULTS:             ORNOT cells:       96
ABC RESULTS:        internal signals:      606
ABC RESULTS:           input signals:      382
ABC RESULTS:          output signals:      203
Removing temp directory.

14.22.75. Extracting gate netlist of module `\wire_mold_message_framer' to `<abc-temp-dir>/input.blif'..
Found matching posedge clock domain: \clk, enabled by $auto$simple.cc:210:make_patterns_logic$5634, synchronously reset by $logic_or$rtl/arch_a/wire_mold_message_framer.sv:113$371_Y

14.22.76. Extracting gate netlist of module `\wire_mold_message_framer' to `<abc-temp-dir>/input.blif'..
Found matching posedge clock domain: \clk, enabled by \packet_fire, synchronously reset by $logic_or$rtl/arch_a/wire_mold_message_framer.sv:113$371_Y

14.22.77. Extracting gate netlist of module `\wire_mold_message_framer' to `<abc-temp-dir>/input.blif'..
Found matching posedge clock domain: \clk, enabled by $auto$simple.cc:210:make_patterns_logic$5621, synchronously reset by $logic_or$rtl/arch_a/wire_mold_message_framer.sv:113$371_Y

14.22.78. Extracting gate netlist of module `\wire_mold_message_framer' to `<abc-temp-dir>/input.blif'..
Found matching posedge clock domain: \clk, synchronously reset by $logic_or$rtl/arch_a/wire_mold_message_framer.sv:113$371_Y

14.22.79. Summary of detected clock domains:
  4 cells in clk=\clk, en=\push, arst={ }, srst=\rst
  4 cells in clk=\clk, en=\pop, arst={ }, srst=\rst
  71 cells in clk=\clk, en={ }, arst={ }, srst=\rst
  75 cells in clk=\clk, en=$memory\data_q$wren[1][0][0]$y$7199, arst={ }, srst={ }
  77 cells in clk=\clk, en=$memory\data_q$wren[0][0][0]$y$7195, arst={ }, srst={ }
  15 cells in clk=\clk, en=$auto$simple.cc:193:make_patterns_logic$6018, arst={ }, srst=\rst

14.22.79.1. Executed ABC.
Extracted 1654 gates and 1880 wires to a netlist network with 225 inputs and 308 outputs.
Running ABC script: <abc-temp-dir>/abc.script
ABC: ======== ABC command line "source <abc-temp-dir>/abc.script"
ABC: + read_blif <abc-temp-dir>/input.blif 
ABC: + read_library <abc-temp-dir>/stdcells.genlib 
ABC: + strash 
ABC: + &get -n 
ABC: + &fraig -x 
ABC: + &put 
ABC: + scorr 
ABC: Warning: The network is combinational (run "fraig" or "fraig_sweep").
ABC: + dc2 
ABC: + dretime 
ABC: + strash 
ABC: + &get -n 
ABC: + &dch -f 
ABC: + &nf 
ABC: + &put 
ABC: + write_blif <abc-temp-dir>/output.blif 

14.22.79.2. Re-integrating ABC results.
ABC RESULTS:               AND cells:      151
ABC RESULTS:            ANDNOT cells:       46
ABC RESULTS:               MUX cells:        2
ABC RESULTS:              NAND cells:      696
ABC RESULTS:               NOR cells:       14
ABC RESULTS:               NOT cells:       23
ABC RESULTS:                OR cells:       53
ABC RESULTS:             ORNOT cells:       19
ABC RESULTS:              XNOR cells:       73
ABC RESULTS:               XOR cells:      208
ABC RESULTS:        internal signals:     1347
ABC RESULTS:           input signals:      225
ABC RESULTS:          output signals:      308
Removing temp directory.

14.22.80. Extracting gate netlist of module `\wire_ingress_buffer' to `<abc-temp-dir>/input.blif'..
Found matching posedge clock domain: \clk, enabled by \push, synchronously reset by \rst

14.22.81. Extracting gate netlist of module `\wire_ingress_buffer' to `<abc-temp-dir>/input.blif'..
Found matching posedge clock domain: \clk, enabled by \pop, synchronously reset by \rst

14.22.82. Extracting gate netlist of module `\wire_ingress_buffer' to `<abc-temp-dir>/input.blif'..
Found matching posedge clock domain: \clk, synchronously reset by \rst

14.22.83. Extracting gate netlist of module `\wire_ingress_buffer' to `<abc-temp-dir>/input.blif'..
Found matching posedge clock domain: \clk, enabled by $memory\data_q$wren[1][0][0]$y$7199

14.22.84. Extracting gate netlist of module `\wire_ingress_buffer' to `<abc-temp-dir>/input.blif'..
Found matching posedge clock domain: \clk, enabled by $memory\data_q$wren[0][0][0]$y$7195

14.22.85. Extracting gate netlist of module `\wire_ingress_buffer' to `<abc-temp-dir>/input.blif'..
Found matching posedge clock domain: \clk, enabled by $auto$simple.cc:193:make_patterns_logic$6018, synchronously reset by \rst

14.22.86. Summary of detected clock domains:
  22 cells in clk=\clk, en=$auto$simple.cc:210:make_patterns_logic$5998, arst={ }, srst=\rst
  71 cells in clk=\clk, en=$logic_and$rtl/arch_a/wire_gearbox_64to8.sv:47$54_Y, arst={ }, srst=$auto$simple.cc:234:combine_resets$6003
  144 cells in clk=\clk, en=$logic_and$rtl/arch_a/wire_gearbox_64to8.sv:56$62_Y, arst={ }, srst=\rst

14.22.87. Extracting gate netlist of module `\wire_gearbox_64to8' to `<abc-temp-dir>/input.blif'..
Found matching posedge clock domain: \clk, enabled by $auto$simple.cc:210:make_patterns_logic$5998, synchronously reset by \rst

14.22.88. Extracting gate netlist of module `\wire_gearbox_64to8' to `<abc-temp-dir>/input.blif'..
Found matching posedge clock domain: \clk, enabled by $logic_and$rtl/arch_a/wire_gearbox_64to8.sv:47$54_Y, synchronously reset by $auto$simple.cc:234:combine_resets$6003

14.22.88.1. Executed ABC.
Extracted 420 gates and 574 wires to a netlist network with 152 inputs and 11 outputs.
Running ABC script: <abc-temp-dir>/abc.script
ABC: ======== ABC command line "source <abc-temp-dir>/abc.script"
ABC: + read_blif <abc-temp-dir>/input.blif 
ABC: + read_library <abc-temp-dir>/stdcells.genlib 
ABC: + strash 
ABC: + &get -n 
ABC: + &fraig -x 
ABC: + &put 
ABC: + scorr 
ABC: Warning: The network is combinational (run "fraig" or "fraig_sweep").
ABC: + dc2 
ABC: + dretime 
ABC: + strash 
ABC: + &get -n 
ABC: + &dch -f 
ABC: + &nf 
ABC: + &put 
ABC: + write_blif <abc-temp-dir>/output.blif 

14.22.88.2. Re-integrating ABC results.
ABC RESULTS:               AND cells:      108
ABC RESULTS:            ANDNOT cells:       10
ABC RESULTS:              NAND cells:       78
ABC RESULTS:               NOR cells:       19
ABC RESULTS:               NOT cells:        3
ABC RESULTS:                OR cells:       39
ABC RESULTS:             ORNOT cells:       10
ABC RESULTS:              XNOR cells:       14
ABC RESULTS:               XOR cells:       17
ABC RESULTS:        internal signals:      411
ABC RESULTS:           input signals:      152
ABC RESULTS:          output signals:       11
Removing temp directory.

14.22.88.1. Executed ABC.
Extracted 4 gates and 7 wires to a netlist network with 3 inputs and 3 outputs.
Running ABC script: <abc-temp-dir>/abc.script
ABC: ======== ABC command line "source <abc-temp-dir>/abc.script"
ABC: + read_blif <abc-temp-dir>/input.blif 
ABC: + read_library <abc-temp-dir>/stdcells.genlib 
ABC: + strash 
ABC: + &get -n 
ABC: + &fraig -x 
ABC: + &put 
ABC: + scorr 
ABC: Warning: The network is combinational (run "fraig" or "fraig_sweep").
ABC: + dc2 
ABC: + dretime 
ABC: + strash 
ABC: + &get -n 
ABC: + &dch -f 
ABC: + &nf 
ABC: + &put 
ABC: + write_blif <abc-temp-dir>/output.blif 

14.22.88.2. Re-integrating ABC results.
ABC RESULTS:               AND cells:        1
ABC RESULTS:            ANDNOT cells:        1
ABC RESULTS:               NOT cells:        2
ABC RESULTS:        internal signals:        1
ABC RESULTS:           input signals:        3
ABC RESULTS:          output signals:        3
Removing temp directory.

14.22.88.1. Executed ABC.
Extracted 269 gates and 312 wires to a netlist network with 41 inputs and 54 outputs.
Running ABC script: <abc-temp-dir>/abc.script
ABC: ======== ABC command line "source <abc-temp-dir>/abc.script"
ABC: + read_blif <abc-temp-dir>/input.blif 
ABC: + read_library <abc-temp-dir>/stdcells.genlib 
ABC: + strash 
ABC: + &get -n 
ABC: + &fraig -x 
ABC: + &put 
ABC: + scorr 
ABC: Warning: The network is combinational (run "fraig" or "fraig_sweep").
ABC: + dc2 
ABC: + dretime 
ABC: + strash 
ABC: + &get -n 
ABC: + &dch -f 
ABC: + &nf 
ABC: + &put 
ABC: + write_blif <abc-temp-dir>/output.blif 

14.22.88.2. Re-integrating ABC results.
ABC RESULTS:               AND cells:       60
ABC RESULTS:            ANDNOT cells:       11
ABC RESULTS:               MUX cells:        6
ABC RESULTS:              NAND cells:       36
ABC RESULTS:               NOR cells:        4
ABC RESULTS:               NOT cells:        8
ABC RESULTS:                OR cells:       12
ABC RESULTS:             ORNOT cells:       10
ABC RESULTS:              XNOR cells:        2
ABC RESULTS:               XOR cells:        1
ABC RESULTS:        internal signals:      217
ABC RESULTS:           input signals:       41
ABC RESULTS:          output signals:       54
Removing temp directory.

14.22.88.1. Executed ABC.
Extracted 141 gates and 192 wires to a netlist network with 51 inputs and 29 outputs.
Running ABC script: <abc-temp-dir>/abc.script
ABC: ======== ABC command line "source <abc-temp-dir>/abc.script"
ABC: + read_blif <abc-temp-dir>/input.blif 
ABC: + read_library <abc-temp-dir>/stdcells.genlib 
ABC: + strash 
ABC: + &get -n 
ABC: + &fraig -x 
ABC: + &put 
ABC: + scorr 
ABC: Warning: The network is combinational (run "fraig" or "fraig_sweep").
ABC: + dc2 
ABC: + dretime 
ABC: + strash 
ABC: + &get -n 
ABC: + &dch -f 
ABC: + &nf 
ABC: + &put 
ABC: + write_blif <abc-temp-dir>/output.blif 

14.22.88.2. Re-integrating ABC results.
ABC RESULTS:               AND cells:        9
ABC RESULTS:            ANDNOT cells:        3
ABC RESULTS:               MUX cells:       14
ABC RESULTS:              NAND cells:        2
ABC RESULTS:               NOR cells:        6
ABC RESULTS:               NOT cells:        6
ABC RESULTS:                OR cells:       13
ABC RESULTS:             ORNOT cells:        4
ABC RESULTS:              XNOR cells:       14
ABC RESULTS:               XOR cells:       11
ABC RESULTS:        internal signals:      112
ABC RESULTS:           input signals:       51
ABC RESULTS:          output signals:       29
Removing temp directory.

14.22.88.1. Executed ABC.
Extracted 14 gates and 26 wires to a netlist network with 12 inputs and 3 outputs.
Running ABC script: <abc-temp-dir>/abc.script
ABC: ======== ABC command line "source <abc-temp-dir>/abc.script"
ABC: + read_blif <abc-temp-dir>/input.blif 
ABC: + read_library <abc-temp-dir>/stdcells.genlib 
ABC: + strash 
ABC: + &get -n 
ABC: + &fraig -x 
ABC: + &put 
ABC: + scorr 
ABC: Warning: The network is combinational (run "fraig" or "fraig_sweep").
ABC: + dc2 
ABC: + dretime 
ABC: + strash 
ABC: + &get -n 
ABC: + &dch -f 
ABC: + &nf 
ABC: + &put 
ABC: + write_blif <abc-temp-dir>/output.blif 

14.22.88.2. Re-integrating ABC results.
ABC RESULTS:               AND cells:        4
ABC RESULTS:               MUX cells:        1
ABC RESULTS:              NAND cells:        2
ABC RESULTS:               NOR cells:        2
ABC RESULTS:                OR cells:        2
ABC RESULTS:        internal signals:       11
ABC RESULTS:           input signals:       12
ABC RESULTS:          output signals:        3
Removing temp directory.

14.22.88.1. Executed ABC.
Extracted 74 gates and 147 wires to a netlist network with 72 inputs and 7 outputs.
Running ABC script: <abc-temp-dir>/abc.script
ABC: ======== ABC command line "source <abc-temp-dir>/abc.script"
ABC: + read_blif <abc-temp-dir>/input.blif 
ABC: + read_library <abc-temp-dir>/stdcells.genlib 
ABC: + strash 
ABC: + &get -n 
ABC: + &fraig -x 
ABC: + &put 
ABC: + scorr 
ABC: Warning: The network is combinational (run "fraig" or "fraig_sweep").
ABC: + dc2 
ABC: + dretime 
ABC: + strash 
ABC: + &get -n 
ABC: + &dch -f 
ABC: + &nf 
ABC: + &put 
ABC: + write_blif <abc-temp-dir>/output.blif 

14.22.88.2. Re-integrating ABC results.
ABC RESULTS:               AND cells:       34
ABC RESULTS:            ANDNOT cells:        1
ABC RESULTS:              NAND cells:        3
ABC RESULTS:               NOR cells:       33
ABC RESULTS:               NOT cells:        2
ABC RESULTS:        internal signals:       68
ABC RESULTS:           input signals:       72
ABC RESULTS:          output signals:        7
Removing temp directory.

14.22.89. Extracting gate netlist of module `\wire_gearbox_64to8' to `<abc-temp-dir>/input.blif'..
Found matching posedge clock domain: \clk, enabled by $logic_and$rtl/arch_a/wire_gearbox_64to8.sv:56$62_Y, synchronously reset by \rst

14.22.90. Summary of detected clock domains:
  41 cells in clk=\clk, en=$auto$simple.cc:210:make_patterns_logic$5978, arst={ }, srst=\rst
  10 cells in clk=\clk, en=$auto$simple.cc:210:make_patterns_logic$5966, arst={ }, srst=\rst
  21 cells in clk=\clk, en=$auto$simple.cc:210:make_patterns_logic$5962, arst={ }, srst=\rst
  105 cells in clk=\clk, en={ }, arst={ }, srst=\rst

14.22.90.1. Executed ABC.
Extracted 95 gates and 187 wires to a netlist network with 90 inputs and 9 outputs.
Running ABC script: <abc-temp-dir>/abc.script
ABC: ======== ABC command line "source <abc-temp-dir>/abc.script"
ABC: + read_blif <abc-temp-dir>/input.blif 
ABC: + read_library <abc-temp-dir>/stdcells.genlib 
ABC: + strash 
ABC: + &get -n 
ABC: + &fraig -x 
ABC: + &put 
ABC: + scorr 
ABC: Warning: The network is combinational (run "fraig" or "fraig_sweep").
ABC: + dc2 
ABC: + dretime 
ABC: + strash 
ABC: + &get -n 
ABC: + &dch -f 
ABC: + &nf 
ABC: + &put 
ABC: + write_blif <abc-temp-dir>/output.blif 

14.22.90.2. Re-integrating ABC results.
ABC RESULTS:               AND cells:       43
ABC RESULTS:            ANDNOT cells:        1
ABC RESULTS:              NAND cells:        6
ABC RESULTS:               NOR cells:       42
ABC RESULTS:               NOT cells:        4
ABC RESULTS:             ORNOT cells:        2
ABC RESULTS:        internal signals:       88
ABC RESULTS:           input signals:       90
ABC RESULTS:          output signals:        9
Removing temp directory.

14.22.90.1. Executed ABC.
Extracted 1122 gates and 1455 wires to a netlist network with 332 inputs and 311 outputs.
Running ABC script: <abc-temp-dir>/abc.script
ABC: ======== ABC command line "source <abc-temp-dir>/abc.script"
ABC: + read_blif <abc-temp-dir>/input.blif 
ABC: + read_library <abc-temp-dir>/stdcells.genlib 
ABC: + strash 
ABC: + &get -n 
ABC: + &fraig -x 
ABC: + &put 
ABC: + scorr 
ABC: Warning: The network is combinational (run "fraig" or "fraig_sweep").
ABC: + dc2 
ABC: + dretime 
ABC: + strash 
ABC: + &get -n 
ABC: + &dch -f 
ABC: + &nf 
ABC: + &put 
ABC: + write_blif <abc-temp-dir>/output.blif 

14.22.90.2. Re-integrating ABC results.
ABC RESULTS:               AND cells:       99
ABC RESULTS:            ANDNOT cells:       38
ABC RESULTS:              NAND cells:      463
ABC RESULTS:               NOR cells:        1
ABC RESULTS:               NOT cells:       10
ABC RESULTS:                OR cells:        4
ABC RESULTS:             ORNOT cells:       12
ABC RESULTS:              XNOR cells:        5
ABC RESULTS:               XOR cells:      146
ABC RESULTS:        internal signals:      812
ABC RESULTS:           input signals:      332
ABC RESULTS:          output signals:      311
Removing temp directory.

14.22.90.1. Executed ABC.
Extracted 2 gates and 4 wires to a netlist network with 2 inputs and 2 outputs.
Running ABC script: <abc-temp-dir>/abc.script
ABC: ======== ABC command line "source <abc-temp-dir>/abc.script"
ABC: + read_blif <abc-temp-dir>/input.blif 
ABC: + read_library <abc-temp-dir>/stdcells.genlib 
ABC: + strash 
ABC: + &get -n 
ABC: + &fraig -x 
ABC: + &put 
ABC: + scorr 
ABC: Warning: The network is combinational (run "fraig" or "fraig_sweep").
ABC: + dc2 
ABC: + dretime 
ABC: + strash 
ABC: + &get -n 
ABC: + &dch -f 
ABC: + &nf 
ABC: + &put 
ABC: + write_blif <abc-temp-dir>/output.blif 

14.22.90.2. Re-integrating ABC results.
ABC RESULTS:            ANDNOT cells:        1
ABC RESULTS:               NOT cells:        1
ABC RESULTS:        internal signals:        0
ABC RESULTS:           input signals:        2
ABC RESULTS:          output signals:        2
Removing temp directory.

14.22.90.1. Executed ABC.
Extracted 74 gates and 136 wires to a netlist network with 62 inputs and 37 outputs.
Running ABC script: <abc-temp-dir>/abc.script
ABC: ======== ABC command line "source <abc-temp-dir>/abc.script"
ABC: + read_blif <abc-temp-dir>/input.blif 
ABC: + read_library <abc-temp-dir>/stdcells.genlib 
ABC: + strash 
ABC: + &get -n 
ABC: + &fraig -x 
ABC: + &put 
ABC: + scorr 
ABC: Warning: The network is combinational (run "fraig" or "fraig_sweep").
ABC: + dc2 
ABC: + dretime 
ABC: + strash 
ABC: + &get -n 
ABC: + &dch -f 
ABC: + &nf 
ABC: + &put 
ABC: + write_blif <abc-temp-dir>/output.blif 

14.22.90.2. Re-integrating ABC results.
ABC RESULTS:               AND cells:       36
ABC RESULTS:               MUX cells:        1
ABC RESULTS:              NAND cells:        2
ABC RESULTS:               NOR cells:       10
ABC RESULTS:                OR cells:        1
ABC RESULTS:               XOR cells:       16
ABC RESULTS:        internal signals:       37
ABC RESULTS:           input signals:       62
ABC RESULTS:          output signals:       37
Removing temp directory.

14.22.90.1. Executed ABC.
Extracted 282 gates and 430 wires to a netlist network with 148 inputs and 66 outputs.
Running ABC script: <abc-temp-dir>/abc.script
ABC: ======== ABC command line "source <abc-temp-dir>/abc.script"
ABC: + read_blif <abc-temp-dir>/input.blif 
ABC: + read_library <abc-temp-dir>/stdcells.genlib 
ABC: + strash 
ABC: + &get -n 
ABC: + &fraig -x 
ABC: + &put 
ABC: + scorr 
ABC: Warning: The network is combinational (run "fraig" or "fraig_sweep").
ABC: + dc2 
ABC: + dretime 
ABC: + strash 
ABC: + &get -n 
ABC: + &dch -f 
ABC: + &nf 
ABC: + &put 
ABC: + write_blif <abc-temp-dir>/output.blif 

14.22.90.2. Re-integrating ABC results.
ABC RESULTS:               AND cells:       62
ABC RESULTS:               MUX cells:       64
ABC RESULTS:              NAND cells:        1
ABC RESULTS:                OR cells:       16
ABC RESULTS:              XNOR cells:        1
ABC RESULTS:               XOR cells:       63
ABC RESULTS:        internal signals:      216
ABC RESULTS:           input signals:      148
ABC RESULTS:          output signals:       66
Removing temp directory.

14.22.90.1. Executed ABC.
Extracted 0 gates and 0 wires to a netlist network with 0 inputs and 0 outputs.
Don't call ABC as there is nothing to map.
Removing temp directory.

14.22.90.1. Executed ABC.
Extracted 17 gates and 29 wires to a netlist network with 11 inputs and 2 outputs.
Running ABC script: <abc-temp-dir>/abc.script
ABC: ======== ABC command line "source <abc-temp-dir>/abc.script"
ABC: + read_blif <abc-temp-dir>/input.blif 
ABC: + read_library <abc-temp-dir>/stdcells.genlib 
ABC: + strash 
ABC: + &get -n 
ABC: + &fraig -x 
ABC: + &put 
ABC: + scorr 
ABC: Warning: The network is combinational (run "fraig" or "fraig_sweep").
ABC: + dc2 
ABC: + dretime 
ABC: + strash 
ABC: + &get -n 
ABC: + &dch -f 
ABC: + &nf 
ABC: + &put 
ABC: + write_blif <abc-temp-dir>/output.blif 

14.22.90.2. Re-integrating ABC results.
ABC RESULTS:               AND cells:        5
ABC RESULTS:            ANDNOT cells:        1
ABC RESULTS:              NAND cells:        2
ABC RESULTS:               NOR cells:        1
ABC RESULTS:                OR cells:        1
ABC RESULTS:        internal signals:       16
ABC RESULTS:           input signals:       11
ABC RESULTS:          output signals:        2
Removing temp directory.

14.22.90.1. Executed ABC.
Extracted 265 gates and 306 wires to a netlist network with 39 inputs and 61 outputs.
Running ABC script: <abc-temp-dir>/abc.script
ABC: ======== ABC command line "source <abc-temp-dir>/abc.script"
ABC: + read_blif <abc-temp-dir>/input.blif 
ABC: + read_library <abc-temp-dir>/stdcells.genlib 
ABC: + strash 
ABC: + &get -n 
ABC: + &fraig -x 
ABC: + &put 
ABC: + scorr 
ABC: Warning: The network is combinational (run "fraig" or "fraig_sweep").
ABC: + dc2 
ABC: + dretime 
ABC: + strash 
ABC: + &get -n 
ABC: + &dch -f 
ABC: + &nf 
ABC: + &put 
ABC: + write_blif <abc-temp-dir>/output.blif 

14.22.90.2. Re-integrating ABC results.
ABC RESULTS:               AND cells:       64
ABC RESULTS:            ANDNOT cells:       15
ABC RESULTS:               MUX cells:        5
ABC RESULTS:              NAND cells:       32
ABC RESULTS:               NOR cells:        5
ABC RESULTS:               NOT cells:        9
ABC RESULTS:                OR cells:       10
ABC RESULTS:             ORNOT cells:        7
ABC RESULTS:              XNOR cells:        4
ABC RESULTS:        internal signals:      206
ABC RESULTS:           input signals:       39
ABC RESULTS:          output signals:       61
Removing temp directory.

14.22.91. Extracting gate netlist of module `\wire_eth_parser' to `<abc-temp-dir>/input.blif'..
Found matching posedge clock domain: \clk, enabled by $auto$simple.cc:210:make_patterns_logic$5978, synchronously reset by \rst

14.22.91.1. Executed ABC.
Extracted 320 gates and 421 wires to a netlist network with 100 inputs and 101 outputs.
Running ABC script: <abc-temp-dir>/abc.script
ABC: ======== ABC command line "source <abc-temp-dir>/abc.script"
ABC: + read_blif <abc-temp-dir>/input.blif 
ABC: + read_library <abc-temp-dir>/stdcells.genlib 
ABC: + strash 
ABC: + &get -n 
ABC: + &fraig -x 
ABC: + &put 
ABC: + scorr 
ABC: Warning: The network is combinational (run "fraig" or "fraig_sweep").
ABC: + dc2 
ABC: + dretime 
ABC: + strash 
ABC: + &get -n 
ABC: + &dch -f 
ABC: + &nf 
ABC: + &put 
ABC: + write_blif <abc-temp-dir>/output.blif 

14.22.91.2. Re-integrating ABC results.
ABC RESULTS:               AND cells:        5
ABC RESULTS:            ANDNOT cells:        7
ABC RESULTS:               MUX cells:        1
ABC RESULTS:              NAND cells:      135
ABC RESULTS:               NOR cells:        4
ABC RESULTS:               NOT cells:       18
ABC RESULTS:                OR cells:       18
ABC RESULTS:              XNOR cells:        3
ABC RESULTS:               XOR cells:       16
ABC RESULTS:        internal signals:      220
ABC RESULTS:           input signals:      100
ABC RESULTS:          output signals:      101
Removing temp directory.

14.22.91.1. Executed ABC.
Extracted 36 gates and 72 wires to a netlist network with 36 inputs and 35 outputs.
Running ABC script: <abc-temp-dir>/abc.script
ABC: ======== ABC command line "source <abc-temp-dir>/abc.script"
ABC: + read_blif <abc-temp-dir>/input.blif 
ABC: + read_library <abc-temp-dir>/stdcells.genlib 
ABC: + strash 
ABC: + &get -n 
ABC: + &fraig -x 
ABC: + &put 
ABC: + scorr 
ABC: Warning: The network is combinational (run "fraig" or "fraig_sweep").
ABC: + dc2 
ABC: + dretime 
ABC: + strash 
ABC: + &get -n 
ABC: + &dch -f 
ABC: + &nf 
ABC: + &put 
ABC: + write_blif <abc-temp-dir>/output.blif 

14.22.91.2. Re-integrating ABC results.
ABC RESULTS:               AND cells:        2
ABC RESULTS:            ANDNOT cells:       16
ABC RESULTS:               NOT cells:        2
ABC RESULTS:               XOR cells:       16
ABC RESULTS:        internal signals:        1
ABC RESULTS:           input signals:       36
ABC RESULTS:          output signals:       35
Removing temp directory.

14.22.92. Extracting gate netlist of module `\wire_eth_parser' to `<abc-temp-dir>/input.blif'..
Found matching posedge clock domain: \clk, enabled by $auto$simple.cc:210:make_patterns_logic$5966, synchronously reset by \rst

14.22.93. Extracting gate netlist of module `\wire_eth_parser' to `<abc-temp-dir>/input.blif'..
Found matching posedge clock domain: \clk, enabled by $auto$simple.cc:210:make_patterns_logic$5962, synchronously reset by \rst

14.22.93.1. Executed ABC.
Extracted 146 gates and 199 wires to a netlist network with 52 inputs and 28 outputs.
Running ABC script: <abc-temp-dir>/abc.script
ABC: ======== ABC command line "source <abc-temp-dir>/abc.script"
ABC: + read_blif <abc-temp-dir>/input.blif 
ABC: + read_library <abc-temp-dir>/stdcells.genlib 
ABC: + strash 
ABC: + &get -n 
ABC: + &fraig -x 
ABC: + &put 
ABC: + scorr 
ABC: Warning: The network is combinational (run "fraig" or "fraig_sweep").
ABC: + dc2 
ABC: + dretime 
ABC: + strash 
ABC: + &get -n 
ABC: + &dch -f 
ABC: + &nf 
ABC: + &put 
ABC: + write_blif <abc-temp-dir>/output.blif 

14.22.93.2. Re-integrating ABC results.
ABC RESULTS:               AND cells:       15
ABC RESULTS:            ANDNOT cells:        1
ABC RESULTS:               MUX cells:       13
ABC RESULTS:              NAND cells:        2
ABC RESULTS:               NOR cells:        8
ABC RESULTS:               NOT cells:        5
ABC RESULTS:                OR cells:       14
ABC RESULTS:             ORNOT cells:        4
ABC RESULTS:              XNOR cells:       13
ABC RESULTS:               XOR cells:       11
ABC RESULTS:        internal signals:      119
ABC RESULTS:           input signals:       52
ABC RESULTS:          output signals:       28
Removing temp directory.

14.22.93.1. Executed ABC.
Extracted 57 gates and 95 wires to a netlist network with 36 inputs and 9 outputs.
Running ABC script: <abc-temp-dir>/abc.script
ABC: ======== ABC command line "source <abc-temp-dir>/abc.script"
ABC: + read_blif <abc-temp-dir>/input.blif 
ABC: + read_library <abc-temp-dir>/stdcells.genlib 
ABC: + strash 
ABC: + &get -n 
ABC: + &fraig -x 
ABC: + &put 
ABC: + scorr 
ABC: Warning: The network is combinational (run "fraig" or "fraig_sweep").
ABC: + dc2 
ABC: + dretime 
ABC: + strash 
ABC: + &get -n 
ABC: + &dch -f 
ABC: + &nf 
ABC: + &put 
ABC: + write_blif <abc-temp-dir>/output.blif 

14.22.93.2. Re-integrating ABC results.
ABC RESULTS:               AND cells:       12
ABC RESULTS:            ANDNOT cells:        4
ABC RESULTS:              NAND cells:       20
ABC RESULTS:               NOR cells:        8
ABC RESULTS:               NOT cells:        1
ABC RESULTS:                OR cells:       10
ABC RESULTS:             ORNOT cells:        3
ABC RESULTS:        internal signals:       50
ABC RESULTS:           input signals:       36
ABC RESULTS:          output signals:        9
Removing temp directory.

14.22.93.1. Executed ABC.
Extracted 6 gates and 11 wires to a netlist network with 5 inputs and 2 outputs.
Running ABC script: <abc-temp-dir>/abc.script
ABC: ======== ABC command line "source <abc-temp-dir>/abc.script"
ABC: + read_blif <abc-temp-dir>/input.blif 
ABC: + read_library <abc-temp-dir>/stdcells.genlib 
ABC: + strash 
ABC: + &get -n 
ABC: + &fraig -x 
ABC: + &put 
ABC: + scorr 
ABC: Warning: The network is combinational (run "fraig" or "fraig_sweep").
ABC: + dc2 
ABC: + dretime 
ABC: + strash 
ABC: + &get -n 
ABC: + &dch -f 
ABC: + &nf 
ABC: + &put 
ABC: + write_blif <abc-temp-dir>/output.blif 

14.22.93.2. Re-integrating ABC results.
ABC RESULTS:               AND cells:        3
ABC RESULTS:               NOT cells:        1
ABC RESULTS:             ORNOT cells:        1
ABC RESULTS:        internal signals:        4
ABC RESULTS:           input signals:        5
ABC RESULTS:          output signals:        2
Removing temp directory.

14.22.94. Extracting gate netlist of module `\wire_eth_parser' to `<abc-temp-dir>/input.blif'..
Found matching posedge clock domain: \clk, synchronously reset by \rst

14.22.95. Summary of detected clock domains:
  9 cells in clk=\clk, en=\rx_fire, arst={ }, srst=\stage_rst
  45 cells in clk=\clk, en=$logic_and$rtl/arch_a/wire_arch_a_parser_top.sv:145$772_Y, arst={ }, srst=\stage_rst

14.22.95.1. Executed ABC.
Extracted 229 gates and 270 wires to a netlist network with 39 inputs and 50 outputs.
Running ABC script: <abc-temp-dir>/abc.script
ABC: ======== ABC command line "source <abc-temp-dir>/abc.script"
ABC: + read_blif <abc-temp-dir>/input.blif 
ABC: + read_library <abc-temp-dir>/stdcells.genlib 
ABC: + strash 
ABC: + &get -n 
ABC: + &fraig -x 
ABC: + &put 
ABC: + scorr 
ABC: Warning: The network is combinational (run "fraig" or "fraig_sweep").
ABC: + dc2 
ABC: + dretime 
ABC: + strash 
ABC: + &get -n 
ABC: + &dch -f 
ABC: + &nf 
ABC: + &put 
ABC: + write_blif <abc-temp-dir>/output.blif 

14.22.95.2. Re-integrating ABC results.
ABC RESULTS:               AND cells:       54
ABC RESULTS:            ANDNOT cells:       12
ABC RESULTS:               MUX cells:        5
ABC RESULTS:              NAND cells:       31
ABC RESULTS:               NOR cells:        6
ABC RESULTS:               NOT cells:        6
ABC RESULTS:                OR cells:        5
ABC RESULTS:             ORNOT cells:        4
ABC RESULTS:              XNOR cells:        1
ABC RESULTS:               XOR cells:        1
ABC RESULTS:        internal signals:      181
ABC RESULTS:           input signals:       39
ABC RESULTS:          output signals:       50
Removing temp directory.

14.22.96. Extracting gate netlist of module `\wire_arch_a_parser_top' to `<abc-temp-dir>/input.blif'..
Found matching posedge clock domain: \clk, enabled by \rx_fire, synchronously reset by \stage_rst

14.22.97. Extracting gate netlist of module `\wire_arch_a_parser_top' to `<abc-temp-dir>/input.blif'..
Found matching posedge clock domain: \clk, enabled by $logic_and$rtl/arch_a/wire_arch_a_parser_top.sv:145$772_Y, synchronously reset by \stage_rst

14.22.97.1. Executed ABC.
Extracted 99 gates and 144 wires to a netlist network with 43 inputs and 39 outputs.
Running ABC script: <abc-temp-dir>/abc.script
ABC: ======== ABC command line "source <abc-temp-dir>/abc.script"
ABC: + read_blif <abc-temp-dir>/input.blif 
ABC: + read_library <abc-temp-dir>/stdcells.genlib 
ABC: + strash 
ABC: + &get -n 
ABC: + &fraig -x 
ABC: + &put 
ABC: + scorr 
ABC: Warning: The network is combinational (run "fraig" or "fraig_sweep").
ABC: + dc2 
ABC: + dretime 
ABC: + strash 
ABC: + &get -n 
ABC: + &dch -f 
ABC: + &nf 
ABC: + &put 
ABC: + write_blif <abc-temp-dir>/output.blif 

14.22.97.2. Re-integrating ABC results.
ABC RESULTS:               AND cells:       21
ABC RESULTS:            ANDNOT cells:        1
ABC RESULTS:              NAND cells:       43
ABC RESULTS:               NOT cells:        2
ABC RESULTS:                OR cells:        6
ABC RESULTS:             ORNOT cells:        2
ABC RESULTS:              XNOR cells:        1
ABC RESULTS:               XOR cells:       14
ABC RESULTS:        internal signals:       62
ABC RESULTS:           input signals:       43
ABC RESULTS:          output signals:       39
Removing temp directory.

14.22.97.1. Executed ABC.
Extracted 75 gates and 138 wires to a netlist network with 61 inputs and 14 outputs.
Running ABC script: <abc-temp-dir>/abc.script
ABC: ======== ABC command line "source <abc-temp-dir>/abc.script"
ABC: + read_blif <abc-temp-dir>/input.blif 
ABC: + read_library <abc-temp-dir>/stdcells.genlib 
ABC: + strash 
ABC: + &get -n 
ABC: + &fraig -x 
ABC: + &put 
ABC: + scorr 
ABC: Warning: The network is combinational (run "fraig" or "fraig_sweep").
ABC: + dc2 
ABC: + dretime 
ABC: + strash 
ABC: + &get -n 
ABC: + &dch -f 
ABC: + &nf 
ABC: + &put 
ABC: + write_blif <abc-temp-dir>/output.blif 

14.22.97.2. Re-integrating ABC results.
ABC RESULTS:               AND cells:       37
ABC RESULTS:            ANDNOT cells:        1
ABC RESULTS:              NAND cells:        7
ABC RESULTS:               NOR cells:       16
ABC RESULTS:               NOT cells:        2
ABC RESULTS:                OR cells:        6
ABC RESULTS:             ORNOT cells:        4
ABC RESULTS:        internal signals:       63
ABC RESULTS:           input signals:       61
ABC RESULTS:          output signals:       14
Removing temp directory.

14.22.97.1. Executed ABC.
Extracted 98 gates and 139 wires to a netlist network with 41 inputs and 29 outputs.
Running ABC script: <abc-temp-dir>/abc.script
ABC: ======== ABC command line "source <abc-temp-dir>/abc.script"
ABC: + read_blif <abc-temp-dir>/input.blif 
ABC: + read_library <abc-temp-dir>/stdcells.genlib 
ABC: + strash 
ABC: + &get -n 
ABC: + &fraig -x 
ABC: + &put 
ABC: + scorr 
ABC: Warning: The network is combinational (run "fraig" or "fraig_sweep").
ABC: + dc2 
ABC: + dretime 
ABC: + strash 
ABC: + &get -n 
ABC: + &dch -f 
ABC: + &nf 
ABC: + &put 
ABC: + write_blif <abc-temp-dir>/output.blif 

14.22.97.2. Re-integrating ABC results.
ABC RESULTS:               AND cells:        4
ABC RESULTS:            ANDNOT cells:        3
ABC RESULTS:               MUX cells:       15
ABC RESULTS:              NAND cells:        4
ABC RESULTS:               NOR cells:        7
ABC RESULTS:               NOT cells:        8
ABC RESULTS:                OR cells:        7
ABC RESULTS:             ORNOT cells:        7
ABC RESULTS:              XNOR cells:       14
ABC RESULTS:        internal signals:       69
ABC RESULTS:           input signals:       41
ABC RESULTS:          output signals:       29
Removing temp directory.

14.22.97.1. Executed ABC.
Extracted 69 gates and 142 wires to a netlist network with 71 inputs and 30 outputs.
Running ABC script: <abc-temp-dir>/abc.script
ABC: ======== ABC command line "source <abc-temp-dir>/abc.script"
ABC: + read_blif <abc-temp-dir>/input.blif 
ABC: + read_library <abc-temp-dir>/stdcells.genlib 
ABC: + strash 
ABC: + &get -n 
ABC: + &fraig -x 
ABC: + &put 
ABC: + scorr 
ABC: Warning: The network is combinational (run "fraig" or "fraig_sweep").
ABC: + dc2 
ABC: + dretime 
ABC: + strash 
ABC: + &get -n 
ABC: + &dch -f 
ABC: + &nf 
ABC: + &put 
ABC: + write_blif <abc-temp-dir>/output.blif 

14.22.97.2. Re-integrating ABC results.
ABC RESULTS:               AND cells:       13
ABC RESULTS:            ANDNOT cells:        3
ABC RESULTS:               MUX cells:       18
ABC RESULTS:              NAND cells:        4
ABC RESULTS:               NOR cells:       15
ABC RESULTS:               NOT cells:        2
ABC RESULTS:                OR cells:        3
ABC RESULTS:             ORNOT cells:        1
ABC RESULTS:        internal signals:       41
ABC RESULTS:           input signals:       71
ABC RESULTS:          output signals:       30
Removing temp directory.

14.22.97.1. Executed ABC.
Extracted 11 gates and 26 wires to a netlist network with 15 inputs and 8 outputs.
Running ABC script: <abc-temp-dir>/abc.script
ABC: ======== ABC command line "source <abc-temp-dir>/abc.script"
ABC: + read_blif <abc-temp-dir>/input.blif 
ABC: + read_library <abc-temp-dir>/stdcells.genlib 
ABC: + strash 
ABC: + &get -n 
ABC: + &fraig -x 
ABC: + &put 
ABC: + scorr 
ABC: Warning: The network is combinational (run "fraig" or "fraig_sweep").
ABC: + dc2 
ABC: + dretime 
ABC: + strash 
ABC: + &get -n 
ABC: + &dch -f 
ABC: + &nf 
ABC: + &put 
ABC: + write_blif <abc-temp-dir>/output.blif 

14.22.97.2. Re-integrating ABC results.
ABC RESULTS:               AND cells:        1
ABC RESULTS:            ANDNOT cells:        1
ABC RESULTS:               MUX cells:        1
ABC RESULTS:               NOR cells:        1
ABC RESULTS:               NOT cells:        1
ABC RESULTS:                OR cells:        4
ABC RESULTS:               XOR cells:        1
ABC RESULTS:        internal signals:        3
ABC RESULTS:           input signals:       15
ABC RESULTS:          output signals:        8
Removing temp directory.

14.22.97.1. Executed ABC.
Extracted 28 gates and 48 wires to a netlist network with 19 inputs and 15 outputs.
Running ABC script: <abc-temp-dir>/abc.script
ABC: ======== ABC command line "source <abc-temp-dir>/abc.script"
ABC: + read_blif <abc-temp-dir>/input.blif 
ABC: + read_library <abc-temp-dir>/stdcells.genlib 
ABC: + strash 
ABC: + &get -n 
ABC: + &fraig -x 
ABC: + &put 
ABC: + scorr 
ABC: Warning: The network is combinational (run "fraig" or "fraig_sweep").
ABC: + dc2 
ABC: + dretime 
ABC: + strash 
ABC: + &get -n 
ABC: + &dch -f 
ABC: + &nf 
ABC: + &put 
ABC: + write_blif <abc-temp-dir>/output.blif 

14.22.97.2. Re-integrating ABC results.
ABC RESULTS:               AND cells:       13
ABC RESULTS:            ANDNOT cells:        1
ABC RESULTS:               MUX cells:        1
ABC RESULTS:              NAND cells:        1
ABC RESULTS:               NOR cells:        1
ABC RESULTS:               NOT cells:        3
ABC RESULTS:                OR cells:        4
ABC RESULTS:             ORNOT cells:        1
ABC RESULTS:        internal signals:       14
ABC RESULTS:           input signals:       19
ABC RESULTS:          output signals:       15
Removing temp directory.

14.22.97.1. Executed ABC.
Extracted 233 gates and 347 wires to a netlist network with 114 inputs and 81 outputs.
Running ABC script: <abc-temp-dir>/abc.script
ABC: ======== ABC command line "source <abc-temp-dir>/abc.script"
ABC: + read_blif <abc-temp-dir>/input.blif 
ABC: + read_library <abc-temp-dir>/stdcells.genlib 
ABC: + strash 
ABC: + &get -n 
ABC: + &fraig -x 
ABC: + &put 
ABC: + scorr 
ABC: Warning: The network is combinational (run "fraig" or "fraig_sweep").
ABC: + dc2 
ABC: + dretime 
ABC: + strash 
ABC: + &get -n 
ABC: + &dch -f 
ABC: + &nf 
ABC: + &put 
ABC: + write_blif <abc-temp-dir>/output.blif 

14.22.97.2. Re-integrating ABC results.
ABC RESULTS:               AND cells:       62
ABC RESULTS:              NAND cells:        1
ABC RESULTS:               NOR cells:        1
ABC RESULTS:                OR cells:       15
ABC RESULTS:              XNOR cells:        1
ABC RESULTS:               XOR cells:       78
ABC RESULTS:        internal signals:      152
ABC RESULTS:           input signals:      114
ABC RESULTS:          output signals:       81
Removing temp directory.

14.22.97.1. Executed ABC.
Extracted 1 gates and 3 wires to a netlist network with 2 inputs and 1 outputs.
Running ABC script: <abc-temp-dir>/abc.script
ABC: ======== ABC command line "source <abc-temp-dir>/abc.script"
ABC: + read_blif <abc-temp-dir>/input.blif 
ABC: + read_library <abc-temp-dir>/stdcells.genlib 
ABC: + strash 
ABC: + &get -n 
ABC: + &fraig -x 
ABC: + &put 
ABC: + scorr 
ABC: Warning: The network is combinational (run "fraig" or "fraig_sweep").
ABC: + dc2 
ABC: + dretime 
ABC: + strash 
ABC: + &get -n 
ABC: + &dch -f 
ABC: + &nf 
ABC: + &put 
ABC: + write_blif <abc-temp-dir>/output.blif 

14.22.97.2. Re-integrating ABC results.
ABC RESULTS:               AND cells:        1
ABC RESULTS:        internal signals:        0
ABC RESULTS:           input signals:        2
ABC RESULTS:          output signals:        1
Removing temp directory.

14.22.97.1. Executed ABC.
Extracted 327 gates and 414 wires to a netlist network with 85 inputs and 90 outputs.
Running ABC script: <abc-temp-dir>/abc.script
ABC: ======== ABC command line "source <abc-temp-dir>/abc.script"
ABC: + read_blif <abc-temp-dir>/input.blif 
ABC: + read_library <abc-temp-dir>/stdcells.genlib 
ABC: + strash 
ABC: + &get -n 
ABC: + &fraig -x 
ABC: + &put 
ABC: + scorr 
ABC: Warning: The network is combinational (run "fraig" or "fraig_sweep").
ABC: + dc2 
ABC: + dretime 
ABC: + strash 
ABC: + &get -n 
ABC: + &dch -f 
ABC: + &nf 
ABC: + &put 
ABC: + write_blif <abc-temp-dir>/output.blif 

14.22.97.2. Re-integrating ABC results.
ABC RESULTS:               AND cells:       85
ABC RESULTS:            ANDNOT cells:       11
ABC RESULTS:               MUX cells:       36
ABC RESULTS:              NAND cells:       41
ABC RESULTS:               NOR cells:        6
ABC RESULTS:               NOT cells:        5
ABC RESULTS:                OR cells:       16
ABC RESULTS:             ORNOT cells:       16
ABC RESULTS:              XNOR cells:        1
ABC RESULTS:               XOR cells:       30
ABC RESULTS:        internal signals:      239
ABC RESULTS:           input signals:       85
ABC RESULTS:          output signals:       90
Removing temp directory.

14.22.97.1. Executed ABC.
Extracted 3 gates and 7 wires to a netlist network with 4 inputs and 3 outputs.
Running ABC script: <abc-temp-dir>/abc.script
ABC: ======== ABC command line "source <abc-temp-dir>/abc.script"
ABC: + read_blif <abc-temp-dir>/input.blif 
ABC: + read_library <abc-temp-dir>/stdcells.genlib 
ABC: + strash 
ABC: + &get -n 
ABC: + &fraig -x 
ABC: + &put 
ABC: + scorr 
ABC: Warning: The network is combinational (run "fraig" or "fraig_sweep").
ABC: + dc2 
ABC: + dretime 
ABC: + strash 
ABC: + &get -n 
ABC: + &dch -f 
ABC: + &nf 
ABC: + &put 
ABC: + write_blif <abc-temp-dir>/output.blif 

14.22.97.2. Re-integrating ABC results.
ABC RESULTS:               AND cells:        1
ABC RESULTS:               NOT cells:        1
ABC RESULTS:                OR cells:        1
ABC RESULTS:        internal signals:        0
ABC RESULTS:           input signals:        4
ABC RESULTS:          output signals:        3
Removing temp directory.

14.22.97.1. Executed ABC.
Extracted 3 gates and 6 wires to a netlist network with 3 inputs and 3 outputs.
Running ABC script: <abc-temp-dir>/abc.script
ABC: ======== ABC command line "source <abc-temp-dir>/abc.script"
ABC: + read_blif <abc-temp-dir>/input.blif 
ABC: + read_library <abc-temp-dir>/stdcells.genlib 
ABC: + strash 
ABC: + &get -n 
ABC: + &fraig -x 
ABC: + &put 
ABC: + scorr 
ABC: Warning: The network is combinational (run "fraig" or "fraig_sweep").
ABC: + dc2 
ABC: + dretime 
ABC: + strash 
ABC: + &get -n 
ABC: + &dch -f 
ABC: + &nf 
ABC: + &put 
ABC: + write_blif <abc-temp-dir>/output.blif 

14.22.97.2. Re-integrating ABC results.
ABC RESULTS:               AND cells:        1
ABC RESULTS:               NOT cells:        1
ABC RESULTS:              XNOR cells:        1
ABC RESULTS:        internal signals:        0
ABC RESULTS:           input signals:        3
ABC RESULTS:          output signals:        3
Removing temp directory.

14.22.97.1. Executed ABC.
Extracted 70 gates and 211 wires to a netlist network with 141 inputs and 70 outputs.
Running ABC script: <abc-temp-dir>/abc.script
ABC: ======== ABC command line "source <abc-temp-dir>/abc.script"
ABC: + read_blif <abc-temp-dir>/input.blif 
ABC: + read_library <abc-temp-dir>/stdcells.genlib 
ABC: + strash 
ABC: + &get -n 
ABC: + &fraig -x 
ABC: + &put 
ABC: + scorr 
ABC: Warning: The network is combinational (run "fraig" or "fraig_sweep").
ABC: + dc2 
ABC: + dretime 
ABC: + strash 
ABC: + &get -n 
ABC: + &dch -f 
ABC: + &nf 
ABC: + &put 
ABC: + write_blif <abc-temp-dir>/output.blif 

14.22.97.2. Re-integrating ABC results.
ABC RESULTS:               MUX cells:       70
ABC RESULTS:        internal signals:        0
ABC RESULTS:           input signals:      141
ABC RESULTS:          output signals:       70
Removing temp directory.

14.22.97.1. Executed ABC.
Extracted 2 gates and 6 wires to a netlist network with 3 inputs and 2 outputs.
Running ABC script: <abc-temp-dir>/abc.script
ABC: ======== ABC command line "source <abc-temp-dir>/abc.script"
ABC: + read_blif <abc-temp-dir>/input.blif 
ABC: + read_library <abc-temp-dir>/stdcells.genlib 
ABC: + strash 
ABC: + &get -n 
ABC: + &fraig -x 
ABC: + &put 
ABC: + scorr 
ABC: Warning: The network is combinational (run "fraig" or "fraig_sweep").
ABC: + dc2 
ABC: + dretime 
ABC: + strash 
ABC: + &get -n 
ABC: + &dch -f 
ABC: + &nf 
ABC: + &put 
ABC: + write_blif <abc-temp-dir>/output.blif 

14.22.97.2. Re-integrating ABC results.
ABC RESULTS:               AND cells:        1
ABC RESULTS:            ANDNOT cells:        1
ABC RESULTS:        internal signals:        1
ABC RESULTS:           input signals:        3
ABC RESULTS:          output signals:        2
Removing temp directory.

14.22.97.1. Executed ABC.
Extracted 4 gates and 13 wires to a netlist network with 9 inputs and 4 outputs.
Running ABC script: <abc-temp-dir>/abc.script
ABC: ======== ABC command line "source <abc-temp-dir>/abc.script"
ABC: + read_blif <abc-temp-dir>/input.blif 
ABC: + read_library <abc-temp-dir>/stdcells.genlib 
ABC: + strash 
ABC: + &get -n 
ABC: + &fraig -x 
ABC: + &put 
ABC: + scorr 
ABC: Warning: The network is combinational (run "fraig" or "fraig_sweep").
ABC: + dc2 
ABC: + dretime 
ABC: + strash 
ABC: + &get -n 
ABC: + &dch -f 
ABC: + &nf 
ABC: + &put 
ABC: + write_blif <abc-temp-dir>/output.blif 

14.22.97.2. Re-integrating ABC results.
ABC RESULTS:               AND cells:        1
ABC RESULTS:               MUX cells:        3
ABC RESULTS:        internal signals:        0
ABC RESULTS:           input signals:        9
ABC RESULTS:          output signals:        4
Removing temp directory.

14.22.97.1. Executed ABC.
Extracted 13 gates and 17 wires to a netlist network with 4 inputs and 5 outputs.
Running ABC script: <abc-temp-dir>/abc.script
ABC: ======== ABC command line "source <abc-temp-dir>/abc.script"
ABC: + read_blif <abc-temp-dir>/input.blif 
ABC: + read_library <abc-temp-dir>/stdcells.genlib 
ABC: + strash 
ABC: + &get -n 
ABC: + &fraig -x 
ABC: + &put 
ABC: + scorr 
ABC: Warning: The network is combinational (run "fraig" or "fraig_sweep").
ABC: + dc2 
ABC: + dretime 
ABC: + strash 
ABC: + &get -n 
ABC: + &dch -f 
ABC: + &nf 
ABC: + &put 
ABC: + write_blif <abc-temp-dir>/output.blif 

14.22.97.2. Re-integrating ABC results.
ABC RESULTS:            ANDNOT cells:        1
ABC RESULTS:               NOT cells:        1
ABC RESULTS:                OR cells:        1
ABC RESULTS:             ORNOT cells:        1
ABC RESULTS:              XNOR cells:        2
ABC RESULTS:               XOR cells:        1
ABC RESULTS:        internal signals:        8
ABC RESULTS:           input signals:        4
ABC RESULTS:          output signals:        5
Removing temp directory.

14.22.97.1. Executed ABC.
Extracted 20 gates and 39 wires to a netlist network with 18 inputs and 13 outputs.
Running ABC script: <abc-temp-dir>/abc.script
ABC: ======== ABC command line "source <abc-temp-dir>/abc.script"
ABC: + read_blif <abc-temp-dir>/input.blif 
ABC: + read_library <abc-temp-dir>/stdcells.genlib 
ABC: + strash 
ABC: + &get -n 
ABC: + &fraig -x 
ABC: + &put 
ABC: + scorr 
ABC: Warning: The network is combinational (run "fraig" or "fraig_sweep").
ABC: + dc2 
ABC: + dretime 
ABC: + strash 
ABC: + &get -n 
ABC: + &dch -f 
ABC: + &nf 
ABC: + &put 
ABC: + write_blif <abc-temp-dir>/output.blif 

14.22.97.2. Re-integrating ABC results.
ABC RESULTS:               AND cells:       13
ABC RESULTS:            ANDNOT cells:        1
ABC RESULTS:               NOR cells:        1
ABC RESULTS:               NOT cells:        1
ABC RESULTS:                OR cells:        1
ABC RESULTS:              XNOR cells:        1
ABC RESULTS:        internal signals:        8
ABC RESULTS:           input signals:       18
ABC RESULTS:          output signals:       13
Removing temp directory.

14.22.97.1. Executed ABC.
Extracted 68 gates and 144 wires to a netlist network with 75 inputs and 16 outputs.
Running ABC script: <abc-temp-dir>/abc.script
ABC: ======== ABC command line "source <abc-temp-dir>/abc.script"
ABC: + read_blif <abc-temp-dir>/input.blif 
ABC: + read_library <abc-temp-dir>/stdcells.genlib 
ABC: + strash 
ABC: + &get -n 
ABC: + &fraig -x 
ABC: + &put 
ABC: + scorr 
ABC: Warning: The network is combinational (run "fraig" or "fraig_sweep").
ABC: + dc2 
ABC: + dretime 
ABC: + strash 
ABC: + &get -n 
ABC: + &dch -f 
ABC: + &nf 
ABC: + &put 
ABC: + write_blif <abc-temp-dir>/output.blif 

14.22.97.2. Re-integrating ABC results.
ABC RESULTS:               AND cells:       29
ABC RESULTS:            ANDNOT cells:        4
ABC RESULTS:               MUX cells:       19
ABC RESULTS:              NAND cells:       45
ABC RESULTS:               NOR cells:        6
ABC RESULTS:                OR cells:        2
ABC RESULTS:             ORNOT cells:       16
ABC RESULTS:              XNOR cells:        3
ABC RESULTS:               XOR cells:        2
ABC RESULTS:        internal signals:       53
ABC RESULTS:           input signals:       75
ABC RESULTS:          output signals:       16
Removing temp directory.

14.22.97.1. Executed ABC.
Extracted 76 gates and 96 wires to a netlist network with 19 inputs and 13 outputs.
Running ABC script: <abc-temp-dir>/abc.script
ABC: ======== ABC command line "source <abc-temp-dir>/abc.script"
ABC: + read_blif <abc-temp-dir>/input.blif 
ABC: + read_library <abc-temp-dir>/stdcells.genlib 
ABC: + strash 
ABC: + &get -n 
ABC: + &fraig -x 
ABC: + &put 
ABC: + scorr 
ABC: Warning: The network is combinational (run "fraig" or "fraig_sweep").
ABC: + dc2 
ABC: + dretime 
ABC: + strash 
ABC: + &get -n 
ABC: + &dch -f 
ABC: + &nf 
ABC: + &put 
ABC: + write_blif <abc-temp-dir>/output.blif 

14.22.97.2. Re-integrating ABC results.
ABC RESULTS:               AND cells:       11
ABC RESULTS:            ANDNOT cells:        3
ABC RESULTS:               MUX cells:        2
ABC RESULTS:              NAND cells:        9
ABC RESULTS:               NOR cells:        2
ABC RESULTS:               NOT cells:        3
ABC RESULTS:                OR cells:        4
ABC RESULTS:              XNOR cells:        1
ABC RESULTS:        internal signals:       64
ABC RESULTS:           input signals:       19
ABC RESULTS:          output signals:       13
Removing temp directory.

14.22.97.1. Executed ABC.
Extracted 38 gates and 63 wires to a netlist network with 23 inputs and 9 outputs.
Running ABC script: <abc-temp-dir>/abc.script
ABC: ======== ABC command line "source <abc-temp-dir>/abc.script"
ABC: + read_blif <abc-temp-dir>/input.blif 
ABC: + read_library <abc-temp-dir>/stdcells.genlib 
ABC: + strash 
ABC: + &get -n 
ABC: + &fraig -x 
ABC: + &put 
ABC: + scorr 
ABC: Warning: The network is combinational (run "fraig" or "fraig_sweep").
ABC: + dc2 
ABC: + dretime 
ABC: + strash 
ABC: + &get -n 
ABC: + &dch -f 
ABC: + &nf 
ABC: + &put 
ABC: + write_blif <abc-temp-dir>/output.blif 

14.22.97.2. Re-integrating ABC results.
ABC RESULTS:               AND cells:       11
ABC RESULTS:            ANDNOT cells:        1
ABC RESULTS:              NAND cells:        7
ABC RESULTS:               NOR cells:        6
ABC RESULTS:               NOT cells:        1
ABC RESULTS:                OR cells:        4
ABC RESULTS:             ORNOT cells:        3
ABC RESULTS:        internal signals:       31
ABC RESULTS:           input signals:       23
ABC RESULTS:          output signals:        9
Removing temp directory.

14.22.97.1. Executed ABC.
Extracted 2 gates and 4 wires to a netlist network with 2 inputs and 2 outputs.
Running ABC script: <abc-temp-dir>/abc.script
ABC: ======== ABC command line "source <abc-temp-dir>/abc.script"
ABC: + read_blif <abc-temp-dir>/input.blif 
ABC: + read_library <abc-temp-dir>/stdcells.genlib 
ABC: + strash 
ABC: + &get -n 
ABC: + &fraig -x 
ABC: + &put 
ABC: + scorr 
ABC: Warning: The network is combinational (run "fraig" or "fraig_sweep").
ABC: + dc2 
ABC: + dretime 
ABC: + strash 
ABC: + &get -n 
ABC: + &dch -f 
ABC: + &nf 
ABC: + &put 
ABC: + write_blif <abc-temp-dir>/output.blif 

14.22.97.2. Re-integrating ABC results.
ABC RESULTS:            ANDNOT cells:        1
ABC RESULTS:               NOT cells:        1
ABC RESULTS:        internal signals:        0
ABC RESULTS:           input signals:        2
ABC RESULTS:          output signals:        2
Removing temp directory.

14.22.97.1. Executed ABC.
Extracted 13 gates and 27 wires to a netlist network with 14 inputs and 7 outputs.
Running ABC script: <abc-temp-dir>/abc.script
ABC: ======== ABC command line "source <abc-temp-dir>/abc.script"
ABC: + read_blif <abc-temp-dir>/input.blif 
ABC: + read_library <abc-temp-dir>/stdcells.genlib 
ABC: + strash 
ABC: + &get -n 
ABC: + &fraig -x 
ABC: + &put 
ABC: + scorr 
ABC: Warning: The network is combinational (run "fraig" or "fraig_sweep").
ABC: + dc2 
ABC: + dretime 
ABC: + strash 
ABC: + &get -n 
ABC: + &dch -f 
ABC: + &nf 
ABC: + &put 
ABC: + write_blif <abc-temp-dir>/output.blif 

14.22.97.2. Re-integrating ABC results.
ABC RESULTS:               AND cells:        1
ABC RESULTS:            ANDNOT cells:        3
ABC RESULTS:               NOR cells:        1
ABC RESULTS:               NOT cells:        1
ABC RESULTS:                OR cells:        3
ABC RESULTS:             ORNOT cells:        1
ABC RESULTS:        internal signals:        6
ABC RESULTS:           input signals:       14
ABC RESULTS:          output signals:        7
Removing temp directory.

14.22.97.1. Executed ABC.
Extracted 97 gates and 119 wires to a netlist network with 20 inputs and 21 outputs.
Running ABC script: <abc-temp-dir>/abc.script
ABC: ======== ABC command line "source <abc-temp-dir>/abc.script"
ABC: + read_blif <abc-temp-dir>/input.blif 
ABC: + read_library <abc-temp-dir>/stdcells.genlib 
ABC: + strash 
ABC: + &get -n 
ABC: + &fraig -x 
ABC: + &put 
ABC: + scorr 
ABC: Warning: The network is combinational (run "fraig" or "fraig_sweep").
ABC: + dc2 
ABC: + dretime 
ABC: + strash 
ABC: + &get -n 
ABC: + &dch -f 
ABC: + &nf 
ABC: + &put 
ABC: + write_blif <abc-temp-dir>/output.blif 

14.22.97.2. Re-integrating ABC results.
ABC RESULTS:               AND cells:       23
ABC RESULTS:            ANDNOT cells:        3
ABC RESULTS:               MUX cells:        2
ABC RESULTS:              NAND cells:       27
ABC RESULTS:               NOR cells:        4
ABC RESULTS:               NOT cells:        5
ABC RESULTS:                OR cells:       11
ABC RESULTS:             ORNOT cells:        7
ABC RESULTS:              XNOR cells:        2
ABC RESULTS:        internal signals:       78
ABC RESULTS:           input signals:       20
ABC RESULTS:          output signals:       21
Removing temp directory.

14.22.97.1. Executed ABC.
Extracted 7 gates and 13 wires to a netlist network with 6 inputs and 5 outputs.
Running ABC script: <abc-temp-dir>/abc.script
ABC: ======== ABC command line "source <abc-temp-dir>/abc.script"
ABC: + read_blif <abc-temp-dir>/input.blif 
ABC: + read_library <abc-temp-dir>/stdcells.genlib 
ABC: + strash 
ABC: + &get -n 
ABC: + &fraig -x 
ABC: + &put 
ABC: + scorr 
ABC: Warning: The network is combinational (run "fraig" or "fraig_sweep").
ABC: + dc2 
ABC: + dretime 
ABC: + strash 
ABC: + &get -n 
ABC: + &dch -f 
ABC: + &nf 
ABC: + &put 
ABC: + write_blif <abc-temp-dir>/output.blif 

14.22.97.2. Re-integrating ABC results.
ABC RESULTS:               AND cells:        3
ABC RESULTS:            ANDNOT cells:        1
ABC RESULTS:               NOT cells:        2
ABC RESULTS:                OR cells:        1
ABC RESULTS:        internal signals:        2
ABC RESULTS:           input signals:        6
ABC RESULTS:          output signals:        5
Removing temp directory.

14.22.97.1. Executed ABC.
Extracted 34 gates and 58 wires to a netlist network with 22 inputs and 10 outputs.
Running ABC script: <abc-temp-dir>/abc.script
ABC: ======== ABC command line "source <abc-temp-dir>/abc.script"
ABC: + read_blif <abc-temp-dir>/input.blif 
ABC: + read_library <abc-temp-dir>/stdcells.genlib 
ABC: + strash 
ABC: + &get -n 
ABC: + &fraig -x 
ABC: + &put 
ABC: + scorr 
ABC: Warning: The network is combinational (run "fraig" or "fraig_sweep").
ABC: + dc2 
ABC: + dretime 
ABC: + strash 
ABC: + &get -n 
ABC: + &dch -f 
ABC: + &nf 
ABC: + &put 
ABC: + write_blif <abc-temp-dir>/output.blif 

14.22.97.2. Re-integrating ABC results.
ABC RESULTS:               AND cells:       10
ABC RESULTS:            ANDNOT cells:        2
ABC RESULTS:              NAND cells:       10
ABC RESULTS:               NOR cells:        1
ABC RESULTS:               NOT cells:        1
ABC RESULTS:                OR cells:        1
ABC RESULTS:             ORNOT cells:        2
ABC RESULTS:        internal signals:       26
ABC RESULTS:           input signals:       22
ABC RESULTS:          output signals:       10
Removing temp directory.
Removing global temp directory.

14.23. Executing OPT pass (performing simple optimizations).

14.23.1. Executing OPT_EXPR pass (perform const folding).
Optimizing module wire_arch_a_parser_top.
Optimizing module wire_itch_decoder.
<suppressed ~6 debug messages>
Optimizing module wire_mold_message_framer.
<suppressed ~2 debug messages>
Optimizing module wire_mold_header_seq.
<suppressed ~2 debug messages>
Optimizing module wire_udp_parser.
<suppressed ~2 debug messages>
Optimizing module wire_ipv4_parser.
<suppressed ~2 debug messages>
Optimizing module wire_eth_parser.
<suppressed ~1 debug messages>
Optimizing module wire_gearbox_64to8.
Optimizing module wire_ingress_buffer.

14.23.2. Executing OPT_MERGE pass (detect identical cells).
Finding identical cells in module `\wire_arch_a_parser_top'.
Computing hashes of 47 cells of `\wire_arch_a_parser_top'.
Finding duplicate cells in `\wire_arch_a_parser_top'.
Finding identical cells in module `\wire_itch_decoder'.
Computing hashes of 2592 cells of `\wire_itch_decoder'.
Finding duplicate cells in `\wire_itch_decoder'.
Computing hashes of 2562 cells of `\wire_itch_decoder'.
Finding duplicate cells in `\wire_itch_decoder'.
Computing hashes of 2561 cells of `\wire_itch_decoder'.
Finding duplicate cells in `\wire_itch_decoder'.
<suppressed ~93 debug messages>
Finding identical cells in module `\wire_mold_message_framer'.
Computing hashes of 727 cells of `\wire_mold_message_framer'.
Finding duplicate cells in `\wire_mold_message_framer'.
Computing hashes of 726 cells of `\wire_mold_message_framer'.
Finding duplicate cells in `\wire_mold_message_framer'.
<suppressed ~3 debug messages>
Finding identical cells in module `\wire_mold_header_seq'.
Computing hashes of 1800 cells of `\wire_mold_header_seq'.
Finding duplicate cells in `\wire_mold_header_seq'.
Computing hashes of 1791 cells of `\wire_mold_header_seq'.
Finding duplicate cells in `\wire_mold_header_seq'.
<suppressed ~27 debug messages>
Finding identical cells in module `\wire_udp_parser'.
Computing hashes of 790 cells of `\wire_udp_parser'.
Finding duplicate cells in `\wire_udp_parser'.
Computing hashes of 787 cells of `\wire_udp_parser'.
Finding duplicate cells in `\wire_udp_parser'.
<suppressed ~9 debug messages>
Finding identical cells in module `\wire_ipv4_parser'.
Computing hashes of 2009 cells of `\wire_ipv4_parser'.
Finding duplicate cells in `\wire_ipv4_parser'.
Computing hashes of 2006 cells of `\wire_ipv4_parser'.
Finding duplicate cells in `\wire_ipv4_parser'.
<suppressed ~9 debug messages>
Finding identical cells in module `\wire_eth_parser'.
Computing hashes of 155 cells of `\wire_eth_parser'.
Finding duplicate cells in `\wire_eth_parser'.
Computing hashes of 153 cells of `\wire_eth_parser'.
Finding duplicate cells in `\wire_eth_parser'.
<suppressed ~6 debug messages>
Finding identical cells in module `\wire_gearbox_64to8'.
Computing hashes of 252 cells of `\wire_gearbox_64to8'.
Finding duplicate cells in `\wire_gearbox_64to8'.
Computing hashes of 251 cells of `\wire_gearbox_64to8'.
Finding duplicate cells in `\wire_gearbox_64to8'.
<suppressed ~3 debug messages>
Finding identical cells in module `\wire_ingress_buffer'.
Computing hashes of 240 cells of `\wire_ingress_buffer'.
Finding duplicate cells in `\wire_ingress_buffer'.
Removed a total of 50 cells.

14.23.3. Executing OPT_DFF pass (perform DFF optimizations).

14.23.4. Executing OPT_CLEAN pass (remove unused cells and wires).
Finding unused cells or wires in module \wire_arch_a_parser_top..
Finding unused cells or wires in module \wire_itch_decoder..
Finding unused cells or wires in module \wire_mold_message_framer..
Finding unused cells or wires in module \wire_mold_header_seq..
Finding unused cells or wires in module \wire_udp_parser..
Finding unused cells or wires in module \wire_ipv4_parser..
Finding unused cells or wires in module \wire_eth_parser..
Finding unused cells or wires in module \wire_gearbox_64to8..
Finding unused cells or wires in module \wire_ingress_buffer..
Removed 0 unused cells and 6429 unused wires.
<suppressed ~20 debug messages>

14.23.5. Finished fast OPT passes.

14.24. Executing HIERARCHY pass (managing design hierarchy).
Attribute `top' found on module `wire_arch_a_parser_top'. Setting top module to wire_arch_a_parser_top.

14.24.1. Analyzing design hierarchy..
Top module:  \wire_arch_a_parser_top
Used module:     \wire_udp_parser
Used module:     \wire_itch_decoder
Used module:     \wire_mold_header_seq
Used module:     \wire_ipv4_parser
Used module:     \wire_gearbox_64to8
Used module:     \wire_ingress_buffer
Used module:     \wire_mold_message_framer
Used module:     \wire_eth_parser

14.24.2. Analyzing design hierarchy..
Top module:  \wire_arch_a_parser_top
Used module:     \wire_udp_parser
Used module:     \wire_itch_decoder
Used module:     \wire_mold_header_seq
Used module:     \wire_ipv4_parser
Used module:     \wire_gearbox_64to8
Used module:     \wire_ingress_buffer
Used module:     \wire_mold_message_framer
Used module:     \wire_eth_parser
Removed 0 unused modules.

14.25. Printing statistics.

=== wire_arch_a_parser_top ===

        +----------Local Count, excluding submodules.
        | 
      144 wires
     1215 wire bits
      116 public wires
     1187 public wire bits
       51 ports
      786 port bits
       39 cells
        3   $_ANDNOT_
       13   $_AND_
       10   $_NAND_
        1   $_NOR_
        3   $_NOT_
        2   $_ORNOT_
        2   $_OR_
        5   $_SDFFE_PP0P_
        8 submodules
        1   wire_eth_parser
        1   wire_gearbox_64to8
        1   wire_ingress_buffer
        1   wire_ipv4_parser
        1   wire_itch_decoder
        1   wire_mold_header_seq
        1   wire_mold_message_framer
        1   wire_udp_parser

=== wire_itch_decoder ===

        +----------Local Count, excluding submodules.
        | 
     1864 wires
     3120 wire bits
      102 public wires
     1333 public wire bits
       38 ports
      525 port bits
     2561 cells
      339   $_ANDNOT_
      551   $_AND_
      353   $_DFFE_PP_
        5   $_MUX_
      401   $_NAND_
      106   $_NOR_
       38   $_NOT_
      135   $_ORNOT_
      107   $_OR_
      429   $_SDFFE_PP0P_
        1   $_SDFF_PP0_
        6   $_XNOR_
       90   $_XOR_

=== wire_mold_message_framer ===

        +----------Local Count, excluding submodules.
        | 
      492 wires
     1040 wire bits
       47 public wires
      376 public wire bits
       28 ports
      199 port bits
      726 cells
       18   $_ANDNOT_
      179   $_AND_
       71   $_MUX_
       51   $_NAND_
       31   $_NOR_
       18   $_NOT_
       25   $_ORNOT_
       49   $_OR_
      133   $_SDFFE_PP0P_
       26   $_SDFF_PP0_
       16   $_XNOR_
      109   $_XOR_

=== wire_mold_header_seq ===

        +----------Local Count, excluding submodules.
        | 
     1337 wires
     2704 wire bits
       53 public wires
     1056 public wire bits
       28 ports
      327 port bits
     1791 cells
       57   $_ANDNOT_
      342   $_AND_
      144   $_DFFE_PP_
       71   $_MUX_
      510   $_NAND_
       92   $_NOR_
       24   $_NOT_
       21   $_ORNOT_
       34   $_OR_
      244   $_SDFFE_PP0P_
        4   $_SDFFE_PP1P_
       12   $_SDFF_PP0_
        1   $_SDFF_PP1_
       10   $_XNOR_
      225   $_XOR_

=== wire_udp_parser ===

        +----------Local Count, excluding submodules.
        | 
      664 wires
     1137 wire bits
       35 public wires
      289 public wire bits
       15 ports
       46 port bits
      787 cells
       42   $_ANDNOT_
      146   $_AND_
       19   $_MUX_
      238   $_NAND_
       42   $_NOR_
       35   $_NOT_
       18   $_ORNOT_
       59   $_OR_
      101   $_SDFFE_PP0P_
        3   $_SDFFE_PP1P_
        8   $_SDFF_PP0_
       18   $_XNOR_
       58   $_XOR_

=== wire_ipv4_parser ===

        +----------Local Count, excluding submodules.
        | 
     1763 wires
     3131 wire bits
       34 public wires
      820 public wire bits
       15 ports
       63 port bits
     2006 cells
       70   $_ANDNOT_
      328   $_AND_
       22   $_MUX_
      812   $_NAND_
       43   $_NOR_
       39   $_NOT_
       43   $_ORNOT_
      117   $_OR_
      181   $_SDFFE_PP0P_
       11   $_SDFF_PP0_
      103   $_XNOR_
      237   $_XOR_

=== wire_eth_parser ===

        +----------Local Count, excluding submodules.
        | 
      145 wires
      182 wire bits
       23 public wires
       57 public wire bits
       14 ports
       29 port bits
      153 cells
        8   $_ANDNOT_
       35   $_AND_
        2   $_MUX_
       34   $_NAND_
       11   $_NOR_
        7   $_NOT_
       11   $_ORNOT_
       16   $_OR_
       19   $_SDFFE_PP0P_
        8   $_SDFF_PP0_
        2   $_XNOR_

=== wire_gearbox_64to8 ===

        +----------Local Count, excluding submodules.
        | 
      180 wires
      344 wire bits
       19 public wires
      171 public wire bits
       11 ports
       88 port bits
      251 cells
        8   $_ANDNOT_
       52   $_AND_
       21   $_MUX_
       54   $_NAND_
        9   $_NOR_
        4   $_NOT_
       16   $_ORNOT_
        7   $_OR_
       73   $_SDFFE_PP0P_
        5   $_XNOR_
        2   $_XOR_

=== wire_ingress_buffer ===

        +----------Local Count, excluding submodules.
        | 
       35 wires
      380 wire bits
       23 public wires
      304 public wire bits
       12 ports
      152 port bits
      240 cells
        2   $_ANDNOT_
        4   $_AND_
      146   $_DFFE_PP_
       73   $_MUX_
        3   $_NOT_
        1   $_ORNOT_
        2   $_OR_
        4   $_SDFFE_PP0P_
        1   $_SDFF_PP0_
        3   $_XNOR_
        1   $_XOR_

=== design hierarchy ===

        +----------Count including submodules.
        | 
     8554 wire_arch_a_parser_top
      153 wire_eth_parser
      251 wire_gearbox_64to8
      240 wire_ingress_buffer
     2006 wire_ipv4_parser
     2561 wire_itch_decoder
     1791 wire_mold_header_seq
      726 wire_mold_message_framer
      787 wire_udp_parser

        +----------Count including submodules.
        | 
     6624 wires
    13253 wire bits
      452 public wires
     5593 public wire bits
      212 ports
     2215 port bits
        - memories
        - memory bits
        - processes
     8554 cells
      547   $_ANDNOT_
     1650   $_AND_
      643   $_DFFE_PP_
      284   $_MUX_
     2110   $_NAND_
      335   $_NOR_
      171   $_NOT_
      272   $_ORNOT_
      393   $_OR_
     1189   $_SDFFE_PP0P_
        7   $_SDFFE_PP1P_
       67   $_SDFF_PP0_
        1   $_SDFF_PP1_
      163   $_XNOR_
      722   $_XOR_
        8 submodules
        1   wire_eth_parser
        1   wire_gearbox_64to8
        1   wire_ingress_buffer
        1   wire_ipv4_parser
        1   wire_itch_decoder
        1   wire_mold_header_seq
        1   wire_mold_message_framer
        1   wire_udp_parser

14.26. Executing CHECK pass (checking for obvious problems).
Checking module wire_arch_a_parser_top...
Checking module wire_itch_decoder...
Checking module wire_mold_message_framer...
Checking module wire_mold_header_seq...
Checking module wire_udp_parser...
Checking module wire_ipv4_parser...
Checking module wire_eth_parser...
Checking module wire_gearbox_64to8...
Checking module wire_ingress_buffer...
Found and reported 0 problems.

15. Executing CHECK pass (checking for obvious problems).
Checking module wire_arch_a_parser_top...
Checking module wire_itch_decoder...
Checking module wire_mold_message_framer...
Checking module wire_mold_header_seq...
Checking module wire_udp_parser...
Checking module wire_ipv4_parser...
Checking module wire_eth_parser...
Checking module wire_gearbox_64to8...
Checking module wire_ingress_buffer...
Found and reported 0 problems.

16. Printing statistics.

=== wire_arch_a_parser_top ===

        +----------Local Count, excluding submodules.
        | 
      144 wires
     1215 wire bits
      116 public wires
     1187 public wire bits
       51 ports
      786 port bits
       39 cells
        3   $_ANDNOT_
       13   $_AND_
       10   $_NAND_
        1   $_NOR_
        3   $_NOT_
        2   $_ORNOT_
        2   $_OR_
        5   $_SDFFE_PP0P_
        8 submodules
        1   wire_eth_parser
        1   wire_gearbox_64to8
        1   wire_ingress_buffer
        1   wire_ipv4_parser
        1   wire_itch_decoder
        1   wire_mold_header_seq
        1   wire_mold_message_framer
        1   wire_udp_parser

=== wire_itch_decoder ===

        +----------Local Count, excluding submodules.
        | 
     1864 wires
     3120 wire bits
      102 public wires
     1333 public wire bits
       38 ports
      525 port bits
     2561 cells
      339   $_ANDNOT_
      551   $_AND_
      353   $_DFFE_PP_
        5   $_MUX_
      401   $_NAND_
      106   $_NOR_
       38   $_NOT_
      135   $_ORNOT_
      107   $_OR_
      429   $_SDFFE_PP0P_
        1   $_SDFF_PP0_
        6   $_XNOR_
       90   $_XOR_

=== wire_mold_message_framer ===

        +----------Local Count, excluding submodules.
        | 
      492 wires
     1040 wire bits
       47 public wires
      376 public wire bits
       28 ports
      199 port bits
      726 cells
       18   $_ANDNOT_
      179   $_AND_
       71   $_MUX_
       51   $_NAND_
       31   $_NOR_
       18   $_NOT_
       25   $_ORNOT_
       49   $_OR_
      133   $_SDFFE_PP0P_
       26   $_SDFF_PP0_
       16   $_XNOR_
      109   $_XOR_

=== wire_mold_header_seq ===

        +----------Local Count, excluding submodules.
        | 
     1337 wires
     2704 wire bits
       53 public wires
     1056 public wire bits
       28 ports
      327 port bits
     1791 cells
       57   $_ANDNOT_
      342   $_AND_
      144   $_DFFE_PP_
       71   $_MUX_
      510   $_NAND_
       92   $_NOR_
       24   $_NOT_
       21   $_ORNOT_
       34   $_OR_
      244   $_SDFFE_PP0P_
        4   $_SDFFE_PP1P_
       12   $_SDFF_PP0_
        1   $_SDFF_PP1_
       10   $_XNOR_
      225   $_XOR_

=== wire_udp_parser ===

        +----------Local Count, excluding submodules.
        | 
      664 wires
     1137 wire bits
       35 public wires
      289 public wire bits
       15 ports
       46 port bits
      787 cells
       42   $_ANDNOT_
      146   $_AND_
       19   $_MUX_
      238   $_NAND_
       42   $_NOR_
       35   $_NOT_
       18   $_ORNOT_
       59   $_OR_
      101   $_SDFFE_PP0P_
        3   $_SDFFE_PP1P_
        8   $_SDFF_PP0_
       18   $_XNOR_
       58   $_XOR_

=== wire_ipv4_parser ===

        +----------Local Count, excluding submodules.
        | 
     1763 wires
     3131 wire bits
       34 public wires
      820 public wire bits
       15 ports
       63 port bits
     2006 cells
       70   $_ANDNOT_
      328   $_AND_
       22   $_MUX_
      812   $_NAND_
       43   $_NOR_
       39   $_NOT_
       43   $_ORNOT_
      117   $_OR_
      181   $_SDFFE_PP0P_
       11   $_SDFF_PP0_
      103   $_XNOR_
      237   $_XOR_

=== wire_eth_parser ===

        +----------Local Count, excluding submodules.
        | 
      145 wires
      182 wire bits
       23 public wires
       57 public wire bits
       14 ports
       29 port bits
      153 cells
        8   $_ANDNOT_
       35   $_AND_
        2   $_MUX_
       34   $_NAND_
       11   $_NOR_
        7   $_NOT_
       11   $_ORNOT_
       16   $_OR_
       19   $_SDFFE_PP0P_
        8   $_SDFF_PP0_
        2   $_XNOR_

=== wire_gearbox_64to8 ===

        +----------Local Count, excluding submodules.
        | 
      180 wires
      344 wire bits
       19 public wires
      171 public wire bits
       11 ports
       88 port bits
      251 cells
        8   $_ANDNOT_
       52   $_AND_
       21   $_MUX_
       54   $_NAND_
        9   $_NOR_
        4   $_NOT_
       16   $_ORNOT_
        7   $_OR_
       73   $_SDFFE_PP0P_
        5   $_XNOR_
        2   $_XOR_

=== wire_ingress_buffer ===

        +----------Local Count, excluding submodules.
        | 
       35 wires
      380 wire bits
       23 public wires
      304 public wire bits
       12 ports
      152 port bits
      240 cells
        2   $_ANDNOT_
        4   $_AND_
      146   $_DFFE_PP_
       73   $_MUX_
        3   $_NOT_
        1   $_ORNOT_
        2   $_OR_
        4   $_SDFFE_PP0P_
        1   $_SDFF_PP0_
        3   $_XNOR_
        1   $_XOR_

=== design hierarchy ===

        +----------Count including submodules.
        | 
     8554 wire_arch_a_parser_top
      153 wire_eth_parser
      251 wire_gearbox_64to8
      240 wire_ingress_buffer
     2006 wire_ipv4_parser
     2561 wire_itch_decoder
     1791 wire_mold_header_seq
      726 wire_mold_message_framer
      787 wire_udp_parser

        +----------Count including submodules.
        | 
     6624 wires
    13253 wire bits
      452 public wires
     5593 public wire bits
      212 ports
     2215 port bits
        - memories
        - memory bits
        - processes
     8554 cells
      547   $_ANDNOT_
     1650   $_AND_
      643   $_DFFE_PP_
      284   $_MUX_
     2110   $_NAND_
      335   $_NOR_
      171   $_NOT_
      272   $_ORNOT_
      393   $_OR_
     1189   $_SDFFE_PP0P_
        7   $_SDFFE_PP1P_
       67   $_SDFF_PP0_
        1   $_SDFF_PP1_
      163   $_XNOR_
      722   $_XOR_
        8 submodules
        1   wire_eth_parser
        1   wire_gearbox_64to8
        1   wire_ingress_buffer
        1   wire_ipv4_parser
        1   wire_itch_decoder
        1   wire_mold_header_seq
        1   wire_mold_message_framer
        1   wire_udp_parser

End of script. Logfile hash: 7787fbb109, time: 1.49s, user: 1.17s, system: 0.16s, MEM: 116.50 MB peak
Yosys 0.69+154 (git sha1 30d62572e-dirty, Release, Clang /usr/local/osxcross/target/bin/aarch64-apple-darwin25.5-clang++ 21.1.8)
Time spent: 78% 1x abc (4 sec), 5% 57x opt_expr (0 sec), ...
