
 /----------------------------------------------------------------------------\
 |  yosys -- Yosys Open SYnthesis Suite                                       |
 |  Copyright (C) 2012 - 2026  Claire Xenia Wolf <claire@yosyshq.com>         |
 |  Distributed under an ISC-like license, type "license" to see terms        |
 \----------------------------------------------------------------------------/
 Yosys 0.69+154 (git sha1 30d62572e-dirty, Release, Clang /usr/local/osxcross/target/bin/aarch64-apple-darwin25.5-clang++ 21.1.8)

-- Running command `read_verilog -sv rtl/common/wire_ingress_buffer.sv rtl/common/wire_order_book.sv rtl/arch_a/wire_gearbox_64to8.sv rtl/arch_a/wire_eth_parser.sv rtl/arch_a/wire_ipv4_parser.sv rtl/arch_a/wire_udp_parser.sv rtl/arch_a/wire_mold_header_seq.sv rtl/arch_a/wire_mold_message_framer.sv rtl/arch_a/wire_itch_decoder.sv rtl/arch_a/wire_arch_a_parser_top.sv rtl/arch_a/wire_arch_a_parser_book_top.sv; hierarchy -top wire_arch_a_parser_book_top; proc; opt; check; stat' --

1. Executing Verilog-2005 frontend: rtl/common/wire_ingress_buffer.sv
Parsing SystemVerilog input from `rtl/common/wire_ingress_buffer.sv' to AST representation.
Generating RTLIL representation for module `\wire_ingress_buffer'.
Successfully finished Verilog frontend.

2. Executing Verilog-2005 frontend: rtl/common/wire_order_book.sv
Parsing SystemVerilog input from `rtl/common/wire_order_book.sv' to AST representation.
Generating RTLIL representation for module `\wire_order_book'.
Successfully finished Verilog frontend.

3. Executing Verilog-2005 frontend: rtl/arch_a/wire_gearbox_64to8.sv
Parsing SystemVerilog input from `rtl/arch_a/wire_gearbox_64to8.sv' to AST representation.
Generating RTLIL representation for module `\wire_gearbox_64to8'.
Successfully finished Verilog frontend.

4. Executing Verilog-2005 frontend: rtl/arch_a/wire_eth_parser.sv
Parsing SystemVerilog input from `rtl/arch_a/wire_eth_parser.sv' to AST representation.
Generating RTLIL representation for module `\wire_eth_parser'.
Successfully finished Verilog frontend.

5. Executing Verilog-2005 frontend: rtl/arch_a/wire_ipv4_parser.sv
Parsing SystemVerilog input from `rtl/arch_a/wire_ipv4_parser.sv' to AST representation.
Generating RTLIL representation for module `\wire_ipv4_parser'.
Successfully finished Verilog frontend.

6. Executing Verilog-2005 frontend: rtl/arch_a/wire_udp_parser.sv
Parsing SystemVerilog input from `rtl/arch_a/wire_udp_parser.sv' to AST representation.
Generating RTLIL representation for module `\wire_udp_parser'.
Successfully finished Verilog frontend.

7. Executing Verilog-2005 frontend: rtl/arch_a/wire_mold_header_seq.sv
Parsing SystemVerilog input from `rtl/arch_a/wire_mold_header_seq.sv' to AST representation.
Generating RTLIL representation for module `\wire_mold_header_seq'.
Successfully finished Verilog frontend.

8. Executing Verilog-2005 frontend: rtl/arch_a/wire_mold_message_framer.sv
Parsing SystemVerilog input from `rtl/arch_a/wire_mold_message_framer.sv' to AST representation.
Generating RTLIL representation for module `\wire_mold_message_framer'.
Successfully finished Verilog frontend.

9. Executing Verilog-2005 frontend: rtl/arch_a/wire_itch_decoder.sv
Parsing SystemVerilog input from `rtl/arch_a/wire_itch_decoder.sv' to AST representation.
Generating RTLIL representation for module `\wire_itch_decoder'.
Successfully finished Verilog frontend.

10. Executing Verilog-2005 frontend: rtl/arch_a/wire_arch_a_parser_top.sv
Parsing SystemVerilog input from `rtl/arch_a/wire_arch_a_parser_top.sv' to AST representation.
Generating RTLIL representation for module `\wire_arch_a_parser_top'.
Successfully finished Verilog frontend.

11. Executing Verilog-2005 frontend: rtl/arch_a/wire_arch_a_parser_book_top.sv
Parsing SystemVerilog input from `rtl/arch_a/wire_arch_a_parser_book_top.sv' to AST representation.
Generating RTLIL representation for module `\wire_arch_a_parser_book_top'.
Successfully finished Verilog frontend.

12. Executing HIERARCHY pass (managing design hierarchy).

12.1. Analyzing design hierarchy..
Top module:  \wire_arch_a_parser_book_top
Used module:     \wire_order_book
Used module:     \wire_arch_a_parser_top
Used module:         \wire_itch_decoder
Used module:         \wire_mold_message_framer
Used module:         \wire_mold_header_seq
Used module:         \wire_udp_parser
Used module:         \wire_ipv4_parser
Used module:         \wire_eth_parser
Used module:         \wire_gearbox_64to8
Used module:         \wire_ingress_buffer
Parameter \NUM_SETS = 512

12.2. Executing AST frontend in derive mode using pre-parsed AST for module `\wire_order_book'.
Parameter \NUM_SETS = 512
Generating RTLIL representation for module `$paramod\wire_order_book\NUM_SETS=s32'00000000000000000000001000000000'.

12.3. Analyzing design hierarchy..
Top module:  \wire_arch_a_parser_book_top
Used module:     $paramod\wire_order_book\NUM_SETS=s32'00000000000000000000001000000000
Used module:     \wire_arch_a_parser_top
Used module:         \wire_itch_decoder
Used module:         \wire_mold_message_framer
Used module:         \wire_mold_header_seq
Used module:         \wire_udp_parser
Used module:         \wire_ipv4_parser
Used module:         \wire_eth_parser
Used module:         \wire_gearbox_64to8
Used module:         \wire_ingress_buffer

12.4. Analyzing design hierarchy..
Top module:  \wire_arch_a_parser_book_top
Used module:     $paramod\wire_order_book\NUM_SETS=s32'00000000000000000000001000000000
Used module:     \wire_arch_a_parser_top
Used module:         \wire_itch_decoder
Used module:         \wire_mold_message_framer
Used module:         \wire_mold_header_seq
Used module:         \wire_udp_parser
Used module:         \wire_ipv4_parser
Used module:         \wire_eth_parser
Used module:         \wire_gearbox_64to8
Used module:         \wire_ingress_buffer
Removing unused module `\wire_order_book'.
Removed 1 unused modules.

13. Executing PROC pass (convert processes to netlists).

13.1. Executing PROC_CLEAN pass (remove empty switches from decision trees).
Cleaned up 0 empty switches.

13.2. Executing PROC_RMDEAD pass (remove dead branches from decision trees).
Marked 6 switch rules as full_case in process $proc$rtl/arch_a/wire_arch_a_parser_top.sv:136$4329 in module wire_arch_a_parser_top.
Marked 1 switch rules as full_case in process $proc$rtl/arch_a/wire_itch_decoder.sv:112$4297 in module wire_itch_decoder.
Marked 1 switch rules as full_case in process $proc$rtl/arch_a/wire_itch_decoder.sv:112$4292 in module wire_itch_decoder.
Marked 15 switch rules as full_case in process $proc$rtl/arch_a/wire_itch_decoder.sv:137$3988 in module wire_itch_decoder.
Marked 13 switch rules as full_case in process $proc$rtl/arch_a/wire_mold_message_framer.sv:112$3930 in module wire_mold_message_framer.
Marked 15 switch rules as full_case in process $proc$rtl/arch_a/wire_mold_header_seq.sv:111$3869 in module wire_mold_header_seq.
Marked 19 switch rules as full_case in process $proc$rtl/arch_a/wire_udp_parser.sv:66$3801 in module wire_udp_parser.
Marked 7 switch rules as full_case in process $proc$rtl/arch_a/wire_ipv4_parser.sv:102$3737 in module wire_ipv4_parser.
Marked 10 switch rules as full_case in process $proc$rtl/arch_a/wire_ipv4_parser.sv:119$3673 in module wire_ipv4_parser.
Marked 6 switch rules as full_case in process $proc$rtl/arch_a/wire_eth_parser.sv:55$3642 in module wire_eth_parser.
Marked 4 switch rules as full_case in process $proc$rtl/arch_a/wire_gearbox_64to8.sv:49$3617 in module wire_gearbox_64to8.
Marked 1 switch rules as full_case in process $proc$rtl/common/wire_order_book.sv:143$7824 in module $paramod\wire_order_book\NUM_SETS=s32'00000000000000000000001000000000.
Removed 1 dead cases from process $proc$rtl/common/wire_order_book.sv:302$5572 in module $paramod\wire_order_book\NUM_SETS=s32'00000000000000000000001000000000.
Marked 6 switch rules as full_case in process $proc$rtl/common/wire_order_book.sv:302$5572 in module $paramod\wire_order_book\NUM_SETS=s32'00000000000000000000001000000000.
Marked 25 switch rules as full_case in process $proc$rtl/common/wire_order_book.sv:164$5400 in module $paramod\wire_order_book\NUM_SETS=s32'00000000000000000000001000000000.
Marked 3 switch rules as full_case in process $proc$rtl/common/wire_ingress_buffer.sv:37$12 in module wire_ingress_buffer.
Removed a total of 1 dead cases.

13.3. Executing PROC_PRUNE pass (remove redundant assignments in processes).
Removed 1 redundant assignment.
Promoted 1165 assignments to connections.

13.4. Executing PROC_INIT pass (extract init attributes).

13.5. Executing PROC_ARST pass (detect async resets in processes).

13.6. Executing PROC_ROM pass (convert switches to ROMs).
Converted 0 switches.
<suppressed ~205 debug messages>

13.7. Executing PROC_MUX pass (convert decision trees to multiplexers).
Creating decoders for process `\wire_arch_a_parser_top.$proc$rtl/arch_a/wire_arch_a_parser_top.sv:136$4329'.
     1/3: $0\frame_open_q[0:0]
     2/3: $0\recovery_stage_q[3:0]
     3/3: $0\parser_recovery_q[0:0]
Creating decoders for process `\wire_itch_decoder.$proc$rtl/arch_a/wire_itch_decoder.sv:112$4297'.
     1/1: $1\required_length$func$rtl/arch_a/wire_itch_decoder.sv:112$3968.$result[15:0]$4301
Creating decoders for process `\wire_itch_decoder.$proc$rtl/arch_a/wire_itch_decoder.sv:112$4292'.
     1/1: $1\required_length$func$rtl/arch_a/wire_itch_decoder.sv:112$3967.$result[15:0]$4296
Creating decoders for process `\wire_itch_decoder.$proc$rtl/arch_a/wire_itch_decoder.sv:137$3988'.
     1/131: $6\u32$func$rtl/arch_a/wire_itch_decoder.sv:218$3957.$result[31:0]$4209
     2/131: $6\u64$func$rtl/arch_a/wire_itch_decoder.sv:218$3956.$result[63:0]$4208
     3/131: $6\u32$func$rtl/arch_a/wire_itch_decoder.sv:222$3966.$result[31:0]$4218
     4/131: $6\u32$func$rtl/arch_a/wire_itch_decoder.sv:222$3965.$result[31:0]$4217
     5/131: $6\u64$func$rtl/arch_a/wire_itch_decoder.sv:222$3964.$result[63:0]$4216
     6/131: $6\u64$func$rtl/arch_a/wire_itch_decoder.sv:222$3963.$result[63:0]$4215
     7/131: $6\u64$func$rtl/arch_a/wire_itch_decoder.sv:221$3962.$result[63:0]$4214
     8/131: $6\u32$func$rtl/arch_a/wire_itch_decoder.sv:220$3961.$result[31:0]$4213
     9/131: $6\u64$func$rtl/arch_a/wire_itch_decoder.sv:220$3960.$result[63:0]$4212
    10/131: $6\u32$func$rtl/arch_a/wire_itch_decoder.sv:219$3959.$result[31:0]$4211
    11/131: $6\u64$func$rtl/arch_a/wire_itch_decoder.sv:219$3958.$result[63:0]$4210
    12/131: $7\u32$func$rtl/arch_a/wire_itch_decoder.sv:212$3955.$result[31:0]$4187
    13/131: $7\u32$func$rtl/arch_a/wire_itch_decoder.sv:212$3954.$result[31:0]$4186
    14/131: $7\u64$func$rtl/arch_a/wire_itch_decoder.sv:212$3953.$result[63:0]$4185
    15/131: $6\u32$func$rtl/arch_a/wire_itch_decoder.sv:212$3955.$result[31:0]$4178
    16/131: $6\u32$func$rtl/arch_a/wire_itch_decoder.sv:212$3954.$result[31:0]$4177
    17/131: $6\u64$func$rtl/arch_a/wire_itch_decoder.sv:212$3953.$result[63:0]$4176
    18/131: $5\u32$func$rtl/arch_a/wire_itch_decoder.sv:212$3955.$result[31:0]$4154
    19/131: $5\u32$func$rtl/arch_a/wire_itch_decoder.sv:212$3954.$result[31:0]$4153
    20/131: $5\u64$func$rtl/arch_a/wire_itch_decoder.sv:212$3953.$result[63:0]$4152
    21/131: $5\u32$func$rtl/arch_a/wire_itch_decoder.sv:222$3966.$result[31:0]$4165
    22/131: $5\u32$func$rtl/arch_a/wire_itch_decoder.sv:222$3965.$result[31:0]$4164
    23/131: $5\u64$func$rtl/arch_a/wire_itch_decoder.sv:222$3964.$result[63:0]$4163
    24/131: $5\u64$func$rtl/arch_a/wire_itch_decoder.sv:222$3963.$result[63:0]$4162
    25/131: $5\u64$func$rtl/arch_a/wire_itch_decoder.sv:221$3962.$result[63:0]$4161
    26/131: $5\u32$func$rtl/arch_a/wire_itch_decoder.sv:220$3961.$result[31:0]$4160
    27/131: $5\u64$func$rtl/arch_a/wire_itch_decoder.sv:220$3960.$result[63:0]$4159
    28/131: $5\u32$func$rtl/arch_a/wire_itch_decoder.sv:219$3959.$result[31:0]$4158
    29/131: $5\u64$func$rtl/arch_a/wire_itch_decoder.sv:219$3958.$result[63:0]$4157
    30/131: $5\u32$func$rtl/arch_a/wire_itch_decoder.sv:218$3957.$result[31:0]$4156
    31/131: $5\u64$func$rtl/arch_a/wire_itch_decoder.sv:218$3956.$result[63:0]$4155
    32/131: $4\u32$func$rtl/arch_a/wire_itch_decoder.sv:222$3966.$result[31:0]$4146
    33/131: $4\u32$func$rtl/arch_a/wire_itch_decoder.sv:222$3965.$result[31:0]$4145
    34/131: $4\u64$func$rtl/arch_a/wire_itch_decoder.sv:222$3964.$result[63:0]$4144
    35/131: $4\u64$func$rtl/arch_a/wire_itch_decoder.sv:222$3963.$result[63:0]$4143
    36/131: $4\u64$func$rtl/arch_a/wire_itch_decoder.sv:221$3962.$result[63:0]$4142
    37/131: $4\u32$func$rtl/arch_a/wire_itch_decoder.sv:220$3961.$result[31:0]$4141
    38/131: $4\u64$func$rtl/arch_a/wire_itch_decoder.sv:220$3960.$result[63:0]$4140
    39/131: $4\u32$func$rtl/arch_a/wire_itch_decoder.sv:219$3959.$result[31:0]$4139
    40/131: $4\u64$func$rtl/arch_a/wire_itch_decoder.sv:219$3958.$result[63:0]$4138
    41/131: $4\u32$func$rtl/arch_a/wire_itch_decoder.sv:218$3957.$result[31:0]$4137
    42/131: $4\u64$func$rtl/arch_a/wire_itch_decoder.sv:218$3956.$result[63:0]$4136
    43/131: $4\u32$func$rtl/arch_a/wire_itch_decoder.sv:212$3955.$result[31:0]$4135
    44/131: $4\u32$func$rtl/arch_a/wire_itch_decoder.sv:212$3954.$result[31:0]$4134
    45/131: $4\u64$func$rtl/arch_a/wire_itch_decoder.sv:212$3953.$result[63:0]$4133
    46/131: $3\u32$func$rtl/arch_a/wire_itch_decoder.sv:222$3966.$result[31:0]$4129
    47/131: $3\u32$func$rtl/arch_a/wire_itch_decoder.sv:222$3965.$result[31:0]$4128
    48/131: $3\u64$func$rtl/arch_a/wire_itch_decoder.sv:222$3964.$result[63:0]$4127
    49/131: $3\u64$func$rtl/arch_a/wire_itch_decoder.sv:222$3963.$result[63:0]$4126
    50/131: $3\u64$func$rtl/arch_a/wire_itch_decoder.sv:221$3962.$result[63:0]$4125
    51/131: $3\u32$func$rtl/arch_a/wire_itch_decoder.sv:220$3961.$result[31:0]$4124
    52/131: $3\u64$func$rtl/arch_a/wire_itch_decoder.sv:220$3960.$result[63:0]$4123
    53/131: $3\u32$func$rtl/arch_a/wire_itch_decoder.sv:219$3959.$result[31:0]$4122
    54/131: $3\u64$func$rtl/arch_a/wire_itch_decoder.sv:219$3958.$result[63:0]$4121
    55/131: $3\u32$func$rtl/arch_a/wire_itch_decoder.sv:218$3957.$result[31:0]$4120
    56/131: $3\u64$func$rtl/arch_a/wire_itch_decoder.sv:218$3956.$result[63:0]$4119
    57/131: $3\u32$func$rtl/arch_a/wire_itch_decoder.sv:212$3955.$result[31:0]$4118
    58/131: $3\u32$func$rtl/arch_a/wire_itch_decoder.sv:212$3954.$result[31:0]$4117
    59/131: $3\u64$func$rtl/arch_a/wire_itch_decoder.sv:212$3953.$result[63:0]$4116
    60/131: $3\u16$func$rtl/arch_a/wire_itch_decoder.sv:205$3952.$result[15:0]$4115
    61/131: $4$memwr$\bytes_q$rtl/arch_a/wire_itch_decoder.sv:167$3969_EN[7:0]$4060
    62/131: $4$memwr$\bytes_q$rtl/arch_a/wire_itch_decoder.sv:167$3969_DATA[7:0]$4059
    63/131: $4$memwr$\bytes_q$rtl/arch_a/wire_itch_decoder.sv:167$3969_ADDR[5:0]$4058
    64/131: $3$memwr$\bytes_q$rtl/arch_a/wire_itch_decoder.sv:167$3969_EN[7:0]$4056
    65/131: $3$memwr$\bytes_q$rtl/arch_a/wire_itch_decoder.sv:167$3969_DATA[7:0]$4055
    66/131: $3$memwr$\bytes_q$rtl/arch_a/wire_itch_decoder.sv:167$3969_ADDR[5:0]$4054
    67/131: $2$memwr$\bytes_q$rtl/arch_a/wire_itch_decoder.sv:167$3969_EN[7:0]$4050
    68/131: $2$memwr$\bytes_q$rtl/arch_a/wire_itch_decoder.sv:167$3969_DATA[7:0]$4049
    69/131: $2$memwr$\bytes_q$rtl/arch_a/wire_itch_decoder.sv:167$3969_ADDR[5:0]$4048
    70/131: $2\u32$func$rtl/arch_a/wire_itch_decoder.sv:222$3966.$result[31:0]$4047
    71/131: $2\u32$func$rtl/arch_a/wire_itch_decoder.sv:222$3965.$result[31:0]$4046
    72/131: $2\u64$func$rtl/arch_a/wire_itch_decoder.sv:222$3964.$result[63:0]$4045
    73/131: $2\u64$func$rtl/arch_a/wire_itch_decoder.sv:222$3963.$result[63:0]$4044
    74/131: $2\u64$func$rtl/arch_a/wire_itch_decoder.sv:221$3962.$result[63:0]$4043
    75/131: $2\u32$func$rtl/arch_a/wire_itch_decoder.sv:220$3961.$result[31:0]$4042
    76/131: $2\u64$func$rtl/arch_a/wire_itch_decoder.sv:220$3960.$result[63:0]$4041
    77/131: $2\u32$func$rtl/arch_a/wire_itch_decoder.sv:219$3959.$result[31:0]$4040
    78/131: $2\u64$func$rtl/arch_a/wire_itch_decoder.sv:219$3958.$result[63:0]$4039
    79/131: $2\u32$func$rtl/arch_a/wire_itch_decoder.sv:218$3957.$result[31:0]$4038
    80/131: $2\u64$func$rtl/arch_a/wire_itch_decoder.sv:218$3956.$result[63:0]$4037
    81/131: $2\u32$func$rtl/arch_a/wire_itch_decoder.sv:212$3955.$result[31:0]$4036
    82/131: $2\u32$func$rtl/arch_a/wire_itch_decoder.sv:212$3954.$result[31:0]$4035
    83/131: $2\u64$func$rtl/arch_a/wire_itch_decoder.sv:212$3953.$result[63:0]$4034
    84/131: $2\u16$func$rtl/arch_a/wire_itch_decoder.sv:205$3952.$result[15:0]$4033
    85/131: $2\u16$func$rtl/arch_a/wire_itch_decoder.sv:200$3951.$result[15:0]$4032
    86/131: $2\u48$func$rtl/arch_a/wire_itch_decoder.sv:199$3950.$result[47:0]$4031
    87/131: $1$memwr$\bytes_q$rtl/arch_a/wire_itch_decoder.sv:167$3969_EN[7:0]$4029
    88/131: $1$memwr$\bytes_q$rtl/arch_a/wire_itch_decoder.sv:167$3969_DATA[7:0]$4028
    89/131: $1$memwr$\bytes_q$rtl/arch_a/wire_itch_decoder.sv:167$3969_ADDR[5:0]$4027
    90/131: $1\u32$func$rtl/arch_a/wire_itch_decoder.sv:222$3966.$result[31:0]$4026
    91/131: $1\u32$func$rtl/arch_a/wire_itch_decoder.sv:222$3965.$result[31:0]$4025
    92/131: $1\u64$func$rtl/arch_a/wire_itch_decoder.sv:222$3964.$result[63:0]$4024
    93/131: $1\u64$func$rtl/arch_a/wire_itch_decoder.sv:222$3963.$result[63:0]$4023
    94/131: $1\u64$func$rtl/arch_a/wire_itch_decoder.sv:221$3962.$result[63:0]$4022
    95/131: $1\u32$func$rtl/arch_a/wire_itch_decoder.sv:220$3961.$result[31:0]$4021
    96/131: $1\u64$func$rtl/arch_a/wire_itch_decoder.sv:220$3960.$result[63:0]$4020
    97/131: $1\u32$func$rtl/arch_a/wire_itch_decoder.sv:219$3959.$result[31:0]$4019
    98/131: $1\u64$func$rtl/arch_a/wire_itch_decoder.sv:219$3958.$result[63:0]$4018
    99/131: $1\u32$func$rtl/arch_a/wire_itch_decoder.sv:218$3957.$result[31:0]$4017
   100/131: $1\u64$func$rtl/arch_a/wire_itch_decoder.sv:218$3956.$result[63:0]$4016
   101/131: $1\u32$func$rtl/arch_a/wire_itch_decoder.sv:212$3955.$result[31:0]$4015
   102/131: $1\u32$func$rtl/arch_a/wire_itch_decoder.sv:212$3954.$result[31:0]$4014
   103/131: $1\u64$func$rtl/arch_a/wire_itch_decoder.sv:212$3953.$result[63:0]$4013
   104/131: $1\u16$func$rtl/arch_a/wire_itch_decoder.sv:205$3952.$result[15:0]$4012
   105/131: $1\u16$func$rtl/arch_a/wire_itch_decoder.sv:200$3951.$result[15:0]$4011
   106/131: $1\u48$func$rtl/arch_a/wire_itch_decoder.sv:199$3950.$result[47:0]$4010
   107/131: $0\side_valid_q[0:0]
   108/131: $0\price_valid_q[0:0]
   109/131: $0\quantity_valid_q[0:0]
   110/131: $0\new_valid_q[0:0]
   111/131: $0\old_valid_q[0:0]
   112/131: $0\new_ref_q[63:0]
   113/131: $0\old_ref_q[63:0]
   114/131: $0\stock_locate_q[15:0]
   115/131: $0\timestamp_q[47:0]
   116/131: $0\mold_sequence_q[63:0]
   117/131: $0\source_type_q[7:0]
   118/131: $0\expected_symbol_q[63:0]
   119/131: $0\symbol_enable_q[0:0]
   120/131: $0\tracked_locate_q[15:0]
   121/131: $0\message_sequence_q[63:0]
   122/131: $0\byte_index_q[5:0]
   123/131: $0\reject_pending_q[0:0]
   124/131: $0\declared_length_q[15:0]
   125/131: $0\reject_code_q[2:0]
   126/131: $0\side_q[0:0]
   127/131: $0\price_q[31:0]
   128/131: $0\quantity_q[31:0]
   129/131: $0\event_kind_q[2:0]
   130/131: $0\state_q[2:0]
   131/131: $0\recovery_required[0:0]
Creating decoders for process `\wire_mold_message_framer.$proc$rtl/arch_a/wire_mold_message_framer.sv:112$3930'.
     1/16: $0\result_pending_q[0:0]
     2/16: $0\reject_pending_q[0:0]
     3/16: $0\header_ended_q[0:0]
     4/16: $0\message_empty_q[0:0]
     5/16: $0\payload_remaining_q[15:0]
     6/16: $0\message_length_q[15:0]
     7/16: $0\length_hi_q[7:0]
     8/16: $0\messages_done_q[15:0]
     9/16: $0\payload_action_q[2:0]
    10/16: $0\packet_count_q[15:0]
    11/16: $0\packet_sequence_q[63:0]
    12/16: $0\reject_code_q[1:0]
    13/16: $0\payload_valid_q[0:0]
    14/16: $0\payload_last_q[0:0]
    15/16: $0\payload_data_q[7:0]
    16/16: $0\state_q[3:0]
Creating decoders for process `\wire_mold_header_seq.$proc$rtl/arch_a/wire_mold_header_seq.sv:111$3869'.
     1/27: $5$lookahead\header_q$3868[151:0]$3884
     2/27: $5$bitselwrite$pos$rtl/arch_a/wire_mold_header_seq.sv:180$3844[31:0]$3883
     3/27: $4$lookahead\header_q$3868[151:0]$3882
     4/27: $4$bitselwrite$pos$rtl/arch_a/wire_mold_header_seq.sv:180$3844[31:0]$3881
     5/27: $3$lookahead\header_q$3868[151:0]$3879
     6/27: $3$bitselwrite$pos$rtl/arch_a/wire_mold_header_seq.sv:180$3844[31:0]$3878
     7/27: $2$lookahead\header_q$3868[151:0]$3877
     8/27: $2$bitselwrite$pos$rtl/arch_a/wire_mold_header_seq.sv:180$3844[31:0]$3876
     9/27: $1$lookahead\header_q$3868[151:0]$3874
    10/27: $1$bitselwrite$pos$rtl/arch_a/wire_mold_header_seq.sv:180$3844[31:0]$3873
    11/27: $0\recovery_required_q[0:0]
    12/27: $0\controller_valid_q[0:0]
    13/27: $0\body_last_q[0:0]
    14/27: $0\body_valid_q[0:0]
    15/27: $0\body_data_q[7:0]
    16/27: $0\packet_valid_q[0:0]
    17/27: $0\packet_empty_q[0:0]
    18/27: $0\packet_count_q[15:0]
    19/27: $0\packet_sequence_q[63:0]
    20/27: $0\expected_sequence_q[63:0]
    21/27: $0\active_session_q[79:0]
    22/27: $0\pending_fatal_q[0:0]
    23/27: $0\pending_code_q[2:0]
    24/27: $0\reject_code_q[2:0]
    25/27: $0\reject_fatal_q[0:0]
    26/27: $0\header_index_q[4:0]
    27/27: $0\state_q[2:0]
Creating decoders for process `\wire_udp_parser.$proc$rtl/arch_a/wire_udp_parser.sv:66$3801'.
     1/22: $5$lookahead\header_q$3800[55:0]$3820
     2/22: $5$bitselwrite$pos$rtl/arch_a/wire_udp_parser.sv:104$3783[31:0]$3819
     3/22: $4$lookahead\header_q$3800[55:0]$3817
     4/22: $4$bitselwrite$pos$rtl/arch_a/wire_udp_parser.sv:104$3783[31:0]$3816
     5/22: $3$lookahead\header_q$3800[55:0]$3813
     6/22: $3$bitselwrite$pos$rtl/arch_a/wire_udp_parser.sv:104$3783[31:0]$3812
     7/22: $2$lookahead\header_q$3800[55:0]$3811
     8/22: $2$bitselwrite$pos$rtl/arch_a/wire_udp_parser.sv:104$3783[31:0]$3810
     9/22: $1$lookahead\header_q$3800[55:0]$3805
    10/22: $1$bitselwrite$pos$rtl/arch_a/wire_udp_parser.sv:104$3783[31:0]$3804
    11/22: $0\pending_fatal_q[0:0]
    12/22: $0\pending_code_q[2:0]
    13/22: $0\actual_count_q[15:0]
    14/22: $0\declared_length_q[15:0]
    15/22: $0\remaining_q[15:0]
    16/22: $0\reject_code_q[2:0]
    17/22: $0\reject_fatal_q[0:0]
    18/22: $0\payload_valid_q[0:0]
    19/22: $0\payload_last_q[0:0]
    20/22: $0\payload_data_q[7:0]
    21/22: $0\header_index_q[3:0]
    22/22: $0\state_q[1:0]
Creating decoders for process `\wire_ipv4_parser.$proc$rtl/arch_a/wire_ipv4_parser.sv:102$3737'.
     1/16: $7\classify_header$func$rtl/arch_a/wire_ipv4_parser.sv:102$3654.$result[3:0]$3782
     2/16: $6\classify_header$func$rtl/arch_a/wire_ipv4_parser.sv:102$3654.$result[3:0]$3780
     3/16: $5\classify_header$func$rtl/arch_a/wire_ipv4_parser.sv:102$3654.$result[3:0]$3778
     4/16: $4\classify_header$func$rtl/arch_a/wire_ipv4_parser.sv:102$3654.$result[3:0]$3775
     5/16: $3\classify_header$func$rtl/arch_a/wire_ipv4_parser.sv:102$3654.$result[3:0]$3758
     6/16: $3\checksum_valid$func$rtl/arch_a/wire_ipv4_parser.sv:76$3655.sum[17:0]$3761
     7/16: $3\checksum_valid$func$rtl/arch_a/wire_ipv4_parser.sv:76$3655.h[159:0]$3760
     8/16: $3\checksum_valid$func$rtl/arch_a/wire_ipv4_parser.sv:76$3655.$result[0:0]$3759
     9/16: $2\classify_header$func$rtl/arch_a/wire_ipv4_parser.sv:102$3654.$result[3:0]$3753
    10/16: $2\checksum_valid$func$rtl/arch_a/wire_ipv4_parser.sv:76$3655.sum[17:0]$3756
    11/16: $2\checksum_valid$func$rtl/arch_a/wire_ipv4_parser.sv:76$3655.h[159:0]$3755
    12/16: $2\checksum_valid$func$rtl/arch_a/wire_ipv4_parser.sv:76$3655.$result[0:0]$3754
    13/16: $1\classify_header$func$rtl/arch_a/wire_ipv4_parser.sv:102$3654.$result[3:0]$3748
    14/16: $1\checksum_valid$func$rtl/arch_a/wire_ipv4_parser.sv:76$3655.sum[17:0]$3751
    15/16: $1\checksum_valid$func$rtl/arch_a/wire_ipv4_parser.sv:76$3655.h[159:0]$3750
    16/16: $1\checksum_valid$func$rtl/arch_a/wire_ipv4_parser.sv:76$3655.$result[0:0]$3749
Creating decoders for process `\wire_ipv4_parser.$proc$rtl/arch_a/wire_ipv4_parser.sv:119$3673'.
     1/31: $6\code_is_fatal$func$rtl/arch_a/wire_ipv4_parser.sv:173$3653.code[3:0]$3720
     2/31: $6\code_is_fatal$func$rtl/arch_a/wire_ipv4_parser.sv:173$3653.$result[0:0]$3719
     3/31: $5$lookahead\header_q$3672[151:0]$3705
     4/31: $5$bitselwrite$pos$rtl/arch_a/wire_ipv4_parser.sv:155$3652[31:0]$3702
     5/31: $5\code_is_fatal$func$rtl/arch_a/wire_ipv4_parser.sv:173$3653.code[3:0]$3704
     6/31: $5\code_is_fatal$func$rtl/arch_a/wire_ipv4_parser.sv:173$3653.$result[0:0]$3703
     7/31: $4$lookahead\header_q$3672[151:0]$3700
     8/31: $4\code_is_fatal$func$rtl/arch_a/wire_ipv4_parser.sv:173$3653.code[3:0]$3699
     9/31: $4\code_is_fatal$func$rtl/arch_a/wire_ipv4_parser.sv:173$3653.$result[0:0]$3698
    10/31: $4$bitselwrite$pos$rtl/arch_a/wire_ipv4_parser.sv:155$3652[31:0]$3697
    11/31: $3$lookahead\header_q$3672[151:0]$3694
    12/31: $3\code_is_fatal$func$rtl/arch_a/wire_ipv4_parser.sv:173$3653.code[3:0]$3693
    13/31: $3\code_is_fatal$func$rtl/arch_a/wire_ipv4_parser.sv:173$3653.$result[0:0]$3692
    14/31: $3$bitselwrite$pos$rtl/arch_a/wire_ipv4_parser.sv:155$3652[31:0]$3691
    15/31: $2$lookahead\header_q$3672[151:0]$3690
    16/31: $2\code_is_fatal$func$rtl/arch_a/wire_ipv4_parser.sv:173$3653.code[3:0]$3689
    17/31: $2\code_is_fatal$func$rtl/arch_a/wire_ipv4_parser.sv:173$3653.$result[0:0]$3688
    18/31: $2$bitselwrite$pos$rtl/arch_a/wire_ipv4_parser.sv:155$3652[31:0]$3687
    19/31: $1$lookahead\header_q$3672[151:0]$3681
    20/31: $1\code_is_fatal$func$rtl/arch_a/wire_ipv4_parser.sv:173$3653.code[3:0]$3680
    21/31: $1\code_is_fatal$func$rtl/arch_a/wire_ipv4_parser.sv:173$3653.$result[0:0]$3679
    22/31: $1$bitselwrite$pos$rtl/arch_a/wire_ipv4_parser.sv:155$3652[31:0]$3678
    23/31: $0\payload_physical_last_q[0:0]
    24/31: $0\remaining_q[15:0]
    25/31: $0\reject_code_q[3:0]
    26/31: $0\reject_fatal_q[0:0]
    27/31: $0\payload_valid_q[0:0]
    28/31: $0\payload_last_q[0:0]
    29/31: $0\payload_data_q[7:0]
    30/31: $0\header_index_q[4:0]
    31/31: $0\state_q[2:0]
Creating decoders for process `\wire_eth_parser.$proc$rtl/arch_a/wire_eth_parser.sv:55$3642'.
     1/8: $0\reject_code_q[1:0]
     2/8: $0\reject_fatal_q[0:0]
     3/8: $0\payload_valid_q[0:0]
     4/8: $0\payload_last_q[0:0]
     5/8: $0\payload_data_q[7:0]
     6/8: $0\ethertype_high_q[7:0]
     7/8: $0\header_index_q[3:0]
     8/8: $0\state_q[1:0]
Creating decoders for process `\wire_gearbox_64to8.$proc$rtl/arch_a/wire_gearbox_64to8.sv:49$3617'.
     1/10: $3\keep_count$func$rtl/arch_a/wire_gearbox_64to8.sv:58$3604.$result[3:0]$3625
     2/10: $2\keep_count$func$rtl/arch_a/wire_gearbox_64to8.sv:58$3604.$result[3:0]$3623
     3/10: $2\keep_count$func$rtl/arch_a/wire_gearbox_64to8.sv:58$3604.keep[7:0]$3624
     4/10: $1\keep_count$func$rtl/arch_a/wire_gearbox_64to8.sv:58$3604.keep[7:0]$3621
     5/10: $1\keep_count$func$rtl/arch_a/wire_gearbox_64to8.sv:58$3604.$result[3:0]$3620
     6/10: $0\valid_q[0:0]
     7/10: $0\index_q[2:0]
     8/10: $0\count_q[3:0]
     9/10: $0\last_q[0:0]
    10/10: $0\data_q[63:0]
Creating decoders for process `$paramod\wire_order_book\NUM_SETS=s32'00000000000000000000001000000000.$proc$rtl/common/wire_order_book.sv:143$7824'.
     1/1: $1\event_fields_valid$func$rtl/common/wire_order_book.sv:143$4351.$result[0:0]$7835
Creating decoders for process `$paramod\wire_order_book\NUM_SETS=s32'00000000000000000000001000000000.$proc$rtl/common/wire_order_book.sv:302$5572'.
     1/1202: $5$memwr$\order_valid_q$rtl/common/wire_order_book.sv:375$5384_EN[0:0]$7823
     2/1202: $5$memwr$\order_valid_q$rtl/common/wire_order_book.sv:375$5384_ADDR[31:0]$7822
     3/1202: $5$memwr$\order_valid_q$rtl/common/wire_order_book.sv:368$5381_EN[0:0]$7817
     4/1202: $5$memwr$\order_valid_q$rtl/common/wire_order_book.sv:368$5381_ADDR[31:0]$7816
     5/1202: $5$memwr$\order_quantity_q$rtl/common/wire_order_book.sv:370$5382_EN[31:0]$7820
     6/1202: $5$memwr$\order_quantity_q$rtl/common/wire_order_book.sv:370$5382_DATA[31:0]$7819
     7/1202: $5$memwr$\order_quantity_q$rtl/common/wire_order_book.sv:370$5382_ADDR[31:0]$7818
     8/1202: $4$memwr$\order_valid_q$rtl/common/wire_order_book.sv:364$5380_EN[0:0]$7791
     9/1202: $4$memwr$\order_valid_q$rtl/common/wire_order_book.sv:364$5380_ADDR[31:0]$7790
    10/1202: $4$memwr$\order_side_q$rtl/common/wire_order_book.sv:363$5379_EN[0:0]$7789
    11/1202: $4$memwr$\order_side_q$rtl/common/wire_order_book.sv:363$5379_DATA[0:0]$7788
    12/1202: $4$memwr$\order_side_q$rtl/common/wire_order_book.sv:363$5379_ADDR[31:0]$7787
    13/1202: $4$memwr$\order_quantity_q$rtl/common/wire_order_book.sv:362$5378_EN[31:0]$7786
    14/1202: $4$memwr$\order_quantity_q$rtl/common/wire_order_book.sv:362$5378_DATA[31:0]$7785
    15/1202: $4$memwr$\order_quantity_q$rtl/common/wire_order_book.sv:362$5378_ADDR[31:0]$7784
    16/1202: $4$memwr$\order_price_q$rtl/common/wire_order_book.sv:361$5377_EN[31:0]$7783
    17/1202: $4$memwr$\order_price_q$rtl/common/wire_order_book.sv:361$5377_DATA[31:0]$7782
    18/1202: $4$memwr$\order_price_q$rtl/common/wire_order_book.sv:361$5377_ADDR[31:0]$7781
    19/1202: $4$memwr$\order_reference_q$rtl/common/wire_order_book.sv:360$5376_EN[63:0]$7780
    20/1202: $4$memwr$\order_reference_q$rtl/common/wire_order_book.sv:360$5376_DATA[63:0]$7779
    21/1202: $4$memwr$\order_reference_q$rtl/common/wire_order_book.sv:360$5376_ADDR[31:0]$7778
    22/1202: $4$memwr$\order_valid_q$rtl/common/wire_order_book.sv:380$5389_EN[0:0]$7814
    23/1202: $4$memwr$\order_valid_q$rtl/common/wire_order_book.sv:380$5389_ADDR[31:0]$7813
    24/1202: $4$memwr$\order_side_q$rtl/common/wire_order_book.sv:379$5388_EN[0:0]$7812
    25/1202: $4$memwr$\order_side_q$rtl/common/wire_order_book.sv:379$5388_DATA[0:0]$7811
    26/1202: $4$memwr$\order_side_q$rtl/common/wire_order_book.sv:379$5388_ADDR[31:0]$7810
    27/1202: $4$memwr$\order_quantity_q$rtl/common/wire_order_book.sv:378$5387_EN[31:0]$7809
    28/1202: $4$memwr$\order_quantity_q$rtl/common/wire_order_book.sv:378$5387_DATA[31:0]$7808
    29/1202: $4$memwr$\order_quantity_q$rtl/common/wire_order_book.sv:378$5387_ADDR[31:0]$7807
    30/1202: $4$memwr$\order_price_q$rtl/common/wire_order_book.sv:377$5386_EN[31:0]$7806
    31/1202: $4$memwr$\order_price_q$rtl/common/wire_order_book.sv:377$5386_DATA[31:0]$7805
    32/1202: $4$memwr$\order_price_q$rtl/common/wire_order_book.sv:377$5386_ADDR[31:0]$7804
    33/1202: $4$memwr$\order_reference_q$rtl/common/wire_order_book.sv:376$5385_EN[63:0]$7803
    34/1202: $4$memwr$\order_reference_q$rtl/common/wire_order_book.sv:376$5385_DATA[63:0]$7802
    35/1202: $4$memwr$\order_reference_q$rtl/common/wire_order_book.sv:376$5385_ADDR[31:0]$7801
    36/1202: $4$memwr$\order_valid_q$rtl/common/wire_order_book.sv:375$5384_EN[0:0]$7800
    37/1202: $4$memwr$\order_valid_q$rtl/common/wire_order_book.sv:375$5384_ADDR[31:0]$7799
    38/1202: $4$memwr$\order_valid_q$rtl/common/wire_order_book.sv:372$5383_EN[0:0]$7798
    39/1202: $4$memwr$\order_valid_q$rtl/common/wire_order_book.sv:372$5383_ADDR[31:0]$7797
    40/1202: $4$memwr$\order_quantity_q$rtl/common/wire_order_book.sv:370$5382_EN[31:0]$7796
    41/1202: $4$memwr$\order_quantity_q$rtl/common/wire_order_book.sv:370$5382_DATA[31:0]$7795
    42/1202: $4$memwr$\order_quantity_q$rtl/common/wire_order_book.sv:370$5382_ADDR[31:0]$7794
    43/1202: $4$memwr$\order_valid_q$rtl/common/wire_order_book.sv:368$5381_EN[0:0]$7793
    44/1202: $4$memwr$\order_valid_q$rtl/common/wire_order_book.sv:368$5381_ADDR[31:0]$7792
    45/1202: $3$memwr$\order_valid_q$rtl/common/wire_order_book.sv:380$5389_EN[0:0]$7777
    46/1202: $3$memwr$\order_valid_q$rtl/common/wire_order_book.sv:380$5389_ADDR[31:0]$7776
    47/1202: $3$memwr$\order_side_q$rtl/common/wire_order_book.sv:379$5388_EN[0:0]$7775
    48/1202: $3$memwr$\order_side_q$rtl/common/wire_order_book.sv:379$5388_DATA[0:0]$7774
    49/1202: $3$memwr$\order_side_q$rtl/common/wire_order_book.sv:379$5388_ADDR[31:0]$7773
    50/1202: $3$memwr$\order_quantity_q$rtl/common/wire_order_book.sv:378$5387_EN[31:0]$7772
    51/1202: $3$memwr$\order_quantity_q$rtl/common/wire_order_book.sv:378$5387_DATA[31:0]$7771
    52/1202: $3$memwr$\order_quantity_q$rtl/common/wire_order_book.sv:378$5387_ADDR[31:0]$7770
    53/1202: $3$memwr$\order_price_q$rtl/common/wire_order_book.sv:377$5386_EN[31:0]$7769
    54/1202: $3$memwr$\order_price_q$rtl/common/wire_order_book.sv:377$5386_DATA[31:0]$7768
    55/1202: $3$memwr$\order_price_q$rtl/common/wire_order_book.sv:377$5386_ADDR[31:0]$7767
    56/1202: $3$memwr$\order_reference_q$rtl/common/wire_order_book.sv:376$5385_EN[63:0]$7766
    57/1202: $3$memwr$\order_reference_q$rtl/common/wire_order_book.sv:376$5385_DATA[63:0]$7765
    58/1202: $3$memwr$\order_reference_q$rtl/common/wire_order_book.sv:376$5385_ADDR[31:0]$7764
    59/1202: $3$memwr$\order_valid_q$rtl/common/wire_order_book.sv:375$5384_EN[0:0]$7763
    60/1202: $3$memwr$\order_valid_q$rtl/common/wire_order_book.sv:375$5384_ADDR[31:0]$7762
    61/1202: $3$memwr$\order_valid_q$rtl/common/wire_order_book.sv:372$5383_EN[0:0]$7761
    62/1202: $3$memwr$\order_valid_q$rtl/common/wire_order_book.sv:372$5383_ADDR[31:0]$7760
    63/1202: $3$memwr$\order_quantity_q$rtl/common/wire_order_book.sv:370$5382_EN[31:0]$7759
    64/1202: $3$memwr$\order_quantity_q$rtl/common/wire_order_book.sv:370$5382_DATA[31:0]$7758
    65/1202: $3$memwr$\order_quantity_q$rtl/common/wire_order_book.sv:370$5382_ADDR[31:0]$7757
    66/1202: $3$memwr$\order_valid_q$rtl/common/wire_order_book.sv:368$5381_EN[0:0]$7756
    67/1202: $3$memwr$\order_valid_q$rtl/common/wire_order_book.sv:368$5381_ADDR[31:0]$7755
    68/1202: $3$memwr$\order_valid_q$rtl/common/wire_order_book.sv:364$5380_EN[0:0]$7754
    69/1202: $3$memwr$\order_valid_q$rtl/common/wire_order_book.sv:364$5380_ADDR[31:0]$7753
    70/1202: $3$memwr$\order_side_q$rtl/common/wire_order_book.sv:363$5379_EN[0:0]$7752
    71/1202: $3$memwr$\order_side_q$rtl/common/wire_order_book.sv:363$5379_DATA[0:0]$7751
    72/1202: $3$memwr$\order_side_q$rtl/common/wire_order_book.sv:363$5379_ADDR[31:0]$7750
    73/1202: $3$memwr$\order_quantity_q$rtl/common/wire_order_book.sv:362$5378_EN[31:0]$7749
    74/1202: $3$memwr$\order_quantity_q$rtl/common/wire_order_book.sv:362$5378_DATA[31:0]$7748
    75/1202: $3$memwr$\order_quantity_q$rtl/common/wire_order_book.sv:362$5378_ADDR[31:0]$7747
    76/1202: $3$memwr$\order_price_q$rtl/common/wire_order_book.sv:361$5377_EN[31:0]$7746
    77/1202: $3$memwr$\order_price_q$rtl/common/wire_order_book.sv:361$5377_DATA[31:0]$7745
    78/1202: $3$memwr$\order_price_q$rtl/common/wire_order_book.sv:361$5377_ADDR[31:0]$7744
    79/1202: $3$memwr$\order_reference_q$rtl/common/wire_order_book.sv:360$5376_EN[63:0]$7743
    80/1202: $3$memwr$\order_reference_q$rtl/common/wire_order_book.sv:360$5376_DATA[63:0]$7742
    81/1202: $3$memwr$\order_reference_q$rtl/common/wire_order_book.sv:360$5376_ADDR[31:0]$7741
    82/1202: $2$memwr$\order_valid_q$rtl/common/wire_order_book.sv:380$5389_EN[0:0]$7739
    83/1202: $2$memwr$\order_valid_q$rtl/common/wire_order_book.sv:380$5389_ADDR[31:0]$7738
    84/1202: $2$memwr$\order_side_q$rtl/common/wire_order_book.sv:379$5388_EN[0:0]$7737
    85/1202: $2$memwr$\order_side_q$rtl/common/wire_order_book.sv:379$5388_DATA[0:0]$7736
    86/1202: $2$memwr$\order_side_q$rtl/common/wire_order_book.sv:379$5388_ADDR[31:0]$7735
    87/1202: $2$memwr$\order_quantity_q$rtl/common/wire_order_book.sv:378$5387_EN[31:0]$7734
    88/1202: $2$memwr$\order_quantity_q$rtl/common/wire_order_book.sv:378$5387_DATA[31:0]$7733
    89/1202: $2$memwr$\order_quantity_q$rtl/common/wire_order_book.sv:378$5387_ADDR[31:0]$7732
    90/1202: $2$memwr$\order_price_q$rtl/common/wire_order_book.sv:377$5386_EN[31:0]$7731
    91/1202: $2$memwr$\order_price_q$rtl/common/wire_order_book.sv:377$5386_DATA[31:0]$7730
    92/1202: $2$memwr$\order_price_q$rtl/common/wire_order_book.sv:377$5386_ADDR[31:0]$7729
    93/1202: $2$memwr$\order_reference_q$rtl/common/wire_order_book.sv:376$5385_EN[63:0]$7728
    94/1202: $2$memwr$\order_reference_q$rtl/common/wire_order_book.sv:376$5385_DATA[63:0]$7727
    95/1202: $2$memwr$\order_reference_q$rtl/common/wire_order_book.sv:376$5385_ADDR[31:0]$7726
    96/1202: $2$memwr$\order_valid_q$rtl/common/wire_order_book.sv:375$5384_EN[0:0]$7725
    97/1202: $2$memwr$\order_valid_q$rtl/common/wire_order_book.sv:375$5384_ADDR[31:0]$7724
    98/1202: $2$memwr$\order_valid_q$rtl/common/wire_order_book.sv:372$5383_EN[0:0]$7723
    99/1202: $2$memwr$\order_valid_q$rtl/common/wire_order_book.sv:372$5383_ADDR[31:0]$7722
   100/1202: $2$memwr$\order_quantity_q$rtl/common/wire_order_book.sv:370$5382_EN[31:0]$7721
   101/1202: $2$memwr$\order_quantity_q$rtl/common/wire_order_book.sv:370$5382_DATA[31:0]$7720
   102/1202: $2$memwr$\order_quantity_q$rtl/common/wire_order_book.sv:370$5382_ADDR[31:0]$7719
   103/1202: $2$memwr$\order_valid_q$rtl/common/wire_order_book.sv:368$5381_EN[0:0]$7718
   104/1202: $2$memwr$\order_valid_q$rtl/common/wire_order_book.sv:368$5381_ADDR[31:0]$7717
   105/1202: $2$memwr$\order_valid_q$rtl/common/wire_order_book.sv:364$5380_EN[0:0]$7716
   106/1202: $2$memwr$\order_valid_q$rtl/common/wire_order_book.sv:364$5380_ADDR[31:0]$7715
   107/1202: $2$memwr$\order_side_q$rtl/common/wire_order_book.sv:363$5379_EN[0:0]$7714
   108/1202: $2$memwr$\order_side_q$rtl/common/wire_order_book.sv:363$5379_DATA[0:0]$7713
   109/1202: $2$memwr$\order_side_q$rtl/common/wire_order_book.sv:363$5379_ADDR[31:0]$7712
   110/1202: $2$memwr$\order_quantity_q$rtl/common/wire_order_book.sv:362$5378_EN[31:0]$7711
   111/1202: $2$memwr$\order_quantity_q$rtl/common/wire_order_book.sv:362$5378_DATA[31:0]$7710
   112/1202: $2$memwr$\order_quantity_q$rtl/common/wire_order_book.sv:362$5378_ADDR[31:0]$7709
   113/1202: $2$memwr$\order_price_q$rtl/common/wire_order_book.sv:361$5377_EN[31:0]$7708
   114/1202: $2$memwr$\order_price_q$rtl/common/wire_order_book.sv:361$5377_DATA[31:0]$7707
   115/1202: $2$memwr$\order_price_q$rtl/common/wire_order_book.sv:361$5377_ADDR[31:0]$7706
   116/1202: $2$memwr$\order_reference_q$rtl/common/wire_order_book.sv:360$5376_EN[63:0]$7705
   117/1202: $2$memwr$\order_reference_q$rtl/common/wire_order_book.sv:360$5376_DATA[63:0]$7704
   118/1202: $2$memwr$\order_reference_q$rtl/common/wire_order_book.sv:360$5376_ADDR[31:0]$7703
   119/1202: $1$fordecl_block$50.i[31:0]$6636
   120/1202: $1$memwr$\order_valid_q$rtl/common/wire_order_book.sv:318$5375_EN[0:0]$7660
   121/1202: $1$memwr$\order_valid_q$rtl/common/wire_order_book.sv:318$5374_EN[0:0]$7659
   122/1202: $1$memwr$\order_valid_q$rtl/common/wire_order_book.sv:318$5373_EN[0:0]$7658
   123/1202: $1$memwr$\order_valid_q$rtl/common/wire_order_book.sv:318$5372_EN[0:0]$7657
   124/1202: $1$memwr$\order_valid_q$rtl/common/wire_order_book.sv:318$5371_EN[0:0]$7656
   125/1202: $1$memwr$\order_valid_q$rtl/common/wire_order_book.sv:318$5370_EN[0:0]$7655
   126/1202: $1$memwr$\order_valid_q$rtl/common/wire_order_book.sv:318$5369_EN[0:0]$7654
   127/1202: $1$memwr$\order_valid_q$rtl/common/wire_order_book.sv:318$5368_EN[0:0]$7653
   128/1202: $1$memwr$\order_valid_q$rtl/common/wire_order_book.sv:318$5367_EN[0:0]$7652
   129/1202: $1$memwr$\order_valid_q$rtl/common/wire_order_book.sv:318$5366_EN[0:0]$7651
   130/1202: $1$memwr$\order_valid_q$rtl/common/wire_order_book.sv:318$5365_EN[0:0]$7650
   131/1202: $1$memwr$\order_valid_q$rtl/common/wire_order_book.sv:318$5364_EN[0:0]$7649
   132/1202: $1$memwr$\order_valid_q$rtl/common/wire_order_book.sv:318$5363_EN[0:0]$7648
   133/1202: $1$memwr$\order_valid_q$rtl/common/wire_order_book.sv:318$5362_EN[0:0]$7647
   134/1202: $1$memwr$\order_valid_q$rtl/common/wire_order_book.sv:318$5361_EN[0:0]$7646
   135/1202: $1$memwr$\order_valid_q$rtl/common/wire_order_book.sv:318$5360_EN[0:0]$7645
   136/1202: $1$memwr$\order_valid_q$rtl/common/wire_order_book.sv:318$5359_EN[0:0]$7644
   137/1202: $1$memwr$\order_valid_q$rtl/common/wire_order_book.sv:318$5358_EN[0:0]$7643
   138/1202: $1$memwr$\order_valid_q$rtl/common/wire_order_book.sv:318$5357_EN[0:0]$7642
   139/1202: $1$memwr$\order_valid_q$rtl/common/wire_order_book.sv:318$5356_EN[0:0]$7641
   140/1202: $1$memwr$\order_valid_q$rtl/common/wire_order_book.sv:318$5355_EN[0:0]$7640
   141/1202: $1$memwr$\order_valid_q$rtl/common/wire_order_book.sv:318$5354_EN[0:0]$7639
   142/1202: $1$memwr$\order_valid_q$rtl/common/wire_order_book.sv:318$5353_EN[0:0]$7638
   143/1202: $1$memwr$\order_valid_q$rtl/common/wire_order_book.sv:318$5352_EN[0:0]$7637
   144/1202: $1$memwr$\order_valid_q$rtl/common/wire_order_book.sv:318$5351_EN[0:0]$7636
   145/1202: $1$memwr$\order_valid_q$rtl/common/wire_order_book.sv:318$5350_EN[0:0]$7635
   146/1202: $1$memwr$\order_valid_q$rtl/common/wire_order_book.sv:318$5349_EN[0:0]$7634
   147/1202: $1$memwr$\order_valid_q$rtl/common/wire_order_book.sv:318$5348_EN[0:0]$7633
   148/1202: $1$memwr$\order_valid_q$rtl/common/wire_order_book.sv:318$5347_EN[0:0]$7632
   149/1202: $1$memwr$\order_valid_q$rtl/common/wire_order_book.sv:318$5346_EN[0:0]$7631
   150/1202: $1$memwr$\order_valid_q$rtl/common/wire_order_book.sv:318$5345_EN[0:0]$7630
   151/1202: $1$memwr$\order_valid_q$rtl/common/wire_order_book.sv:318$5344_EN[0:0]$7629
   152/1202: $1$memwr$\order_valid_q$rtl/common/wire_order_book.sv:318$5343_EN[0:0]$7628
   153/1202: $1$memwr$\order_valid_q$rtl/common/wire_order_book.sv:318$5342_EN[0:0]$7627
   154/1202: $1$memwr$\order_valid_q$rtl/common/wire_order_book.sv:318$5341_EN[0:0]$7626
   155/1202: $1$memwr$\order_valid_q$rtl/common/wire_order_book.sv:318$5340_EN[0:0]$7625
   156/1202: $1$memwr$\order_valid_q$rtl/common/wire_order_book.sv:318$5339_EN[0:0]$7624
   157/1202: $1$memwr$\order_valid_q$rtl/common/wire_order_book.sv:318$5338_EN[0:0]$7623
   158/1202: $1$memwr$\order_valid_q$rtl/common/wire_order_book.sv:318$5337_EN[0:0]$7622
   159/1202: $1$memwr$\order_valid_q$rtl/common/wire_order_book.sv:318$5336_EN[0:0]$7621
   160/1202: $1$memwr$\order_valid_q$rtl/common/wire_order_book.sv:318$5335_EN[0:0]$7620
   161/1202: $1$memwr$\order_valid_q$rtl/common/wire_order_book.sv:318$5334_EN[0:0]$7619
   162/1202: $1$memwr$\order_valid_q$rtl/common/wire_order_book.sv:318$5333_EN[0:0]$7618
   163/1202: $1$memwr$\order_valid_q$rtl/common/wire_order_book.sv:318$5332_EN[0:0]$7617
   164/1202: $1$memwr$\order_valid_q$rtl/common/wire_order_book.sv:318$5331_EN[0:0]$7616
   165/1202: $1$memwr$\order_valid_q$rtl/common/wire_order_book.sv:318$5330_EN[0:0]$7615
   166/1202: $1$memwr$\order_valid_q$rtl/common/wire_order_book.sv:318$5329_EN[0:0]$7614
   167/1202: $1$memwr$\order_valid_q$rtl/common/wire_order_book.sv:318$5328_EN[0:0]$7613
   168/1202: $1$memwr$\order_valid_q$rtl/common/wire_order_book.sv:318$5327_EN[0:0]$7612
   169/1202: $1$memwr$\order_valid_q$rtl/common/wire_order_book.sv:318$5326_EN[0:0]$7611
   170/1202: $1$memwr$\order_valid_q$rtl/common/wire_order_book.sv:318$5325_EN[0:0]$7610
   171/1202: $1$memwr$\order_valid_q$rtl/common/wire_order_book.sv:318$5324_EN[0:0]$7609
   172/1202: $1$memwr$\order_valid_q$rtl/common/wire_order_book.sv:318$5323_EN[0:0]$7608
   173/1202: $1$memwr$\order_valid_q$rtl/common/wire_order_book.sv:318$5322_EN[0:0]$7607
   174/1202: $1$memwr$\order_valid_q$rtl/common/wire_order_book.sv:318$5321_EN[0:0]$7606
   175/1202: $1$memwr$\order_valid_q$rtl/common/wire_order_book.sv:318$5320_EN[0:0]$7605
   176/1202: $1$memwr$\order_valid_q$rtl/common/wire_order_book.sv:318$5319_EN[0:0]$7604
   177/1202: $1$memwr$\order_valid_q$rtl/common/wire_order_book.sv:318$5318_EN[0:0]$7603
   178/1202: $1$memwr$\order_valid_q$rtl/common/wire_order_book.sv:318$5317_EN[0:0]$7602
   179/1202: $1$memwr$\order_valid_q$rtl/common/wire_order_book.sv:318$5316_EN[0:0]$7601
   180/1202: $1$memwr$\order_valid_q$rtl/common/wire_order_book.sv:318$5315_EN[0:0]$7600
   181/1202: $1$memwr$\order_valid_q$rtl/common/wire_order_book.sv:318$5314_EN[0:0]$7599
   182/1202: $1$memwr$\order_valid_q$rtl/common/wire_order_book.sv:318$5313_EN[0:0]$7598
   183/1202: $1$memwr$\order_valid_q$rtl/common/wire_order_book.sv:318$5312_EN[0:0]$7597
   184/1202: $1$memwr$\order_valid_q$rtl/common/wire_order_book.sv:318$5311_EN[0:0]$7596
   185/1202: $1$memwr$\order_valid_q$rtl/common/wire_order_book.sv:318$5310_EN[0:0]$7595
   186/1202: $1$memwr$\order_valid_q$rtl/common/wire_order_book.sv:318$5309_EN[0:0]$7594
   187/1202: $1$memwr$\order_valid_q$rtl/common/wire_order_book.sv:318$5308_EN[0:0]$7593
   188/1202: $1$memwr$\order_valid_q$rtl/common/wire_order_book.sv:318$5307_EN[0:0]$7592
   189/1202: $1$memwr$\order_valid_q$rtl/common/wire_order_book.sv:318$5306_EN[0:0]$7591
   190/1202: $1$memwr$\order_valid_q$rtl/common/wire_order_book.sv:318$5305_EN[0:0]$7590
   191/1202: $1$memwr$\order_valid_q$rtl/common/wire_order_book.sv:318$5304_EN[0:0]$7589
   192/1202: $1$memwr$\order_valid_q$rtl/common/wire_order_book.sv:318$5303_EN[0:0]$7588
   193/1202: $1$memwr$\order_valid_q$rtl/common/wire_order_book.sv:318$5302_EN[0:0]$7587
   194/1202: $1$memwr$\order_valid_q$rtl/common/wire_order_book.sv:318$5301_EN[0:0]$7586
   195/1202: $1$memwr$\order_valid_q$rtl/common/wire_order_book.sv:318$5300_EN[0:0]$7585
   196/1202: $1$memwr$\order_valid_q$rtl/common/wire_order_book.sv:318$5299_EN[0:0]$7584
   197/1202: $1$memwr$\order_valid_q$rtl/common/wire_order_book.sv:318$5298_EN[0:0]$7583
   198/1202: $1$memwr$\order_valid_q$rtl/common/wire_order_book.sv:318$5297_EN[0:0]$7582
   199/1202: $1$memwr$\order_valid_q$rtl/common/wire_order_book.sv:318$5296_EN[0:0]$7581
   200/1202: $1$memwr$\order_valid_q$rtl/common/wire_order_book.sv:318$5295_EN[0:0]$7580
   201/1202: $1$memwr$\order_valid_q$rtl/common/wire_order_book.sv:318$5294_EN[0:0]$7579
   202/1202: $1$memwr$\order_valid_q$rtl/common/wire_order_book.sv:318$5293_EN[0:0]$7578
   203/1202: $1$memwr$\order_valid_q$rtl/common/wire_order_book.sv:318$5292_EN[0:0]$7577
   204/1202: $1$memwr$\order_valid_q$rtl/common/wire_order_book.sv:318$5291_EN[0:0]$7576
   205/1202: $1$memwr$\order_valid_q$rtl/common/wire_order_book.sv:318$5290_EN[0:0]$7575
   206/1202: $1$memwr$\order_valid_q$rtl/common/wire_order_book.sv:318$5289_EN[0:0]$7574
   207/1202: $1$memwr$\order_valid_q$rtl/common/wire_order_book.sv:318$5288_EN[0:0]$7573
   208/1202: $1$memwr$\order_valid_q$rtl/common/wire_order_book.sv:318$5287_EN[0:0]$7572
   209/1202: $1$memwr$\order_valid_q$rtl/common/wire_order_book.sv:318$5286_EN[0:0]$7571
   210/1202: $1$memwr$\order_valid_q$rtl/common/wire_order_book.sv:318$5285_EN[0:0]$7570
   211/1202: $1$memwr$\order_valid_q$rtl/common/wire_order_book.sv:318$5284_EN[0:0]$7569
   212/1202: $1$memwr$\order_valid_q$rtl/common/wire_order_book.sv:318$5283_EN[0:0]$7568
   213/1202: $1$memwr$\order_valid_q$rtl/common/wire_order_book.sv:318$5282_EN[0:0]$7567
   214/1202: $1$memwr$\order_valid_q$rtl/common/wire_order_book.sv:318$5281_EN[0:0]$7566
   215/1202: $1$memwr$\order_valid_q$rtl/common/wire_order_book.sv:318$5280_EN[0:0]$7565
   216/1202: $1$memwr$\order_valid_q$rtl/common/wire_order_book.sv:318$5279_EN[0:0]$7564
   217/1202: $1$memwr$\order_valid_q$rtl/common/wire_order_book.sv:318$5278_EN[0:0]$7563
   218/1202: $1$memwr$\order_valid_q$rtl/common/wire_order_book.sv:318$5277_EN[0:0]$7562
   219/1202: $1$memwr$\order_valid_q$rtl/common/wire_order_book.sv:318$5276_EN[0:0]$7561
   220/1202: $1$memwr$\order_valid_q$rtl/common/wire_order_book.sv:318$5275_EN[0:0]$7560
   221/1202: $1$memwr$\order_valid_q$rtl/common/wire_order_book.sv:318$5274_EN[0:0]$7559
   222/1202: $1$memwr$\order_valid_q$rtl/common/wire_order_book.sv:318$5273_EN[0:0]$7558
   223/1202: $1$memwr$\order_valid_q$rtl/common/wire_order_book.sv:318$5272_EN[0:0]$7557
   224/1202: $1$memwr$\order_valid_q$rtl/common/wire_order_book.sv:318$5271_EN[0:0]$7556
   225/1202: $1$memwr$\order_valid_q$rtl/common/wire_order_book.sv:318$5270_EN[0:0]$7555
   226/1202: $1$memwr$\order_valid_q$rtl/common/wire_order_book.sv:318$5269_EN[0:0]$7554
   227/1202: $1$memwr$\order_valid_q$rtl/common/wire_order_book.sv:318$5268_EN[0:0]$7553
   228/1202: $1$memwr$\order_valid_q$rtl/common/wire_order_book.sv:318$5267_EN[0:0]$7552
   229/1202: $1$memwr$\order_valid_q$rtl/common/wire_order_book.sv:318$5266_EN[0:0]$7551
   230/1202: $1$memwr$\order_valid_q$rtl/common/wire_order_book.sv:318$5265_EN[0:0]$7550
   231/1202: $1$memwr$\order_valid_q$rtl/common/wire_order_book.sv:318$5264_EN[0:0]$7549
   232/1202: $1$memwr$\order_valid_q$rtl/common/wire_order_book.sv:318$5263_EN[0:0]$7548
   233/1202: $1$memwr$\order_valid_q$rtl/common/wire_order_book.sv:318$5262_EN[0:0]$7547
   234/1202: $1$memwr$\order_valid_q$rtl/common/wire_order_book.sv:318$5261_EN[0:0]$7546
   235/1202: $1$memwr$\order_valid_q$rtl/common/wire_order_book.sv:318$5260_EN[0:0]$7545
   236/1202: $1$memwr$\order_valid_q$rtl/common/wire_order_book.sv:318$5259_EN[0:0]$7544
   237/1202: $1$memwr$\order_valid_q$rtl/common/wire_order_book.sv:318$5258_EN[0:0]$7543
   238/1202: $1$memwr$\order_valid_q$rtl/common/wire_order_book.sv:318$5257_EN[0:0]$7542
   239/1202: $1$memwr$\order_valid_q$rtl/common/wire_order_book.sv:318$5256_EN[0:0]$7541
   240/1202: $1$memwr$\order_valid_q$rtl/common/wire_order_book.sv:318$5255_EN[0:0]$7540
   241/1202: $1$memwr$\order_valid_q$rtl/common/wire_order_book.sv:318$5254_EN[0:0]$7539
   242/1202: $1$memwr$\order_valid_q$rtl/common/wire_order_book.sv:318$5253_EN[0:0]$7538
   243/1202: $1$memwr$\order_valid_q$rtl/common/wire_order_book.sv:318$5252_EN[0:0]$7537
   244/1202: $1$memwr$\order_valid_q$rtl/common/wire_order_book.sv:318$5251_EN[0:0]$7536
   245/1202: $1$memwr$\order_valid_q$rtl/common/wire_order_book.sv:318$5250_EN[0:0]$7535
   246/1202: $1$memwr$\order_valid_q$rtl/common/wire_order_book.sv:318$5249_EN[0:0]$7534
   247/1202: $1$memwr$\order_valid_q$rtl/common/wire_order_book.sv:318$5248_EN[0:0]$7533
   248/1202: $1$memwr$\order_valid_q$rtl/common/wire_order_book.sv:318$5247_EN[0:0]$7532
   249/1202: $1$memwr$\order_valid_q$rtl/common/wire_order_book.sv:318$5246_EN[0:0]$7531
   250/1202: $1$memwr$\order_valid_q$rtl/common/wire_order_book.sv:318$5245_EN[0:0]$7530
   251/1202: $1$memwr$\order_valid_q$rtl/common/wire_order_book.sv:318$5244_EN[0:0]$7529
   252/1202: $1$memwr$\order_valid_q$rtl/common/wire_order_book.sv:318$5243_EN[0:0]$7528
   253/1202: $1$memwr$\order_valid_q$rtl/common/wire_order_book.sv:318$5242_EN[0:0]$7527
   254/1202: $1$memwr$\order_valid_q$rtl/common/wire_order_book.sv:318$5241_EN[0:0]$7526
   255/1202: $1$memwr$\order_valid_q$rtl/common/wire_order_book.sv:318$5240_EN[0:0]$7525
   256/1202: $1$memwr$\order_valid_q$rtl/common/wire_order_book.sv:318$5239_EN[0:0]$7524
   257/1202: $1$memwr$\order_valid_q$rtl/common/wire_order_book.sv:318$5238_EN[0:0]$7523
   258/1202: $1$memwr$\order_valid_q$rtl/common/wire_order_book.sv:318$5237_EN[0:0]$7522
   259/1202: $1$memwr$\order_valid_q$rtl/common/wire_order_book.sv:318$5236_EN[0:0]$7521
   260/1202: $1$memwr$\order_valid_q$rtl/common/wire_order_book.sv:318$5235_EN[0:0]$7520
   261/1202: $1$memwr$\order_valid_q$rtl/common/wire_order_book.sv:318$5234_EN[0:0]$7519
   262/1202: $1$memwr$\order_valid_q$rtl/common/wire_order_book.sv:318$5233_EN[0:0]$7518
   263/1202: $1$memwr$\order_valid_q$rtl/common/wire_order_book.sv:318$5232_EN[0:0]$7517
   264/1202: $1$memwr$\order_valid_q$rtl/common/wire_order_book.sv:318$5231_EN[0:0]$7516
   265/1202: $1$memwr$\order_valid_q$rtl/common/wire_order_book.sv:318$5230_EN[0:0]$7515
   266/1202: $1$memwr$\order_valid_q$rtl/common/wire_order_book.sv:318$5229_EN[0:0]$7514
   267/1202: $1$memwr$\order_valid_q$rtl/common/wire_order_book.sv:318$5228_EN[0:0]$7513
   268/1202: $1$memwr$\order_valid_q$rtl/common/wire_order_book.sv:318$5227_EN[0:0]$7512
   269/1202: $1$memwr$\order_valid_q$rtl/common/wire_order_book.sv:318$5226_EN[0:0]$7511
   270/1202: $1$memwr$\order_valid_q$rtl/common/wire_order_book.sv:318$5225_EN[0:0]$7510
   271/1202: $1$memwr$\order_valid_q$rtl/common/wire_order_book.sv:318$5224_EN[0:0]$7509
   272/1202: $1$memwr$\order_valid_q$rtl/common/wire_order_book.sv:318$5223_EN[0:0]$7508
   273/1202: $1$memwr$\order_valid_q$rtl/common/wire_order_book.sv:318$5222_EN[0:0]$7507
   274/1202: $1$memwr$\order_valid_q$rtl/common/wire_order_book.sv:318$5221_EN[0:0]$7506
   275/1202: $1$memwr$\order_valid_q$rtl/common/wire_order_book.sv:318$5220_EN[0:0]$7505
   276/1202: $1$memwr$\order_valid_q$rtl/common/wire_order_book.sv:318$5219_EN[0:0]$7504
   277/1202: $1$memwr$\order_valid_q$rtl/common/wire_order_book.sv:318$5218_EN[0:0]$7503
   278/1202: $1$memwr$\order_valid_q$rtl/common/wire_order_book.sv:318$5217_EN[0:0]$7502
   279/1202: $1$memwr$\order_valid_q$rtl/common/wire_order_book.sv:318$5216_EN[0:0]$7501
   280/1202: $1$memwr$\order_valid_q$rtl/common/wire_order_book.sv:318$5215_EN[0:0]$7500
   281/1202: $1$memwr$\order_valid_q$rtl/common/wire_order_book.sv:318$5214_EN[0:0]$7499
   282/1202: $1$memwr$\order_valid_q$rtl/common/wire_order_book.sv:318$5213_EN[0:0]$7498
   283/1202: $1$memwr$\order_valid_q$rtl/common/wire_order_book.sv:318$5212_EN[0:0]$7497
   284/1202: $1$memwr$\order_valid_q$rtl/common/wire_order_book.sv:318$5211_EN[0:0]$7496
   285/1202: $1$memwr$\order_valid_q$rtl/common/wire_order_book.sv:318$5210_EN[0:0]$7495
   286/1202: $1$memwr$\order_valid_q$rtl/common/wire_order_book.sv:318$5209_EN[0:0]$7494
   287/1202: $1$memwr$\order_valid_q$rtl/common/wire_order_book.sv:318$5208_EN[0:0]$7493
   288/1202: $1$memwr$\order_valid_q$rtl/common/wire_order_book.sv:318$5207_EN[0:0]$7492
   289/1202: $1$memwr$\order_valid_q$rtl/common/wire_order_book.sv:318$5206_EN[0:0]$7491
   290/1202: $1$memwr$\order_valid_q$rtl/common/wire_order_book.sv:318$5205_EN[0:0]$7490
   291/1202: $1$memwr$\order_valid_q$rtl/common/wire_order_book.sv:318$5204_EN[0:0]$7489
   292/1202: $1$memwr$\order_valid_q$rtl/common/wire_order_book.sv:318$5203_EN[0:0]$7488
   293/1202: $1$memwr$\order_valid_q$rtl/common/wire_order_book.sv:318$5202_EN[0:0]$7487
   294/1202: $1$memwr$\order_valid_q$rtl/common/wire_order_book.sv:318$5201_EN[0:0]$7486
   295/1202: $1$memwr$\order_valid_q$rtl/common/wire_order_book.sv:318$5200_EN[0:0]$7485
   296/1202: $1$memwr$\order_valid_q$rtl/common/wire_order_book.sv:318$5199_EN[0:0]$7484
   297/1202: $1$memwr$\order_valid_q$rtl/common/wire_order_book.sv:318$5198_EN[0:0]$7483
   298/1202: $1$memwr$\order_valid_q$rtl/common/wire_order_book.sv:318$5197_EN[0:0]$7482
   299/1202: $1$memwr$\order_valid_q$rtl/common/wire_order_book.sv:318$5196_EN[0:0]$7481
   300/1202: $1$memwr$\order_valid_q$rtl/common/wire_order_book.sv:318$5195_EN[0:0]$7480
   301/1202: $1$memwr$\order_valid_q$rtl/common/wire_order_book.sv:318$5194_EN[0:0]$7479
   302/1202: $1$memwr$\order_valid_q$rtl/common/wire_order_book.sv:318$5193_EN[0:0]$7478
   303/1202: $1$memwr$\order_valid_q$rtl/common/wire_order_book.sv:318$5192_EN[0:0]$7477
   304/1202: $1$memwr$\order_valid_q$rtl/common/wire_order_book.sv:318$5191_EN[0:0]$7476
   305/1202: $1$memwr$\order_valid_q$rtl/common/wire_order_book.sv:318$5190_EN[0:0]$7475
   306/1202: $1$memwr$\order_valid_q$rtl/common/wire_order_book.sv:318$5189_EN[0:0]$7474
   307/1202: $1$memwr$\order_valid_q$rtl/common/wire_order_book.sv:318$5188_EN[0:0]$7473
   308/1202: $1$memwr$\order_valid_q$rtl/common/wire_order_book.sv:318$5187_EN[0:0]$7472
   309/1202: $1$memwr$\order_valid_q$rtl/common/wire_order_book.sv:318$5186_EN[0:0]$7471
   310/1202: $1$memwr$\order_valid_q$rtl/common/wire_order_book.sv:318$5185_EN[0:0]$7470
   311/1202: $1$memwr$\order_valid_q$rtl/common/wire_order_book.sv:318$5184_EN[0:0]$7469
   312/1202: $1$memwr$\order_valid_q$rtl/common/wire_order_book.sv:318$5183_EN[0:0]$7468
   313/1202: $1$memwr$\order_valid_q$rtl/common/wire_order_book.sv:318$5182_EN[0:0]$7467
   314/1202: $1$memwr$\order_valid_q$rtl/common/wire_order_book.sv:318$5181_EN[0:0]$7466
   315/1202: $1$memwr$\order_valid_q$rtl/common/wire_order_book.sv:318$5180_EN[0:0]$7465
   316/1202: $1$memwr$\order_valid_q$rtl/common/wire_order_book.sv:318$5179_EN[0:0]$7464
   317/1202: $1$memwr$\order_valid_q$rtl/common/wire_order_book.sv:318$5178_EN[0:0]$7463
   318/1202: $1$memwr$\order_valid_q$rtl/common/wire_order_book.sv:318$5177_EN[0:0]$7462
   319/1202: $1$memwr$\order_valid_q$rtl/common/wire_order_book.sv:318$5176_EN[0:0]$7461
   320/1202: $1$memwr$\order_valid_q$rtl/common/wire_order_book.sv:318$5175_EN[0:0]$7460
   321/1202: $1$memwr$\order_valid_q$rtl/common/wire_order_book.sv:318$5174_EN[0:0]$7459
   322/1202: $1$memwr$\order_valid_q$rtl/common/wire_order_book.sv:318$5173_EN[0:0]$7458
   323/1202: $1$memwr$\order_valid_q$rtl/common/wire_order_book.sv:318$5172_EN[0:0]$7457
   324/1202: $1$memwr$\order_valid_q$rtl/common/wire_order_book.sv:318$5171_EN[0:0]$7456
   325/1202: $1$memwr$\order_valid_q$rtl/common/wire_order_book.sv:318$5170_EN[0:0]$7455
   326/1202: $1$memwr$\order_valid_q$rtl/common/wire_order_book.sv:318$5169_EN[0:0]$7454
   327/1202: $1$memwr$\order_valid_q$rtl/common/wire_order_book.sv:318$5168_EN[0:0]$7453
   328/1202: $1$memwr$\order_valid_q$rtl/common/wire_order_book.sv:318$5167_EN[0:0]$7452
   329/1202: $1$memwr$\order_valid_q$rtl/common/wire_order_book.sv:318$5166_EN[0:0]$7451
   330/1202: $1$memwr$\order_valid_q$rtl/common/wire_order_book.sv:318$5165_EN[0:0]$7450
   331/1202: $1$memwr$\order_valid_q$rtl/common/wire_order_book.sv:318$5164_EN[0:0]$7449
   332/1202: $1$memwr$\order_valid_q$rtl/common/wire_order_book.sv:318$5163_EN[0:0]$7448
   333/1202: $1$memwr$\order_valid_q$rtl/common/wire_order_book.sv:318$5162_EN[0:0]$7447
   334/1202: $1$memwr$\order_valid_q$rtl/common/wire_order_book.sv:318$5161_EN[0:0]$7446
   335/1202: $1$memwr$\order_valid_q$rtl/common/wire_order_book.sv:318$5160_EN[0:0]$7445
   336/1202: $1$memwr$\order_valid_q$rtl/common/wire_order_book.sv:318$5159_EN[0:0]$7444
   337/1202: $1$memwr$\order_valid_q$rtl/common/wire_order_book.sv:318$5158_EN[0:0]$7443
   338/1202: $1$memwr$\order_valid_q$rtl/common/wire_order_book.sv:318$5157_EN[0:0]$7442
   339/1202: $1$memwr$\order_valid_q$rtl/common/wire_order_book.sv:318$5156_EN[0:0]$7441
   340/1202: $1$memwr$\order_valid_q$rtl/common/wire_order_book.sv:318$5155_EN[0:0]$7440
   341/1202: $1$memwr$\order_valid_q$rtl/common/wire_order_book.sv:318$5154_EN[0:0]$7439
   342/1202: $1$memwr$\order_valid_q$rtl/common/wire_order_book.sv:318$5153_EN[0:0]$7438
   343/1202: $1$memwr$\order_valid_q$rtl/common/wire_order_book.sv:318$5152_EN[0:0]$7437
   344/1202: $1$memwr$\order_valid_q$rtl/common/wire_order_book.sv:318$5151_EN[0:0]$7436
   345/1202: $1$memwr$\order_valid_q$rtl/common/wire_order_book.sv:318$5150_EN[0:0]$7435
   346/1202: $1$memwr$\order_valid_q$rtl/common/wire_order_book.sv:318$5149_EN[0:0]$7434
   347/1202: $1$memwr$\order_valid_q$rtl/common/wire_order_book.sv:318$5148_EN[0:0]$7433
   348/1202: $1$memwr$\order_valid_q$rtl/common/wire_order_book.sv:318$5147_EN[0:0]$7432
   349/1202: $1$memwr$\order_valid_q$rtl/common/wire_order_book.sv:318$5146_EN[0:0]$7431
   350/1202: $1$memwr$\order_valid_q$rtl/common/wire_order_book.sv:318$5145_EN[0:0]$7430
   351/1202: $1$memwr$\order_valid_q$rtl/common/wire_order_book.sv:318$5144_EN[0:0]$7429
   352/1202: $1$memwr$\order_valid_q$rtl/common/wire_order_book.sv:318$5143_EN[0:0]$7428
   353/1202: $1$memwr$\order_valid_q$rtl/common/wire_order_book.sv:318$5142_EN[0:0]$7427
   354/1202: $1$memwr$\order_valid_q$rtl/common/wire_order_book.sv:318$5141_EN[0:0]$7426
   355/1202: $1$memwr$\order_valid_q$rtl/common/wire_order_book.sv:318$5140_EN[0:0]$7425
   356/1202: $1$memwr$\order_valid_q$rtl/common/wire_order_book.sv:318$5139_EN[0:0]$7424
   357/1202: $1$memwr$\order_valid_q$rtl/common/wire_order_book.sv:318$5138_EN[0:0]$7423
   358/1202: $1$memwr$\order_valid_q$rtl/common/wire_order_book.sv:318$5137_EN[0:0]$7422
   359/1202: $1$memwr$\order_valid_q$rtl/common/wire_order_book.sv:318$5136_EN[0:0]$7421
   360/1202: $1$memwr$\order_valid_q$rtl/common/wire_order_book.sv:318$5135_EN[0:0]$7420
   361/1202: $1$memwr$\order_valid_q$rtl/common/wire_order_book.sv:318$5134_EN[0:0]$7419
   362/1202: $1$memwr$\order_valid_q$rtl/common/wire_order_book.sv:318$5133_EN[0:0]$7418
   363/1202: $1$memwr$\order_valid_q$rtl/common/wire_order_book.sv:318$5132_EN[0:0]$7417
   364/1202: $1$memwr$\order_valid_q$rtl/common/wire_order_book.sv:318$5131_EN[0:0]$7416
   365/1202: $1$memwr$\order_valid_q$rtl/common/wire_order_book.sv:318$5130_EN[0:0]$7415
   366/1202: $1$memwr$\order_valid_q$rtl/common/wire_order_book.sv:318$5129_EN[0:0]$7414
   367/1202: $1$memwr$\order_valid_q$rtl/common/wire_order_book.sv:318$5128_EN[0:0]$7413
   368/1202: $1$memwr$\order_valid_q$rtl/common/wire_order_book.sv:318$5127_EN[0:0]$7412
   369/1202: $1$memwr$\order_valid_q$rtl/common/wire_order_book.sv:318$5126_EN[0:0]$7411
   370/1202: $1$memwr$\order_valid_q$rtl/common/wire_order_book.sv:318$5125_EN[0:0]$7410
   371/1202: $1$memwr$\order_valid_q$rtl/common/wire_order_book.sv:318$5124_EN[0:0]$7409
   372/1202: $1$memwr$\order_valid_q$rtl/common/wire_order_book.sv:318$5123_EN[0:0]$7408
   373/1202: $1$memwr$\order_valid_q$rtl/common/wire_order_book.sv:318$5122_EN[0:0]$7407
   374/1202: $1$memwr$\order_valid_q$rtl/common/wire_order_book.sv:318$5121_EN[0:0]$7406
   375/1202: $1$memwr$\order_valid_q$rtl/common/wire_order_book.sv:318$5120_EN[0:0]$7405
   376/1202: $1$memwr$\order_valid_q$rtl/common/wire_order_book.sv:318$5119_EN[0:0]$7404
   377/1202: $1$memwr$\order_valid_q$rtl/common/wire_order_book.sv:318$5118_EN[0:0]$7403
   378/1202: $1$memwr$\order_valid_q$rtl/common/wire_order_book.sv:318$5117_EN[0:0]$7402
   379/1202: $1$memwr$\order_valid_q$rtl/common/wire_order_book.sv:318$5116_EN[0:0]$7401
   380/1202: $1$memwr$\order_valid_q$rtl/common/wire_order_book.sv:318$5115_EN[0:0]$7400
   381/1202: $1$memwr$\order_valid_q$rtl/common/wire_order_book.sv:318$5114_EN[0:0]$7399
   382/1202: $1$memwr$\order_valid_q$rtl/common/wire_order_book.sv:318$5113_EN[0:0]$7398
   383/1202: $1$memwr$\order_valid_q$rtl/common/wire_order_book.sv:318$5112_EN[0:0]$7397
   384/1202: $1$memwr$\order_valid_q$rtl/common/wire_order_book.sv:318$5111_EN[0:0]$7396
   385/1202: $1$memwr$\order_valid_q$rtl/common/wire_order_book.sv:318$5110_EN[0:0]$7395
   386/1202: $1$memwr$\order_valid_q$rtl/common/wire_order_book.sv:318$5109_EN[0:0]$7394
   387/1202: $1$memwr$\order_valid_q$rtl/common/wire_order_book.sv:318$5108_EN[0:0]$7393
   388/1202: $1$memwr$\order_valid_q$rtl/common/wire_order_book.sv:318$5107_EN[0:0]$7392
   389/1202: $1$memwr$\order_valid_q$rtl/common/wire_order_book.sv:318$5106_EN[0:0]$7391
   390/1202: $1$memwr$\order_valid_q$rtl/common/wire_order_book.sv:318$5105_EN[0:0]$7390
   391/1202: $1$memwr$\order_valid_q$rtl/common/wire_order_book.sv:318$5104_EN[0:0]$7389
   392/1202: $1$memwr$\order_valid_q$rtl/common/wire_order_book.sv:318$5103_EN[0:0]$7388
   393/1202: $1$memwr$\order_valid_q$rtl/common/wire_order_book.sv:318$5102_EN[0:0]$7387
   394/1202: $1$memwr$\order_valid_q$rtl/common/wire_order_book.sv:318$5101_EN[0:0]$7386
   395/1202: $1$memwr$\order_valid_q$rtl/common/wire_order_book.sv:318$5100_EN[0:0]$7385
   396/1202: $1$memwr$\order_valid_q$rtl/common/wire_order_book.sv:318$5099_EN[0:0]$7384
   397/1202: $1$memwr$\order_valid_q$rtl/common/wire_order_book.sv:318$5098_EN[0:0]$7383
   398/1202: $1$memwr$\order_valid_q$rtl/common/wire_order_book.sv:318$5097_EN[0:0]$7382
   399/1202: $1$memwr$\order_valid_q$rtl/common/wire_order_book.sv:318$5096_EN[0:0]$7381
   400/1202: $1$memwr$\order_valid_q$rtl/common/wire_order_book.sv:318$5095_EN[0:0]$7380
   401/1202: $1$memwr$\order_valid_q$rtl/common/wire_order_book.sv:318$5094_EN[0:0]$7379
   402/1202: $1$memwr$\order_valid_q$rtl/common/wire_order_book.sv:318$5093_EN[0:0]$7378
   403/1202: $1$memwr$\order_valid_q$rtl/common/wire_order_book.sv:318$5092_EN[0:0]$7377
   404/1202: $1$memwr$\order_valid_q$rtl/common/wire_order_book.sv:318$5091_EN[0:0]$7376
   405/1202: $1$memwr$\order_valid_q$rtl/common/wire_order_book.sv:318$5090_EN[0:0]$7375
   406/1202: $1$memwr$\order_valid_q$rtl/common/wire_order_book.sv:318$5089_EN[0:0]$7374
   407/1202: $1$memwr$\order_valid_q$rtl/common/wire_order_book.sv:318$5088_EN[0:0]$7373
   408/1202: $1$memwr$\order_valid_q$rtl/common/wire_order_book.sv:318$5087_EN[0:0]$7372
   409/1202: $1$memwr$\order_valid_q$rtl/common/wire_order_book.sv:318$5086_EN[0:0]$7371
   410/1202: $1$memwr$\order_valid_q$rtl/common/wire_order_book.sv:318$5085_EN[0:0]$7370
   411/1202: $1$memwr$\order_valid_q$rtl/common/wire_order_book.sv:318$5084_EN[0:0]$7369
   412/1202: $1$memwr$\order_valid_q$rtl/common/wire_order_book.sv:318$5083_EN[0:0]$7368
   413/1202: $1$memwr$\order_valid_q$rtl/common/wire_order_book.sv:318$5082_EN[0:0]$7367
   414/1202: $1$memwr$\order_valid_q$rtl/common/wire_order_book.sv:318$5081_EN[0:0]$7366
   415/1202: $1$memwr$\order_valid_q$rtl/common/wire_order_book.sv:318$5080_EN[0:0]$7365
   416/1202: $1$memwr$\order_valid_q$rtl/common/wire_order_book.sv:318$5079_EN[0:0]$7364
   417/1202: $1$memwr$\order_valid_q$rtl/common/wire_order_book.sv:318$5078_EN[0:0]$7363
   418/1202: $1$memwr$\order_valid_q$rtl/common/wire_order_book.sv:318$5077_EN[0:0]$7362
   419/1202: $1$memwr$\order_valid_q$rtl/common/wire_order_book.sv:318$5076_EN[0:0]$7361
   420/1202: $1$memwr$\order_valid_q$rtl/common/wire_order_book.sv:318$5075_EN[0:0]$7360
   421/1202: $1$memwr$\order_valid_q$rtl/common/wire_order_book.sv:318$5074_EN[0:0]$7359
   422/1202: $1$memwr$\order_valid_q$rtl/common/wire_order_book.sv:318$5073_EN[0:0]$7358
   423/1202: $1$memwr$\order_valid_q$rtl/common/wire_order_book.sv:318$5072_EN[0:0]$7357
   424/1202: $1$memwr$\order_valid_q$rtl/common/wire_order_book.sv:318$5071_EN[0:0]$7356
   425/1202: $1$memwr$\order_valid_q$rtl/common/wire_order_book.sv:318$5070_EN[0:0]$7355
   426/1202: $1$memwr$\order_valid_q$rtl/common/wire_order_book.sv:318$5069_EN[0:0]$7354
   427/1202: $1$memwr$\order_valid_q$rtl/common/wire_order_book.sv:318$5068_EN[0:0]$7353
   428/1202: $1$memwr$\order_valid_q$rtl/common/wire_order_book.sv:318$5067_EN[0:0]$7352
   429/1202: $1$memwr$\order_valid_q$rtl/common/wire_order_book.sv:318$5066_EN[0:0]$7351
   430/1202: $1$memwr$\order_valid_q$rtl/common/wire_order_book.sv:318$5065_EN[0:0]$7350
   431/1202: $1$memwr$\order_valid_q$rtl/common/wire_order_book.sv:318$5064_EN[0:0]$7349
   432/1202: $1$memwr$\order_valid_q$rtl/common/wire_order_book.sv:318$5063_EN[0:0]$7348
   433/1202: $1$memwr$\order_valid_q$rtl/common/wire_order_book.sv:318$5062_EN[0:0]$7347
   434/1202: $1$memwr$\order_valid_q$rtl/common/wire_order_book.sv:318$5061_EN[0:0]$7346
   435/1202: $1$memwr$\order_valid_q$rtl/common/wire_order_book.sv:318$5060_EN[0:0]$7345
   436/1202: $1$memwr$\order_valid_q$rtl/common/wire_order_book.sv:318$5059_EN[0:0]$7344
   437/1202: $1$memwr$\order_valid_q$rtl/common/wire_order_book.sv:318$5058_EN[0:0]$7343
   438/1202: $1$memwr$\order_valid_q$rtl/common/wire_order_book.sv:318$5057_EN[0:0]$7342
   439/1202: $1$memwr$\order_valid_q$rtl/common/wire_order_book.sv:318$5056_EN[0:0]$7341
   440/1202: $1$memwr$\order_valid_q$rtl/common/wire_order_book.sv:318$5055_EN[0:0]$7340
   441/1202: $1$memwr$\order_valid_q$rtl/common/wire_order_book.sv:318$5054_EN[0:0]$7339
   442/1202: $1$memwr$\order_valid_q$rtl/common/wire_order_book.sv:318$5053_EN[0:0]$7338
   443/1202: $1$memwr$\order_valid_q$rtl/common/wire_order_book.sv:318$5052_EN[0:0]$7337
   444/1202: $1$memwr$\order_valid_q$rtl/common/wire_order_book.sv:318$5051_EN[0:0]$7336
   445/1202: $1$memwr$\order_valid_q$rtl/common/wire_order_book.sv:318$5050_EN[0:0]$7335
   446/1202: $1$memwr$\order_valid_q$rtl/common/wire_order_book.sv:318$5049_EN[0:0]$7334
   447/1202: $1$memwr$\order_valid_q$rtl/common/wire_order_book.sv:318$5048_EN[0:0]$7333
   448/1202: $1$memwr$\order_valid_q$rtl/common/wire_order_book.sv:318$5047_EN[0:0]$7332
   449/1202: $1$memwr$\order_valid_q$rtl/common/wire_order_book.sv:318$5046_EN[0:0]$7331
   450/1202: $1$memwr$\order_valid_q$rtl/common/wire_order_book.sv:318$5045_EN[0:0]$7330
   451/1202: $1$memwr$\order_valid_q$rtl/common/wire_order_book.sv:318$5044_EN[0:0]$7329
   452/1202: $1$memwr$\order_valid_q$rtl/common/wire_order_book.sv:318$5043_EN[0:0]$7328
   453/1202: $1$memwr$\order_valid_q$rtl/common/wire_order_book.sv:318$5042_EN[0:0]$7327
   454/1202: $1$memwr$\order_valid_q$rtl/common/wire_order_book.sv:318$5041_EN[0:0]$7326
   455/1202: $1$memwr$\order_valid_q$rtl/common/wire_order_book.sv:318$5040_EN[0:0]$7325
   456/1202: $1$memwr$\order_valid_q$rtl/common/wire_order_book.sv:318$5039_EN[0:0]$7324
   457/1202: $1$memwr$\order_valid_q$rtl/common/wire_order_book.sv:318$5038_EN[0:0]$7323
   458/1202: $1$memwr$\order_valid_q$rtl/common/wire_order_book.sv:318$5037_EN[0:0]$7322
   459/1202: $1$memwr$\order_valid_q$rtl/common/wire_order_book.sv:318$5036_EN[0:0]$7321
   460/1202: $1$memwr$\order_valid_q$rtl/common/wire_order_book.sv:318$5035_EN[0:0]$7320
   461/1202: $1$memwr$\order_valid_q$rtl/common/wire_order_book.sv:318$5034_EN[0:0]$7319
   462/1202: $1$memwr$\order_valid_q$rtl/common/wire_order_book.sv:318$5033_EN[0:0]$7318
   463/1202: $1$memwr$\order_valid_q$rtl/common/wire_order_book.sv:318$5032_EN[0:0]$7317
   464/1202: $1$memwr$\order_valid_q$rtl/common/wire_order_book.sv:318$5031_EN[0:0]$7316
   465/1202: $1$memwr$\order_valid_q$rtl/common/wire_order_book.sv:318$5030_EN[0:0]$7315
   466/1202: $1$memwr$\order_valid_q$rtl/common/wire_order_book.sv:318$5029_EN[0:0]$7314
   467/1202: $1$memwr$\order_valid_q$rtl/common/wire_order_book.sv:318$5028_EN[0:0]$7313
   468/1202: $1$memwr$\order_valid_q$rtl/common/wire_order_book.sv:318$5027_EN[0:0]$7312
   469/1202: $1$memwr$\order_valid_q$rtl/common/wire_order_book.sv:318$5026_EN[0:0]$7311
   470/1202: $1$memwr$\order_valid_q$rtl/common/wire_order_book.sv:318$5025_EN[0:0]$7310
   471/1202: $1$memwr$\order_valid_q$rtl/common/wire_order_book.sv:318$5024_EN[0:0]$7309
   472/1202: $1$memwr$\order_valid_q$rtl/common/wire_order_book.sv:318$5023_EN[0:0]$7308
   473/1202: $1$memwr$\order_valid_q$rtl/common/wire_order_book.sv:318$5022_EN[0:0]$7307
   474/1202: $1$memwr$\order_valid_q$rtl/common/wire_order_book.sv:318$5021_EN[0:0]$7306
   475/1202: $1$memwr$\order_valid_q$rtl/common/wire_order_book.sv:318$5020_EN[0:0]$7305
   476/1202: $1$memwr$\order_valid_q$rtl/common/wire_order_book.sv:318$5019_EN[0:0]$7304
   477/1202: $1$memwr$\order_valid_q$rtl/common/wire_order_book.sv:318$5018_EN[0:0]$7303
   478/1202: $1$memwr$\order_valid_q$rtl/common/wire_order_book.sv:318$5017_EN[0:0]$7302
   479/1202: $1$memwr$\order_valid_q$rtl/common/wire_order_book.sv:318$5016_EN[0:0]$7301
   480/1202: $1$memwr$\order_valid_q$rtl/common/wire_order_book.sv:318$5015_EN[0:0]$7300
   481/1202: $1$memwr$\order_valid_q$rtl/common/wire_order_book.sv:318$5014_EN[0:0]$7299
   482/1202: $1$memwr$\order_valid_q$rtl/common/wire_order_book.sv:318$5013_EN[0:0]$7298
   483/1202: $1$memwr$\order_valid_q$rtl/common/wire_order_book.sv:318$5012_EN[0:0]$7297
   484/1202: $1$memwr$\order_valid_q$rtl/common/wire_order_book.sv:318$5011_EN[0:0]$7296
   485/1202: $1$memwr$\order_valid_q$rtl/common/wire_order_book.sv:318$5010_EN[0:0]$7295
   486/1202: $1$memwr$\order_valid_q$rtl/common/wire_order_book.sv:318$5009_EN[0:0]$7294
   487/1202: $1$memwr$\order_valid_q$rtl/common/wire_order_book.sv:318$5008_EN[0:0]$7293
   488/1202: $1$memwr$\order_valid_q$rtl/common/wire_order_book.sv:318$5007_EN[0:0]$7292
   489/1202: $1$memwr$\order_valid_q$rtl/common/wire_order_book.sv:318$5006_EN[0:0]$7291
   490/1202: $1$memwr$\order_valid_q$rtl/common/wire_order_book.sv:318$5005_EN[0:0]$7290
   491/1202: $1$memwr$\order_valid_q$rtl/common/wire_order_book.sv:318$5004_EN[0:0]$7289
   492/1202: $1$memwr$\order_valid_q$rtl/common/wire_order_book.sv:318$5003_EN[0:0]$7288
   493/1202: $1$memwr$\order_valid_q$rtl/common/wire_order_book.sv:318$5002_EN[0:0]$7287
   494/1202: $1$memwr$\order_valid_q$rtl/common/wire_order_book.sv:318$5001_EN[0:0]$7286
   495/1202: $1$memwr$\order_valid_q$rtl/common/wire_order_book.sv:318$5000_EN[0:0]$7285
   496/1202: $1$memwr$\order_valid_q$rtl/common/wire_order_book.sv:318$4999_EN[0:0]$7284
   497/1202: $1$memwr$\order_valid_q$rtl/common/wire_order_book.sv:318$4998_EN[0:0]$7283
   498/1202: $1$memwr$\order_valid_q$rtl/common/wire_order_book.sv:318$4997_EN[0:0]$7282
   499/1202: $1$memwr$\order_valid_q$rtl/common/wire_order_book.sv:318$4996_EN[0:0]$7281
   500/1202: $1$memwr$\order_valid_q$rtl/common/wire_order_book.sv:318$4995_EN[0:0]$7280
   501/1202: $1$memwr$\order_valid_q$rtl/common/wire_order_book.sv:318$4994_EN[0:0]$7279
   502/1202: $1$memwr$\order_valid_q$rtl/common/wire_order_book.sv:318$4993_EN[0:0]$7278
   503/1202: $1$memwr$\order_valid_q$rtl/common/wire_order_book.sv:318$4992_EN[0:0]$7277
   504/1202: $1$memwr$\order_valid_q$rtl/common/wire_order_book.sv:318$4991_EN[0:0]$7276
   505/1202: $1$memwr$\order_valid_q$rtl/common/wire_order_book.sv:318$4990_EN[0:0]$7275
   506/1202: $1$memwr$\order_valid_q$rtl/common/wire_order_book.sv:318$4989_EN[0:0]$7274
   507/1202: $1$memwr$\order_valid_q$rtl/common/wire_order_book.sv:318$4988_EN[0:0]$7273
   508/1202: $1$memwr$\order_valid_q$rtl/common/wire_order_book.sv:318$4987_EN[0:0]$7272
   509/1202: $1$memwr$\order_valid_q$rtl/common/wire_order_book.sv:318$4986_EN[0:0]$7271
   510/1202: $1$memwr$\order_valid_q$rtl/common/wire_order_book.sv:318$4985_EN[0:0]$7270
   511/1202: $1$memwr$\order_valid_q$rtl/common/wire_order_book.sv:318$4984_EN[0:0]$7269
   512/1202: $1$memwr$\order_valid_q$rtl/common/wire_order_book.sv:318$4983_EN[0:0]$7268
   513/1202: $1$memwr$\order_valid_q$rtl/common/wire_order_book.sv:318$4982_EN[0:0]$7267
   514/1202: $1$memwr$\order_valid_q$rtl/common/wire_order_book.sv:318$4981_EN[0:0]$7266
   515/1202: $1$memwr$\order_valid_q$rtl/common/wire_order_book.sv:318$4980_EN[0:0]$7265
   516/1202: $1$memwr$\order_valid_q$rtl/common/wire_order_book.sv:318$4979_EN[0:0]$7264
   517/1202: $1$memwr$\order_valid_q$rtl/common/wire_order_book.sv:318$4978_EN[0:0]$7263
   518/1202: $1$memwr$\order_valid_q$rtl/common/wire_order_book.sv:318$4977_EN[0:0]$7262
   519/1202: $1$memwr$\order_valid_q$rtl/common/wire_order_book.sv:318$4976_EN[0:0]$7261
   520/1202: $1$memwr$\order_valid_q$rtl/common/wire_order_book.sv:318$4975_EN[0:0]$7260
   521/1202: $1$memwr$\order_valid_q$rtl/common/wire_order_book.sv:318$4974_EN[0:0]$7259
   522/1202: $1$memwr$\order_valid_q$rtl/common/wire_order_book.sv:318$4973_EN[0:0]$7258
   523/1202: $1$memwr$\order_valid_q$rtl/common/wire_order_book.sv:318$4972_EN[0:0]$7257
   524/1202: $1$memwr$\order_valid_q$rtl/common/wire_order_book.sv:318$4971_EN[0:0]$7256
   525/1202: $1$memwr$\order_valid_q$rtl/common/wire_order_book.sv:318$4970_EN[0:0]$7255
   526/1202: $1$memwr$\order_valid_q$rtl/common/wire_order_book.sv:318$4969_EN[0:0]$7254
   527/1202: $1$memwr$\order_valid_q$rtl/common/wire_order_book.sv:318$4968_EN[0:0]$7253
   528/1202: $1$memwr$\order_valid_q$rtl/common/wire_order_book.sv:318$4967_EN[0:0]$7252
   529/1202: $1$memwr$\order_valid_q$rtl/common/wire_order_book.sv:318$4966_EN[0:0]$7251
   530/1202: $1$memwr$\order_valid_q$rtl/common/wire_order_book.sv:318$4965_EN[0:0]$7250
   531/1202: $1$memwr$\order_valid_q$rtl/common/wire_order_book.sv:318$4964_EN[0:0]$7249
   532/1202: $1$memwr$\order_valid_q$rtl/common/wire_order_book.sv:318$4963_EN[0:0]$7248
   533/1202: $1$memwr$\order_valid_q$rtl/common/wire_order_book.sv:318$4962_EN[0:0]$7247
   534/1202: $1$memwr$\order_valid_q$rtl/common/wire_order_book.sv:318$4961_EN[0:0]$7246
   535/1202: $1$memwr$\order_valid_q$rtl/common/wire_order_book.sv:318$4960_EN[0:0]$7245
   536/1202: $1$memwr$\order_valid_q$rtl/common/wire_order_book.sv:318$4959_EN[0:0]$7244
   537/1202: $1$memwr$\order_valid_q$rtl/common/wire_order_book.sv:318$4958_EN[0:0]$7243
   538/1202: $1$memwr$\order_valid_q$rtl/common/wire_order_book.sv:318$4957_EN[0:0]$7242
   539/1202: $1$memwr$\order_valid_q$rtl/common/wire_order_book.sv:318$4956_EN[0:0]$7241
   540/1202: $1$memwr$\order_valid_q$rtl/common/wire_order_book.sv:318$4955_EN[0:0]$7240
   541/1202: $1$memwr$\order_valid_q$rtl/common/wire_order_book.sv:318$4954_EN[0:0]$7239
   542/1202: $1$memwr$\order_valid_q$rtl/common/wire_order_book.sv:318$4953_EN[0:0]$7238
   543/1202: $1$memwr$\order_valid_q$rtl/common/wire_order_book.sv:318$4952_EN[0:0]$7237
   544/1202: $1$memwr$\order_valid_q$rtl/common/wire_order_book.sv:318$4951_EN[0:0]$7236
   545/1202: $1$memwr$\order_valid_q$rtl/common/wire_order_book.sv:318$4950_EN[0:0]$7235
   546/1202: $1$memwr$\order_valid_q$rtl/common/wire_order_book.sv:318$4949_EN[0:0]$7234
   547/1202: $1$memwr$\order_valid_q$rtl/common/wire_order_book.sv:318$4948_EN[0:0]$7233
   548/1202: $1$memwr$\order_valid_q$rtl/common/wire_order_book.sv:318$4947_EN[0:0]$7232
   549/1202: $1$memwr$\order_valid_q$rtl/common/wire_order_book.sv:318$4946_EN[0:0]$7231
   550/1202: $1$memwr$\order_valid_q$rtl/common/wire_order_book.sv:318$4945_EN[0:0]$7230
   551/1202: $1$memwr$\order_valid_q$rtl/common/wire_order_book.sv:318$4944_EN[0:0]$7229
   552/1202: $1$memwr$\order_valid_q$rtl/common/wire_order_book.sv:318$4943_EN[0:0]$7228
   553/1202: $1$memwr$\order_valid_q$rtl/common/wire_order_book.sv:318$4942_EN[0:0]$7227
   554/1202: $1$memwr$\order_valid_q$rtl/common/wire_order_book.sv:318$4941_EN[0:0]$7226
   555/1202: $1$memwr$\order_valid_q$rtl/common/wire_order_book.sv:318$4940_EN[0:0]$7225
   556/1202: $1$memwr$\order_valid_q$rtl/common/wire_order_book.sv:318$4939_EN[0:0]$7224
   557/1202: $1$memwr$\order_valid_q$rtl/common/wire_order_book.sv:318$4938_EN[0:0]$7223
   558/1202: $1$memwr$\order_valid_q$rtl/common/wire_order_book.sv:318$4937_EN[0:0]$7222
   559/1202: $1$memwr$\order_valid_q$rtl/common/wire_order_book.sv:318$4936_EN[0:0]$7221
   560/1202: $1$memwr$\order_valid_q$rtl/common/wire_order_book.sv:318$4935_EN[0:0]$7220
   561/1202: $1$memwr$\order_valid_q$rtl/common/wire_order_book.sv:318$4934_EN[0:0]$7219
   562/1202: $1$memwr$\order_valid_q$rtl/common/wire_order_book.sv:318$4933_EN[0:0]$7218
   563/1202: $1$memwr$\order_valid_q$rtl/common/wire_order_book.sv:318$4932_EN[0:0]$7217
   564/1202: $1$memwr$\order_valid_q$rtl/common/wire_order_book.sv:318$4931_EN[0:0]$7216
   565/1202: $1$memwr$\order_valid_q$rtl/common/wire_order_book.sv:318$4930_EN[0:0]$7215
   566/1202: $1$memwr$\order_valid_q$rtl/common/wire_order_book.sv:318$4929_EN[0:0]$7214
   567/1202: $1$memwr$\order_valid_q$rtl/common/wire_order_book.sv:318$4928_EN[0:0]$7213
   568/1202: $1$memwr$\order_valid_q$rtl/common/wire_order_book.sv:318$4927_EN[0:0]$7212
   569/1202: $1$memwr$\order_valid_q$rtl/common/wire_order_book.sv:318$4926_EN[0:0]$7211
   570/1202: $1$memwr$\order_valid_q$rtl/common/wire_order_book.sv:318$4925_EN[0:0]$7210
   571/1202: $1$memwr$\order_valid_q$rtl/common/wire_order_book.sv:318$4924_EN[0:0]$7209
   572/1202: $1$memwr$\order_valid_q$rtl/common/wire_order_book.sv:318$4923_EN[0:0]$7208
   573/1202: $1$memwr$\order_valid_q$rtl/common/wire_order_book.sv:318$4922_EN[0:0]$7207
   574/1202: $1$memwr$\order_valid_q$rtl/common/wire_order_book.sv:318$4921_EN[0:0]$7206
   575/1202: $1$memwr$\order_valid_q$rtl/common/wire_order_book.sv:318$4920_EN[0:0]$7205
   576/1202: $1$memwr$\order_valid_q$rtl/common/wire_order_book.sv:318$4919_EN[0:0]$7204
   577/1202: $1$memwr$\order_valid_q$rtl/common/wire_order_book.sv:318$4918_EN[0:0]$7203
   578/1202: $1$memwr$\order_valid_q$rtl/common/wire_order_book.sv:318$4917_EN[0:0]$7202
   579/1202: $1$memwr$\order_valid_q$rtl/common/wire_order_book.sv:318$4916_EN[0:0]$7201
   580/1202: $1$memwr$\order_valid_q$rtl/common/wire_order_book.sv:318$4915_EN[0:0]$7200
   581/1202: $1$memwr$\order_valid_q$rtl/common/wire_order_book.sv:318$4914_EN[0:0]$7199
   582/1202: $1$memwr$\order_valid_q$rtl/common/wire_order_book.sv:318$4913_EN[0:0]$7198
   583/1202: $1$memwr$\order_valid_q$rtl/common/wire_order_book.sv:318$4912_EN[0:0]$7197
   584/1202: $1$memwr$\order_valid_q$rtl/common/wire_order_book.sv:318$4911_EN[0:0]$7196
   585/1202: $1$memwr$\order_valid_q$rtl/common/wire_order_book.sv:318$4910_EN[0:0]$7195
   586/1202: $1$memwr$\order_valid_q$rtl/common/wire_order_book.sv:318$4909_EN[0:0]$7194
   587/1202: $1$memwr$\order_valid_q$rtl/common/wire_order_book.sv:318$4908_EN[0:0]$7193
   588/1202: $1$memwr$\order_valid_q$rtl/common/wire_order_book.sv:318$4907_EN[0:0]$7192
   589/1202: $1$memwr$\order_valid_q$rtl/common/wire_order_book.sv:318$4906_EN[0:0]$7191
   590/1202: $1$memwr$\order_valid_q$rtl/common/wire_order_book.sv:318$4905_EN[0:0]$7190
   591/1202: $1$memwr$\order_valid_q$rtl/common/wire_order_book.sv:318$4904_EN[0:0]$7189
   592/1202: $1$memwr$\order_valid_q$rtl/common/wire_order_book.sv:318$4903_EN[0:0]$7188
   593/1202: $1$memwr$\order_valid_q$rtl/common/wire_order_book.sv:318$4902_EN[0:0]$7187
   594/1202: $1$memwr$\order_valid_q$rtl/common/wire_order_book.sv:318$4901_EN[0:0]$7186
   595/1202: $1$memwr$\order_valid_q$rtl/common/wire_order_book.sv:318$4900_EN[0:0]$7185
   596/1202: $1$memwr$\order_valid_q$rtl/common/wire_order_book.sv:318$4899_EN[0:0]$7184
   597/1202: $1$memwr$\order_valid_q$rtl/common/wire_order_book.sv:318$4898_EN[0:0]$7183
   598/1202: $1$memwr$\order_valid_q$rtl/common/wire_order_book.sv:318$4897_EN[0:0]$7182
   599/1202: $1$memwr$\order_valid_q$rtl/common/wire_order_book.sv:318$4896_EN[0:0]$7181
   600/1202: $1$memwr$\order_valid_q$rtl/common/wire_order_book.sv:318$4895_EN[0:0]$7180
   601/1202: $1$memwr$\order_valid_q$rtl/common/wire_order_book.sv:318$4894_EN[0:0]$7179
   602/1202: $1$memwr$\order_valid_q$rtl/common/wire_order_book.sv:318$4893_EN[0:0]$7178
   603/1202: $1$memwr$\order_valid_q$rtl/common/wire_order_book.sv:318$4892_EN[0:0]$7177
   604/1202: $1$memwr$\order_valid_q$rtl/common/wire_order_book.sv:318$4891_EN[0:0]$7176
   605/1202: $1$memwr$\order_valid_q$rtl/common/wire_order_book.sv:318$4890_EN[0:0]$7175
   606/1202: $1$memwr$\order_valid_q$rtl/common/wire_order_book.sv:318$4889_EN[0:0]$7174
   607/1202: $1$memwr$\order_valid_q$rtl/common/wire_order_book.sv:318$4888_EN[0:0]$7173
   608/1202: $1$memwr$\order_valid_q$rtl/common/wire_order_book.sv:318$4887_EN[0:0]$7172
   609/1202: $1$memwr$\order_valid_q$rtl/common/wire_order_book.sv:318$4886_EN[0:0]$7171
   610/1202: $1$memwr$\order_valid_q$rtl/common/wire_order_book.sv:318$4885_EN[0:0]$7170
   611/1202: $1$memwr$\order_valid_q$rtl/common/wire_order_book.sv:318$4884_EN[0:0]$7169
   612/1202: $1$memwr$\order_valid_q$rtl/common/wire_order_book.sv:318$4883_EN[0:0]$7168
   613/1202: $1$memwr$\order_valid_q$rtl/common/wire_order_book.sv:318$4882_EN[0:0]$7167
   614/1202: $1$memwr$\order_valid_q$rtl/common/wire_order_book.sv:318$4881_EN[0:0]$7166
   615/1202: $1$memwr$\order_valid_q$rtl/common/wire_order_book.sv:318$4880_EN[0:0]$7165
   616/1202: $1$memwr$\order_valid_q$rtl/common/wire_order_book.sv:318$4879_EN[0:0]$7164
   617/1202: $1$memwr$\order_valid_q$rtl/common/wire_order_book.sv:318$4878_EN[0:0]$7163
   618/1202: $1$memwr$\order_valid_q$rtl/common/wire_order_book.sv:318$4877_EN[0:0]$7162
   619/1202: $1$memwr$\order_valid_q$rtl/common/wire_order_book.sv:318$4876_EN[0:0]$7161
   620/1202: $1$memwr$\order_valid_q$rtl/common/wire_order_book.sv:318$4875_EN[0:0]$7160
   621/1202: $1$memwr$\order_valid_q$rtl/common/wire_order_book.sv:318$4874_EN[0:0]$7159
   622/1202: $1$memwr$\order_valid_q$rtl/common/wire_order_book.sv:318$4873_EN[0:0]$7158
   623/1202: $1$memwr$\order_valid_q$rtl/common/wire_order_book.sv:318$4872_EN[0:0]$7157
   624/1202: $1$memwr$\order_valid_q$rtl/common/wire_order_book.sv:318$4871_EN[0:0]$7156
   625/1202: $1$memwr$\order_valid_q$rtl/common/wire_order_book.sv:318$4870_EN[0:0]$7155
   626/1202: $1$memwr$\order_valid_q$rtl/common/wire_order_book.sv:318$4869_EN[0:0]$7154
   627/1202: $1$memwr$\order_valid_q$rtl/common/wire_order_book.sv:318$4868_EN[0:0]$7153
   628/1202: $1$memwr$\order_valid_q$rtl/common/wire_order_book.sv:318$4867_EN[0:0]$7152
   629/1202: $1$memwr$\order_valid_q$rtl/common/wire_order_book.sv:318$4866_EN[0:0]$7151
   630/1202: $1$memwr$\order_valid_q$rtl/common/wire_order_book.sv:318$4865_EN[0:0]$7150
   631/1202: $1$memwr$\order_valid_q$rtl/common/wire_order_book.sv:318$4864_EN[0:0]$7149
   632/1202: $1$memwr$\order_valid_q$rtl/common/wire_order_book.sv:318$4863_EN[0:0]$7148
   633/1202: $1$memwr$\order_valid_q$rtl/common/wire_order_book.sv:318$4862_EN[0:0]$7147
   634/1202: $1$memwr$\order_valid_q$rtl/common/wire_order_book.sv:318$4861_EN[0:0]$7146
   635/1202: $1$memwr$\order_valid_q$rtl/common/wire_order_book.sv:318$4860_EN[0:0]$7145
   636/1202: $1$memwr$\order_valid_q$rtl/common/wire_order_book.sv:318$4859_EN[0:0]$7144
   637/1202: $1$memwr$\order_valid_q$rtl/common/wire_order_book.sv:318$4858_EN[0:0]$7143
   638/1202: $1$memwr$\order_valid_q$rtl/common/wire_order_book.sv:318$4857_EN[0:0]$7142
   639/1202: $1$memwr$\order_valid_q$rtl/common/wire_order_book.sv:318$4856_EN[0:0]$7141
   640/1202: $1$memwr$\order_valid_q$rtl/common/wire_order_book.sv:318$4855_EN[0:0]$7140
   641/1202: $1$memwr$\order_valid_q$rtl/common/wire_order_book.sv:318$4854_EN[0:0]$7139
   642/1202: $1$memwr$\order_valid_q$rtl/common/wire_order_book.sv:318$4853_EN[0:0]$7138
   643/1202: $1$memwr$\order_valid_q$rtl/common/wire_order_book.sv:318$4852_EN[0:0]$7137
   644/1202: $1$memwr$\order_valid_q$rtl/common/wire_order_book.sv:318$4851_EN[0:0]$7136
   645/1202: $1$memwr$\order_valid_q$rtl/common/wire_order_book.sv:318$4850_EN[0:0]$7135
   646/1202: $1$memwr$\order_valid_q$rtl/common/wire_order_book.sv:318$4849_EN[0:0]$7134
   647/1202: $1$memwr$\order_valid_q$rtl/common/wire_order_book.sv:318$4848_EN[0:0]$7133
   648/1202: $1$memwr$\order_valid_q$rtl/common/wire_order_book.sv:318$4847_EN[0:0]$7132
   649/1202: $1$memwr$\order_valid_q$rtl/common/wire_order_book.sv:318$4846_EN[0:0]$7131
   650/1202: $1$memwr$\order_valid_q$rtl/common/wire_order_book.sv:318$4845_EN[0:0]$7130
   651/1202: $1$memwr$\order_valid_q$rtl/common/wire_order_book.sv:318$4844_EN[0:0]$7129
   652/1202: $1$memwr$\order_valid_q$rtl/common/wire_order_book.sv:318$4843_EN[0:0]$7128
   653/1202: $1$memwr$\order_valid_q$rtl/common/wire_order_book.sv:318$4842_EN[0:0]$7127
   654/1202: $1$memwr$\order_valid_q$rtl/common/wire_order_book.sv:318$4841_EN[0:0]$7126
   655/1202: $1$memwr$\order_valid_q$rtl/common/wire_order_book.sv:318$4840_EN[0:0]$7125
   656/1202: $1$memwr$\order_valid_q$rtl/common/wire_order_book.sv:318$4839_EN[0:0]$7124
   657/1202: $1$memwr$\order_valid_q$rtl/common/wire_order_book.sv:318$4838_EN[0:0]$7123
   658/1202: $1$memwr$\order_valid_q$rtl/common/wire_order_book.sv:318$4837_EN[0:0]$7122
   659/1202: $1$memwr$\order_valid_q$rtl/common/wire_order_book.sv:318$4836_EN[0:0]$7121
   660/1202: $1$memwr$\order_valid_q$rtl/common/wire_order_book.sv:318$4835_EN[0:0]$7120
   661/1202: $1$memwr$\order_valid_q$rtl/common/wire_order_book.sv:318$4834_EN[0:0]$7119
   662/1202: $1$memwr$\order_valid_q$rtl/common/wire_order_book.sv:318$4833_EN[0:0]$7118
   663/1202: $1$memwr$\order_valid_q$rtl/common/wire_order_book.sv:318$4832_EN[0:0]$7117
   664/1202: $1$memwr$\order_valid_q$rtl/common/wire_order_book.sv:318$4831_EN[0:0]$7116
   665/1202: $1$memwr$\order_valid_q$rtl/common/wire_order_book.sv:318$4830_EN[0:0]$7115
   666/1202: $1$memwr$\order_valid_q$rtl/common/wire_order_book.sv:318$4829_EN[0:0]$7114
   667/1202: $1$memwr$\order_valid_q$rtl/common/wire_order_book.sv:318$4828_EN[0:0]$7113
   668/1202: $1$memwr$\order_valid_q$rtl/common/wire_order_book.sv:318$4827_EN[0:0]$7112
   669/1202: $1$memwr$\order_valid_q$rtl/common/wire_order_book.sv:318$4826_EN[0:0]$7111
   670/1202: $1$memwr$\order_valid_q$rtl/common/wire_order_book.sv:318$4825_EN[0:0]$7110
   671/1202: $1$memwr$\order_valid_q$rtl/common/wire_order_book.sv:318$4824_EN[0:0]$7109
   672/1202: $1$memwr$\order_valid_q$rtl/common/wire_order_book.sv:318$4823_EN[0:0]$7108
   673/1202: $1$memwr$\order_valid_q$rtl/common/wire_order_book.sv:318$4822_EN[0:0]$7107
   674/1202: $1$memwr$\order_valid_q$rtl/common/wire_order_book.sv:318$4821_EN[0:0]$7106
   675/1202: $1$memwr$\order_valid_q$rtl/common/wire_order_book.sv:318$4820_EN[0:0]$7105
   676/1202: $1$memwr$\order_valid_q$rtl/common/wire_order_book.sv:318$4819_EN[0:0]$7104
   677/1202: $1$memwr$\order_valid_q$rtl/common/wire_order_book.sv:318$4818_EN[0:0]$7103
   678/1202: $1$memwr$\order_valid_q$rtl/common/wire_order_book.sv:318$4817_EN[0:0]$7102
   679/1202: $1$memwr$\order_valid_q$rtl/common/wire_order_book.sv:318$4816_EN[0:0]$7101
   680/1202: $1$memwr$\order_valid_q$rtl/common/wire_order_book.sv:318$4815_EN[0:0]$7100
   681/1202: $1$memwr$\order_valid_q$rtl/common/wire_order_book.sv:318$4814_EN[0:0]$7099
   682/1202: $1$memwr$\order_valid_q$rtl/common/wire_order_book.sv:318$4813_EN[0:0]$7098
   683/1202: $1$memwr$\order_valid_q$rtl/common/wire_order_book.sv:318$4812_EN[0:0]$7097
   684/1202: $1$memwr$\order_valid_q$rtl/common/wire_order_book.sv:318$4811_EN[0:0]$7096
   685/1202: $1$memwr$\order_valid_q$rtl/common/wire_order_book.sv:318$4810_EN[0:0]$7095
   686/1202: $1$memwr$\order_valid_q$rtl/common/wire_order_book.sv:318$4809_EN[0:0]$7094
   687/1202: $1$memwr$\order_valid_q$rtl/common/wire_order_book.sv:318$4808_EN[0:0]$7093
   688/1202: $1$memwr$\order_valid_q$rtl/common/wire_order_book.sv:318$4807_EN[0:0]$7092
   689/1202: $1$memwr$\order_valid_q$rtl/common/wire_order_book.sv:318$4806_EN[0:0]$7091
   690/1202: $1$memwr$\order_valid_q$rtl/common/wire_order_book.sv:318$4805_EN[0:0]$7090
   691/1202: $1$memwr$\order_valid_q$rtl/common/wire_order_book.sv:318$4804_EN[0:0]$7089
   692/1202: $1$memwr$\order_valid_q$rtl/common/wire_order_book.sv:318$4803_EN[0:0]$7088
   693/1202: $1$memwr$\order_valid_q$rtl/common/wire_order_book.sv:318$4802_EN[0:0]$7087
   694/1202: $1$memwr$\order_valid_q$rtl/common/wire_order_book.sv:318$4801_EN[0:0]$7086
   695/1202: $1$memwr$\order_valid_q$rtl/common/wire_order_book.sv:318$4800_EN[0:0]$7085
   696/1202: $1$memwr$\order_valid_q$rtl/common/wire_order_book.sv:318$4799_EN[0:0]$7084
   697/1202: $1$memwr$\order_valid_q$rtl/common/wire_order_book.sv:318$4798_EN[0:0]$7083
   698/1202: $1$memwr$\order_valid_q$rtl/common/wire_order_book.sv:318$4797_EN[0:0]$7082
   699/1202: $1$memwr$\order_valid_q$rtl/common/wire_order_book.sv:318$4796_EN[0:0]$7081
   700/1202: $1$memwr$\order_valid_q$rtl/common/wire_order_book.sv:318$4795_EN[0:0]$7080
   701/1202: $1$memwr$\order_valid_q$rtl/common/wire_order_book.sv:318$4794_EN[0:0]$7079
   702/1202: $1$memwr$\order_valid_q$rtl/common/wire_order_book.sv:318$4793_EN[0:0]$7078
   703/1202: $1$memwr$\order_valid_q$rtl/common/wire_order_book.sv:318$4792_EN[0:0]$7077
   704/1202: $1$memwr$\order_valid_q$rtl/common/wire_order_book.sv:318$4791_EN[0:0]$7076
   705/1202: $1$memwr$\order_valid_q$rtl/common/wire_order_book.sv:318$4790_EN[0:0]$7075
   706/1202: $1$memwr$\order_valid_q$rtl/common/wire_order_book.sv:318$4789_EN[0:0]$7074
   707/1202: $1$memwr$\order_valid_q$rtl/common/wire_order_book.sv:318$4788_EN[0:0]$7073
   708/1202: $1$memwr$\order_valid_q$rtl/common/wire_order_book.sv:318$4787_EN[0:0]$7072
   709/1202: $1$memwr$\order_valid_q$rtl/common/wire_order_book.sv:318$4786_EN[0:0]$7071
   710/1202: $1$memwr$\order_valid_q$rtl/common/wire_order_book.sv:318$4785_EN[0:0]$7070
   711/1202: $1$memwr$\order_valid_q$rtl/common/wire_order_book.sv:318$4784_EN[0:0]$7069
   712/1202: $1$memwr$\order_valid_q$rtl/common/wire_order_book.sv:318$4783_EN[0:0]$7068
   713/1202: $1$memwr$\order_valid_q$rtl/common/wire_order_book.sv:318$4782_EN[0:0]$7067
   714/1202: $1$memwr$\order_valid_q$rtl/common/wire_order_book.sv:318$4781_EN[0:0]$7066
   715/1202: $1$memwr$\order_valid_q$rtl/common/wire_order_book.sv:318$4780_EN[0:0]$7065
   716/1202: $1$memwr$\order_valid_q$rtl/common/wire_order_book.sv:318$4779_EN[0:0]$7064
   717/1202: $1$memwr$\order_valid_q$rtl/common/wire_order_book.sv:318$4778_EN[0:0]$7063
   718/1202: $1$memwr$\order_valid_q$rtl/common/wire_order_book.sv:318$4777_EN[0:0]$7062
   719/1202: $1$memwr$\order_valid_q$rtl/common/wire_order_book.sv:318$4776_EN[0:0]$7061
   720/1202: $1$memwr$\order_valid_q$rtl/common/wire_order_book.sv:318$4775_EN[0:0]$7060
   721/1202: $1$memwr$\order_valid_q$rtl/common/wire_order_book.sv:318$4774_EN[0:0]$7059
   722/1202: $1$memwr$\order_valid_q$rtl/common/wire_order_book.sv:318$4773_EN[0:0]$7058
   723/1202: $1$memwr$\order_valid_q$rtl/common/wire_order_book.sv:318$4772_EN[0:0]$7057
   724/1202: $1$memwr$\order_valid_q$rtl/common/wire_order_book.sv:318$4771_EN[0:0]$7056
   725/1202: $1$memwr$\order_valid_q$rtl/common/wire_order_book.sv:318$4770_EN[0:0]$7055
   726/1202: $1$memwr$\order_valid_q$rtl/common/wire_order_book.sv:318$4769_EN[0:0]$7054
   727/1202: $1$memwr$\order_valid_q$rtl/common/wire_order_book.sv:318$4768_EN[0:0]$7053
   728/1202: $1$memwr$\order_valid_q$rtl/common/wire_order_book.sv:318$4767_EN[0:0]$7052
   729/1202: $1$memwr$\order_valid_q$rtl/common/wire_order_book.sv:318$4766_EN[0:0]$7051
   730/1202: $1$memwr$\order_valid_q$rtl/common/wire_order_book.sv:318$4765_EN[0:0]$7050
   731/1202: $1$memwr$\order_valid_q$rtl/common/wire_order_book.sv:318$4764_EN[0:0]$7049
   732/1202: $1$memwr$\order_valid_q$rtl/common/wire_order_book.sv:318$4763_EN[0:0]$7048
   733/1202: $1$memwr$\order_valid_q$rtl/common/wire_order_book.sv:318$4762_EN[0:0]$7047
   734/1202: $1$memwr$\order_valid_q$rtl/common/wire_order_book.sv:318$4761_EN[0:0]$7046
   735/1202: $1$memwr$\order_valid_q$rtl/common/wire_order_book.sv:318$4760_EN[0:0]$7045
   736/1202: $1$memwr$\order_valid_q$rtl/common/wire_order_book.sv:318$4759_EN[0:0]$7044
   737/1202: $1$memwr$\order_valid_q$rtl/common/wire_order_book.sv:318$4758_EN[0:0]$7043
   738/1202: $1$memwr$\order_valid_q$rtl/common/wire_order_book.sv:318$4757_EN[0:0]$7042
   739/1202: $1$memwr$\order_valid_q$rtl/common/wire_order_book.sv:318$4756_EN[0:0]$7041
   740/1202: $1$memwr$\order_valid_q$rtl/common/wire_order_book.sv:318$4755_EN[0:0]$7040
   741/1202: $1$memwr$\order_valid_q$rtl/common/wire_order_book.sv:318$4754_EN[0:0]$7039
   742/1202: $1$memwr$\order_valid_q$rtl/common/wire_order_book.sv:318$4753_EN[0:0]$7038
   743/1202: $1$memwr$\order_valid_q$rtl/common/wire_order_book.sv:318$4752_EN[0:0]$7037
   744/1202: $1$memwr$\order_valid_q$rtl/common/wire_order_book.sv:318$4751_EN[0:0]$7036
   745/1202: $1$memwr$\order_valid_q$rtl/common/wire_order_book.sv:318$4750_EN[0:0]$7035
   746/1202: $1$memwr$\order_valid_q$rtl/common/wire_order_book.sv:318$4749_EN[0:0]$7034
   747/1202: $1$memwr$\order_valid_q$rtl/common/wire_order_book.sv:318$4748_EN[0:0]$7033
   748/1202: $1$memwr$\order_valid_q$rtl/common/wire_order_book.sv:318$4747_EN[0:0]$7032
   749/1202: $1$memwr$\order_valid_q$rtl/common/wire_order_book.sv:318$4746_EN[0:0]$7031
   750/1202: $1$memwr$\order_valid_q$rtl/common/wire_order_book.sv:318$4745_EN[0:0]$7030
   751/1202: $1$memwr$\order_valid_q$rtl/common/wire_order_book.sv:318$4744_EN[0:0]$7029
   752/1202: $1$memwr$\order_valid_q$rtl/common/wire_order_book.sv:318$4743_EN[0:0]$7028
   753/1202: $1$memwr$\order_valid_q$rtl/common/wire_order_book.sv:318$4742_EN[0:0]$7027
   754/1202: $1$memwr$\order_valid_q$rtl/common/wire_order_book.sv:318$4741_EN[0:0]$7026
   755/1202: $1$memwr$\order_valid_q$rtl/common/wire_order_book.sv:318$4740_EN[0:0]$7025
   756/1202: $1$memwr$\order_valid_q$rtl/common/wire_order_book.sv:318$4739_EN[0:0]$7024
   757/1202: $1$memwr$\order_valid_q$rtl/common/wire_order_book.sv:318$4738_EN[0:0]$7023
   758/1202: $1$memwr$\order_valid_q$rtl/common/wire_order_book.sv:318$4737_EN[0:0]$7022
   759/1202: $1$memwr$\order_valid_q$rtl/common/wire_order_book.sv:318$4736_EN[0:0]$7021
   760/1202: $1$memwr$\order_valid_q$rtl/common/wire_order_book.sv:318$4735_EN[0:0]$7020
   761/1202: $1$memwr$\order_valid_q$rtl/common/wire_order_book.sv:318$4734_EN[0:0]$7019
   762/1202: $1$memwr$\order_valid_q$rtl/common/wire_order_book.sv:318$4733_EN[0:0]$7018
   763/1202: $1$memwr$\order_valid_q$rtl/common/wire_order_book.sv:318$4732_EN[0:0]$7017
   764/1202: $1$memwr$\order_valid_q$rtl/common/wire_order_book.sv:318$4731_EN[0:0]$7016
   765/1202: $1$memwr$\order_valid_q$rtl/common/wire_order_book.sv:318$4730_EN[0:0]$7015
   766/1202: $1$memwr$\order_valid_q$rtl/common/wire_order_book.sv:318$4729_EN[0:0]$7014
   767/1202: $1$memwr$\order_valid_q$rtl/common/wire_order_book.sv:318$4728_EN[0:0]$7013
   768/1202: $1$memwr$\order_valid_q$rtl/common/wire_order_book.sv:318$4727_EN[0:0]$7012
   769/1202: $1$memwr$\order_valid_q$rtl/common/wire_order_book.sv:318$4726_EN[0:0]$7011
   770/1202: $1$memwr$\order_valid_q$rtl/common/wire_order_book.sv:318$4725_EN[0:0]$7010
   771/1202: $1$memwr$\order_valid_q$rtl/common/wire_order_book.sv:318$4724_EN[0:0]$7009
   772/1202: $1$memwr$\order_valid_q$rtl/common/wire_order_book.sv:318$4723_EN[0:0]$7008
   773/1202: $1$memwr$\order_valid_q$rtl/common/wire_order_book.sv:318$4722_EN[0:0]$7007
   774/1202: $1$memwr$\order_valid_q$rtl/common/wire_order_book.sv:318$4721_EN[0:0]$7006
   775/1202: $1$memwr$\order_valid_q$rtl/common/wire_order_book.sv:318$4720_EN[0:0]$7005
   776/1202: $1$memwr$\order_valid_q$rtl/common/wire_order_book.sv:318$4719_EN[0:0]$7004
   777/1202: $1$memwr$\order_valid_q$rtl/common/wire_order_book.sv:318$4718_EN[0:0]$7003
   778/1202: $1$memwr$\order_valid_q$rtl/common/wire_order_book.sv:318$4717_EN[0:0]$7002
   779/1202: $1$memwr$\order_valid_q$rtl/common/wire_order_book.sv:318$4716_EN[0:0]$7001
   780/1202: $1$memwr$\order_valid_q$rtl/common/wire_order_book.sv:318$4715_EN[0:0]$7000
   781/1202: $1$memwr$\order_valid_q$rtl/common/wire_order_book.sv:318$4714_EN[0:0]$6999
   782/1202: $1$memwr$\order_valid_q$rtl/common/wire_order_book.sv:318$4713_EN[0:0]$6998
   783/1202: $1$memwr$\order_valid_q$rtl/common/wire_order_book.sv:318$4712_EN[0:0]$6997
   784/1202: $1$memwr$\order_valid_q$rtl/common/wire_order_book.sv:318$4711_EN[0:0]$6996
   785/1202: $1$memwr$\order_valid_q$rtl/common/wire_order_book.sv:318$4710_EN[0:0]$6995
   786/1202: $1$memwr$\order_valid_q$rtl/common/wire_order_book.sv:318$4709_EN[0:0]$6994
   787/1202: $1$memwr$\order_valid_q$rtl/common/wire_order_book.sv:318$4708_EN[0:0]$6993
   788/1202: $1$memwr$\order_valid_q$rtl/common/wire_order_book.sv:318$4707_EN[0:0]$6992
   789/1202: $1$memwr$\order_valid_q$rtl/common/wire_order_book.sv:318$4706_EN[0:0]$6991
   790/1202: $1$memwr$\order_valid_q$rtl/common/wire_order_book.sv:318$4705_EN[0:0]$6990
   791/1202: $1$memwr$\order_valid_q$rtl/common/wire_order_book.sv:318$4704_EN[0:0]$6989
   792/1202: $1$memwr$\order_valid_q$rtl/common/wire_order_book.sv:318$4703_EN[0:0]$6988
   793/1202: $1$memwr$\order_valid_q$rtl/common/wire_order_book.sv:318$4702_EN[0:0]$6987
   794/1202: $1$memwr$\order_valid_q$rtl/common/wire_order_book.sv:318$4701_EN[0:0]$6986
   795/1202: $1$memwr$\order_valid_q$rtl/common/wire_order_book.sv:318$4700_EN[0:0]$6985
   796/1202: $1$memwr$\order_valid_q$rtl/common/wire_order_book.sv:318$4699_EN[0:0]$6984
   797/1202: $1$memwr$\order_valid_q$rtl/common/wire_order_book.sv:318$4698_EN[0:0]$6983
   798/1202: $1$memwr$\order_valid_q$rtl/common/wire_order_book.sv:318$4697_EN[0:0]$6982
   799/1202: $1$memwr$\order_valid_q$rtl/common/wire_order_book.sv:318$4696_EN[0:0]$6981
   800/1202: $1$memwr$\order_valid_q$rtl/common/wire_order_book.sv:318$4695_EN[0:0]$6980
   801/1202: $1$memwr$\order_valid_q$rtl/common/wire_order_book.sv:318$4694_EN[0:0]$6979
   802/1202: $1$memwr$\order_valid_q$rtl/common/wire_order_book.sv:318$4693_EN[0:0]$6978
   803/1202: $1$memwr$\order_valid_q$rtl/common/wire_order_book.sv:318$4692_EN[0:0]$6977
   804/1202: $1$memwr$\order_valid_q$rtl/common/wire_order_book.sv:318$4691_EN[0:0]$6976
   805/1202: $1$memwr$\order_valid_q$rtl/common/wire_order_book.sv:318$4690_EN[0:0]$6975
   806/1202: $1$memwr$\order_valid_q$rtl/common/wire_order_book.sv:318$4689_EN[0:0]$6974
   807/1202: $1$memwr$\order_valid_q$rtl/common/wire_order_book.sv:318$4688_EN[0:0]$6973
   808/1202: $1$memwr$\order_valid_q$rtl/common/wire_order_book.sv:318$4687_EN[0:0]$6972
   809/1202: $1$memwr$\order_valid_q$rtl/common/wire_order_book.sv:318$4686_EN[0:0]$6971
   810/1202: $1$memwr$\order_valid_q$rtl/common/wire_order_book.sv:318$4685_EN[0:0]$6970
   811/1202: $1$memwr$\order_valid_q$rtl/common/wire_order_book.sv:318$4684_EN[0:0]$6969
   812/1202: $1$memwr$\order_valid_q$rtl/common/wire_order_book.sv:318$4683_EN[0:0]$6968
   813/1202: $1$memwr$\order_valid_q$rtl/common/wire_order_book.sv:318$4682_EN[0:0]$6967
   814/1202: $1$memwr$\order_valid_q$rtl/common/wire_order_book.sv:318$4681_EN[0:0]$6966
   815/1202: $1$memwr$\order_valid_q$rtl/common/wire_order_book.sv:318$4680_EN[0:0]$6965
   816/1202: $1$memwr$\order_valid_q$rtl/common/wire_order_book.sv:318$4679_EN[0:0]$6964
   817/1202: $1$memwr$\order_valid_q$rtl/common/wire_order_book.sv:318$4678_EN[0:0]$6963
   818/1202: $1$memwr$\order_valid_q$rtl/common/wire_order_book.sv:318$4677_EN[0:0]$6962
   819/1202: $1$memwr$\order_valid_q$rtl/common/wire_order_book.sv:318$4676_EN[0:0]$6961
   820/1202: $1$memwr$\order_valid_q$rtl/common/wire_order_book.sv:318$4675_EN[0:0]$6960
   821/1202: $1$memwr$\order_valid_q$rtl/common/wire_order_book.sv:318$4674_EN[0:0]$6959
   822/1202: $1$memwr$\order_valid_q$rtl/common/wire_order_book.sv:318$4673_EN[0:0]$6958
   823/1202: $1$memwr$\order_valid_q$rtl/common/wire_order_book.sv:318$4672_EN[0:0]$6957
   824/1202: $1$memwr$\order_valid_q$rtl/common/wire_order_book.sv:318$4671_EN[0:0]$6956
   825/1202: $1$memwr$\order_valid_q$rtl/common/wire_order_book.sv:318$4670_EN[0:0]$6955
   826/1202: $1$memwr$\order_valid_q$rtl/common/wire_order_book.sv:318$4669_EN[0:0]$6954
   827/1202: $1$memwr$\order_valid_q$rtl/common/wire_order_book.sv:318$4668_EN[0:0]$6953
   828/1202: $1$memwr$\order_valid_q$rtl/common/wire_order_book.sv:318$4667_EN[0:0]$6952
   829/1202: $1$memwr$\order_valid_q$rtl/common/wire_order_book.sv:318$4666_EN[0:0]$6951
   830/1202: $1$memwr$\order_valid_q$rtl/common/wire_order_book.sv:318$4665_EN[0:0]$6950
   831/1202: $1$memwr$\order_valid_q$rtl/common/wire_order_book.sv:318$4664_EN[0:0]$6949
   832/1202: $1$memwr$\order_valid_q$rtl/common/wire_order_book.sv:318$4663_EN[0:0]$6948
   833/1202: $1$memwr$\order_valid_q$rtl/common/wire_order_book.sv:318$4662_EN[0:0]$6947
   834/1202: $1$memwr$\order_valid_q$rtl/common/wire_order_book.sv:318$4661_EN[0:0]$6946
   835/1202: $1$memwr$\order_valid_q$rtl/common/wire_order_book.sv:318$4660_EN[0:0]$6945
   836/1202: $1$memwr$\order_valid_q$rtl/common/wire_order_book.sv:318$4659_EN[0:0]$6944
   837/1202: $1$memwr$\order_valid_q$rtl/common/wire_order_book.sv:318$4658_EN[0:0]$6943
   838/1202: $1$memwr$\order_valid_q$rtl/common/wire_order_book.sv:318$4657_EN[0:0]$6942
   839/1202: $1$memwr$\order_valid_q$rtl/common/wire_order_book.sv:318$4656_EN[0:0]$6941
   840/1202: $1$memwr$\order_valid_q$rtl/common/wire_order_book.sv:318$4655_EN[0:0]$6940
   841/1202: $1$memwr$\order_valid_q$rtl/common/wire_order_book.sv:318$4654_EN[0:0]$6939
   842/1202: $1$memwr$\order_valid_q$rtl/common/wire_order_book.sv:318$4653_EN[0:0]$6938
   843/1202: $1$memwr$\order_valid_q$rtl/common/wire_order_book.sv:318$4652_EN[0:0]$6937
   844/1202: $1$memwr$\order_valid_q$rtl/common/wire_order_book.sv:318$4651_EN[0:0]$6936
   845/1202: $1$memwr$\order_valid_q$rtl/common/wire_order_book.sv:318$4650_EN[0:0]$6935
   846/1202: $1$memwr$\order_valid_q$rtl/common/wire_order_book.sv:318$4649_EN[0:0]$6934
   847/1202: $1$memwr$\order_valid_q$rtl/common/wire_order_book.sv:318$4648_EN[0:0]$6933
   848/1202: $1$memwr$\order_valid_q$rtl/common/wire_order_book.sv:318$4647_EN[0:0]$6932
   849/1202: $1$memwr$\order_valid_q$rtl/common/wire_order_book.sv:318$4646_EN[0:0]$6931
   850/1202: $1$memwr$\order_valid_q$rtl/common/wire_order_book.sv:318$4645_EN[0:0]$6930
   851/1202: $1$memwr$\order_valid_q$rtl/common/wire_order_book.sv:318$4644_EN[0:0]$6929
   852/1202: $1$memwr$\order_valid_q$rtl/common/wire_order_book.sv:318$4643_EN[0:0]$6928
   853/1202: $1$memwr$\order_valid_q$rtl/common/wire_order_book.sv:318$4642_EN[0:0]$6927
   854/1202: $1$memwr$\order_valid_q$rtl/common/wire_order_book.sv:318$4641_EN[0:0]$6926
   855/1202: $1$memwr$\order_valid_q$rtl/common/wire_order_book.sv:318$4640_EN[0:0]$6925
   856/1202: $1$memwr$\order_valid_q$rtl/common/wire_order_book.sv:318$4639_EN[0:0]$6924
   857/1202: $1$memwr$\order_valid_q$rtl/common/wire_order_book.sv:318$4638_EN[0:0]$6923
   858/1202: $1$memwr$\order_valid_q$rtl/common/wire_order_book.sv:318$4637_EN[0:0]$6922
   859/1202: $1$memwr$\order_valid_q$rtl/common/wire_order_book.sv:318$4636_EN[0:0]$6921
   860/1202: $1$memwr$\order_valid_q$rtl/common/wire_order_book.sv:318$4635_EN[0:0]$6920
   861/1202: $1$memwr$\order_valid_q$rtl/common/wire_order_book.sv:318$4634_EN[0:0]$6919
   862/1202: $1$memwr$\order_valid_q$rtl/common/wire_order_book.sv:318$4633_EN[0:0]$6918
   863/1202: $1$memwr$\order_valid_q$rtl/common/wire_order_book.sv:318$4632_EN[0:0]$6917
   864/1202: $1$memwr$\order_valid_q$rtl/common/wire_order_book.sv:318$4631_EN[0:0]$6916
   865/1202: $1$memwr$\order_valid_q$rtl/common/wire_order_book.sv:318$4630_EN[0:0]$6915
   866/1202: $1$memwr$\order_valid_q$rtl/common/wire_order_book.sv:318$4629_EN[0:0]$6914
   867/1202: $1$memwr$\order_valid_q$rtl/common/wire_order_book.sv:318$4628_EN[0:0]$6913
   868/1202: $1$memwr$\order_valid_q$rtl/common/wire_order_book.sv:318$4627_EN[0:0]$6912
   869/1202: $1$memwr$\order_valid_q$rtl/common/wire_order_book.sv:318$4626_EN[0:0]$6911
   870/1202: $1$memwr$\order_valid_q$rtl/common/wire_order_book.sv:318$4625_EN[0:0]$6910
   871/1202: $1$memwr$\order_valid_q$rtl/common/wire_order_book.sv:318$4624_EN[0:0]$6909
   872/1202: $1$memwr$\order_valid_q$rtl/common/wire_order_book.sv:318$4623_EN[0:0]$6908
   873/1202: $1$memwr$\order_valid_q$rtl/common/wire_order_book.sv:318$4622_EN[0:0]$6907
   874/1202: $1$memwr$\order_valid_q$rtl/common/wire_order_book.sv:318$4621_EN[0:0]$6906
   875/1202: $1$memwr$\order_valid_q$rtl/common/wire_order_book.sv:318$4620_EN[0:0]$6905
   876/1202: $1$memwr$\order_valid_q$rtl/common/wire_order_book.sv:318$4619_EN[0:0]$6904
   877/1202: $1$memwr$\order_valid_q$rtl/common/wire_order_book.sv:318$4618_EN[0:0]$6903
   878/1202: $1$memwr$\order_valid_q$rtl/common/wire_order_book.sv:318$4617_EN[0:0]$6902
   879/1202: $1$memwr$\order_valid_q$rtl/common/wire_order_book.sv:318$4616_EN[0:0]$6901
   880/1202: $1$memwr$\order_valid_q$rtl/common/wire_order_book.sv:318$4615_EN[0:0]$6900
   881/1202: $1$memwr$\order_valid_q$rtl/common/wire_order_book.sv:318$4614_EN[0:0]$6899
   882/1202: $1$memwr$\order_valid_q$rtl/common/wire_order_book.sv:318$4613_EN[0:0]$6898
   883/1202: $1$memwr$\order_valid_q$rtl/common/wire_order_book.sv:318$4612_EN[0:0]$6897
   884/1202: $1$memwr$\order_valid_q$rtl/common/wire_order_book.sv:318$4611_EN[0:0]$6896
   885/1202: $1$memwr$\order_valid_q$rtl/common/wire_order_book.sv:318$4610_EN[0:0]$6895
   886/1202: $1$memwr$\order_valid_q$rtl/common/wire_order_book.sv:318$4609_EN[0:0]$6894
   887/1202: $1$memwr$\order_valid_q$rtl/common/wire_order_book.sv:318$4608_EN[0:0]$6893
   888/1202: $1$memwr$\order_valid_q$rtl/common/wire_order_book.sv:318$4607_EN[0:0]$6892
   889/1202: $1$memwr$\order_valid_q$rtl/common/wire_order_book.sv:318$4606_EN[0:0]$6891
   890/1202: $1$memwr$\order_valid_q$rtl/common/wire_order_book.sv:318$4605_EN[0:0]$6890
   891/1202: $1$memwr$\order_valid_q$rtl/common/wire_order_book.sv:318$4604_EN[0:0]$6889
   892/1202: $1$memwr$\order_valid_q$rtl/common/wire_order_book.sv:318$4603_EN[0:0]$6888
   893/1202: $1$memwr$\order_valid_q$rtl/common/wire_order_book.sv:318$4602_EN[0:0]$6887
   894/1202: $1$memwr$\order_valid_q$rtl/common/wire_order_book.sv:318$4601_EN[0:0]$6886
   895/1202: $1$memwr$\order_valid_q$rtl/common/wire_order_book.sv:318$4600_EN[0:0]$6885
   896/1202: $1$memwr$\order_valid_q$rtl/common/wire_order_book.sv:318$4599_EN[0:0]$6884
   897/1202: $1$memwr$\order_valid_q$rtl/common/wire_order_book.sv:318$4598_EN[0:0]$6883
   898/1202: $1$memwr$\order_valid_q$rtl/common/wire_order_book.sv:318$4597_EN[0:0]$6882
   899/1202: $1$memwr$\order_valid_q$rtl/common/wire_order_book.sv:318$4596_EN[0:0]$6881
   900/1202: $1$memwr$\order_valid_q$rtl/common/wire_order_book.sv:318$4595_EN[0:0]$6880
   901/1202: $1$memwr$\order_valid_q$rtl/common/wire_order_book.sv:318$4594_EN[0:0]$6879
   902/1202: $1$memwr$\order_valid_q$rtl/common/wire_order_book.sv:318$4593_EN[0:0]$6878
   903/1202: $1$memwr$\order_valid_q$rtl/common/wire_order_book.sv:318$4592_EN[0:0]$6877
   904/1202: $1$memwr$\order_valid_q$rtl/common/wire_order_book.sv:318$4591_EN[0:0]$6876
   905/1202: $1$memwr$\order_valid_q$rtl/common/wire_order_book.sv:318$4590_EN[0:0]$6875
   906/1202: $1$memwr$\order_valid_q$rtl/common/wire_order_book.sv:318$4589_EN[0:0]$6874
   907/1202: $1$memwr$\order_valid_q$rtl/common/wire_order_book.sv:318$4588_EN[0:0]$6873
   908/1202: $1$memwr$\order_valid_q$rtl/common/wire_order_book.sv:318$4587_EN[0:0]$6872
   909/1202: $1$memwr$\order_valid_q$rtl/common/wire_order_book.sv:318$4586_EN[0:0]$6871
   910/1202: $1$memwr$\order_valid_q$rtl/common/wire_order_book.sv:318$4585_EN[0:0]$6870
   911/1202: $1$memwr$\order_valid_q$rtl/common/wire_order_book.sv:318$4584_EN[0:0]$6869
   912/1202: $1$memwr$\order_valid_q$rtl/common/wire_order_book.sv:318$4583_EN[0:0]$6868
   913/1202: $1$memwr$\order_valid_q$rtl/common/wire_order_book.sv:318$4582_EN[0:0]$6867
   914/1202: $1$memwr$\order_valid_q$rtl/common/wire_order_book.sv:318$4581_EN[0:0]$6866
   915/1202: $1$memwr$\order_valid_q$rtl/common/wire_order_book.sv:318$4580_EN[0:0]$6865
   916/1202: $1$memwr$\order_valid_q$rtl/common/wire_order_book.sv:318$4579_EN[0:0]$6864
   917/1202: $1$memwr$\order_valid_q$rtl/common/wire_order_book.sv:318$4578_EN[0:0]$6863
   918/1202: $1$memwr$\order_valid_q$rtl/common/wire_order_book.sv:318$4577_EN[0:0]$6862
   919/1202: $1$memwr$\order_valid_q$rtl/common/wire_order_book.sv:318$4576_EN[0:0]$6861
   920/1202: $1$memwr$\order_valid_q$rtl/common/wire_order_book.sv:318$4575_EN[0:0]$6860
   921/1202: $1$memwr$\order_valid_q$rtl/common/wire_order_book.sv:318$4574_EN[0:0]$6859
   922/1202: $1$memwr$\order_valid_q$rtl/common/wire_order_book.sv:318$4573_EN[0:0]$6858
   923/1202: $1$memwr$\order_valid_q$rtl/common/wire_order_book.sv:318$4572_EN[0:0]$6857
   924/1202: $1$memwr$\order_valid_q$rtl/common/wire_order_book.sv:318$4571_EN[0:0]$6856
   925/1202: $1$memwr$\order_valid_q$rtl/common/wire_order_book.sv:318$4570_EN[0:0]$6855
   926/1202: $1$memwr$\order_valid_q$rtl/common/wire_order_book.sv:318$4569_EN[0:0]$6854
   927/1202: $1$memwr$\order_valid_q$rtl/common/wire_order_book.sv:318$4568_EN[0:0]$6853
   928/1202: $1$memwr$\order_valid_q$rtl/common/wire_order_book.sv:318$4567_EN[0:0]$6852
   929/1202: $1$memwr$\order_valid_q$rtl/common/wire_order_book.sv:318$4566_EN[0:0]$6851
   930/1202: $1$memwr$\order_valid_q$rtl/common/wire_order_book.sv:318$4565_EN[0:0]$6850
   931/1202: $1$memwr$\order_valid_q$rtl/common/wire_order_book.sv:318$4564_EN[0:0]$6849
   932/1202: $1$memwr$\order_valid_q$rtl/common/wire_order_book.sv:318$4563_EN[0:0]$6848
   933/1202: $1$memwr$\order_valid_q$rtl/common/wire_order_book.sv:318$4562_EN[0:0]$6847
   934/1202: $1$memwr$\order_valid_q$rtl/common/wire_order_book.sv:318$4561_EN[0:0]$6846
   935/1202: $1$memwr$\order_valid_q$rtl/common/wire_order_book.sv:318$4560_EN[0:0]$6845
   936/1202: $1$memwr$\order_valid_q$rtl/common/wire_order_book.sv:318$4559_EN[0:0]$6844
   937/1202: $1$memwr$\order_valid_q$rtl/common/wire_order_book.sv:318$4558_EN[0:0]$6843
   938/1202: $1$memwr$\order_valid_q$rtl/common/wire_order_book.sv:318$4557_EN[0:0]$6842
   939/1202: $1$memwr$\order_valid_q$rtl/common/wire_order_book.sv:318$4556_EN[0:0]$6841
   940/1202: $1$memwr$\order_valid_q$rtl/common/wire_order_book.sv:318$4555_EN[0:0]$6840
   941/1202: $1$memwr$\order_valid_q$rtl/common/wire_order_book.sv:318$4554_EN[0:0]$6839
   942/1202: $1$memwr$\order_valid_q$rtl/common/wire_order_book.sv:318$4553_EN[0:0]$6838
   943/1202: $1$memwr$\order_valid_q$rtl/common/wire_order_book.sv:318$4552_EN[0:0]$6837
   944/1202: $1$memwr$\order_valid_q$rtl/common/wire_order_book.sv:318$4551_EN[0:0]$6836
   945/1202: $1$memwr$\order_valid_q$rtl/common/wire_order_book.sv:318$4550_EN[0:0]$6835
   946/1202: $1$memwr$\order_valid_q$rtl/common/wire_order_book.sv:318$4549_EN[0:0]$6834
   947/1202: $1$memwr$\order_valid_q$rtl/common/wire_order_book.sv:318$4548_EN[0:0]$6833
   948/1202: $1$memwr$\order_valid_q$rtl/common/wire_order_book.sv:318$4547_EN[0:0]$6832
   949/1202: $1$memwr$\order_valid_q$rtl/common/wire_order_book.sv:318$4546_EN[0:0]$6831
   950/1202: $1$memwr$\order_valid_q$rtl/common/wire_order_book.sv:318$4545_EN[0:0]$6830
   951/1202: $1$memwr$\order_valid_q$rtl/common/wire_order_book.sv:318$4544_EN[0:0]$6829
   952/1202: $1$memwr$\order_valid_q$rtl/common/wire_order_book.sv:318$4543_EN[0:0]$6828
   953/1202: $1$memwr$\order_valid_q$rtl/common/wire_order_book.sv:318$4542_EN[0:0]$6827
   954/1202: $1$memwr$\order_valid_q$rtl/common/wire_order_book.sv:318$4541_EN[0:0]$6826
   955/1202: $1$memwr$\order_valid_q$rtl/common/wire_order_book.sv:318$4540_EN[0:0]$6825
   956/1202: $1$memwr$\order_valid_q$rtl/common/wire_order_book.sv:318$4539_EN[0:0]$6824
   957/1202: $1$memwr$\order_valid_q$rtl/common/wire_order_book.sv:318$4538_EN[0:0]$6823
   958/1202: $1$memwr$\order_valid_q$rtl/common/wire_order_book.sv:318$4537_EN[0:0]$6822
   959/1202: $1$memwr$\order_valid_q$rtl/common/wire_order_book.sv:318$4536_EN[0:0]$6821
   960/1202: $1$memwr$\order_valid_q$rtl/common/wire_order_book.sv:318$4535_EN[0:0]$6820
   961/1202: $1$memwr$\order_valid_q$rtl/common/wire_order_book.sv:318$4534_EN[0:0]$6819
   962/1202: $1$memwr$\order_valid_q$rtl/common/wire_order_book.sv:318$4533_EN[0:0]$6818
   963/1202: $1$memwr$\order_valid_q$rtl/common/wire_order_book.sv:318$4532_EN[0:0]$6817
   964/1202: $1$memwr$\order_valid_q$rtl/common/wire_order_book.sv:318$4531_EN[0:0]$6816
   965/1202: $1$memwr$\order_valid_q$rtl/common/wire_order_book.sv:318$4530_EN[0:0]$6815
   966/1202: $1$memwr$\order_valid_q$rtl/common/wire_order_book.sv:318$4529_EN[0:0]$6814
   967/1202: $1$memwr$\order_valid_q$rtl/common/wire_order_book.sv:318$4528_EN[0:0]$6813
   968/1202: $1$memwr$\order_valid_q$rtl/common/wire_order_book.sv:318$4527_EN[0:0]$6812
   969/1202: $1$memwr$\order_valid_q$rtl/common/wire_order_book.sv:318$4526_EN[0:0]$6811
   970/1202: $1$memwr$\order_valid_q$rtl/common/wire_order_book.sv:318$4525_EN[0:0]$6810
   971/1202: $1$memwr$\order_valid_q$rtl/common/wire_order_book.sv:318$4524_EN[0:0]$6809
   972/1202: $1$memwr$\order_valid_q$rtl/common/wire_order_book.sv:318$4523_EN[0:0]$6808
   973/1202: $1$memwr$\order_valid_q$rtl/common/wire_order_book.sv:318$4522_EN[0:0]$6807
   974/1202: $1$memwr$\order_valid_q$rtl/common/wire_order_book.sv:318$4521_EN[0:0]$6806
   975/1202: $1$memwr$\order_valid_q$rtl/common/wire_order_book.sv:318$4520_EN[0:0]$6805
   976/1202: $1$memwr$\order_valid_q$rtl/common/wire_order_book.sv:318$4519_EN[0:0]$6804
   977/1202: $1$memwr$\order_valid_q$rtl/common/wire_order_book.sv:318$4518_EN[0:0]$6803
   978/1202: $1$memwr$\order_valid_q$rtl/common/wire_order_book.sv:318$4517_EN[0:0]$6802
   979/1202: $1$memwr$\order_valid_q$rtl/common/wire_order_book.sv:318$4516_EN[0:0]$6801
   980/1202: $1$memwr$\order_valid_q$rtl/common/wire_order_book.sv:318$4515_EN[0:0]$6800
   981/1202: $1$memwr$\order_valid_q$rtl/common/wire_order_book.sv:318$4514_EN[0:0]$6799
   982/1202: $1$memwr$\order_valid_q$rtl/common/wire_order_book.sv:318$4513_EN[0:0]$6798
   983/1202: $1$memwr$\order_valid_q$rtl/common/wire_order_book.sv:318$4512_EN[0:0]$6797
   984/1202: $1$memwr$\order_valid_q$rtl/common/wire_order_book.sv:318$4511_EN[0:0]$6796
   985/1202: $1$memwr$\order_valid_q$rtl/common/wire_order_book.sv:318$4510_EN[0:0]$6795
   986/1202: $1$memwr$\order_valid_q$rtl/common/wire_order_book.sv:318$4509_EN[0:0]$6794
   987/1202: $1$memwr$\order_valid_q$rtl/common/wire_order_book.sv:318$4508_EN[0:0]$6793
   988/1202: $1$memwr$\order_valid_q$rtl/common/wire_order_book.sv:318$4507_EN[0:0]$6792
   989/1202: $1$memwr$\order_valid_q$rtl/common/wire_order_book.sv:318$4506_EN[0:0]$6791
   990/1202: $1$memwr$\order_valid_q$rtl/common/wire_order_book.sv:318$4505_EN[0:0]$6790
   991/1202: $1$memwr$\order_valid_q$rtl/common/wire_order_book.sv:318$4504_EN[0:0]$6789
   992/1202: $1$memwr$\order_valid_q$rtl/common/wire_order_book.sv:318$4503_EN[0:0]$6788
   993/1202: $1$memwr$\order_valid_q$rtl/common/wire_order_book.sv:318$4502_EN[0:0]$6787
   994/1202: $1$memwr$\order_valid_q$rtl/common/wire_order_book.sv:318$4501_EN[0:0]$6786
   995/1202: $1$memwr$\order_valid_q$rtl/common/wire_order_book.sv:318$4500_EN[0:0]$6785
   996/1202: $1$memwr$\order_valid_q$rtl/common/wire_order_book.sv:318$4499_EN[0:0]$6784
   997/1202: $1$memwr$\order_valid_q$rtl/common/wire_order_book.sv:318$4498_EN[0:0]$6783
   998/1202: $1$memwr$\order_valid_q$rtl/common/wire_order_book.sv:318$4497_EN[0:0]$6782
   999/1202: $1$memwr$\order_valid_q$rtl/common/wire_order_book.sv:318$4496_EN[0:0]$6781
  1000/1202: $1$memwr$\order_valid_q$rtl/common/wire_order_book.sv:318$4495_EN[0:0]$6780
  1001/1202: $1$memwr$\order_valid_q$rtl/common/wire_order_book.sv:318$4494_EN[0:0]$6779
  1002/1202: $1$memwr$\order_valid_q$rtl/common/wire_order_book.sv:318$4493_EN[0:0]$6778
  1003/1202: $1$memwr$\order_valid_q$rtl/common/wire_order_book.sv:318$4492_EN[0:0]$6777
  1004/1202: $1$memwr$\order_valid_q$rtl/common/wire_order_book.sv:318$4491_EN[0:0]$6776
  1005/1202: $1$memwr$\order_valid_q$rtl/common/wire_order_book.sv:318$4490_EN[0:0]$6775
  1006/1202: $1$memwr$\order_valid_q$rtl/common/wire_order_book.sv:318$4489_EN[0:0]$6774
  1007/1202: $1$memwr$\order_valid_q$rtl/common/wire_order_book.sv:318$4488_EN[0:0]$6773
  1008/1202: $1$memwr$\order_valid_q$rtl/common/wire_order_book.sv:318$4487_EN[0:0]$6772
  1009/1202: $1$memwr$\order_valid_q$rtl/common/wire_order_book.sv:318$4486_EN[0:0]$6771
  1010/1202: $1$memwr$\order_valid_q$rtl/common/wire_order_book.sv:318$4485_EN[0:0]$6770
  1011/1202: $1$memwr$\order_valid_q$rtl/common/wire_order_book.sv:318$4484_EN[0:0]$6769
  1012/1202: $1$memwr$\order_valid_q$rtl/common/wire_order_book.sv:318$4483_EN[0:0]$6768
  1013/1202: $1$memwr$\order_valid_q$rtl/common/wire_order_book.sv:318$4482_EN[0:0]$6767
  1014/1202: $1$memwr$\order_valid_q$rtl/common/wire_order_book.sv:318$4481_EN[0:0]$6766
  1015/1202: $1$memwr$\order_valid_q$rtl/common/wire_order_book.sv:318$4480_EN[0:0]$6765
  1016/1202: $1$memwr$\order_valid_q$rtl/common/wire_order_book.sv:318$4479_EN[0:0]$6764
  1017/1202: $1$memwr$\order_valid_q$rtl/common/wire_order_book.sv:318$4478_EN[0:0]$6763
  1018/1202: $1$memwr$\order_valid_q$rtl/common/wire_order_book.sv:318$4477_EN[0:0]$6762
  1019/1202: $1$memwr$\order_valid_q$rtl/common/wire_order_book.sv:318$4476_EN[0:0]$6761
  1020/1202: $1$memwr$\order_valid_q$rtl/common/wire_order_book.sv:318$4475_EN[0:0]$6760
  1021/1202: $1$memwr$\order_valid_q$rtl/common/wire_order_book.sv:318$4474_EN[0:0]$6759
  1022/1202: $1$memwr$\order_valid_q$rtl/common/wire_order_book.sv:318$4473_EN[0:0]$6758
  1023/1202: $1$memwr$\order_valid_q$rtl/common/wire_order_book.sv:318$4472_EN[0:0]$6757
  1024/1202: $1$memwr$\order_valid_q$rtl/common/wire_order_book.sv:318$4471_EN[0:0]$6756
  1025/1202: $1$memwr$\order_valid_q$rtl/common/wire_order_book.sv:318$4470_EN[0:0]$6755
  1026/1202: $1$memwr$\order_valid_q$rtl/common/wire_order_book.sv:318$4469_EN[0:0]$6754
  1027/1202: $1$memwr$\order_valid_q$rtl/common/wire_order_book.sv:318$4468_EN[0:0]$6753
  1028/1202: $1$memwr$\order_valid_q$rtl/common/wire_order_book.sv:318$4467_EN[0:0]$6752
  1029/1202: $1$memwr$\order_valid_q$rtl/common/wire_order_book.sv:318$4466_EN[0:0]$6751
  1030/1202: $1$memwr$\order_valid_q$rtl/common/wire_order_book.sv:318$4465_EN[0:0]$6750
  1031/1202: $1$memwr$\order_valid_q$rtl/common/wire_order_book.sv:318$4464_EN[0:0]$6749
  1032/1202: $1$memwr$\order_valid_q$rtl/common/wire_order_book.sv:318$4463_EN[0:0]$6748
  1033/1202: $1$memwr$\order_valid_q$rtl/common/wire_order_book.sv:318$4462_EN[0:0]$6747
  1034/1202: $1$memwr$\order_valid_q$rtl/common/wire_order_book.sv:318$4461_EN[0:0]$6746
  1035/1202: $1$memwr$\order_valid_q$rtl/common/wire_order_book.sv:318$4460_EN[0:0]$6745
  1036/1202: $1$memwr$\order_valid_q$rtl/common/wire_order_book.sv:318$4459_EN[0:0]$6744
  1037/1202: $1$memwr$\order_valid_q$rtl/common/wire_order_book.sv:318$4458_EN[0:0]$6743
  1038/1202: $1$memwr$\order_valid_q$rtl/common/wire_order_book.sv:318$4457_EN[0:0]$6742
  1039/1202: $1$memwr$\order_valid_q$rtl/common/wire_order_book.sv:318$4456_EN[0:0]$6741
  1040/1202: $1$memwr$\order_valid_q$rtl/common/wire_order_book.sv:318$4455_EN[0:0]$6740
  1041/1202: $1$memwr$\order_valid_q$rtl/common/wire_order_book.sv:318$4454_EN[0:0]$6739
  1042/1202: $1$memwr$\order_valid_q$rtl/common/wire_order_book.sv:318$4453_EN[0:0]$6738
  1043/1202: $1$memwr$\order_valid_q$rtl/common/wire_order_book.sv:318$4452_EN[0:0]$6737
  1044/1202: $1$memwr$\order_valid_q$rtl/common/wire_order_book.sv:318$4451_EN[0:0]$6736
  1045/1202: $1$memwr$\order_valid_q$rtl/common/wire_order_book.sv:318$4450_EN[0:0]$6735
  1046/1202: $1$memwr$\order_valid_q$rtl/common/wire_order_book.sv:318$4449_EN[0:0]$6734
  1047/1202: $1$memwr$\order_valid_q$rtl/common/wire_order_book.sv:318$4448_EN[0:0]$6733
  1048/1202: $1$memwr$\order_valid_q$rtl/common/wire_order_book.sv:318$4447_EN[0:0]$6732
  1049/1202: $1$memwr$\order_valid_q$rtl/common/wire_order_book.sv:318$4446_EN[0:0]$6731
  1050/1202: $1$memwr$\order_valid_q$rtl/common/wire_order_book.sv:318$4445_EN[0:0]$6730
  1051/1202: $1$memwr$\order_valid_q$rtl/common/wire_order_book.sv:318$4444_EN[0:0]$6729
  1052/1202: $1$memwr$\order_valid_q$rtl/common/wire_order_book.sv:318$4443_EN[0:0]$6728
  1053/1202: $1$memwr$\order_valid_q$rtl/common/wire_order_book.sv:318$4442_EN[0:0]$6727
  1054/1202: $1$memwr$\order_valid_q$rtl/common/wire_order_book.sv:318$4441_EN[0:0]$6726
  1055/1202: $1$memwr$\order_valid_q$rtl/common/wire_order_book.sv:318$4440_EN[0:0]$6725
  1056/1202: $1$memwr$\order_valid_q$rtl/common/wire_order_book.sv:318$4439_EN[0:0]$6724
  1057/1202: $1$memwr$\order_valid_q$rtl/common/wire_order_book.sv:318$4438_EN[0:0]$6723
  1058/1202: $1$memwr$\order_valid_q$rtl/common/wire_order_book.sv:318$4437_EN[0:0]$6722
  1059/1202: $1$memwr$\order_valid_q$rtl/common/wire_order_book.sv:318$4436_EN[0:0]$6721
  1060/1202: $1$memwr$\order_valid_q$rtl/common/wire_order_book.sv:318$4435_EN[0:0]$6720
  1061/1202: $1$memwr$\order_valid_q$rtl/common/wire_order_book.sv:318$4434_EN[0:0]$6719
  1062/1202: $1$memwr$\order_valid_q$rtl/common/wire_order_book.sv:318$4433_EN[0:0]$6718
  1063/1202: $1$memwr$\order_valid_q$rtl/common/wire_order_book.sv:318$4432_EN[0:0]$6717
  1064/1202: $1$memwr$\order_valid_q$rtl/common/wire_order_book.sv:318$4431_EN[0:0]$6716
  1065/1202: $1$memwr$\order_valid_q$rtl/common/wire_order_book.sv:318$4430_EN[0:0]$6715
  1066/1202: $1$memwr$\order_valid_q$rtl/common/wire_order_book.sv:318$4429_EN[0:0]$6714
  1067/1202: $1$memwr$\order_valid_q$rtl/common/wire_order_book.sv:318$4428_EN[0:0]$6713
  1068/1202: $1$memwr$\order_valid_q$rtl/common/wire_order_book.sv:318$4427_EN[0:0]$6712
  1069/1202: $1$memwr$\order_valid_q$rtl/common/wire_order_book.sv:318$4426_EN[0:0]$6711
  1070/1202: $1$memwr$\order_valid_q$rtl/common/wire_order_book.sv:318$4425_EN[0:0]$6710
  1071/1202: $1$memwr$\order_valid_q$rtl/common/wire_order_book.sv:318$4424_EN[0:0]$6709
  1072/1202: $1$memwr$\order_valid_q$rtl/common/wire_order_book.sv:318$4423_EN[0:0]$6708
  1073/1202: $1$memwr$\order_valid_q$rtl/common/wire_order_book.sv:318$4422_EN[0:0]$6707
  1074/1202: $1$memwr$\order_valid_q$rtl/common/wire_order_book.sv:318$4421_EN[0:0]$6706
  1075/1202: $1$memwr$\order_valid_q$rtl/common/wire_order_book.sv:318$4420_EN[0:0]$6705
  1076/1202: $1$memwr$\order_valid_q$rtl/common/wire_order_book.sv:318$4419_EN[0:0]$6704
  1077/1202: $1$memwr$\order_valid_q$rtl/common/wire_order_book.sv:318$4418_EN[0:0]$6703
  1078/1202: $1$memwr$\order_valid_q$rtl/common/wire_order_book.sv:318$4417_EN[0:0]$6702
  1079/1202: $1$memwr$\order_valid_q$rtl/common/wire_order_book.sv:318$4416_EN[0:0]$6701
  1080/1202: $1$memwr$\order_valid_q$rtl/common/wire_order_book.sv:318$4415_EN[0:0]$6700
  1081/1202: $1$memwr$\order_valid_q$rtl/common/wire_order_book.sv:318$4414_EN[0:0]$6699
  1082/1202: $1$memwr$\order_valid_q$rtl/common/wire_order_book.sv:318$4413_EN[0:0]$6698
  1083/1202: $1$memwr$\order_valid_q$rtl/common/wire_order_book.sv:318$4412_EN[0:0]$6697
  1084/1202: $1$memwr$\order_valid_q$rtl/common/wire_order_book.sv:318$4411_EN[0:0]$6696
  1085/1202: $1$memwr$\order_valid_q$rtl/common/wire_order_book.sv:318$4410_EN[0:0]$6695
  1086/1202: $1$memwr$\order_valid_q$rtl/common/wire_order_book.sv:318$4409_EN[0:0]$6694
  1087/1202: $1$memwr$\order_valid_q$rtl/common/wire_order_book.sv:318$4408_EN[0:0]$6693
  1088/1202: $1$memwr$\order_valid_q$rtl/common/wire_order_book.sv:318$4407_EN[0:0]$6692
  1089/1202: $1$memwr$\order_valid_q$rtl/common/wire_order_book.sv:318$4406_EN[0:0]$6691
  1090/1202: $1$memwr$\order_valid_q$rtl/common/wire_order_book.sv:318$4405_EN[0:0]$6690
  1091/1202: $1$memwr$\order_valid_q$rtl/common/wire_order_book.sv:318$4404_EN[0:0]$6689
  1092/1202: $1$memwr$\order_valid_q$rtl/common/wire_order_book.sv:318$4403_EN[0:0]$6688
  1093/1202: $1$memwr$\order_valid_q$rtl/common/wire_order_book.sv:318$4402_EN[0:0]$6687
  1094/1202: $1$memwr$\order_valid_q$rtl/common/wire_order_book.sv:318$4401_EN[0:0]$6686
  1095/1202: $1$memwr$\order_valid_q$rtl/common/wire_order_book.sv:318$4400_EN[0:0]$6685
  1096/1202: $1$memwr$\order_valid_q$rtl/common/wire_order_book.sv:318$4399_EN[0:0]$6684
  1097/1202: $1$memwr$\order_valid_q$rtl/common/wire_order_book.sv:318$4398_EN[0:0]$6683
  1098/1202: $1$memwr$\order_valid_q$rtl/common/wire_order_book.sv:318$4397_EN[0:0]$6682
  1099/1202: $1$memwr$\order_valid_q$rtl/common/wire_order_book.sv:318$4396_EN[0:0]$6681
  1100/1202: $1$memwr$\order_valid_q$rtl/common/wire_order_book.sv:318$4395_EN[0:0]$6680
  1101/1202: $1$memwr$\order_valid_q$rtl/common/wire_order_book.sv:318$4394_EN[0:0]$6679
  1102/1202: $1$memwr$\order_valid_q$rtl/common/wire_order_book.sv:318$4393_EN[0:0]$6678
  1103/1202: $1$memwr$\order_valid_q$rtl/common/wire_order_book.sv:318$4392_EN[0:0]$6677
  1104/1202: $1$memwr$\order_valid_q$rtl/common/wire_order_book.sv:318$4391_EN[0:0]$6676
  1105/1202: $1$memwr$\order_valid_q$rtl/common/wire_order_book.sv:318$4390_EN[0:0]$6675
  1106/1202: $1$memwr$\order_valid_q$rtl/common/wire_order_book.sv:318$4389_EN[0:0]$6674
  1107/1202: $1$memwr$\order_valid_q$rtl/common/wire_order_book.sv:318$4388_EN[0:0]$6673
  1108/1202: $1$memwr$\order_valid_q$rtl/common/wire_order_book.sv:318$4387_EN[0:0]$6672
  1109/1202: $1$memwr$\order_valid_q$rtl/common/wire_order_book.sv:318$4386_EN[0:0]$6671
  1110/1202: $1$memwr$\order_valid_q$rtl/common/wire_order_book.sv:318$4385_EN[0:0]$6670
  1111/1202: $1$memwr$\order_valid_q$rtl/common/wire_order_book.sv:318$4384_EN[0:0]$6669
  1112/1202: $1$memwr$\order_valid_q$rtl/common/wire_order_book.sv:318$4383_EN[0:0]$6668
  1113/1202: $1$memwr$\order_valid_q$rtl/common/wire_order_book.sv:318$4382_EN[0:0]$6667
  1114/1202: $1$memwr$\order_valid_q$rtl/common/wire_order_book.sv:318$4381_EN[0:0]$6666
  1115/1202: $1$memwr$\order_valid_q$rtl/common/wire_order_book.sv:318$4380_EN[0:0]$6665
  1116/1202: $1$memwr$\order_valid_q$rtl/common/wire_order_book.sv:318$4379_EN[0:0]$6664
  1117/1202: $1$memwr$\order_valid_q$rtl/common/wire_order_book.sv:318$4378_EN[0:0]$6663
  1118/1202: $1$memwr$\order_valid_q$rtl/common/wire_order_book.sv:318$4377_EN[0:0]$6662
  1119/1202: $1$memwr$\order_valid_q$rtl/common/wire_order_book.sv:318$4376_EN[0:0]$6661
  1120/1202: $1$memwr$\order_valid_q$rtl/common/wire_order_book.sv:318$4375_EN[0:0]$6660
  1121/1202: $1$memwr$\order_valid_q$rtl/common/wire_order_book.sv:318$4374_EN[0:0]$6659
  1122/1202: $1$memwr$\order_valid_q$rtl/common/wire_order_book.sv:318$4373_EN[0:0]$6658
  1123/1202: $1$memwr$\order_valid_q$rtl/common/wire_order_book.sv:318$4372_EN[0:0]$6657
  1124/1202: $1$memwr$\order_valid_q$rtl/common/wire_order_book.sv:318$4371_EN[0:0]$6656
  1125/1202: $1$memwr$\order_valid_q$rtl/common/wire_order_book.sv:318$4370_EN[0:0]$6655
  1126/1202: $1$memwr$\order_valid_q$rtl/common/wire_order_book.sv:318$4369_EN[0:0]$6654
  1127/1202: $1$memwr$\order_valid_q$rtl/common/wire_order_book.sv:318$4368_EN[0:0]$6653
  1128/1202: $1$memwr$\order_valid_q$rtl/common/wire_order_book.sv:318$4367_EN[0:0]$6652
  1129/1202: $1$memwr$\order_valid_q$rtl/common/wire_order_book.sv:318$4366_EN[0:0]$6651
  1130/1202: $1$memwr$\order_valid_q$rtl/common/wire_order_book.sv:318$4365_EN[0:0]$6650
  1131/1202: $1$memwr$\order_valid_q$rtl/common/wire_order_book.sv:318$4364_EN[0:0]$6649
  1132/1202: $1$memwr$\order_valid_q$rtl/common/wire_order_book.sv:318$4363_EN[0:0]$6648
  1133/1202: $1$memwr$\order_valid_q$rtl/common/wire_order_book.sv:318$4362_EN[0:0]$6647
  1134/1202: $1$memwr$\order_valid_q$rtl/common/wire_order_book.sv:318$4361_EN[0:0]$6646
  1135/1202: $1$memwr$\order_valid_q$rtl/common/wire_order_book.sv:318$4360_EN[0:0]$6645
  1136/1202: $1$memwr$\order_valid_q$rtl/common/wire_order_book.sv:318$4359_EN[0:0]$6644
  1137/1202: $1$memwr$\order_valid_q$rtl/common/wire_order_book.sv:318$4358_EN[0:0]$6643
  1138/1202: $1$memwr$\order_valid_q$rtl/common/wire_order_book.sv:318$4357_EN[0:0]$6642
  1139/1202: $1$memwr$\order_valid_q$rtl/common/wire_order_book.sv:318$4356_EN[0:0]$6641
  1140/1202: $1$memwr$\order_valid_q$rtl/common/wire_order_book.sv:318$4355_EN[0:0]$6640
  1141/1202: $1$memwr$\order_valid_q$rtl/common/wire_order_book.sv:318$4354_EN[0:0]$6639
  1142/1202: $1$memwr$\order_valid_q$rtl/common/wire_order_book.sv:318$4353_EN[0:0]$6638
  1143/1202: $1$memwr$\order_valid_q$rtl/common/wire_order_book.sv:318$4352_EN[0:0]$6637
  1144/1202: $1$memwr$\order_valid_q$rtl/common/wire_order_book.sv:380$5389_EN[0:0]$7697
  1145/1202: $1$memwr$\order_valid_q$rtl/common/wire_order_book.sv:380$5389_ADDR[31:0]$7696
  1146/1202: $1$memwr$\order_side_q$rtl/common/wire_order_book.sv:379$5388_EN[0:0]$7695
  1147/1202: $1$memwr$\order_side_q$rtl/common/wire_order_book.sv:379$5388_DATA[0:0]$7694
  1148/1202: $1$memwr$\order_side_q$rtl/common/wire_order_book.sv:379$5388_ADDR[31:0]$7693
  1149/1202: $1$memwr$\order_quantity_q$rtl/common/wire_order_book.sv:378$5387_EN[31:0]$7692
  1150/1202: $1$memwr$\order_quantity_q$rtl/common/wire_order_book.sv:378$5387_DATA[31:0]$7691
  1151/1202: $1$memwr$\order_quantity_q$rtl/common/wire_order_book.sv:378$5387_ADDR[31:0]$7690
  1152/1202: $1$memwr$\order_price_q$rtl/common/wire_order_book.sv:377$5386_EN[31:0]$7689
  1153/1202: $1$memwr$\order_price_q$rtl/common/wire_order_book.sv:377$5386_DATA[31:0]$7688
  1154/1202: $1$memwr$\order_price_q$rtl/common/wire_order_book.sv:377$5386_ADDR[31:0]$7687
  1155/1202: $1$memwr$\order_reference_q$rtl/common/wire_order_book.sv:376$5385_EN[63:0]$7686
  1156/1202: $1$memwr$\order_reference_q$rtl/common/wire_order_book.sv:376$5385_DATA[63:0]$7685
  1157/1202: $1$memwr$\order_reference_q$rtl/common/wire_order_book.sv:376$5385_ADDR[31:0]$7684
  1158/1202: $1$memwr$\order_valid_q$rtl/common/wire_order_book.sv:375$5384_EN[0:0]$7683
  1159/1202: $1$memwr$\order_valid_q$rtl/common/wire_order_book.sv:375$5384_ADDR[31:0]$7682
  1160/1202: $1$memwr$\order_valid_q$rtl/common/wire_order_book.sv:372$5383_EN[0:0]$7681
  1161/1202: $1$memwr$\order_valid_q$rtl/common/wire_order_book.sv:372$5383_ADDR[31:0]$7680
  1162/1202: $1$memwr$\order_quantity_q$rtl/common/wire_order_book.sv:370$5382_EN[31:0]$7679
  1163/1202: $1$memwr$\order_quantity_q$rtl/common/wire_order_book.sv:370$5382_DATA[31:0]$7678
  1164/1202: $1$memwr$\order_quantity_q$rtl/common/wire_order_book.sv:370$5382_ADDR[31:0]$7677
  1165/1202: $1$memwr$\order_valid_q$rtl/common/wire_order_book.sv:368$5381_EN[0:0]$7676
  1166/1202: $1$memwr$\order_valid_q$rtl/common/wire_order_book.sv:368$5381_ADDR[31:0]$7675
  1167/1202: $1$memwr$\order_valid_q$rtl/common/wire_order_book.sv:364$5380_EN[0:0]$7674
  1168/1202: $1$memwr$\order_valid_q$rtl/common/wire_order_book.sv:364$5380_ADDR[31:0]$7673
  1169/1202: $1$memwr$\order_side_q$rtl/common/wire_order_book.sv:363$5379_EN[0:0]$7672
  1170/1202: $1$memwr$\order_side_q$rtl/common/wire_order_book.sv:363$5379_DATA[0:0]$7671
  1171/1202: $1$memwr$\order_side_q$rtl/common/wire_order_book.sv:363$5379_ADDR[31:0]$7670
  1172/1202: $1$memwr$\order_quantity_q$rtl/common/wire_order_book.sv:362$5378_EN[31:0]$7669
  1173/1202: $1$memwr$\order_quantity_q$rtl/common/wire_order_book.sv:362$5378_DATA[31:0]$7668
  1174/1202: $1$memwr$\order_quantity_q$rtl/common/wire_order_book.sv:362$5378_ADDR[31:0]$7667
  1175/1202: $1$memwr$\order_price_q$rtl/common/wire_order_book.sv:361$5377_EN[31:0]$7666
  1176/1202: $1$memwr$\order_price_q$rtl/common/wire_order_book.sv:361$5377_DATA[31:0]$7665
  1177/1202: $1$memwr$\order_price_q$rtl/common/wire_order_book.sv:361$5377_ADDR[31:0]$7664
  1178/1202: $1$memwr$\order_reference_q$rtl/common/wire_order_book.sv:360$5376_EN[63:0]$7663
  1179/1202: $1$memwr$\order_reference_q$rtl/common/wire_order_book.sv:360$5376_DATA[63:0]$7662
  1180/1202: $1$memwr$\order_reference_q$rtl/common/wire_order_book.sv:360$5376_ADDR[31:0]$7661
  1181/1202: $0\event_contract_q[0:0]
  1182/1202: $0\side_q[0:0]
  1183/1202: $0\price_q[31:0]
  1184/1202: $0\quantity_q[31:0]
  1185/1202: $0\new_reference_q[63:0]
  1186/1202: $0\old_reference_q[63:0]
  1187/1202: $0\event_timestamp_q[47:0]
  1188/1202: $0\event_sequence_q[63:0]
  1189/1202: $0\event_kind_q[2:0]
  1190/1202: $0\accepted_stock_locate_q[15:0]
  1191/1202: $0\commit_ask_q[47:0]
  1192/1202: $0\commit_bid_q[47:0]
  1193/1202: $0\commit_timestamp_q[47:0]
  1194/1202: $0\commit_sequence_q[63:0]
  1195/1202: $0\error_code_q[3:0]
  1196/1202: $0\error_valid_q[0:0]
  1197/1202: $0\commit_valid_q[0:0]
  1198/1202: $0\recovery_q[0:0]
  1199/1202: $0\book_valid_q[0:0]
  1200/1202: $0\ask_total_q[47:0]
  1201/1202: $0\bid_total_q[47:0]
  1202/1202: $0\state_q[0:0]
Creating decoders for process `$paramod\wire_order_book\NUM_SETS=s32'00000000000000000000001000000000.$proc$rtl/common/wire_order_book.sv:164$5400'.
     1/87: $3\next_bid_total[47:0]
     2/87: $3\next_ask_total[47:0]
     3/87: $11\eval_error_code[3:0]
     4/87: $11\eval_error[0:0]
     5/87: $2\next_ask_total[47:0]
     6/87: $2\next_bid_total[47:0]
     7/87: $1\next_ask_total[47:0]
     8/87: $1\next_bid_total[47:0]
     9/87: $10\eval_error_code[3:0]
    10/87: $10\eval_error[0:0]
    11/87: $1\aggregate_candidate[48:0]
    12/87: $9\eval_error_code[3:0]
    13/87: $9\eval_error[0:0]
    14/87: $9\aggregate_on_bid[0:0]
    15/87: $9\aggregate_delta[48:0]
    16/87: $8\free_slot[31:0]
    17/87: $7\free_slot[31:0]
    18/87: $8\eval_error_code[3:0]
    19/87: $8\eval_error[0:0]
    20/87: $4$fordecl_block$48.way[31:0]$5540
    21/87: $8\aggregate_on_bid[0:0]
    22/87: $8\aggregate_delta[48:0]
    23/87: $6\free_slot[31:0]
    24/87: $7\eval_error_code[3:0]
    25/87: $7\eval_error[0:0]
    26/87: $3$fordecl_block$48.way[31:0]$5537
    27/87: $7\aggregate_on_bid[0:0]
    28/87: $7\aggregate_delta[48:0]
    29/87: $5\free_slot[31:0]
    30/87: $6\eval_error_code[3:0]
    31/87: $6\eval_error[0:0]
    32/87: $4\new_remaining[31:0]
    33/87: $6\aggregate_on_bid[0:0]
    34/87: $6\aggregate_delta[48:0]
    35/87: $5\eval_error_code[3:0]
    36/87: $5\eval_error[0:0]
    37/87: $3\new_remaining[31:0]
    38/87: $5\aggregate_on_bid[0:0]
    39/87: $5\aggregate_delta[48:0]
    40/87: $4\eval_error_code[3:0]
    41/87: $4\eval_error[0:0]
    42/87: $4\aggregate_on_bid[0:0]
    43/87: $4\aggregate_delta[48:0]
    44/87: $3\eval_error_code[3:0]
    45/87: $3\eval_error[0:0]
    46/87: $3\aggregate_on_bid[0:0]
    47/87: $3\aggregate_delta[48:0]
    48/87: $2\aggregate_on_bid[0:0]
    49/87: $2\aggregate_delta[48:0]
    50/87: $2\eval_error_code[3:0]
    51/87: $2\eval_error[0:0]
    52/87: $2$fordecl_block$48.way[31:0]$5519
    53/87: $2\new_remaining[31:0]
    54/87: $4\free_slot[31:0]
    55/87: $1\eval_error_code[3:0]
    56/87: $1\eval_error[0:0]
    57/87: $1$fordecl_block$48.way[31:0]$5518
    58/87: $1\new_remaining[31:0]
    59/87: $1\aggregate_on_bid[0:0]
    60/87: $1\aggregate_delta[48:0]
    61/87: $3\free_slot[31:0]
    62/87: $3\debug_side[0:0]
    63/87: $3\debug_remaining_quantity[31:0]
    64/87: $3\debug_price[31:0]
    65/87: $2\debug_side[0:0]
    66/87: $2\debug_remaining_quantity[31:0]
    67/87: $2\debug_price[31:0]
    68/87: $1$fordecl_block$46.way[31:0]$5492
    69/87: $1\debug_side[0:0]
    70/87: $1\debug_remaining_quantity[31:0]
    71/87: $1\debug_price[31:0]
    72/87: $2\debug_way_index[0:0]
    73/87: $2\debug_match[0:0]
    74/87: $2\free_slot[31:0]
    75/87: $2\new_found[0:0]
    76/87: $2\old_side[0:0]
    77/87: $2\old_remaining[31:0]
    78/87: $2\old_slot[31:0]
    79/87: $2\old_found[0:0]
    80/87: $1\debug_way_index[0:0]
    81/87: $1\debug_match[0:0]
    82/87: $1\free_slot[31:0]
    83/87: $1\new_found[0:0]
    84/87: $1\old_side[0:0]
    85/87: $1\old_remaining[31:0]
    86/87: $1\old_slot[31:0]
    87/87: $1\old_found[0:0]
Creating decoders for process `\wire_ingress_buffer.$proc$rtl/common/wire_ingress_buffer.sv:37$12'.
     1/21: $2$memwr$\last_q$rtl/common/wire_ingress_buffer.sv:46$3_EN[0:0]$39
     2/21: $2$memwr$\last_q$rtl/common/wire_ingress_buffer.sv:46$3_DATA[0:0]$38
     3/21: $2$memwr$\last_q$rtl/common/wire_ingress_buffer.sv:46$3_ADDR[0:0]$37
     4/21: $2$memwr$\keep_q$rtl/common/wire_ingress_buffer.sv:45$2_EN[7:0]$36
     5/21: $2$memwr$\keep_q$rtl/common/wire_ingress_buffer.sv:45$2_DATA[7:0]$35
     6/21: $2$memwr$\keep_q$rtl/common/wire_ingress_buffer.sv:45$2_ADDR[0:0]$34
     7/21: $2$memwr$\data_q$rtl/common/wire_ingress_buffer.sv:44$1_EN[63:0]$33
     8/21: $2$memwr$\data_q$rtl/common/wire_ingress_buffer.sv:44$1_DATA[63:0]$32
     9/21: $2$memwr$\data_q$rtl/common/wire_ingress_buffer.sv:44$1_ADDR[0:0]$31
    10/21: $0\count_q[1:0]
    11/21: $1$memwr$\last_q$rtl/common/wire_ingress_buffer.sv:46$3_EN[0:0]$30
    12/21: $1$memwr$\last_q$rtl/common/wire_ingress_buffer.sv:46$3_DATA[0:0]$29
    13/21: $1$memwr$\last_q$rtl/common/wire_ingress_buffer.sv:46$3_ADDR[0:0]$28
    14/21: $1$memwr$\keep_q$rtl/common/wire_ingress_buffer.sv:45$2_EN[7:0]$27
    15/21: $1$memwr$\keep_q$rtl/common/wire_ingress_buffer.sv:45$2_DATA[7:0]$26
    16/21: $1$memwr$\keep_q$rtl/common/wire_ingress_buffer.sv:45$2_ADDR[0:0]$25
    17/21: $1$memwr$\data_q$rtl/common/wire_ingress_buffer.sv:44$1_EN[63:0]$24
    18/21: $1$memwr$\data_q$rtl/common/wire_ingress_buffer.sv:44$1_DATA[63:0]$23
    19/21: $1$memwr$\data_q$rtl/common/wire_ingress_buffer.sv:44$1_ADDR[0:0]$22
    20/21: $0\write_ptr_q[0:0]
    21/21: $0\read_ptr_q[0:0]

13.8. Executing PROC_DLATCH pass (convert process syncs to latches).
No latch inferred for signal `\wire_itch_decoder.\required_length$func$rtl/arch_a/wire_itch_decoder.sv:112$3949.$result' from process `\wire_itch_decoder.$proc$rtl/arch_a/wire_itch_decoder.sv:112$4297'.
No latch inferred for signal `\wire_itch_decoder.\required_length$func$rtl/arch_a/wire_itch_decoder.sv:112$3948.$result' from process `\wire_itch_decoder.$proc$rtl/arch_a/wire_itch_decoder.sv:112$4292'.
No latch inferred for signal `\wire_ipv4_parser.\classify_header$func$rtl/arch_a/wire_ipv4_parser.sv:102$3651.$result' from process `\wire_ipv4_parser.$proc$rtl/arch_a/wire_ipv4_parser.sv:102$3737'.
No latch inferred for signal `$paramod\wire_order_book\NUM_SETS=s32'00000000000000000000001000000000.\event_fields_valid$func$rtl/common/wire_order_book.sv:143$4347.$result' from process `$paramod\wire_order_book\NUM_SETS=s32'00000000000000000000001000000000.$proc$rtl/common/wire_order_book.sv:143$7824'.
No latch inferred for signal `$paramod\wire_order_book\NUM_SETS=s32'00000000000000000000001000000000.\debug_found' from process `$paramod\wire_order_book\NUM_SETS=s32'00000000000000000000001000000000.$proc$rtl/common/wire_order_book.sv:164$5400'.
No latch inferred for signal `$paramod\wire_order_book\NUM_SETS=s32'00000000000000000000001000000000.\debug_price' from process `$paramod\wire_order_book\NUM_SETS=s32'00000000000000000000001000000000.$proc$rtl/common/wire_order_book.sv:164$5400'.
No latch inferred for signal `$paramod\wire_order_book\NUM_SETS=s32'00000000000000000000001000000000.\debug_remaining_quantity' from process `$paramod\wire_order_book\NUM_SETS=s32'00000000000000000000001000000000.$proc$rtl/common/wire_order_book.sv:164$5400'.
No latch inferred for signal `$paramod\wire_order_book\NUM_SETS=s32'00000000000000000000001000000000.\debug_side' from process `$paramod\wire_order_book\NUM_SETS=s32'00000000000000000000001000000000.$proc$rtl/common/wire_order_book.sv:164$5400'.
No latch inferred for signal `$paramod\wire_order_book\NUM_SETS=s32'00000000000000000000001000000000.\debug_way' from process `$paramod\wire_order_book\NUM_SETS=s32'00000000000000000000001000000000.$proc$rtl/common/wire_order_book.sv:164$5400'.
No latch inferred for signal `$paramod\wire_order_book\NUM_SETS=s32'00000000000000000000001000000000.\old_hash' from process `$paramod\wire_order_book\NUM_SETS=s32'00000000000000000000001000000000.$proc$rtl/common/wire_order_book.sv:164$5400'.
No latch inferred for signal `$paramod\wire_order_book\NUM_SETS=s32'00000000000000000000001000000000.\new_hash' from process `$paramod\wire_order_book\NUM_SETS=s32'00000000000000000000001000000000.$proc$rtl/common/wire_order_book.sv:164$5400'.
No latch inferred for signal `$paramod\wire_order_book\NUM_SETS=s32'00000000000000000000001000000000.\debug_hash' from process `$paramod\wire_order_book\NUM_SETS=s32'00000000000000000000001000000000.$proc$rtl/common/wire_order_book.sv:164$5400'.
No latch inferred for signal `$paramod\wire_order_book\NUM_SETS=s32'00000000000000000000001000000000.\old_base' from process `$paramod\wire_order_book\NUM_SETS=s32'00000000000000000000001000000000.$proc$rtl/common/wire_order_book.sv:164$5400'.
No latch inferred for signal `$paramod\wire_order_book\NUM_SETS=s32'00000000000000000000001000000000.\new_base' from process `$paramod\wire_order_book\NUM_SETS=s32'00000000000000000000001000000000.$proc$rtl/common/wire_order_book.sv:164$5400'.
No latch inferred for signal `$paramod\wire_order_book\NUM_SETS=s32'00000000000000000000001000000000.\debug_base' from process `$paramod\wire_order_book\NUM_SETS=s32'00000000000000000000001000000000.$proc$rtl/common/wire_order_book.sv:164$5400'.
No latch inferred for signal `$paramod\wire_order_book\NUM_SETS=s32'00000000000000000000001000000000.\old_slot' from process `$paramod\wire_order_book\NUM_SETS=s32'00000000000000000000001000000000.$proc$rtl/common/wire_order_book.sv:164$5400'.
No latch inferred for signal `$paramod\wire_order_book\NUM_SETS=s32'00000000000000000000001000000000.\free_slot' from process `$paramod\wire_order_book\NUM_SETS=s32'00000000000000000000001000000000.$proc$rtl/common/wire_order_book.sv:164$5400'.
No latch inferred for signal `$paramod\wire_order_book\NUM_SETS=s32'00000000000000000000001000000000.\old_found' from process `$paramod\wire_order_book\NUM_SETS=s32'00000000000000000000001000000000.$proc$rtl/common/wire_order_book.sv:164$5400'.
No latch inferred for signal `$paramod\wire_order_book\NUM_SETS=s32'00000000000000000000001000000000.\new_found' from process `$paramod\wire_order_book\NUM_SETS=s32'00000000000000000000001000000000.$proc$rtl/common/wire_order_book.sv:164$5400'.
No latch inferred for signal `$paramod\wire_order_book\NUM_SETS=s32'00000000000000000000001000000000.\debug_match' from process `$paramod\wire_order_book\NUM_SETS=s32'00000000000000000000001000000000.$proc$rtl/common/wire_order_book.sv:164$5400'.
No latch inferred for signal `$paramod\wire_order_book\NUM_SETS=s32'00000000000000000000001000000000.\debug_way_index' from process `$paramod\wire_order_book\NUM_SETS=s32'00000000000000000000001000000000.$proc$rtl/common/wire_order_book.sv:164$5400'.
No latch inferred for signal `$paramod\wire_order_book\NUM_SETS=s32'00000000000000000000001000000000.\old_remaining' from process `$paramod\wire_order_book\NUM_SETS=s32'00000000000000000000001000000000.$proc$rtl/common/wire_order_book.sv:164$5400'.
No latch inferred for signal `$paramod\wire_order_book\NUM_SETS=s32'00000000000000000000001000000000.\old_side' from process `$paramod\wire_order_book\NUM_SETS=s32'00000000000000000000001000000000.$proc$rtl/common/wire_order_book.sv:164$5400'.
No latch inferred for signal `$paramod\wire_order_book\NUM_SETS=s32'00000000000000000000001000000000.\eval_error' from process `$paramod\wire_order_book\NUM_SETS=s32'00000000000000000000001000000000.$proc$rtl/common/wire_order_book.sv:164$5400'.
No latch inferred for signal `$paramod\wire_order_book\NUM_SETS=s32'00000000000000000000001000000000.\eval_error_code' from process `$paramod\wire_order_book\NUM_SETS=s32'00000000000000000000001000000000.$proc$rtl/common/wire_order_book.sv:164$5400'.
No latch inferred for signal `$paramod\wire_order_book\NUM_SETS=s32'00000000000000000000001000000000.\next_bid_total' from process `$paramod\wire_order_book\NUM_SETS=s32'00000000000000000000001000000000.$proc$rtl/common/wire_order_book.sv:164$5400'.
No latch inferred for signal `$paramod\wire_order_book\NUM_SETS=s32'00000000000000000000001000000000.\next_ask_total' from process `$paramod\wire_order_book\NUM_SETS=s32'00000000000000000000001000000000.$proc$rtl/common/wire_order_book.sv:164$5400'.
No latch inferred for signal `$paramod\wire_order_book\NUM_SETS=s32'00000000000000000000001000000000.\aggregate_candidate' from process `$paramod\wire_order_book\NUM_SETS=s32'00000000000000000000001000000000.$proc$rtl/common/wire_order_book.sv:164$5400'.
No latch inferred for signal `$paramod\wire_order_book\NUM_SETS=s32'00000000000000000000001000000000.\aggregate_delta' from process `$paramod\wire_order_book\NUM_SETS=s32'00000000000000000000001000000000.$proc$rtl/common/wire_order_book.sv:164$5400'.
No latch inferred for signal `$paramod\wire_order_book\NUM_SETS=s32'00000000000000000000001000000000.\aggregate_on_bid' from process `$paramod\wire_order_book\NUM_SETS=s32'00000000000000000000001000000000.$proc$rtl/common/wire_order_book.sv:164$5400'.
No latch inferred for signal `$paramod\wire_order_book\NUM_SETS=s32'00000000000000000000001000000000.\new_remaining' from process `$paramod\wire_order_book\NUM_SETS=s32'00000000000000000000001000000000.$proc$rtl/common/wire_order_book.sv:164$5400'.

13.9. Executing PROC_DFF pass (convert process syncs to FFs).
Creating register for signal `\wire_arch_a_parser_top.\parser_recovery_q' using process `\wire_arch_a_parser_top.$proc$rtl/arch_a/wire_arch_a_parser_top.sv:136$4329'.
  created $dff cell `$procdff$17523' with positive edge clock.
Creating register for signal `\wire_arch_a_parser_top.\recovery_stage_q' using process `\wire_arch_a_parser_top.$proc$rtl/arch_a/wire_arch_a_parser_top.sv:136$4329'.
  created $dff cell `$procdff$17524' with positive edge clock.
Creating register for signal `\wire_arch_a_parser_top.\frame_open_q' using process `\wire_arch_a_parser_top.$proc$rtl/arch_a/wire_arch_a_parser_top.sv:136$4329'.
  created $dff cell `$procdff$17525' with positive edge clock.
Creating register for signal `\wire_itch_decoder.\recovery_required' using process `\wire_itch_decoder.$proc$rtl/arch_a/wire_itch_decoder.sv:137$3988'.
  created $dff cell `$procdff$17526' with positive edge clock.
Creating register for signal `\wire_itch_decoder.\state_q' using process `\wire_itch_decoder.$proc$rtl/arch_a/wire_itch_decoder.sv:137$3988'.
  created $dff cell `$procdff$17527' with positive edge clock.
Creating register for signal `\wire_itch_decoder.\event_kind_q' using process `\wire_itch_decoder.$proc$rtl/arch_a/wire_itch_decoder.sv:137$3988'.
  created $dff cell `$procdff$17528' with positive edge clock.
Creating register for signal `\wire_itch_decoder.\quantity_q' using process `\wire_itch_decoder.$proc$rtl/arch_a/wire_itch_decoder.sv:137$3988'.
  created $dff cell `$procdff$17529' with positive edge clock.
Creating register for signal `\wire_itch_decoder.\price_q' using process `\wire_itch_decoder.$proc$rtl/arch_a/wire_itch_decoder.sv:137$3988'.
  created $dff cell `$procdff$17530' with positive edge clock.
Creating register for signal `\wire_itch_decoder.\side_q' using process `\wire_itch_decoder.$proc$rtl/arch_a/wire_itch_decoder.sv:137$3988'.
  created $dff cell `$procdff$17531' with positive edge clock.
Creating register for signal `\wire_itch_decoder.\reject_code_q' using process `\wire_itch_decoder.$proc$rtl/arch_a/wire_itch_decoder.sv:137$3988'.
  created $dff cell `$procdff$17532' with positive edge clock.
Creating register for signal `\wire_itch_decoder.\declared_length_q' using process `\wire_itch_decoder.$proc$rtl/arch_a/wire_itch_decoder.sv:137$3988'.
  created $dff cell `$procdff$17533' with positive edge clock.
Creating register for signal `\wire_itch_decoder.\reject_pending_q' using process `\wire_itch_decoder.$proc$rtl/arch_a/wire_itch_decoder.sv:137$3988'.
  created $dff cell `$procdff$17534' with positive edge clock.
Creating register for signal `\wire_itch_decoder.\byte_index_q' using process `\wire_itch_decoder.$proc$rtl/arch_a/wire_itch_decoder.sv:137$3988'.
  created $dff cell `$procdff$17535' with positive edge clock.
Creating register for signal `\wire_itch_decoder.\message_sequence_q' using process `\wire_itch_decoder.$proc$rtl/arch_a/wire_itch_decoder.sv:137$3988'.
  created $dff cell `$procdff$17536' with positive edge clock.
Creating register for signal `\wire_itch_decoder.\tracked_locate_q' using process `\wire_itch_decoder.$proc$rtl/arch_a/wire_itch_decoder.sv:137$3988'.
  created $dff cell `$procdff$17537' with positive edge clock.
Creating register for signal `\wire_itch_decoder.\symbol_enable_q' using process `\wire_itch_decoder.$proc$rtl/arch_a/wire_itch_decoder.sv:137$3988'.
  created $dff cell `$procdff$17538' with positive edge clock.
Creating register for signal `\wire_itch_decoder.\expected_symbol_q' using process `\wire_itch_decoder.$proc$rtl/arch_a/wire_itch_decoder.sv:137$3988'.
  created $dff cell `$procdff$17539' with positive edge clock.
Creating register for signal `\wire_itch_decoder.\source_type_q' using process `\wire_itch_decoder.$proc$rtl/arch_a/wire_itch_decoder.sv:137$3988'.
  created $dff cell `$procdff$17540' with positive edge clock.
Creating register for signal `\wire_itch_decoder.\mold_sequence_q' using process `\wire_itch_decoder.$proc$rtl/arch_a/wire_itch_decoder.sv:137$3988'.
  created $dff cell `$procdff$17541' with positive edge clock.
Creating register for signal `\wire_itch_decoder.\timestamp_q' using process `\wire_itch_decoder.$proc$rtl/arch_a/wire_itch_decoder.sv:137$3988'.
  created $dff cell `$procdff$17542' with positive edge clock.
Creating register for signal `\wire_itch_decoder.\stock_locate_q' using process `\wire_itch_decoder.$proc$rtl/arch_a/wire_itch_decoder.sv:137$3988'.
  created $dff cell `$procdff$17543' with positive edge clock.
Creating register for signal `\wire_itch_decoder.\old_ref_q' using process `\wire_itch_decoder.$proc$rtl/arch_a/wire_itch_decoder.sv:137$3988'.
  created $dff cell `$procdff$17544' with positive edge clock.
Creating register for signal `\wire_itch_decoder.\new_ref_q' using process `\wire_itch_decoder.$proc$rtl/arch_a/wire_itch_decoder.sv:137$3988'.
  created $dff cell `$procdff$17545' with positive edge clock.
Creating register for signal `\wire_itch_decoder.\old_valid_q' using process `\wire_itch_decoder.$proc$rtl/arch_a/wire_itch_decoder.sv:137$3988'.
  created $dff cell `$procdff$17546' with positive edge clock.
Creating register for signal `\wire_itch_decoder.\new_valid_q' using process `\wire_itch_decoder.$proc$rtl/arch_a/wire_itch_decoder.sv:137$3988'.
  created $dff cell `$procdff$17547' with positive edge clock.
Creating register for signal `\wire_itch_decoder.\quantity_valid_q' using process `\wire_itch_decoder.$proc$rtl/arch_a/wire_itch_decoder.sv:137$3988'.
  created $dff cell `$procdff$17548' with positive edge clock.
Creating register for signal `\wire_itch_decoder.\price_valid_q' using process `\wire_itch_decoder.$proc$rtl/arch_a/wire_itch_decoder.sv:137$3988'.
  created $dff cell `$procdff$17549' with positive edge clock.
Creating register for signal `\wire_itch_decoder.\side_valid_q' using process `\wire_itch_decoder.$proc$rtl/arch_a/wire_itch_decoder.sv:137$3988'.
  created $dff cell `$procdff$17550' with positive edge clock.
Creating register for signal `\wire_itch_decoder.\u48$func$rtl/arch_a/wire_itch_decoder.sv:199$3950.$result' using process `\wire_itch_decoder.$proc$rtl/arch_a/wire_itch_decoder.sv:137$3988'.
  created $dff cell `$procdff$17551' with positive edge clock.
Creating register for signal `\wire_itch_decoder.\u16$func$rtl/arch_a/wire_itch_decoder.sv:200$3951.$result' using process `\wire_itch_decoder.$proc$rtl/arch_a/wire_itch_decoder.sv:137$3988'.
  created $dff cell `$procdff$17552' with positive edge clock.
Creating register for signal `\wire_itch_decoder.\u16$func$rtl/arch_a/wire_itch_decoder.sv:205$3952.$result' using process `\wire_itch_decoder.$proc$rtl/arch_a/wire_itch_decoder.sv:137$3988'.
  created $dff cell `$procdff$17553' with positive edge clock.
Creating register for signal `\wire_itch_decoder.\u64$func$rtl/arch_a/wire_itch_decoder.sv:212$3953.$result' using process `\wire_itch_decoder.$proc$rtl/arch_a/wire_itch_decoder.sv:137$3988'.
  created $dff cell `$procdff$17554' with positive edge clock.
Creating register for signal `\wire_itch_decoder.\u32$func$rtl/arch_a/wire_itch_decoder.sv:212$3954.$result' using process `\wire_itch_decoder.$proc$rtl/arch_a/wire_itch_decoder.sv:137$3988'.
  created $dff cell `$procdff$17555' with positive edge clock.
Creating register for signal `\wire_itch_decoder.\u32$func$rtl/arch_a/wire_itch_decoder.sv:212$3955.$result' using process `\wire_itch_decoder.$proc$rtl/arch_a/wire_itch_decoder.sv:137$3988'.
  created $dff cell `$procdff$17556' with positive edge clock.
Creating register for signal `\wire_itch_decoder.\u64$func$rtl/arch_a/wire_itch_decoder.sv:218$3956.$result' using process `\wire_itch_decoder.$proc$rtl/arch_a/wire_itch_decoder.sv:137$3988'.
  created $dff cell `$procdff$17557' with positive edge clock.
Creating register for signal `\wire_itch_decoder.\u32$func$rtl/arch_a/wire_itch_decoder.sv:218$3957.$result' using process `\wire_itch_decoder.$proc$rtl/arch_a/wire_itch_decoder.sv:137$3988'.
  created $dff cell `$procdff$17558' with positive edge clock.
Creating register for signal `\wire_itch_decoder.\u64$func$rtl/arch_a/wire_itch_decoder.sv:219$3958.$result' using process `\wire_itch_decoder.$proc$rtl/arch_a/wire_itch_decoder.sv:137$3988'.
  created $dff cell `$procdff$17559' with positive edge clock.
Creating register for signal `\wire_itch_decoder.\u32$func$rtl/arch_a/wire_itch_decoder.sv:219$3959.$result' using process `\wire_itch_decoder.$proc$rtl/arch_a/wire_itch_decoder.sv:137$3988'.
  created $dff cell `$procdff$17560' with positive edge clock.
Creating register for signal `\wire_itch_decoder.\u64$func$rtl/arch_a/wire_itch_decoder.sv:220$3960.$result' using process `\wire_itch_decoder.$proc$rtl/arch_a/wire_itch_decoder.sv:137$3988'.
  created $dff cell `$procdff$17561' with positive edge clock.
Creating register for signal `\wire_itch_decoder.\u32$func$rtl/arch_a/wire_itch_decoder.sv:220$3961.$result' using process `\wire_itch_decoder.$proc$rtl/arch_a/wire_itch_decoder.sv:137$3988'.
  created $dff cell `$procdff$17562' with positive edge clock.
Creating register for signal `\wire_itch_decoder.\u64$func$rtl/arch_a/wire_itch_decoder.sv:221$3962.$result' using process `\wire_itch_decoder.$proc$rtl/arch_a/wire_itch_decoder.sv:137$3988'.
  created $dff cell `$procdff$17563' with positive edge clock.
Creating register for signal `\wire_itch_decoder.\u64$func$rtl/arch_a/wire_itch_decoder.sv:222$3963.$result' using process `\wire_itch_decoder.$proc$rtl/arch_a/wire_itch_decoder.sv:137$3988'.
  created $dff cell `$procdff$17564' with positive edge clock.
Creating register for signal `\wire_itch_decoder.\u64$func$rtl/arch_a/wire_itch_decoder.sv:222$3964.$result' using process `\wire_itch_decoder.$proc$rtl/arch_a/wire_itch_decoder.sv:137$3988'.
  created $dff cell `$procdff$17565' with positive edge clock.
Creating register for signal `\wire_itch_decoder.\u32$func$rtl/arch_a/wire_itch_decoder.sv:222$3965.$result' using process `\wire_itch_decoder.$proc$rtl/arch_a/wire_itch_decoder.sv:137$3988'.
  created $dff cell `$procdff$17566' with positive edge clock.
Creating register for signal `\wire_itch_decoder.\u32$func$rtl/arch_a/wire_itch_decoder.sv:222$3966.$result' using process `\wire_itch_decoder.$proc$rtl/arch_a/wire_itch_decoder.sv:137$3988'.
  created $dff cell `$procdff$17567' with positive edge clock.
Creating register for signal `\wire_itch_decoder.$memwr$\bytes_q$rtl/arch_a/wire_itch_decoder.sv:167$3969_ADDR' using process `\wire_itch_decoder.$proc$rtl/arch_a/wire_itch_decoder.sv:137$3988'.
  created $dff cell `$procdff$17568' with positive edge clock.
Creating register for signal `\wire_itch_decoder.$memwr$\bytes_q$rtl/arch_a/wire_itch_decoder.sv:167$3969_DATA' using process `\wire_itch_decoder.$proc$rtl/arch_a/wire_itch_decoder.sv:137$3988'.
  created $dff cell `$procdff$17569' with positive edge clock.
Creating register for signal `\wire_itch_decoder.$memwr$\bytes_q$rtl/arch_a/wire_itch_decoder.sv:167$3969_EN' using process `\wire_itch_decoder.$proc$rtl/arch_a/wire_itch_decoder.sv:137$3988'.
  created $dff cell `$procdff$17570' with positive edge clock.
Creating register for signal `\wire_mold_message_framer.\state_q' using process `\wire_mold_message_framer.$proc$rtl/arch_a/wire_mold_message_framer.sv:112$3930'.
  created $dff cell `$procdff$17571' with positive edge clock.
Creating register for signal `\wire_mold_message_framer.\payload_data_q' using process `\wire_mold_message_framer.$proc$rtl/arch_a/wire_mold_message_framer.sv:112$3930'.
  created $dff cell `$procdff$17572' with positive edge clock.
Creating register for signal `\wire_mold_message_framer.\payload_last_q' using process `\wire_mold_message_framer.$proc$rtl/arch_a/wire_mold_message_framer.sv:112$3930'.
  created $dff cell `$procdff$17573' with positive edge clock.
Creating register for signal `\wire_mold_message_framer.\payload_valid_q' using process `\wire_mold_message_framer.$proc$rtl/arch_a/wire_mold_message_framer.sv:112$3930'.
  created $dff cell `$procdff$17574' with positive edge clock.
Creating register for signal `\wire_mold_message_framer.\reject_code_q' using process `\wire_mold_message_framer.$proc$rtl/arch_a/wire_mold_message_framer.sv:112$3930'.
  created $dff cell `$procdff$17575' with positive edge clock.
Creating register for signal `\wire_mold_message_framer.\packet_sequence_q' using process `\wire_mold_message_framer.$proc$rtl/arch_a/wire_mold_message_framer.sv:112$3930'.
  created $dff cell `$procdff$17576' with positive edge clock.
Creating register for signal `\wire_mold_message_framer.\packet_count_q' using process `\wire_mold_message_framer.$proc$rtl/arch_a/wire_mold_message_framer.sv:112$3930'.
  created $dff cell `$procdff$17577' with positive edge clock.
Creating register for signal `\wire_mold_message_framer.\payload_action_q' using process `\wire_mold_message_framer.$proc$rtl/arch_a/wire_mold_message_framer.sv:112$3930'.
  created $dff cell `$procdff$17578' with positive edge clock.
Creating register for signal `\wire_mold_message_framer.\messages_done_q' using process `\wire_mold_message_framer.$proc$rtl/arch_a/wire_mold_message_framer.sv:112$3930'.
  created $dff cell `$procdff$17579' with positive edge clock.
Creating register for signal `\wire_mold_message_framer.\length_hi_q' using process `\wire_mold_message_framer.$proc$rtl/arch_a/wire_mold_message_framer.sv:112$3930'.
  created $dff cell `$procdff$17580' with positive edge clock.
Creating register for signal `\wire_mold_message_framer.\message_length_q' using process `\wire_mold_message_framer.$proc$rtl/arch_a/wire_mold_message_framer.sv:112$3930'.
  created $dff cell `$procdff$17581' with positive edge clock.
Creating register for signal `\wire_mold_message_framer.\payload_remaining_q' using process `\wire_mold_message_framer.$proc$rtl/arch_a/wire_mold_message_framer.sv:112$3930'.
  created $dff cell `$procdff$17582' with positive edge clock.
Creating register for signal `\wire_mold_message_framer.\message_empty_q' using process `\wire_mold_message_framer.$proc$rtl/arch_a/wire_mold_message_framer.sv:112$3930'.
  created $dff cell `$procdff$17583' with positive edge clock.
Creating register for signal `\wire_mold_message_framer.\header_ended_q' using process `\wire_mold_message_framer.$proc$rtl/arch_a/wire_mold_message_framer.sv:112$3930'.
  created $dff cell `$procdff$17584' with positive edge clock.
Creating register for signal `\wire_mold_message_framer.\reject_pending_q' using process `\wire_mold_message_framer.$proc$rtl/arch_a/wire_mold_message_framer.sv:112$3930'.
  created $dff cell `$procdff$17585' with positive edge clock.
Creating register for signal `\wire_mold_message_framer.\result_pending_q' using process `\wire_mold_message_framer.$proc$rtl/arch_a/wire_mold_message_framer.sv:112$3930'.
  created $dff cell `$procdff$17586' with positive edge clock.
Creating register for signal `\wire_mold_header_seq.\state_q' using process `\wire_mold_header_seq.$proc$rtl/arch_a/wire_mold_header_seq.sv:111$3869'.
  created $dff cell `$procdff$17587' with positive edge clock.
Creating register for signal `\wire_mold_header_seq.\header_index_q' using process `\wire_mold_header_seq.$proc$rtl/arch_a/wire_mold_header_seq.sv:111$3869'.
  created $dff cell `$procdff$17588' with positive edge clock.
Creating register for signal `\wire_mold_header_seq.\reject_fatal_q' using process `\wire_mold_header_seq.$proc$rtl/arch_a/wire_mold_header_seq.sv:111$3869'.
  created $dff cell `$procdff$17589' with positive edge clock.
Creating register for signal `\wire_mold_header_seq.\reject_code_q' using process `\wire_mold_header_seq.$proc$rtl/arch_a/wire_mold_header_seq.sv:111$3869'.
  created $dff cell `$procdff$17590' with positive edge clock.
Creating register for signal `\wire_mold_header_seq.\header_q' using process `\wire_mold_header_seq.$proc$rtl/arch_a/wire_mold_header_seq.sv:111$3869'.
  created $dff cell `$procdff$17591' with positive edge clock.
Creating register for signal `\wire_mold_header_seq.\pending_code_q' using process `\wire_mold_header_seq.$proc$rtl/arch_a/wire_mold_header_seq.sv:111$3869'.
  created $dff cell `$procdff$17592' with positive edge clock.
Creating register for signal `\wire_mold_header_seq.\pending_fatal_q' using process `\wire_mold_header_seq.$proc$rtl/arch_a/wire_mold_header_seq.sv:111$3869'.
  created $dff cell `$procdff$17593' with positive edge clock.
Creating register for signal `\wire_mold_header_seq.\active_session_q' using process `\wire_mold_header_seq.$proc$rtl/arch_a/wire_mold_header_seq.sv:111$3869'.
  created $dff cell `$procdff$17594' with positive edge clock.
Creating register for signal `\wire_mold_header_seq.\expected_sequence_q' using process `\wire_mold_header_seq.$proc$rtl/arch_a/wire_mold_header_seq.sv:111$3869'.
  created $dff cell `$procdff$17595' with positive edge clock.
Creating register for signal `\wire_mold_header_seq.\packet_sequence_q' using process `\wire_mold_header_seq.$proc$rtl/arch_a/wire_mold_header_seq.sv:111$3869'.
  created $dff cell `$procdff$17596' with positive edge clock.
Creating register for signal `\wire_mold_header_seq.\packet_count_q' using process `\wire_mold_header_seq.$proc$rtl/arch_a/wire_mold_header_seq.sv:111$3869'.
  created $dff cell `$procdff$17597' with positive edge clock.
Creating register for signal `\wire_mold_header_seq.\packet_empty_q' using process `\wire_mold_header_seq.$proc$rtl/arch_a/wire_mold_header_seq.sv:111$3869'.
  created $dff cell `$procdff$17598' with positive edge clock.
Creating register for signal `\wire_mold_header_seq.\packet_valid_q' using process `\wire_mold_header_seq.$proc$rtl/arch_a/wire_mold_header_seq.sv:111$3869'.
  created $dff cell `$procdff$17599' with positive edge clock.
Creating register for signal `\wire_mold_header_seq.\body_data_q' using process `\wire_mold_header_seq.$proc$rtl/arch_a/wire_mold_header_seq.sv:111$3869'.
  created $dff cell `$procdff$17600' with positive edge clock.
Creating register for signal `\wire_mold_header_seq.\body_valid_q' using process `\wire_mold_header_seq.$proc$rtl/arch_a/wire_mold_header_seq.sv:111$3869'.
  created $dff cell `$procdff$17601' with positive edge clock.
Creating register for signal `\wire_mold_header_seq.\body_last_q' using process `\wire_mold_header_seq.$proc$rtl/arch_a/wire_mold_header_seq.sv:111$3869'.
  created $dff cell `$procdff$17602' with positive edge clock.
Creating register for signal `\wire_mold_header_seq.\controller_valid_q' using process `\wire_mold_header_seq.$proc$rtl/arch_a/wire_mold_header_seq.sv:111$3869'.
  created $dff cell `$procdff$17603' with positive edge clock.
Creating register for signal `\wire_mold_header_seq.\recovery_required_q' using process `\wire_mold_header_seq.$proc$rtl/arch_a/wire_mold_header_seq.sv:111$3869'.
  created $dff cell `$procdff$17604' with positive edge clock.
Creating register for signal `\wire_mold_header_seq.$bitselwrite$pos$rtl/arch_a/wire_mold_header_seq.sv:180$3844' using process `\wire_mold_header_seq.$proc$rtl/arch_a/wire_mold_header_seq.sv:111$3869'.
  created $dff cell `$procdff$17605' with positive edge clock.
Creating register for signal `\wire_mold_header_seq.$lookahead\header_q$3868' using process `\wire_mold_header_seq.$proc$rtl/arch_a/wire_mold_header_seq.sv:111$3869'.
  created $dff cell `$procdff$17606' with positive edge clock.
Creating register for signal `\wire_udp_parser.\state_q' using process `\wire_udp_parser.$proc$rtl/arch_a/wire_udp_parser.sv:66$3801'.
  created $dff cell `$procdff$17607' with positive edge clock.
Creating register for signal `\wire_udp_parser.\header_index_q' using process `\wire_udp_parser.$proc$rtl/arch_a/wire_udp_parser.sv:66$3801'.
  created $dff cell `$procdff$17608' with positive edge clock.
Creating register for signal `\wire_udp_parser.\payload_data_q' using process `\wire_udp_parser.$proc$rtl/arch_a/wire_udp_parser.sv:66$3801'.
  created $dff cell `$procdff$17609' with positive edge clock.
Creating register for signal `\wire_udp_parser.\payload_last_q' using process `\wire_udp_parser.$proc$rtl/arch_a/wire_udp_parser.sv:66$3801'.
  created $dff cell `$procdff$17610' with positive edge clock.
Creating register for signal `\wire_udp_parser.\payload_valid_q' using process `\wire_udp_parser.$proc$rtl/arch_a/wire_udp_parser.sv:66$3801'.
  created $dff cell `$procdff$17611' with positive edge clock.
Creating register for signal `\wire_udp_parser.\reject_fatal_q' using process `\wire_udp_parser.$proc$rtl/arch_a/wire_udp_parser.sv:66$3801'.
  created $dff cell `$procdff$17612' with positive edge clock.
Creating register for signal `\wire_udp_parser.\reject_code_q' using process `\wire_udp_parser.$proc$rtl/arch_a/wire_udp_parser.sv:66$3801'.
  created $dff cell `$procdff$17613' with positive edge clock.
Creating register for signal `\wire_udp_parser.\header_q' using process `\wire_udp_parser.$proc$rtl/arch_a/wire_udp_parser.sv:66$3801'.
  created $dff cell `$procdff$17614' with positive edge clock.
Creating register for signal `\wire_udp_parser.\remaining_q' using process `\wire_udp_parser.$proc$rtl/arch_a/wire_udp_parser.sv:66$3801'.
  created $dff cell `$procdff$17615' with positive edge clock.
Creating register for signal `\wire_udp_parser.\declared_length_q' using process `\wire_udp_parser.$proc$rtl/arch_a/wire_udp_parser.sv:66$3801'.
  created $dff cell `$procdff$17616' with positive edge clock.
Creating register for signal `\wire_udp_parser.\actual_count_q' using process `\wire_udp_parser.$proc$rtl/arch_a/wire_udp_parser.sv:66$3801'.
  created $dff cell `$procdff$17617' with positive edge clock.
Creating register for signal `\wire_udp_parser.\pending_code_q' using process `\wire_udp_parser.$proc$rtl/arch_a/wire_udp_parser.sv:66$3801'.
  created $dff cell `$procdff$17618' with positive edge clock.
Creating register for signal `\wire_udp_parser.\pending_fatal_q' using process `\wire_udp_parser.$proc$rtl/arch_a/wire_udp_parser.sv:66$3801'.
  created $dff cell `$procdff$17619' with positive edge clock.
Creating register for signal `\wire_udp_parser.$bitselwrite$pos$rtl/arch_a/wire_udp_parser.sv:104$3783' using process `\wire_udp_parser.$proc$rtl/arch_a/wire_udp_parser.sv:66$3801'.
  created $dff cell `$procdff$17620' with positive edge clock.
Creating register for signal `\wire_udp_parser.$lookahead\header_q$3800' using process `\wire_udp_parser.$proc$rtl/arch_a/wire_udp_parser.sv:66$3801'.
  created $dff cell `$procdff$17621' with positive edge clock.
Creating register for signal `\wire_ipv4_parser.\state_q' using process `\wire_ipv4_parser.$proc$rtl/arch_a/wire_ipv4_parser.sv:119$3673'.
  created $dff cell `$procdff$17622' with positive edge clock.
Creating register for signal `\wire_ipv4_parser.\header_index_q' using process `\wire_ipv4_parser.$proc$rtl/arch_a/wire_ipv4_parser.sv:119$3673'.
  created $dff cell `$procdff$17623' with positive edge clock.
Creating register for signal `\wire_ipv4_parser.\payload_data_q' using process `\wire_ipv4_parser.$proc$rtl/arch_a/wire_ipv4_parser.sv:119$3673'.
  created $dff cell `$procdff$17624' with positive edge clock.
Creating register for signal `\wire_ipv4_parser.\payload_last_q' using process `\wire_ipv4_parser.$proc$rtl/arch_a/wire_ipv4_parser.sv:119$3673'.
  created $dff cell `$procdff$17625' with positive edge clock.
Creating register for signal `\wire_ipv4_parser.\payload_valid_q' using process `\wire_ipv4_parser.$proc$rtl/arch_a/wire_ipv4_parser.sv:119$3673'.
  created $dff cell `$procdff$17626' with positive edge clock.
Creating register for signal `\wire_ipv4_parser.\reject_fatal_q' using process `\wire_ipv4_parser.$proc$rtl/arch_a/wire_ipv4_parser.sv:119$3673'.
  created $dff cell `$procdff$17627' with positive edge clock.
Creating register for signal `\wire_ipv4_parser.\reject_code_q' using process `\wire_ipv4_parser.$proc$rtl/arch_a/wire_ipv4_parser.sv:119$3673'.
  created $dff cell `$procdff$17628' with positive edge clock.
Creating register for signal `\wire_ipv4_parser.\header_q' using process `\wire_ipv4_parser.$proc$rtl/arch_a/wire_ipv4_parser.sv:119$3673'.
  created $dff cell `$procdff$17629' with positive edge clock.
Creating register for signal `\wire_ipv4_parser.\remaining_q' using process `\wire_ipv4_parser.$proc$rtl/arch_a/wire_ipv4_parser.sv:119$3673'.
  created $dff cell `$procdff$17630' with positive edge clock.
Creating register for signal `\wire_ipv4_parser.\payload_physical_last_q' using process `\wire_ipv4_parser.$proc$rtl/arch_a/wire_ipv4_parser.sv:119$3673'.
  created $dff cell `$procdff$17631' with positive edge clock.
Creating register for signal `\wire_ipv4_parser.$bitselwrite$pos$rtl/arch_a/wire_ipv4_parser.sv:155$3652' using process `\wire_ipv4_parser.$proc$rtl/arch_a/wire_ipv4_parser.sv:119$3673'.
  created $dff cell `$procdff$17632' with positive edge clock.
Creating register for signal `\wire_ipv4_parser.\code_is_fatal$func$rtl/arch_a/wire_ipv4_parser.sv:173$3653.$result' using process `\wire_ipv4_parser.$proc$rtl/arch_a/wire_ipv4_parser.sv:119$3673'.
  created $dff cell `$procdff$17633' with positive edge clock.
Creating register for signal `\wire_ipv4_parser.\code_is_fatal$func$rtl/arch_a/wire_ipv4_parser.sv:173$3653.code' using process `\wire_ipv4_parser.$proc$rtl/arch_a/wire_ipv4_parser.sv:119$3673'.
  created $dff cell `$procdff$17634' with positive edge clock.
Creating register for signal `\wire_ipv4_parser.$lookahead\header_q$3672' using process `\wire_ipv4_parser.$proc$rtl/arch_a/wire_ipv4_parser.sv:119$3673'.
  created $dff cell `$procdff$17635' with positive edge clock.
Creating register for signal `\wire_eth_parser.\state_q' using process `\wire_eth_parser.$proc$rtl/arch_a/wire_eth_parser.sv:55$3642'.
  created $dff cell `$procdff$17636' with positive edge clock.
Creating register for signal `\wire_eth_parser.\header_index_q' using process `\wire_eth_parser.$proc$rtl/arch_a/wire_eth_parser.sv:55$3642'.
  created $dff cell `$procdff$17637' with positive edge clock.
Creating register for signal `\wire_eth_parser.\ethertype_high_q' using process `\wire_eth_parser.$proc$rtl/arch_a/wire_eth_parser.sv:55$3642'.
  created $dff cell `$procdff$17638' with positive edge clock.
Creating register for signal `\wire_eth_parser.\payload_data_q' using process `\wire_eth_parser.$proc$rtl/arch_a/wire_eth_parser.sv:55$3642'.
  created $dff cell `$procdff$17639' with positive edge clock.
Creating register for signal `\wire_eth_parser.\payload_last_q' using process `\wire_eth_parser.$proc$rtl/arch_a/wire_eth_parser.sv:55$3642'.
  created $dff cell `$procdff$17640' with positive edge clock.
Creating register for signal `\wire_eth_parser.\payload_valid_q' using process `\wire_eth_parser.$proc$rtl/arch_a/wire_eth_parser.sv:55$3642'.
  created $dff cell `$procdff$17641' with positive edge clock.
Creating register for signal `\wire_eth_parser.\reject_fatal_q' using process `\wire_eth_parser.$proc$rtl/arch_a/wire_eth_parser.sv:55$3642'.
  created $dff cell `$procdff$17642' with positive edge clock.
Creating register for signal `\wire_eth_parser.\reject_code_q' using process `\wire_eth_parser.$proc$rtl/arch_a/wire_eth_parser.sv:55$3642'.
  created $dff cell `$procdff$17643' with positive edge clock.
Creating register for signal `\wire_gearbox_64to8.\data_q' using process `\wire_gearbox_64to8.$proc$rtl/arch_a/wire_gearbox_64to8.sv:49$3617'.
  created $dff cell `$procdff$17644' with positive edge clock.
Creating register for signal `\wire_gearbox_64to8.\last_q' using process `\wire_gearbox_64to8.$proc$rtl/arch_a/wire_gearbox_64to8.sv:49$3617'.
  created $dff cell `$procdff$17645' with positive edge clock.
Creating register for signal `\wire_gearbox_64to8.\count_q' using process `\wire_gearbox_64to8.$proc$rtl/arch_a/wire_gearbox_64to8.sv:49$3617'.
  created $dff cell `$procdff$17646' with positive edge clock.
Creating register for signal `\wire_gearbox_64to8.\index_q' using process `\wire_gearbox_64to8.$proc$rtl/arch_a/wire_gearbox_64to8.sv:49$3617'.
  created $dff cell `$procdff$17647' with positive edge clock.
Creating register for signal `\wire_gearbox_64to8.\valid_q' using process `\wire_gearbox_64to8.$proc$rtl/arch_a/wire_gearbox_64to8.sv:49$3617'.
  created $dff cell `$procdff$17648' with positive edge clock.
Creating register for signal `\wire_gearbox_64to8.\keep_count$func$rtl/arch_a/wire_gearbox_64to8.sv:58$3604.$result' using process `\wire_gearbox_64to8.$proc$rtl/arch_a/wire_gearbox_64to8.sv:49$3617'.
  created $dff cell `$procdff$17649' with positive edge clock.
Creating register for signal `\wire_gearbox_64to8.\keep_count$func$rtl/arch_a/wire_gearbox_64to8.sv:58$3604.keep' using process `\wire_gearbox_64to8.$proc$rtl/arch_a/wire_gearbox_64to8.sv:49$3617'.
  created $dff cell `$procdff$17650' with positive edge clock.
Creating register for signal `$paramod\wire_order_book\NUM_SETS=s32'00000000000000000000001000000000.\state_q' using process `$paramod\wire_order_book\NUM_SETS=s32'00000000000000000000001000000000.$proc$rtl/common/wire_order_book.sv:302$5572'.
  created $dff cell `$procdff$17651' with positive edge clock.
Creating register for signal `$paramod\wire_order_book\NUM_SETS=s32'00000000000000000000001000000000.\bid_total_q' using process `$paramod\wire_order_book\NUM_SETS=s32'00000000000000000000001000000000.$proc$rtl/common/wire_order_book.sv:302$5572'.
  created $dff cell `$procdff$17652' with positive edge clock.
Creating register for signal `$paramod\wire_order_book\NUM_SETS=s32'00000000000000000000001000000000.\ask_total_q' using process `$paramod\wire_order_book\NUM_SETS=s32'00000000000000000000001000000000.$proc$rtl/common/wire_order_book.sv:302$5572'.
  created $dff cell `$procdff$17653' with positive edge clock.
Creating register for signal `$paramod\wire_order_book\NUM_SETS=s32'00000000000000000000001000000000.\book_valid_q' using process `$paramod\wire_order_book\NUM_SETS=s32'00000000000000000000001000000000.$proc$rtl/common/wire_order_book.sv:302$5572'.
  created $dff cell `$procdff$17654' with positive edge clock.
Creating register for signal `$paramod\wire_order_book\NUM_SETS=s32'00000000000000000000001000000000.\recovery_q' using process `$paramod\wire_order_book\NUM_SETS=s32'00000000000000000000001000000000.$proc$rtl/common/wire_order_book.sv:302$5572'.
  created $dff cell `$procdff$17655' with positive edge clock.
Creating register for signal `$paramod\wire_order_book\NUM_SETS=s32'00000000000000000000001000000000.\commit_valid_q' using process `$paramod\wire_order_book\NUM_SETS=s32'00000000000000000000001000000000.$proc$rtl/common/wire_order_book.sv:302$5572'.
  created $dff cell `$procdff$17656' with positive edge clock.
Creating register for signal `$paramod\wire_order_book\NUM_SETS=s32'00000000000000000000001000000000.\error_valid_q' using process `$paramod\wire_order_book\NUM_SETS=s32'00000000000000000000001000000000.$proc$rtl/common/wire_order_book.sv:302$5572'.
  created $dff cell `$procdff$17657' with positive edge clock.
Creating register for signal `$paramod\wire_order_book\NUM_SETS=s32'00000000000000000000001000000000.\error_code_q' using process `$paramod\wire_order_book\NUM_SETS=s32'00000000000000000000001000000000.$proc$rtl/common/wire_order_book.sv:302$5572'.
  created $dff cell `$procdff$17658' with positive edge clock.
Creating register for signal `$paramod\wire_order_book\NUM_SETS=s32'00000000000000000000001000000000.\commit_sequence_q' using process `$paramod\wire_order_book\NUM_SETS=s32'00000000000000000000001000000000.$proc$rtl/common/wire_order_book.sv:302$5572'.
  created $dff cell `$procdff$17659' with positive edge clock.
Creating register for signal `$paramod\wire_order_book\NUM_SETS=s32'00000000000000000000001000000000.\commit_timestamp_q' using process `$paramod\wire_order_book\NUM_SETS=s32'00000000000000000000001000000000.$proc$rtl/common/wire_order_book.sv:302$5572'.
  created $dff cell `$procdff$17660' with positive edge clock.
Creating register for signal `$paramod\wire_order_book\NUM_SETS=s32'00000000000000000000001000000000.\commit_bid_q' using process `$paramod\wire_order_book\NUM_SETS=s32'00000000000000000000001000000000.$proc$rtl/common/wire_order_book.sv:302$5572'.
  created $dff cell `$procdff$17661' with positive edge clock.
Creating register for signal `$paramod\wire_order_book\NUM_SETS=s32'00000000000000000000001000000000.\commit_ask_q' using process `$paramod\wire_order_book\NUM_SETS=s32'00000000000000000000001000000000.$proc$rtl/common/wire_order_book.sv:302$5572'.
  created $dff cell `$procdff$17662' with positive edge clock.
Creating register for signal `$paramod\wire_order_book\NUM_SETS=s32'00000000000000000000001000000000.\accepted_stock_locate_q' using process `$paramod\wire_order_book\NUM_SETS=s32'00000000000000000000001000000000.$proc$rtl/common/wire_order_book.sv:302$5572'.
  created $dff cell `$procdff$17663' with positive edge clock.
Creating register for signal `$paramod\wire_order_book\NUM_SETS=s32'00000000000000000000001000000000.\event_kind_q' using process `$paramod\wire_order_book\NUM_SETS=s32'00000000000000000000001000000000.$proc$rtl/common/wire_order_book.sv:302$5572'.
  created $dff cell `$procdff$17664' with positive edge clock.
Creating register for signal `$paramod\wire_order_book\NUM_SETS=s32'00000000000000000000001000000000.\event_sequence_q' using process `$paramod\wire_order_book\NUM_SETS=s32'00000000000000000000001000000000.$proc$rtl/common/wire_order_book.sv:302$5572'.
  created $dff cell `$procdff$17665' with positive edge clock.
Creating register for signal `$paramod\wire_order_book\NUM_SETS=s32'00000000000000000000001000000000.\event_timestamp_q' using process `$paramod\wire_order_book\NUM_SETS=s32'00000000000000000000001000000000.$proc$rtl/common/wire_order_book.sv:302$5572'.
  created $dff cell `$procdff$17666' with positive edge clock.
Creating register for signal `$paramod\wire_order_book\NUM_SETS=s32'00000000000000000000001000000000.\old_reference_q' using process `$paramod\wire_order_book\NUM_SETS=s32'00000000000000000000001000000000.$proc$rtl/common/wire_order_book.sv:302$5572'.
  created $dff cell `$procdff$17667' with positive edge clock.
Creating register for signal `$paramod\wire_order_book\NUM_SETS=s32'00000000000000000000001000000000.\new_reference_q' using process `$paramod\wire_order_book\NUM_SETS=s32'00000000000000000000001000000000.$proc$rtl/common/wire_order_book.sv:302$5572'.
  created $dff cell `$procdff$17668' with positive edge clock.
Creating register for signal `$paramod\wire_order_book\NUM_SETS=s32'00000000000000000000001000000000.\quantity_q' using process `$paramod\wire_order_book\NUM_SETS=s32'00000000000000000000001000000000.$proc$rtl/common/wire_order_book.sv:302$5572'.
  created $dff cell `$procdff$17669' with positive edge clock.
Creating register for signal `$paramod\wire_order_book\NUM_SETS=s32'00000000000000000000001000000000.\price_q' using process `$paramod\wire_order_book\NUM_SETS=s32'00000000000000000000001000000000.$proc$rtl/common/wire_order_book.sv:302$5572'.
  created $dff cell `$procdff$17670' with positive edge clock.
Creating register for signal `$paramod\wire_order_book\NUM_SETS=s32'00000000000000000000001000000000.\side_q' using process `$paramod\wire_order_book\NUM_SETS=s32'00000000000000000000001000000000.$proc$rtl/common/wire_order_book.sv:302$5572'.
  created $dff cell `$procdff$17671' with positive edge clock.
Creating register for signal `$paramod\wire_order_book\NUM_SETS=s32'00000000000000000000001000000000.\event_contract_q' using process `$paramod\wire_order_book\NUM_SETS=s32'00000000000000000000001000000000.$proc$rtl/common/wire_order_book.sv:302$5572'.
  created $dff cell `$procdff$17672' with positive edge clock.
Creating register for signal `$paramod\wire_order_book\NUM_SETS=s32'00000000000000000000001000000000.$fordecl_block$50.i' using process `$paramod\wire_order_book\NUM_SETS=s32'00000000000000000000001000000000.$proc$rtl/common/wire_order_book.sv:302$5572'.
  created $dff cell `$procdff$17673' with positive edge clock.
Creating register for signal `$paramod\wire_order_book\NUM_SETS=s32'00000000000000000000001000000000.$memwr$\order_valid_q$rtl/common/wire_order_book.sv:318$4352_EN' using process `$paramod\wire_order_book\NUM_SETS=s32'00000000000000000000001000000000.$proc$rtl/common/wire_order_book.sv:302$5572'.
  created $dff cell `$procdff$17674' with positive edge clock.
Creating register for signal `$paramod\wire_order_book\NUM_SETS=s32'00000000000000000000001000000000.$memwr$\order_valid_q$rtl/common/wire_order_book.sv:318$4353_EN' using process `$paramod\wire_order_book\NUM_SETS=s32'00000000000000000000001000000000.$proc$rtl/common/wire_order_book.sv:302$5572'.
  created $dff cell `$procdff$17675' with positive edge clock.
Creating register for signal `$paramod\wire_order_book\NUM_SETS=s32'00000000000000000000001000000000.$memwr$\order_valid_q$rtl/common/wire_order_book.sv:318$4354_EN' using process `$paramod\wire_order_book\NUM_SETS=s32'00000000000000000000001000000000.$proc$rtl/common/wire_order_book.sv:302$5572'.
  created $dff cell `$procdff$17676' with positive edge clock.
Creating register for signal `$paramod\wire_order_book\NUM_SETS=s32'00000000000000000000001000000000.$memwr$\order_valid_q$rtl/common/wire_order_book.sv:318$4355_EN' using process `$paramod\wire_order_book\NUM_SETS=s32'00000000000000000000001000000000.$proc$rtl/common/wire_order_book.sv:302$5572'.
  created $dff cell `$procdff$17677' with positive edge clock.
Creating register for signal `$paramod\wire_order_book\NUM_SETS=s32'00000000000000000000001000000000.$memwr$\order_valid_q$rtl/common/wire_order_book.sv:318$4356_EN' using process `$paramod\wire_order_book\NUM_SETS=s32'00000000000000000000001000000000.$proc$rtl/common/wire_order_book.sv:302$5572'.
  created $dff cell `$procdff$17678' with positive edge clock.
Creating register for signal `$paramod\wire_order_book\NUM_SETS=s32'00000000000000000000001000000000.$memwr$\order_valid_q$rtl/common/wire_order_book.sv:318$4357_EN' using process `$paramod\wire_order_book\NUM_SETS=s32'00000000000000000000001000000000.$proc$rtl/common/wire_order_book.sv:302$5572'.
  created $dff cell `$procdff$17679' with positive edge clock.
Creating register for signal `$paramod\wire_order_book\NUM_SETS=s32'00000000000000000000001000000000.$memwr$\order_valid_q$rtl/common/wire_order_book.sv:318$4358_EN' using process `$paramod\wire_order_book\NUM_SETS=s32'00000000000000000000001000000000.$proc$rtl/common/wire_order_book.sv:302$5572'.
  created $dff cell `$procdff$17680' with positive edge clock.
Creating register for signal `$paramod\wire_order_book\NUM_SETS=s32'00000000000000000000001000000000.$memwr$\order_valid_q$rtl/common/wire_order_book.sv:318$4359_EN' using process `$paramod\wire_order_book\NUM_SETS=s32'00000000000000000000001000000000.$proc$rtl/common/wire_order_book.sv:302$5572'.
  created $dff cell `$procdff$17681' with positive edge clock.
Creating register for signal `$paramod\wire_order_book\NUM_SETS=s32'00000000000000000000001000000000.$memwr$\order_valid_q$rtl/common/wire_order_book.sv:318$4360_EN' using process `$paramod\wire_order_book\NUM_SETS=s32'00000000000000000000001000000000.$proc$rtl/common/wire_order_book.sv:302$5572'.
  created $dff cell `$procdff$17682' with positive edge clock.
Creating register for signal `$paramod\wire_order_book\NUM_SETS=s32'00000000000000000000001000000000.$memwr$\order_valid_q$rtl/common/wire_order_book.sv:318$4361_EN' using process `$paramod\wire_order_book\NUM_SETS=s32'00000000000000000000001000000000.$proc$rtl/common/wire_order_book.sv:302$5572'.
  created $dff cell `$procdff$17683' with positive edge clock.
Creating register for signal `$paramod\wire_order_book\NUM_SETS=s32'00000000000000000000001000000000.$memwr$\order_valid_q$rtl/common/wire_order_book.sv:318$4362_EN' using process `$paramod\wire_order_book\NUM_SETS=s32'00000000000000000000001000000000.$proc$rtl/common/wire_order_book.sv:302$5572'.
  created $dff cell `$procdff$17684' with positive edge clock.
Creating register for signal `$paramod\wire_order_book\NUM_SETS=s32'00000000000000000000001000000000.$memwr$\order_valid_q$rtl/common/wire_order_book.sv:318$4363_EN' using process `$paramod\wire_order_book\NUM_SETS=s32'00000000000000000000001000000000.$proc$rtl/common/wire_order_book.sv:302$5572'.
  created $dff cell `$procdff$17685' with positive edge clock.
Creating register for signal `$paramod\wire_order_book\NUM_SETS=s32'00000000000000000000001000000000.$memwr$\order_valid_q$rtl/common/wire_order_book.sv:318$4364_EN' using process `$paramod\wire_order_book\NUM_SETS=s32'00000000000000000000001000000000.$proc$rtl/common/wire_order_book.sv:302$5572'.
  created $dff cell `$procdff$17686' with positive edge clock.
Creating register for signal `$paramod\wire_order_book\NUM_SETS=s32'00000000000000000000001000000000.$memwr$\order_valid_q$rtl/common/wire_order_book.sv:318$4365_EN' using process `$paramod\wire_order_book\NUM_SETS=s32'00000000000000000000001000000000.$proc$rtl/common/wire_order_book.sv:302$5572'.
  created $dff cell `$procdff$17687' with positive edge clock.
Creating register for signal `$paramod\wire_order_book\NUM_SETS=s32'00000000000000000000001000000000.$memwr$\order_valid_q$rtl/common/wire_order_book.sv:318$4366_EN' using process `$paramod\wire_order_book\NUM_SETS=s32'00000000000000000000001000000000.$proc$rtl/common/wire_order_book.sv:302$5572'.
  created $dff cell `$procdff$17688' with positive edge clock.
Creating register for signal `$paramod\wire_order_book\NUM_SETS=s32'00000000000000000000001000000000.$memwr$\order_valid_q$rtl/common/wire_order_book.sv:318$4367_EN' using process `$paramod\wire_order_book\NUM_SETS=s32'00000000000000000000001000000000.$proc$rtl/common/wire_order_book.sv:302$5572'.
  created $dff cell `$procdff$17689' with positive edge clock.
Creating register for signal `$paramod\wire_order_book\NUM_SETS=s32'00000000000000000000001000000000.$memwr$\order_valid_q$rtl/common/wire_order_book.sv:318$4368_EN' using process `$paramod\wire_order_book\NUM_SETS=s32'00000000000000000000001000000000.$proc$rtl/common/wire_order_book.sv:302$5572'.
  created $dff cell `$procdff$17690' with positive edge clock.
Creating register for signal `$paramod\wire_order_book\NUM_SETS=s32'00000000000000000000001000000000.$memwr$\order_valid_q$rtl/common/wire_order_book.sv:318$4369_EN' using process `$paramod\wire_order_book\NUM_SETS=s32'00000000000000000000001000000000.$proc$rtl/common/wire_order_book.sv:302$5572'.
  created $dff cell `$procdff$17691' with positive edge clock.
Creating register for signal `$paramod\wire_order_book\NUM_SETS=s32'00000000000000000000001000000000.$memwr$\order_valid_q$rtl/common/wire_order_book.sv:318$4370_EN' using process `$paramod\wire_order_book\NUM_SETS=s32'00000000000000000000001000000000.$proc$rtl/common/wire_order_book.sv:302$5572'.
  created $dff cell `$procdff$17692' with positive edge clock.
Creating register for signal `$paramod\wire_order_book\NUM_SETS=s32'00000000000000000000001000000000.$memwr$\order_valid_q$rtl/common/wire_order_book.sv:318$4371_EN' using process `$paramod\wire_order_book\NUM_SETS=s32'00000000000000000000001000000000.$proc$rtl/common/wire_order_book.sv:302$5572'.
  created $dff cell `$procdff$17693' with positive edge clock.
Creating register for signal `$paramod\wire_order_book\NUM_SETS=s32'00000000000000000000001000000000.$memwr$\order_valid_q$rtl/common/wire_order_book.sv:318$4372_EN' using process `$paramod\wire_order_book\NUM_SETS=s32'00000000000000000000001000000000.$proc$rtl/common/wire_order_book.sv:302$5572'.
  created $dff cell `$procdff$17694' with positive edge clock.
Creating register for signal `$paramod\wire_order_book\NUM_SETS=s32'00000000000000000000001000000000.$memwr$\order_valid_q$rtl/common/wire_order_book.sv:318$4373_EN' using process `$paramod\wire_order_book\NUM_SETS=s32'00000000000000000000001000000000.$proc$rtl/common/wire_order_book.sv:302$5572'.
  created $dff cell `$procdff$17695' with positive edge clock.
Creating register for signal `$paramod\wire_order_book\NUM_SETS=s32'00000000000000000000001000000000.$memwr$\order_valid_q$rtl/common/wire_order_book.sv:318$4374_EN' using process `$paramod\wire_order_book\NUM_SETS=s32'00000000000000000000001000000000.$proc$rtl/common/wire_order_book.sv:302$5572'.
  created $dff cell `$procdff$17696' with positive edge clock.
Creating register for signal `$paramod\wire_order_book\NUM_SETS=s32'00000000000000000000001000000000.$memwr$\order_valid_q$rtl/common/wire_order_book.sv:318$4375_EN' using process `$paramod\wire_order_book\NUM_SETS=s32'00000000000000000000001000000000.$proc$rtl/common/wire_order_book.sv:302$5572'.
  created $dff cell `$procdff$17697' with positive edge clock.
Creating register for signal `$paramod\wire_order_book\NUM_SETS=s32'00000000000000000000001000000000.$memwr$\order_valid_q$rtl/common/wire_order_book.sv:318$4376_EN' using process `$paramod\wire_order_book\NUM_SETS=s32'00000000000000000000001000000000.$proc$rtl/common/wire_order_book.sv:302$5572'.
  created $dff cell `$procdff$17698' with positive edge clock.
Creating register for signal `$paramod\wire_order_book\NUM_SETS=s32'00000000000000000000001000000000.$memwr$\order_valid_q$rtl/common/wire_order_book.sv:318$4377_EN' using process `$paramod\wire_order_book\NUM_SETS=s32'00000000000000000000001000000000.$proc$rtl/common/wire_order_book.sv:302$5572'.
  created $dff cell `$procdff$17699' with positive edge clock.
Creating register for signal `$paramod\wire_order_book\NUM_SETS=s32'00000000000000000000001000000000.$memwr$\order_valid_q$rtl/common/wire_order_book.sv:318$4378_EN' using process `$paramod\wire_order_book\NUM_SETS=s32'00000000000000000000001000000000.$proc$rtl/common/wire_order_book.sv:302$5572'.
  created $dff cell `$procdff$17700' with positive edge clock.
Creating register for signal `$paramod\wire_order_book\NUM_SETS=s32'00000000000000000000001000000000.$memwr$\order_valid_q$rtl/common/wire_order_book.sv:318$4379_EN' using process `$paramod\wire_order_book\NUM_SETS=s32'00000000000000000000001000000000.$proc$rtl/common/wire_order_book.sv:302$5572'.
  created $dff cell `$procdff$17701' with positive edge clock.
Creating register for signal `$paramod\wire_order_book\NUM_SETS=s32'00000000000000000000001000000000.$memwr$\order_valid_q$rtl/common/wire_order_book.sv:318$4380_EN' using process `$paramod\wire_order_book\NUM_SETS=s32'00000000000000000000001000000000.$proc$rtl/common/wire_order_book.sv:302$5572'.
  created $dff cell `$procdff$17702' with positive edge clock.
Creating register for signal `$paramod\wire_order_book\NUM_SETS=s32'00000000000000000000001000000000.$memwr$\order_valid_q$rtl/common/wire_order_book.sv:318$4381_EN' using process `$paramod\wire_order_book\NUM_SETS=s32'00000000000000000000001000000000.$proc$rtl/common/wire_order_book.sv:302$5572'.
  created $dff cell `$procdff$17703' with positive edge clock.
Creating register for signal `$paramod\wire_order_book\NUM_SETS=s32'00000000000000000000001000000000.$memwr$\order_valid_q$rtl/common/wire_order_book.sv:318$4382_EN' using process `$paramod\wire_order_book\NUM_SETS=s32'00000000000000000000001000000000.$proc$rtl/common/wire_order_book.sv:302$5572'.
  created $dff cell `$procdff$17704' with positive edge clock.
Creating register for signal `$paramod\wire_order_book\NUM_SETS=s32'00000000000000000000001000000000.$memwr$\order_valid_q$rtl/common/wire_order_book.sv:318$4383_EN' using process `$paramod\wire_order_book\NUM_SETS=s32'00000000000000000000001000000000.$proc$rtl/common/wire_order_book.sv:302$5572'.
  created $dff cell `$procdff$17705' with positive edge clock.
Creating register for signal `$paramod\wire_order_book\NUM_SETS=s32'00000000000000000000001000000000.$memwr$\order_valid_q$rtl/common/wire_order_book.sv:318$4384_EN' using process `$paramod\wire_order_book\NUM_SETS=s32'00000000000000000000001000000000.$proc$rtl/common/wire_order_book.sv:302$5572'.
  created $dff cell `$procdff$17706' with positive edge clock.
Creating register for signal `$paramod\wire_order_book\NUM_SETS=s32'00000000000000000000001000000000.$memwr$\order_valid_q$rtl/common/wire_order_book.sv:318$4385_EN' using process `$paramod\wire_order_book\NUM_SETS=s32'00000000000000000000001000000000.$proc$rtl/common/wire_order_book.sv:302$5572'.
  created $dff cell `$procdff$17707' with positive edge clock.
Creating register for signal `$paramod\wire_order_book\NUM_SETS=s32'00000000000000000000001000000000.$memwr$\order_valid_q$rtl/common/wire_order_book.sv:318$4386_EN' using process `$paramod\wire_order_book\NUM_SETS=s32'00000000000000000000001000000000.$proc$rtl/common/wire_order_book.sv:302$5572'.
  created $dff cell `$procdff$17708' with positive edge clock.
Creating register for signal `$paramod\wire_order_book\NUM_SETS=s32'00000000000000000000001000000000.$memwr$\order_valid_q$rtl/common/wire_order_book.sv:318$4387_EN' using process `$paramod\wire_order_book\NUM_SETS=s32'00000000000000000000001000000000.$proc$rtl/common/wire_order_book.sv:302$5572'.
  created $dff cell `$procdff$17709' with positive edge clock.
Creating register for signal `$paramod\wire_order_book\NUM_SETS=s32'00000000000000000000001000000000.$memwr$\order_valid_q$rtl/common/wire_order_book.sv:318$4388_EN' using process `$paramod\wire_order_book\NUM_SETS=s32'00000000000000000000001000000000.$proc$rtl/common/wire_order_book.sv:302$5572'.
  created $dff cell `$procdff$17710' with positive edge clock.
Creating register for signal `$paramod\wire_order_book\NUM_SETS=s32'00000000000000000000001000000000.$memwr$\order_valid_q$rtl/common/wire_order_book.sv:318$4389_EN' using process `$paramod\wire_order_book\NUM_SETS=s32'00000000000000000000001000000000.$proc$rtl/common/wire_order_book.sv:302$5572'.
  created $dff cell `$procdff$17711' with positive edge clock.
Creating register for signal `$paramod\wire_order_book\NUM_SETS=s32'00000000000000000000001000000000.$memwr$\order_valid_q$rtl/common/wire_order_book.sv:318$4390_EN' using process `$paramod\wire_order_book\NUM_SETS=s32'00000000000000000000001000000000.$proc$rtl/common/wire_order_book.sv:302$5572'.
  created $dff cell `$procdff$17712' with positive edge clock.
Creating register for signal `$paramod\wire_order_book\NUM_SETS=s32'00000000000000000000001000000000.$memwr$\order_valid_q$rtl/common/wire_order_book.sv:318$4391_EN' using process `$paramod\wire_order_book\NUM_SETS=s32'00000000000000000000001000000000.$proc$rtl/common/wire_order_book.sv:302$5572'.
  created $dff cell `$procdff$17713' with positive edge clock.
Creating register for signal `$paramod\wire_order_book\NUM_SETS=s32'00000000000000000000001000000000.$memwr$\order_valid_q$rtl/common/wire_order_book.sv:318$4392_EN' using process `$paramod\wire_order_book\NUM_SETS=s32'00000000000000000000001000000000.$proc$rtl/common/wire_order_book.sv:302$5572'.
  created $dff cell `$procdff$17714' with positive edge clock.
Creating register for signal `$paramod\wire_order_book\NUM_SETS=s32'00000000000000000000001000000000.$memwr$\order_valid_q$rtl/common/wire_order_book.sv:318$4393_EN' using process `$paramod\wire_order_book\NUM_SETS=s32'00000000000000000000001000000000.$proc$rtl/common/wire_order_book.sv:302$5572'.
  created $dff cell `$procdff$17715' with positive edge clock.
Creating register for signal `$paramod\wire_order_book\NUM_SETS=s32'00000000000000000000001000000000.$memwr$\order_valid_q$rtl/common/wire_order_book.sv:318$4394_EN' using process `$paramod\wire_order_book\NUM_SETS=s32'00000000000000000000001000000000.$proc$rtl/common/wire_order_book.sv:302$5572'.
  created $dff cell `$procdff$17716' with positive edge clock.
Creating register for signal `$paramod\wire_order_book\NUM_SETS=s32'00000000000000000000001000000000.$memwr$\order_valid_q$rtl/common/wire_order_book.sv:318$4395_EN' using process `$paramod\wire_order_book\NUM_SETS=s32'00000000000000000000001000000000.$proc$rtl/common/wire_order_book.sv:302$5572'.
  created $dff cell `$procdff$17717' with positive edge clock.
Creating register for signal `$paramod\wire_order_book\NUM_SETS=s32'00000000000000000000001000000000.$memwr$\order_valid_q$rtl/common/wire_order_book.sv:318$4396_EN' using process `$paramod\wire_order_book\NUM_SETS=s32'00000000000000000000001000000000.$proc$rtl/common/wire_order_book.sv:302$5572'.
  created $dff cell `$procdff$17718' with positive edge clock.
Creating register for signal `$paramod\wire_order_book\NUM_SETS=s32'00000000000000000000001000000000.$memwr$\order_valid_q$rtl/common/wire_order_book.sv:318$4397_EN' using process `$paramod\wire_order_book\NUM_SETS=s32'00000000000000000000001000000000.$proc$rtl/common/wire_order_book.sv:302$5572'.
  created $dff cell `$procdff$17719' with positive edge clock.
Creating register for signal `$paramod\wire_order_book\NUM_SETS=s32'00000000000000000000001000000000.$memwr$\order_valid_q$rtl/common/wire_order_book.sv:318$4398_EN' using process `$paramod\wire_order_book\NUM_SETS=s32'00000000000000000000001000000000.$proc$rtl/common/wire_order_book.sv:302$5572'.
  created $dff cell `$procdff$17720' with positive edge clock.
Creating register for signal `$paramod\wire_order_book\NUM_SETS=s32'00000000000000000000001000000000.$memwr$\order_valid_q$rtl/common/wire_order_book.sv:318$4399_EN' using process `$paramod\wire_order_book\NUM_SETS=s32'00000000000000000000001000000000.$proc$rtl/common/wire_order_book.sv:302$5572'.
  created $dff cell `$procdff$17721' with positive edge clock.
Creating register for signal `$paramod\wire_order_book\NUM_SETS=s32'00000000000000000000001000000000.$memwr$\order_valid_q$rtl/common/wire_order_book.sv:318$4400_EN' using process `$paramod\wire_order_book\NUM_SETS=s32'00000000000000000000001000000000.$proc$rtl/common/wire_order_book.sv:302$5572'.
  created $dff cell `$procdff$17722' with positive edge clock.
Creating register for signal `$paramod\wire_order_book\NUM_SETS=s32'00000000000000000000001000000000.$memwr$\order_valid_q$rtl/common/wire_order_book.sv:318$4401_EN' using process `$paramod\wire_order_book\NUM_SETS=s32'00000000000000000000001000000000.$proc$rtl/common/wire_order_book.sv:302$5572'.
  created $dff cell `$procdff$17723' with positive edge clock.
Creating register for signal `$paramod\wire_order_book\NUM_SETS=s32'00000000000000000000001000000000.$memwr$\order_valid_q$rtl/common/wire_order_book.sv:318$4402_EN' using process `$paramod\wire_order_book\NUM_SETS=s32'00000000000000000000001000000000.$proc$rtl/common/wire_order_book.sv:302$5572'.
  created $dff cell `$procdff$17724' with positive edge clock.
Creating register for signal `$paramod\wire_order_book\NUM_SETS=s32'00000000000000000000001000000000.$memwr$\order_valid_q$rtl/common/wire_order_book.sv:318$4403_EN' using process `$paramod\wire_order_book\NUM_SETS=s32'00000000000000000000001000000000.$proc$rtl/common/wire_order_book.sv:302$5572'.
  created $dff cell `$procdff$17725' with positive edge clock.
Creating register for signal `$paramod\wire_order_book\NUM_SETS=s32'00000000000000000000001000000000.$memwr$\order_valid_q$rtl/common/wire_order_book.sv:318$4404_EN' using process `$paramod\wire_order_book\NUM_SETS=s32'00000000000000000000001000000000.$proc$rtl/common/wire_order_book.sv:302$5572'.
  created $dff cell `$procdff$17726' with positive edge clock.
Creating register for signal `$paramod\wire_order_book\NUM_SETS=s32'00000000000000000000001000000000.$memwr$\order_valid_q$rtl/common/wire_order_book.sv:318$4405_EN' using process `$paramod\wire_order_book\NUM_SETS=s32'00000000000000000000001000000000.$proc$rtl/common/wire_order_book.sv:302$5572'.
  created $dff cell `$procdff$17727' with positive edge clock.
Creating register for signal `$paramod\wire_order_book\NUM_SETS=s32'00000000000000000000001000000000.$memwr$\order_valid_q$rtl/common/wire_order_book.sv:318$4406_EN' using process `$paramod\wire_order_book\NUM_SETS=s32'00000000000000000000001000000000.$proc$rtl/common/wire_order_book.sv:302$5572'.
  created $dff cell `$procdff$17728' with positive edge clock.
Creating register for signal `$paramod\wire_order_book\NUM_SETS=s32'00000000000000000000001000000000.$memwr$\order_valid_q$rtl/common/wire_order_book.sv:318$4407_EN' using process `$paramod\wire_order_book\NUM_SETS=s32'00000000000000000000001000000000.$proc$rtl/common/wire_order_book.sv:302$5572'.
  created $dff cell `$procdff$17729' with positive edge clock.
Creating register for signal `$paramod\wire_order_book\NUM_SETS=s32'00000000000000000000001000000000.$memwr$\order_valid_q$rtl/common/wire_order_book.sv:318$4408_EN' using process `$paramod\wire_order_book\NUM_SETS=s32'00000000000000000000001000000000.$proc$rtl/common/wire_order_book.sv:302$5572'.
  created $dff cell `$procdff$17730' with positive edge clock.
Creating register for signal `$paramod\wire_order_book\NUM_SETS=s32'00000000000000000000001000000000.$memwr$\order_valid_q$rtl/common/wire_order_book.sv:318$4409_EN' using process `$paramod\wire_order_book\NUM_SETS=s32'00000000000000000000001000000000.$proc$rtl/common/wire_order_book.sv:302$5572'.
  created $dff cell `$procdff$17731' with positive edge clock.
Creating register for signal `$paramod\wire_order_book\NUM_SETS=s32'00000000000000000000001000000000.$memwr$\order_valid_q$rtl/common/wire_order_book.sv:318$4410_EN' using process `$paramod\wire_order_book\NUM_SETS=s32'00000000000000000000001000000000.$proc$rtl/common/wire_order_book.sv:302$5572'.
  created $dff cell `$procdff$17732' with positive edge clock.
Creating register for signal `$paramod\wire_order_book\NUM_SETS=s32'00000000000000000000001000000000.$memwr$\order_valid_q$rtl/common/wire_order_book.sv:318$4411_EN' using process `$paramod\wire_order_book\NUM_SETS=s32'00000000000000000000001000000000.$proc$rtl/common/wire_order_book.sv:302$5572'.
  created $dff cell `$procdff$17733' with positive edge clock.
Creating register for signal `$paramod\wire_order_book\NUM_SETS=s32'00000000000000000000001000000000.$memwr$\order_valid_q$rtl/common/wire_order_book.sv:318$4412_EN' using process `$paramod\wire_order_book\NUM_SETS=s32'00000000000000000000001000000000.$proc$rtl/common/wire_order_book.sv:302$5572'.
  created $dff cell `$procdff$17734' with positive edge clock.
Creating register for signal `$paramod\wire_order_book\NUM_SETS=s32'00000000000000000000001000000000.$memwr$\order_valid_q$rtl/common/wire_order_book.sv:318$4413_EN' using process `$paramod\wire_order_book\NUM_SETS=s32'00000000000000000000001000000000.$proc$rtl/common/wire_order_book.sv:302$5572'.
  created $dff cell `$procdff$17735' with positive edge clock.
Creating register for signal `$paramod\wire_order_book\NUM_SETS=s32'00000000000000000000001000000000.$memwr$\order_valid_q$rtl/common/wire_order_book.sv:318$4414_EN' using process `$paramod\wire_order_book\NUM_SETS=s32'00000000000000000000001000000000.$proc$rtl/common/wire_order_book.sv:302$5572'.
  created $dff cell `$procdff$17736' with positive edge clock.
Creating register for signal `$paramod\wire_order_book\NUM_SETS=s32'00000000000000000000001000000000.$memwr$\order_valid_q$rtl/common/wire_order_book.sv:318$4415_EN' using process `$paramod\wire_order_book\NUM_SETS=s32'00000000000000000000001000000000.$proc$rtl/common/wire_order_book.sv:302$5572'.
  created $dff cell `$procdff$17737' with positive edge clock.
Creating register for signal `$paramod\wire_order_book\NUM_SETS=s32'00000000000000000000001000000000.$memwr$\order_valid_q$rtl/common/wire_order_book.sv:318$4416_EN' using process `$paramod\wire_order_book\NUM_SETS=s32'00000000000000000000001000000000.$proc$rtl/common/wire_order_book.sv:302$5572'.
  created $dff cell `$procdff$17738' with positive edge clock.
Creating register for signal `$paramod\wire_order_book\NUM_SETS=s32'00000000000000000000001000000000.$memwr$\order_valid_q$rtl/common/wire_order_book.sv:318$4417_EN' using process `$paramod\wire_order_book\NUM_SETS=s32'00000000000000000000001000000000.$proc$rtl/common/wire_order_book.sv:302$5572'.
  created $dff cell `$procdff$17739' with positive edge clock.
Creating register for signal `$paramod\wire_order_book\NUM_SETS=s32'00000000000000000000001000000000.$memwr$\order_valid_q$rtl/common/wire_order_book.sv:318$4418_EN' using process `$paramod\wire_order_book\NUM_SETS=s32'00000000000000000000001000000000.$proc$rtl/common/wire_order_book.sv:302$5572'.
  created $dff cell `$procdff$17740' with positive edge clock.
Creating register for signal `$paramod\wire_order_book\NUM_SETS=s32'00000000000000000000001000000000.$memwr$\order_valid_q$rtl/common/wire_order_book.sv:318$4419_EN' using process `$paramod\wire_order_book\NUM_SETS=s32'00000000000000000000001000000000.$proc$rtl/common/wire_order_book.sv:302$5572'.
  created $dff cell `$procdff$17741' with positive edge clock.
Creating register for signal `$paramod\wire_order_book\NUM_SETS=s32'00000000000000000000001000000000.$memwr$\order_valid_q$rtl/common/wire_order_book.sv:318$4420_EN' using process `$paramod\wire_order_book\NUM_SETS=s32'00000000000000000000001000000000.$proc$rtl/common/wire_order_book.sv:302$5572'.
  created $dff cell `$procdff$17742' with positive edge clock.
Creating register for signal `$paramod\wire_order_book\NUM_SETS=s32'00000000000000000000001000000000.$memwr$\order_valid_q$rtl/common/wire_order_book.sv:318$4421_EN' using process `$paramod\wire_order_book\NUM_SETS=s32'00000000000000000000001000000000.$proc$rtl/common/wire_order_book.sv:302$5572'.
  created $dff cell `$procdff$17743' with positive edge clock.
Creating register for signal `$paramod\wire_order_book\NUM_SETS=s32'00000000000000000000001000000000.$memwr$\order_valid_q$rtl/common/wire_order_book.sv:318$4422_EN' using process `$paramod\wire_order_book\NUM_SETS=s32'00000000000000000000001000000000.$proc$rtl/common/wire_order_book.sv:302$5572'.
  created $dff cell `$procdff$17744' with positive edge clock.
Creating register for signal `$paramod\wire_order_book\NUM_SETS=s32'00000000000000000000001000000000.$memwr$\order_valid_q$rtl/common/wire_order_book.sv:318$4423_EN' using process `$paramod\wire_order_book\NUM_SETS=s32'00000000000000000000001000000000.$proc$rtl/common/wire_order_book.sv:302$5572'.
  created $dff cell `$procdff$17745' with positive edge clock.
Creating register for signal `$paramod\wire_order_book\NUM_SETS=s32'00000000000000000000001000000000.$memwr$\order_valid_q$rtl/common/wire_order_book.sv:318$4424_EN' using process `$paramod\wire_order_book\NUM_SETS=s32'00000000000000000000001000000000.$proc$rtl/common/wire_order_book.sv:302$5572'.
  created $dff cell `$procdff$17746' with positive edge clock.
Creating register for signal `$paramod\wire_order_book\NUM_SETS=s32'00000000000000000000001000000000.$memwr$\order_valid_q$rtl/common/wire_order_book.sv:318$4425_EN' using process `$paramod\wire_order_book\NUM_SETS=s32'00000000000000000000001000000000.$proc$rtl/common/wire_order_book.sv:302$5572'.
  created $dff cell `$procdff$17747' with positive edge clock.
Creating register for signal `$paramod\wire_order_book\NUM_SETS=s32'00000000000000000000001000000000.$memwr$\order_valid_q$rtl/common/wire_order_book.sv:318$4426_EN' using process `$paramod\wire_order_book\NUM_SETS=s32'00000000000000000000001000000000.$proc$rtl/common/wire_order_book.sv:302$5572'.
  created $dff cell `$procdff$17748' with positive edge clock.
Creating register for signal `$paramod\wire_order_book\NUM_SETS=s32'00000000000000000000001000000000.$memwr$\order_valid_q$rtl/common/wire_order_book.sv:318$4427_EN' using process `$paramod\wire_order_book\NUM_SETS=s32'00000000000000000000001000000000.$proc$rtl/common/wire_order_book.sv:302$5572'.
  created $dff cell `$procdff$17749' with positive edge clock.
Creating register for signal `$paramod\wire_order_book\NUM_SETS=s32'00000000000000000000001000000000.$memwr$\order_valid_q$rtl/common/wire_order_book.sv:318$4428_EN' using process `$paramod\wire_order_book\NUM_SETS=s32'00000000000000000000001000000000.$proc$rtl/common/wire_order_book.sv:302$5572'.
  created $dff cell `$procdff$17750' with positive edge clock.
Creating register for signal `$paramod\wire_order_book\NUM_SETS=s32'00000000000000000000001000000000.$memwr$\order_valid_q$rtl/common/wire_order_book.sv:318$4429_EN' using process `$paramod\wire_order_book\NUM_SETS=s32'00000000000000000000001000000000.$proc$rtl/common/wire_order_book.sv:302$5572'.
  created $dff cell `$procdff$17751' with positive edge clock.
Creating register for signal `$paramod\wire_order_book\NUM_SETS=s32'00000000000000000000001000000000.$memwr$\order_valid_q$rtl/common/wire_order_book.sv:318$4430_EN' using process `$paramod\wire_order_book\NUM_SETS=s32'00000000000000000000001000000000.$proc$rtl/common/wire_order_book.sv:302$5572'.
  created $dff cell `$procdff$17752' with positive edge clock.
Creating register for signal `$paramod\wire_order_book\NUM_SETS=s32'00000000000000000000001000000000.$memwr$\order_valid_q$rtl/common/wire_order_book.sv:318$4431_EN' using process `$paramod\wire_order_book\NUM_SETS=s32'00000000000000000000001000000000.$proc$rtl/common/wire_order_book.sv:302$5572'.
  created $dff cell `$procdff$17753' with positive edge clock.
Creating register for signal `$paramod\wire_order_book\NUM_SETS=s32'00000000000000000000001000000000.$memwr$\order_valid_q$rtl/common/wire_order_book.sv:318$4432_EN' using process `$paramod\wire_order_book\NUM_SETS=s32'00000000000000000000001000000000.$proc$rtl/common/wire_order_book.sv:302$5572'.
  created $dff cell `$procdff$17754' with positive edge clock.
Creating register for signal `$paramod\wire_order_book\NUM_SETS=s32'00000000000000000000001000000000.$memwr$\order_valid_q$rtl/common/wire_order_book.sv:318$4433_EN' using process `$paramod\wire_order_book\NUM_SETS=s32'00000000000000000000001000000000.$proc$rtl/common/wire_order_book.sv:302$5572'.
  created $dff cell `$procdff$17755' with positive edge clock.
Creating register for signal `$paramod\wire_order_book\NUM_SETS=s32'00000000000000000000001000000000.$memwr$\order_valid_q$rtl/common/wire_order_book.sv:318$4434_EN' using process `$paramod\wire_order_book\NUM_SETS=s32'00000000000000000000001000000000.$proc$rtl/common/wire_order_book.sv:302$5572'.
  created $dff cell `$procdff$17756' with positive edge clock.
Creating register for signal `$paramod\wire_order_book\NUM_SETS=s32'00000000000000000000001000000000.$memwr$\order_valid_q$rtl/common/wire_order_book.sv:318$4435_EN' using process `$paramod\wire_order_book\NUM_SETS=s32'00000000000000000000001000000000.$proc$rtl/common/wire_order_book.sv:302$5572'.
  created $dff cell `$procdff$17757' with positive edge clock.
Creating register for signal `$paramod\wire_order_book\NUM_SETS=s32'00000000000000000000001000000000.$memwr$\order_valid_q$rtl/common/wire_order_book.sv:318$4436_EN' using process `$paramod\wire_order_book\NUM_SETS=s32'00000000000000000000001000000000.$proc$rtl/common/wire_order_book.sv:302$5572'.
  created $dff cell `$procdff$17758' with positive edge clock.
Creating register for signal `$paramod\wire_order_book\NUM_SETS=s32'00000000000000000000001000000000.$memwr$\order_valid_q$rtl/common/wire_order_book.sv:318$4437_EN' using process `$paramod\wire_order_book\NUM_SETS=s32'00000000000000000000001000000000.$proc$rtl/common/wire_order_book.sv:302$5572'.
  created $dff cell `$procdff$17759' with positive edge clock.
Creating register for signal `$paramod\wire_order_book\NUM_SETS=s32'00000000000000000000001000000000.$memwr$\order_valid_q$rtl/common/wire_order_book.sv:318$4438_EN' using process `$paramod\wire_order_book\NUM_SETS=s32'00000000000000000000001000000000.$proc$rtl/common/wire_order_book.sv:302$5572'.
  created $dff cell `$procdff$17760' with positive edge clock.
Creating register for signal `$paramod\wire_order_book\NUM_SETS=s32'00000000000000000000001000000000.$memwr$\order_valid_q$rtl/common/wire_order_book.sv:318$4439_EN' using process `$paramod\wire_order_book\NUM_SETS=s32'00000000000000000000001000000000.$proc$rtl/common/wire_order_book.sv:302$5572'.
  created $dff cell `$procdff$17761' with positive edge clock.
Creating register for signal `$paramod\wire_order_book\NUM_SETS=s32'00000000000000000000001000000000.$memwr$\order_valid_q$rtl/common/wire_order_book.sv:318$4440_EN' using process `$paramod\wire_order_book\NUM_SETS=s32'00000000000000000000001000000000.$proc$rtl/common/wire_order_book.sv:302$5572'.
  created $dff cell `$procdff$17762' with positive edge clock.
Creating register for signal `$paramod\wire_order_book\NUM_SETS=s32'00000000000000000000001000000000.$memwr$\order_valid_q$rtl/common/wire_order_book.sv:318$4441_EN' using process `$paramod\wire_order_book\NUM_SETS=s32'00000000000000000000001000000000.$proc$rtl/common/wire_order_book.sv:302$5572'.
  created $dff cell `$procdff$17763' with positive edge clock.
Creating register for signal `$paramod\wire_order_book\NUM_SETS=s32'00000000000000000000001000000000.$memwr$\order_valid_q$rtl/common/wire_order_book.sv:318$4442_EN' using process `$paramod\wire_order_book\NUM_SETS=s32'00000000000000000000001000000000.$proc$rtl/common/wire_order_book.sv:302$5572'.
  created $dff cell `$procdff$17764' with positive edge clock.
Creating register for signal `$paramod\wire_order_book\NUM_SETS=s32'00000000000000000000001000000000.$memwr$\order_valid_q$rtl/common/wire_order_book.sv:318$4443_EN' using process `$paramod\wire_order_book\NUM_SETS=s32'00000000000000000000001000000000.$proc$rtl/common/wire_order_book.sv:302$5572'.
  created $dff cell `$procdff$17765' with positive edge clock.
Creating register for signal `$paramod\wire_order_book\NUM_SETS=s32'00000000000000000000001000000000.$memwr$\order_valid_q$rtl/common/wire_order_book.sv:318$4444_EN' using process `$paramod\wire_order_book\NUM_SETS=s32'00000000000000000000001000000000.$proc$rtl/common/wire_order_book.sv:302$5572'.
  created $dff cell `$procdff$17766' with positive edge clock.
Creating register for signal `$paramod\wire_order_book\NUM_SETS=s32'00000000000000000000001000000000.$memwr$\order_valid_q$rtl/common/wire_order_book.sv:318$4445_EN' using process `$paramod\wire_order_book\NUM_SETS=s32'00000000000000000000001000000000.$proc$rtl/common/wire_order_book.sv:302$5572'.
  created $dff cell `$procdff$17767' with positive edge clock.
Creating register for signal `$paramod\wire_order_book\NUM_SETS=s32'00000000000000000000001000000000.$memwr$\order_valid_q$rtl/common/wire_order_book.sv:318$4446_EN' using process `$paramod\wire_order_book\NUM_SETS=s32'00000000000000000000001000000000.$proc$rtl/common/wire_order_book.sv:302$5572'.
  created $dff cell `$procdff$17768' with positive edge clock.
Creating register for signal `$paramod\wire_order_book\NUM_SETS=s32'00000000000000000000001000000000.$memwr$\order_valid_q$rtl/common/wire_order_book.sv:318$4447_EN' using process `$paramod\wire_order_book\NUM_SETS=s32'00000000000000000000001000000000.$proc$rtl/common/wire_order_book.sv:302$5572'.
  created $dff cell `$procdff$17769' with positive edge clock.
Creating register for signal `$paramod\wire_order_book\NUM_SETS=s32'00000000000000000000001000000000.$memwr$\order_valid_q$rtl/common/wire_order_book.sv:318$4448_EN' using process `$paramod\wire_order_book\NUM_SETS=s32'00000000000000000000001000000000.$proc$rtl/common/wire_order_book.sv:302$5572'.
  created $dff cell `$procdff$17770' with positive edge clock.
Creating register for signal `$paramod\wire_order_book\NUM_SETS=s32'00000000000000000000001000000000.$memwr$\order_valid_q$rtl/common/wire_order_book.sv:318$4449_EN' using process `$paramod\wire_order_book\NUM_SETS=s32'00000000000000000000001000000000.$proc$rtl/common/wire_order_book.sv:302$5572'.
  created $dff cell `$procdff$17771' with positive edge clock.
Creating register for signal `$paramod\wire_order_book\NUM_SETS=s32'00000000000000000000001000000000.$memwr$\order_valid_q$rtl/common/wire_order_book.sv:318$4450_EN' using process `$paramod\wire_order_book\NUM_SETS=s32'00000000000000000000001000000000.$proc$rtl/common/wire_order_book.sv:302$5572'.
  created $dff cell `$procdff$17772' with positive edge clock.
Creating register for signal `$paramod\wire_order_book\NUM_SETS=s32'00000000000000000000001000000000.$memwr$\order_valid_q$rtl/common/wire_order_book.sv:318$4451_EN' using process `$paramod\wire_order_book\NUM_SETS=s32'00000000000000000000001000000000.$proc$rtl/common/wire_order_book.sv:302$5572'.
  created $dff cell `$procdff$17773' with positive edge clock.
Creating register for signal `$paramod\wire_order_book\NUM_SETS=s32'00000000000000000000001000000000.$memwr$\order_valid_q$rtl/common/wire_order_book.sv:318$4452_EN' using process `$paramod\wire_order_book\NUM_SETS=s32'00000000000000000000001000000000.$proc$rtl/common/wire_order_book.sv:302$5572'.
  created $dff cell `$procdff$17774' with positive edge clock.
Creating register for signal `$paramod\wire_order_book\NUM_SETS=s32'00000000000000000000001000000000.$memwr$\order_valid_q$rtl/common/wire_order_book.sv:318$4453_EN' using process `$paramod\wire_order_book\NUM_SETS=s32'00000000000000000000001000000000.$proc$rtl/common/wire_order_book.sv:302$5572'.
  created $dff cell `$procdff$17775' with positive edge clock.
Creating register for signal `$paramod\wire_order_book\NUM_SETS=s32'00000000000000000000001000000000.$memwr$\order_valid_q$rtl/common/wire_order_book.sv:318$4454_EN' using process `$paramod\wire_order_book\NUM_SETS=s32'00000000000000000000001000000000.$proc$rtl/common/wire_order_book.sv:302$5572'.
  created $dff cell `$procdff$17776' with positive edge clock.
Creating register for signal `$paramod\wire_order_book\NUM_SETS=s32'00000000000000000000001000000000.$memwr$\order_valid_q$rtl/common/wire_order_book.sv:318$4455_EN' using process `$paramod\wire_order_book\NUM_SETS=s32'00000000000000000000001000000000.$proc$rtl/common/wire_order_book.sv:302$5572'.
  created $dff cell `$procdff$17777' with positive edge clock.
Creating register for signal `$paramod\wire_order_book\NUM_SETS=s32'00000000000000000000001000000000.$memwr$\order_valid_q$rtl/common/wire_order_book.sv:318$4456_EN' using process `$paramod\wire_order_book\NUM_SETS=s32'00000000000000000000001000000000.$proc$rtl/common/wire_order_book.sv:302$5572'.
  created $dff cell `$procdff$17778' with positive edge clock.
Creating register for signal `$paramod\wire_order_book\NUM_SETS=s32'00000000000000000000001000000000.$memwr$\order_valid_q$rtl/common/wire_order_book.sv:318$4457_EN' using process `$paramod\wire_order_book\NUM_SETS=s32'00000000000000000000001000000000.$proc$rtl/common/wire_order_book.sv:302$5572'.
  created $dff cell `$procdff$17779' with positive edge clock.
Creating register for signal `$paramod\wire_order_book\NUM_SETS=s32'00000000000000000000001000000000.$memwr$\order_valid_q$rtl/common/wire_order_book.sv:318$4458_EN' using process `$paramod\wire_order_book\NUM_SETS=s32'00000000000000000000001000000000.$proc$rtl/common/wire_order_book.sv:302$5572'.
  created $dff cell `$procdff$17780' with positive edge clock.
Creating register for signal `$paramod\wire_order_book\NUM_SETS=s32'00000000000000000000001000000000.$memwr$\order_valid_q$rtl/common/wire_order_book.sv:318$4459_EN' using process `$paramod\wire_order_book\NUM_SETS=s32'00000000000000000000001000000000.$proc$rtl/common/wire_order_book.sv:302$5572'.
  created $dff cell `$procdff$17781' with positive edge clock.
Creating register for signal `$paramod\wire_order_book\NUM_SETS=s32'00000000000000000000001000000000.$memwr$\order_valid_q$rtl/common/wire_order_book.sv:318$4460_EN' using process `$paramod\wire_order_book\NUM_SETS=s32'00000000000000000000001000000000.$proc$rtl/common/wire_order_book.sv:302$5572'.
  created $dff cell `$procdff$17782' with positive edge clock.
Creating register for signal `$paramod\wire_order_book\NUM_SETS=s32'00000000000000000000001000000000.$memwr$\order_valid_q$rtl/common/wire_order_book.sv:318$4461_EN' using process `$paramod\wire_order_book\NUM_SETS=s32'00000000000000000000001000000000.$proc$rtl/common/wire_order_book.sv:302$5572'.
  created $dff cell `$procdff$17783' with positive edge clock.
Creating register for signal `$paramod\wire_order_book\NUM_SETS=s32'00000000000000000000001000000000.$memwr$\order_valid_q$rtl/common/wire_order_book.sv:318$4462_EN' using process `$paramod\wire_order_book\NUM_SETS=s32'00000000000000000000001000000000.$proc$rtl/common/wire_order_book.sv:302$5572'.
  created $dff cell `$procdff$17784' with positive edge clock.
Creating register for signal `$paramod\wire_order_book\NUM_SETS=s32'00000000000000000000001000000000.$memwr$\order_valid_q$rtl/common/wire_order_book.sv:318$4463_EN' using process `$paramod\wire_order_book\NUM_SETS=s32'00000000000000000000001000000000.$proc$rtl/common/wire_order_book.sv:302$5572'.
  created $dff cell `$procdff$17785' with positive edge clock.
Creating register for signal `$paramod\wire_order_book\NUM_SETS=s32'00000000000000000000001000000000.$memwr$\order_valid_q$rtl/common/wire_order_book.sv:318$4464_EN' using process `$paramod\wire_order_book\NUM_SETS=s32'00000000000000000000001000000000.$proc$rtl/common/wire_order_book.sv:302$5572'.
  created $dff cell `$procdff$17786' with positive edge clock.
Creating register for signal `$paramod\wire_order_book\NUM_SETS=s32'00000000000000000000001000000000.$memwr$\order_valid_q$rtl/common/wire_order_book.sv:318$4465_EN' using process `$paramod\wire_order_book\NUM_SETS=s32'00000000000000000000001000000000.$proc$rtl/common/wire_order_book.sv:302$5572'.
  created $dff cell `$procdff$17787' with positive edge clock.
Creating register for signal `$paramod\wire_order_book\NUM_SETS=s32'00000000000000000000001000000000.$memwr$\order_valid_q$rtl/common/wire_order_book.sv:318$4466_EN' using process `$paramod\wire_order_book\NUM_SETS=s32'00000000000000000000001000000000.$proc$rtl/common/wire_order_book.sv:302$5572'.
  created $dff cell `$procdff$17788' with positive edge clock.
Creating register for signal `$paramod\wire_order_book\NUM_SETS=s32'00000000000000000000001000000000.$memwr$\order_valid_q$rtl/common/wire_order_book.sv:318$4467_EN' using process `$paramod\wire_order_book\NUM_SETS=s32'00000000000000000000001000000000.$proc$rtl/common/wire_order_book.sv:302$5572'.
  created $dff cell `$procdff$17789' with positive edge clock.
Creating register for signal `$paramod\wire_order_book\NUM_SETS=s32'00000000000000000000001000000000.$memwr$\order_valid_q$rtl/common/wire_order_book.sv:318$4468_EN' using process `$paramod\wire_order_book\NUM_SETS=s32'00000000000000000000001000000000.$proc$rtl/common/wire_order_book.sv:302$5572'.
  created $dff cell `$procdff$17790' with positive edge clock.
Creating register for signal `$paramod\wire_order_book\NUM_SETS=s32'00000000000000000000001000000000.$memwr$\order_valid_q$rtl/common/wire_order_book.sv:318$4469_EN' using process `$paramod\wire_order_book\NUM_SETS=s32'00000000000000000000001000000000.$proc$rtl/common/wire_order_book.sv:302$5572'.
  created $dff cell `$procdff$17791' with positive edge clock.
Creating register for signal `$paramod\wire_order_book\NUM_SETS=s32'00000000000000000000001000000000.$memwr$\order_valid_q$rtl/common/wire_order_book.sv:318$4470_EN' using process `$paramod\wire_order_book\NUM_SETS=s32'00000000000000000000001000000000.$proc$rtl/common/wire_order_book.sv:302$5572'.
  created $dff cell `$procdff$17792' with positive edge clock.
Creating register for signal `$paramod\wire_order_book\NUM_SETS=s32'00000000000000000000001000000000.$memwr$\order_valid_q$rtl/common/wire_order_book.sv:318$4471_EN' using process `$paramod\wire_order_book\NUM_SETS=s32'00000000000000000000001000000000.$proc$rtl/common/wire_order_book.sv:302$5572'.
  created $dff cell `$procdff$17793' with positive edge clock.
Creating register for signal `$paramod\wire_order_book\NUM_SETS=s32'00000000000000000000001000000000.$memwr$\order_valid_q$rtl/common/wire_order_book.sv:318$4472_EN' using process `$paramod\wire_order_book\NUM_SETS=s32'00000000000000000000001000000000.$proc$rtl/common/wire_order_book.sv:302$5572'.
  created $dff cell `$procdff$17794' with positive edge clock.
Creating register for signal `$paramod\wire_order_book\NUM_SETS=s32'00000000000000000000001000000000.$memwr$\order_valid_q$rtl/common/wire_order_book.sv:318$4473_EN' using process `$paramod\wire_order_book\NUM_SETS=s32'00000000000000000000001000000000.$proc$rtl/common/wire_order_book.sv:302$5572'.
  created $dff cell `$procdff$17795' with positive edge clock.
Creating register for signal `$paramod\wire_order_book\NUM_SETS=s32'00000000000000000000001000000000.$memwr$\order_valid_q$rtl/common/wire_order_book.sv:318$4474_EN' using process `$paramod\wire_order_book\NUM_SETS=s32'00000000000000000000001000000000.$proc$rtl/common/wire_order_book.sv:302$5572'.
  created $dff cell `$procdff$17796' with positive edge clock.
Creating register for signal `$paramod\wire_order_book\NUM_SETS=s32'00000000000000000000001000000000.$memwr$\order_valid_q$rtl/common/wire_order_book.sv:318$4475_EN' using process `$paramod\wire_order_book\NUM_SETS=s32'00000000000000000000001000000000.$proc$rtl/common/wire_order_book.sv:302$5572'.
  created $dff cell `$procdff$17797' with positive edge clock.
Creating register for signal `$paramod\wire_order_book\NUM_SETS=s32'00000000000000000000001000000000.$memwr$\order_valid_q$rtl/common/wire_order_book.sv:318$4476_EN' using process `$paramod\wire_order_book\NUM_SETS=s32'00000000000000000000001000000000.$proc$rtl/common/wire_order_book.sv:302$5572'.
  created $dff cell `$procdff$17798' with positive edge clock.
Creating register for signal `$paramod\wire_order_book\NUM_SETS=s32'00000000000000000000001000000000.$memwr$\order_valid_q$rtl/common/wire_order_book.sv:318$4477_EN' using process `$paramod\wire_order_book\NUM_SETS=s32'00000000000000000000001000000000.$proc$rtl/common/wire_order_book.sv:302$5572'.
  created $dff cell `$procdff$17799' with positive edge clock.
Creating register for signal `$paramod\wire_order_book\NUM_SETS=s32'00000000000000000000001000000000.$memwr$\order_valid_q$rtl/common/wire_order_book.sv:318$4478_EN' using process `$paramod\wire_order_book\NUM_SETS=s32'00000000000000000000001000000000.$proc$rtl/common/wire_order_book.sv:302$5572'.
  created $dff cell `$procdff$17800' with positive edge clock.
Creating register for signal `$paramod\wire_order_book\NUM_SETS=s32'00000000000000000000001000000000.$memwr$\order_valid_q$rtl/common/wire_order_book.sv:318$4479_EN' using process `$paramod\wire_order_book\NUM_SETS=s32'00000000000000000000001000000000.$proc$rtl/common/wire_order_book.sv:302$5572'.
  created $dff cell `$procdff$17801' with positive edge clock.
Creating register for signal `$paramod\wire_order_book\NUM_SETS=s32'00000000000000000000001000000000.$memwr$\order_valid_q$rtl/common/wire_order_book.sv:318$4480_EN' using process `$paramod\wire_order_book\NUM_SETS=s32'00000000000000000000001000000000.$proc$rtl/common/wire_order_book.sv:302$5572'.
  created $dff cell `$procdff$17802' with positive edge clock.
Creating register for signal `$paramod\wire_order_book\NUM_SETS=s32'00000000000000000000001000000000.$memwr$\order_valid_q$rtl/common/wire_order_book.sv:318$4481_EN' using process `$paramod\wire_order_book\NUM_SETS=s32'00000000000000000000001000000000.$proc$rtl/common/wire_order_book.sv:302$5572'.
  created $dff cell `$procdff$17803' with positive edge clock.
Creating register for signal `$paramod\wire_order_book\NUM_SETS=s32'00000000000000000000001000000000.$memwr$\order_valid_q$rtl/common/wire_order_book.sv:318$4482_EN' using process `$paramod\wire_order_book\NUM_SETS=s32'00000000000000000000001000000000.$proc$rtl/common/wire_order_book.sv:302$5572'.
  created $dff cell `$procdff$17804' with positive edge clock.
Creating register for signal `$paramod\wire_order_book\NUM_SETS=s32'00000000000000000000001000000000.$memwr$\order_valid_q$rtl/common/wire_order_book.sv:318$4483_EN' using process `$paramod\wire_order_book\NUM_SETS=s32'00000000000000000000001000000000.$proc$rtl/common/wire_order_book.sv:302$5572'.
  created $dff cell `$procdff$17805' with positive edge clock.
Creating register for signal `$paramod\wire_order_book\NUM_SETS=s32'00000000000000000000001000000000.$memwr$\order_valid_q$rtl/common/wire_order_book.sv:318$4484_EN' using process `$paramod\wire_order_book\NUM_SETS=s32'00000000000000000000001000000000.$proc$rtl/common/wire_order_book.sv:302$5572'.
  created $dff cell `$procdff$17806' with positive edge clock.
Creating register for signal `$paramod\wire_order_book\NUM_SETS=s32'00000000000000000000001000000000.$memwr$\order_valid_q$rtl/common/wire_order_book.sv:318$4485_EN' using process `$paramod\wire_order_book\NUM_SETS=s32'00000000000000000000001000000000.$proc$rtl/common/wire_order_book.sv:302$5572'.
  created $dff cell `$procdff$17807' with positive edge clock.
Creating register for signal `$paramod\wire_order_book\NUM_SETS=s32'00000000000000000000001000000000.$memwr$\order_valid_q$rtl/common/wire_order_book.sv:318$4486_EN' using process `$paramod\wire_order_book\NUM_SETS=s32'00000000000000000000001000000000.$proc$rtl/common/wire_order_book.sv:302$5572'.
  created $dff cell `$procdff$17808' with positive edge clock.
Creating register for signal `$paramod\wire_order_book\NUM_SETS=s32'00000000000000000000001000000000.$memwr$\order_valid_q$rtl/common/wire_order_book.sv:318$4487_EN' using process `$paramod\wire_order_book\NUM_SETS=s32'00000000000000000000001000000000.$proc$rtl/common/wire_order_book.sv:302$5572'.
  created $dff cell `$procdff$17809' with positive edge clock.
Creating register for signal `$paramod\wire_order_book\NUM_SETS=s32'00000000000000000000001000000000.$memwr$\order_valid_q$rtl/common/wire_order_book.sv:318$4488_EN' using process `$paramod\wire_order_book\NUM_SETS=s32'00000000000000000000001000000000.$proc$rtl/common/wire_order_book.sv:302$5572'.
  created $dff cell `$procdff$17810' with positive edge clock.
Creating register for signal `$paramod\wire_order_book\NUM_SETS=s32'00000000000000000000001000000000.$memwr$\order_valid_q$rtl/common/wire_order_book.sv:318$4489_EN' using process `$paramod\wire_order_book\NUM_SETS=s32'00000000000000000000001000000000.$proc$rtl/common/wire_order_book.sv:302$5572'.
  created $dff cell `$procdff$17811' with positive edge clock.
Creating register for signal `$paramod\wire_order_book\NUM_SETS=s32'00000000000000000000001000000000.$memwr$\order_valid_q$rtl/common/wire_order_book.sv:318$4490_EN' using process `$paramod\wire_order_book\NUM_SETS=s32'00000000000000000000001000000000.$proc$rtl/common/wire_order_book.sv:302$5572'.
  created $dff cell `$procdff$17812' with positive edge clock.
Creating register for signal `$paramod\wire_order_book\NUM_SETS=s32'00000000000000000000001000000000.$memwr$\order_valid_q$rtl/common/wire_order_book.sv:318$4491_EN' using process `$paramod\wire_order_book\NUM_SETS=s32'00000000000000000000001000000000.$proc$rtl/common/wire_order_book.sv:302$5572'.
  created $dff cell `$procdff$17813' with positive edge clock.
Creating register for signal `$paramod\wire_order_book\NUM_SETS=s32'00000000000000000000001000000000.$memwr$\order_valid_q$rtl/common/wire_order_book.sv:318$4492_EN' using process `$paramod\wire_order_book\NUM_SETS=s32'00000000000000000000001000000000.$proc$rtl/common/wire_order_book.sv:302$5572'.
  created $dff cell `$procdff$17814' with positive edge clock.
Creating register for signal `$paramod\wire_order_book\NUM_SETS=s32'00000000000000000000001000000000.$memwr$\order_valid_q$rtl/common/wire_order_book.sv:318$4493_EN' using process `$paramod\wire_order_book\NUM_SETS=s32'00000000000000000000001000000000.$proc$rtl/common/wire_order_book.sv:302$5572'.
  created $dff cell `$procdff$17815' with positive edge clock.
Creating register for signal `$paramod\wire_order_book\NUM_SETS=s32'00000000000000000000001000000000.$memwr$\order_valid_q$rtl/common/wire_order_book.sv:318$4494_EN' using process `$paramod\wire_order_book\NUM_SETS=s32'00000000000000000000001000000000.$proc$rtl/common/wire_order_book.sv:302$5572'.
  created $dff cell `$procdff$17816' with positive edge clock.
Creating register for signal `$paramod\wire_order_book\NUM_SETS=s32'00000000000000000000001000000000.$memwr$\order_valid_q$rtl/common/wire_order_book.sv:318$4495_EN' using process `$paramod\wire_order_book\NUM_SETS=s32'00000000000000000000001000000000.$proc$rtl/common/wire_order_book.sv:302$5572'.
  created $dff cell `$procdff$17817' with positive edge clock.
Creating register for signal `$paramod\wire_order_book\NUM_SETS=s32'00000000000000000000001000000000.$memwr$\order_valid_q$rtl/common/wire_order_book.sv:318$4496_EN' using process `$paramod\wire_order_book\NUM_SETS=s32'00000000000000000000001000000000.$proc$rtl/common/wire_order_book.sv:302$5572'.
  created $dff cell `$procdff$17818' with positive edge clock.
Creating register for signal `$paramod\wire_order_book\NUM_SETS=s32'00000000000000000000001000000000.$memwr$\order_valid_q$rtl/common/wire_order_book.sv:318$4497_EN' using process `$paramod\wire_order_book\NUM_SETS=s32'00000000000000000000001000000000.$proc$rtl/common/wire_order_book.sv:302$5572'.
  created $dff cell `$procdff$17819' with positive edge clock.
Creating register for signal `$paramod\wire_order_book\NUM_SETS=s32'00000000000000000000001000000000.$memwr$\order_valid_q$rtl/common/wire_order_book.sv:318$4498_EN' using process `$paramod\wire_order_book\NUM_SETS=s32'00000000000000000000001000000000.$proc$rtl/common/wire_order_book.sv:302$5572'.
  created $dff cell `$procdff$17820' with positive edge clock.
Creating register for signal `$paramod\wire_order_book\NUM_SETS=s32'00000000000000000000001000000000.$memwr$\order_valid_q$rtl/common/wire_order_book.sv:318$4499_EN' using process `$paramod\wire_order_book\NUM_SETS=s32'00000000000000000000001000000000.$proc$rtl/common/wire_order_book.sv:302$5572'.
  created $dff cell `$procdff$17821' with positive edge clock.
Creating register for signal `$paramod\wire_order_book\NUM_SETS=s32'00000000000000000000001000000000.$memwr$\order_valid_q$rtl/common/wire_order_book.sv:318$4500_EN' using process `$paramod\wire_order_book\NUM_SETS=s32'00000000000000000000001000000000.$proc$rtl/common/wire_order_book.sv:302$5572'.
  created $dff cell `$procdff$17822' with positive edge clock.
Creating register for signal `$paramod\wire_order_book\NUM_SETS=s32'00000000000000000000001000000000.$memwr$\order_valid_q$rtl/common/wire_order_book.sv:318$4501_EN' using process `$paramod\wire_order_book\NUM_SETS=s32'00000000000000000000001000000000.$proc$rtl/common/wire_order_book.sv:302$5572'.
  created $dff cell `$procdff$17823' with positive edge clock.
Creating register for signal `$paramod\wire_order_book\NUM_SETS=s32'00000000000000000000001000000000.$memwr$\order_valid_q$rtl/common/wire_order_book.sv:318$4502_EN' using process `$paramod\wire_order_book\NUM_SETS=s32'00000000000000000000001000000000.$proc$rtl/common/wire_order_book.sv:302$5572'.
  created $dff cell `$procdff$17824' with positive edge clock.
Creating register for signal `$paramod\wire_order_book\NUM_SETS=s32'00000000000000000000001000000000.$memwr$\order_valid_q$rtl/common/wire_order_book.sv:318$4503_EN' using process `$paramod\wire_order_book\NUM_SETS=s32'00000000000000000000001000000000.$proc$rtl/common/wire_order_book.sv:302$5572'.
  created $dff cell `$procdff$17825' with positive edge clock.
Creating register for signal `$paramod\wire_order_book\NUM_SETS=s32'00000000000000000000001000000000.$memwr$\order_valid_q$rtl/common/wire_order_book.sv:318$4504_EN' using process `$paramod\wire_order_book\NUM_SETS=s32'00000000000000000000001000000000.$proc$rtl/common/wire_order_book.sv:302$5572'.
  created $dff cell `$procdff$17826' with positive edge clock.
Creating register for signal `$paramod\wire_order_book\NUM_SETS=s32'00000000000000000000001000000000.$memwr$\order_valid_q$rtl/common/wire_order_book.sv:318$4505_EN' using process `$paramod\wire_order_book\NUM_SETS=s32'00000000000000000000001000000000.$proc$rtl/common/wire_order_book.sv:302$5572'.
  created $dff cell `$procdff$17827' with positive edge clock.
Creating register for signal `$paramod\wire_order_book\NUM_SETS=s32'00000000000000000000001000000000.$memwr$\order_valid_q$rtl/common/wire_order_book.sv:318$4506_EN' using process `$paramod\wire_order_book\NUM_SETS=s32'00000000000000000000001000000000.$proc$rtl/common/wire_order_book.sv:302$5572'.
  created $dff cell `$procdff$17828' with positive edge clock.
Creating register for signal `$paramod\wire_order_book\NUM_SETS=s32'00000000000000000000001000000000.$memwr$\order_valid_q$rtl/common/wire_order_book.sv:318$4507_EN' using process `$paramod\wire_order_book\NUM_SETS=s32'00000000000000000000001000000000.$proc$rtl/common/wire_order_book.sv:302$5572'.
  created $dff cell `$procdff$17829' with positive edge clock.
Creating register for signal `$paramod\wire_order_book\NUM_SETS=s32'00000000000000000000001000000000.$memwr$\order_valid_q$rtl/common/wire_order_book.sv:318$4508_EN' using process `$paramod\wire_order_book\NUM_SETS=s32'00000000000000000000001000000000.$proc$rtl/common/wire_order_book.sv:302$5572'.
  created $dff cell `$procdff$17830' with positive edge clock.
Creating register for signal `$paramod\wire_order_book\NUM_SETS=s32'00000000000000000000001000000000.$memwr$\order_valid_q$rtl/common/wire_order_book.sv:318$4509_EN' using process `$paramod\wire_order_book\NUM_SETS=s32'00000000000000000000001000000000.$proc$rtl/common/wire_order_book.sv:302$5572'.
  created $dff cell `$procdff$17831' with positive edge clock.
Creating register for signal `$paramod\wire_order_book\NUM_SETS=s32'00000000000000000000001000000000.$memwr$\order_valid_q$rtl/common/wire_order_book.sv:318$4510_EN' using process `$paramod\wire_order_book\NUM_SETS=s32'00000000000000000000001000000000.$proc$rtl/common/wire_order_book.sv:302$5572'.
  created $dff cell `$procdff$17832' with positive edge clock.
Creating register for signal `$paramod\wire_order_book\NUM_SETS=s32'00000000000000000000001000000000.$memwr$\order_valid_q$rtl/common/wire_order_book.sv:318$4511_EN' using process `$paramod\wire_order_book\NUM_SETS=s32'00000000000000000000001000000000.$proc$rtl/common/wire_order_book.sv:302$5572'.
  created $dff cell `$procdff$17833' with positive edge clock.
Creating register for signal `$paramod\wire_order_book\NUM_SETS=s32'00000000000000000000001000000000.$memwr$\order_valid_q$rtl/common/wire_order_book.sv:318$4512_EN' using process `$paramod\wire_order_book\NUM_SETS=s32'00000000000000000000001000000000.$proc$rtl/common/wire_order_book.sv:302$5572'.
  created $dff cell `$procdff$17834' with positive edge clock.
Creating register for signal `$paramod\wire_order_book\NUM_SETS=s32'00000000000000000000001000000000.$memwr$\order_valid_q$rtl/common/wire_order_book.sv:318$4513_EN' using process `$paramod\wire_order_book\NUM_SETS=s32'00000000000000000000001000000000.$proc$rtl/common/wire_order_book.sv:302$5572'.
  created $dff cell `$procdff$17835' with positive edge clock.
Creating register for signal `$paramod\wire_order_book\NUM_SETS=s32'00000000000000000000001000000000.$memwr$\order_valid_q$rtl/common/wire_order_book.sv:318$4514_EN' using process `$paramod\wire_order_book\NUM_SETS=s32'00000000000000000000001000000000.$proc$rtl/common/wire_order_book.sv:302$5572'.
  created $dff cell `$procdff$17836' with positive edge clock.
Creating register for signal `$paramod\wire_order_book\NUM_SETS=s32'00000000000000000000001000000000.$memwr$\order_valid_q$rtl/common/wire_order_book.sv:318$4515_EN' using process `$paramod\wire_order_book\NUM_SETS=s32'00000000000000000000001000000000.$proc$rtl/common/wire_order_book.sv:302$5572'.
  created $dff cell `$procdff$17837' with positive edge clock.
Creating register for signal `$paramod\wire_order_book\NUM_SETS=s32'00000000000000000000001000000000.$memwr$\order_valid_q$rtl/common/wire_order_book.sv:318$4516_EN' using process `$paramod\wire_order_book\NUM_SETS=s32'00000000000000000000001000000000.$proc$rtl/common/wire_order_book.sv:302$5572'.
  created $dff cell `$procdff$17838' with positive edge clock.
Creating register for signal `$paramod\wire_order_book\NUM_SETS=s32'00000000000000000000001000000000.$memwr$\order_valid_q$rtl/common/wire_order_book.sv:318$4517_EN' using process `$paramod\wire_order_book\NUM_SETS=s32'00000000000000000000001000000000.$proc$rtl/common/wire_order_book.sv:302$5572'.
  created $dff cell `$procdff$17839' with positive edge clock.
Creating register for signal `$paramod\wire_order_book\NUM_SETS=s32'00000000000000000000001000000000.$memwr$\order_valid_q$rtl/common/wire_order_book.sv:318$4518_EN' using process `$paramod\wire_order_book\NUM_SETS=s32'00000000000000000000001000000000.$proc$rtl/common/wire_order_book.sv:302$5572'.
  created $dff cell `$procdff$17840' with positive edge clock.
Creating register for signal `$paramod\wire_order_book\NUM_SETS=s32'00000000000000000000001000000000.$memwr$\order_valid_q$rtl/common/wire_order_book.sv:318$4519_EN' using process `$paramod\wire_order_book\NUM_SETS=s32'00000000000000000000001000000000.$proc$rtl/common/wire_order_book.sv:302$5572'.
  created $dff cell `$procdff$17841' with positive edge clock.
Creating register for signal `$paramod\wire_order_book\NUM_SETS=s32'00000000000000000000001000000000.$memwr$\order_valid_q$rtl/common/wire_order_book.sv:318$4520_EN' using process `$paramod\wire_order_book\NUM_SETS=s32'00000000000000000000001000000000.$proc$rtl/common/wire_order_book.sv:302$5572'.
  created $dff cell `$procdff$17842' with positive edge clock.
Creating register for signal `$paramod\wire_order_book\NUM_SETS=s32'00000000000000000000001000000000.$memwr$\order_valid_q$rtl/common/wire_order_book.sv:318$4521_EN' using process `$paramod\wire_order_book\NUM_SETS=s32'00000000000000000000001000000000.$proc$rtl/common/wire_order_book.sv:302$5572'.
  created $dff cell `$procdff$17843' with positive edge clock.
Creating register for signal `$paramod\wire_order_book\NUM_SETS=s32'00000000000000000000001000000000.$memwr$\order_valid_q$rtl/common/wire_order_book.sv:318$4522_EN' using process `$paramod\wire_order_book\NUM_SETS=s32'00000000000000000000001000000000.$proc$rtl/common/wire_order_book.sv:302$5572'.
  created $dff cell `$procdff$17844' with positive edge clock.
Creating register for signal `$paramod\wire_order_book\NUM_SETS=s32'00000000000000000000001000000000.$memwr$\order_valid_q$rtl/common/wire_order_book.sv:318$4523_EN' using process `$paramod\wire_order_book\NUM_SETS=s32'00000000000000000000001000000000.$proc$rtl/common/wire_order_book.sv:302$5572'.
  created $dff cell `$procdff$17845' with positive edge clock.
Creating register for signal `$paramod\wire_order_book\NUM_SETS=s32'00000000000000000000001000000000.$memwr$\order_valid_q$rtl/common/wire_order_book.sv:318$4524_EN' using process `$paramod\wire_order_book\NUM_SETS=s32'00000000000000000000001000000000.$proc$rtl/common/wire_order_book.sv:302$5572'.
  created $dff cell `$procdff$17846' with positive edge clock.
Creating register for signal `$paramod\wire_order_book\NUM_SETS=s32'00000000000000000000001000000000.$memwr$\order_valid_q$rtl/common/wire_order_book.sv:318$4525_EN' using process `$paramod\wire_order_book\NUM_SETS=s32'00000000000000000000001000000000.$proc$rtl/common/wire_order_book.sv:302$5572'.
  created $dff cell `$procdff$17847' with positive edge clock.
Creating register for signal `$paramod\wire_order_book\NUM_SETS=s32'00000000000000000000001000000000.$memwr$\order_valid_q$rtl/common/wire_order_book.sv:318$4526_EN' using process `$paramod\wire_order_book\NUM_SETS=s32'00000000000000000000001000000000.$proc$rtl/common/wire_order_book.sv:302$5572'.
  created $dff cell `$procdff$17848' with positive edge clock.
Creating register for signal `$paramod\wire_order_book\NUM_SETS=s32'00000000000000000000001000000000.$memwr$\order_valid_q$rtl/common/wire_order_book.sv:318$4527_EN' using process `$paramod\wire_order_book\NUM_SETS=s32'00000000000000000000001000000000.$proc$rtl/common/wire_order_book.sv:302$5572'.
  created $dff cell `$procdff$17849' with positive edge clock.
Creating register for signal `$paramod\wire_order_book\NUM_SETS=s32'00000000000000000000001000000000.$memwr$\order_valid_q$rtl/common/wire_order_book.sv:318$4528_EN' using process `$paramod\wire_order_book\NUM_SETS=s32'00000000000000000000001000000000.$proc$rtl/common/wire_order_book.sv:302$5572'.
  created $dff cell `$procdff$17850' with positive edge clock.
Creating register for signal `$paramod\wire_order_book\NUM_SETS=s32'00000000000000000000001000000000.$memwr$\order_valid_q$rtl/common/wire_order_book.sv:318$4529_EN' using process `$paramod\wire_order_book\NUM_SETS=s32'00000000000000000000001000000000.$proc$rtl/common/wire_order_book.sv:302$5572'.
  created $dff cell `$procdff$17851' with positive edge clock.
Creating register for signal `$paramod\wire_order_book\NUM_SETS=s32'00000000000000000000001000000000.$memwr$\order_valid_q$rtl/common/wire_order_book.sv:318$4530_EN' using process `$paramod\wire_order_book\NUM_SETS=s32'00000000000000000000001000000000.$proc$rtl/common/wire_order_book.sv:302$5572'.
  created $dff cell `$procdff$17852' with positive edge clock.
Creating register for signal `$paramod\wire_order_book\NUM_SETS=s32'00000000000000000000001000000000.$memwr$\order_valid_q$rtl/common/wire_order_book.sv:318$4531_EN' using process `$paramod\wire_order_book\NUM_SETS=s32'00000000000000000000001000000000.$proc$rtl/common/wire_order_book.sv:302$5572'.
  created $dff cell `$procdff$17853' with positive edge clock.
Creating register for signal `$paramod\wire_order_book\NUM_SETS=s32'00000000000000000000001000000000.$memwr$\order_valid_q$rtl/common/wire_order_book.sv:318$4532_EN' using process `$paramod\wire_order_book\NUM_SETS=s32'00000000000000000000001000000000.$proc$rtl/common/wire_order_book.sv:302$5572'.
  created $dff cell `$procdff$17854' with positive edge clock.
Creating register for signal `$paramod\wire_order_book\NUM_SETS=s32'00000000000000000000001000000000.$memwr$\order_valid_q$rtl/common/wire_order_book.sv:318$4533_EN' using process `$paramod\wire_order_book\NUM_SETS=s32'00000000000000000000001000000000.$proc$rtl/common/wire_order_book.sv:302$5572'.
  created $dff cell `$procdff$17855' with positive edge clock.
Creating register for signal `$paramod\wire_order_book\NUM_SETS=s32'00000000000000000000001000000000.$memwr$\order_valid_q$rtl/common/wire_order_book.sv:318$4534_EN' using process `$paramod\wire_order_book\NUM_SETS=s32'00000000000000000000001000000000.$proc$rtl/common/wire_order_book.sv:302$5572'.
  created $dff cell `$procdff$17856' with positive edge clock.
Creating register for signal `$paramod\wire_order_book\NUM_SETS=s32'00000000000000000000001000000000.$memwr$\order_valid_q$rtl/common/wire_order_book.sv:318$4535_EN' using process `$paramod\wire_order_book\NUM_SETS=s32'00000000000000000000001000000000.$proc$rtl/common/wire_order_book.sv:302$5572'.
  created $dff cell `$procdff$17857' with positive edge clock.
Creating register for signal `$paramod\wire_order_book\NUM_SETS=s32'00000000000000000000001000000000.$memwr$\order_valid_q$rtl/common/wire_order_book.sv:318$4536_EN' using process `$paramod\wire_order_book\NUM_SETS=s32'00000000000000000000001000000000.$proc$rtl/common/wire_order_book.sv:302$5572'.
  created $dff cell `$procdff$17858' with positive edge clock.
Creating register for signal `$paramod\wire_order_book\NUM_SETS=s32'00000000000000000000001000000000.$memwr$\order_valid_q$rtl/common/wire_order_book.sv:318$4537_EN' using process `$paramod\wire_order_book\NUM_SETS=s32'00000000000000000000001000000000.$proc$rtl/common/wire_order_book.sv:302$5572'.
  created $dff cell `$procdff$17859' with positive edge clock.
Creating register for signal `$paramod\wire_order_book\NUM_SETS=s32'00000000000000000000001000000000.$memwr$\order_valid_q$rtl/common/wire_order_book.sv:318$4538_EN' using process `$paramod\wire_order_book\NUM_SETS=s32'00000000000000000000001000000000.$proc$rtl/common/wire_order_book.sv:302$5572'.
  created $dff cell `$procdff$17860' with positive edge clock.
Creating register for signal `$paramod\wire_order_book\NUM_SETS=s32'00000000000000000000001000000000.$memwr$\order_valid_q$rtl/common/wire_order_book.sv:318$4539_EN' using process `$paramod\wire_order_book\NUM_SETS=s32'00000000000000000000001000000000.$proc$rtl/common/wire_order_book.sv:302$5572'.
  created $dff cell `$procdff$17861' with positive edge clock.
Creating register for signal `$paramod\wire_order_book\NUM_SETS=s32'00000000000000000000001000000000.$memwr$\order_valid_q$rtl/common/wire_order_book.sv:318$4540_EN' using process `$paramod\wire_order_book\NUM_SETS=s32'00000000000000000000001000000000.$proc$rtl/common/wire_order_book.sv:302$5572'.
  created $dff cell `$procdff$17862' with positive edge clock.
Creating register for signal `$paramod\wire_order_book\NUM_SETS=s32'00000000000000000000001000000000.$memwr$\order_valid_q$rtl/common/wire_order_book.sv:318$4541_EN' using process `$paramod\wire_order_book\NUM_SETS=s32'00000000000000000000001000000000.$proc$rtl/common/wire_order_book.sv:302$5572'.
  created $dff cell `$procdff$17863' with positive edge clock.
Creating register for signal `$paramod\wire_order_book\NUM_SETS=s32'00000000000000000000001000000000.$memwr$\order_valid_q$rtl/common/wire_order_book.sv:318$4542_EN' using process `$paramod\wire_order_book\NUM_SETS=s32'00000000000000000000001000000000.$proc$rtl/common/wire_order_book.sv:302$5572'.
  created $dff cell `$procdff$17864' with positive edge clock.
Creating register for signal `$paramod\wire_order_book\NUM_SETS=s32'00000000000000000000001000000000.$memwr$\order_valid_q$rtl/common/wire_order_book.sv:318$4543_EN' using process `$paramod\wire_order_book\NUM_SETS=s32'00000000000000000000001000000000.$proc$rtl/common/wire_order_book.sv:302$5572'.
  created $dff cell `$procdff$17865' with positive edge clock.
Creating register for signal `$paramod\wire_order_book\NUM_SETS=s32'00000000000000000000001000000000.$memwr$\order_valid_q$rtl/common/wire_order_book.sv:318$4544_EN' using process `$paramod\wire_order_book\NUM_SETS=s32'00000000000000000000001000000000.$proc$rtl/common/wire_order_book.sv:302$5572'.
  created $dff cell `$procdff$17866' with positive edge clock.
Creating register for signal `$paramod\wire_order_book\NUM_SETS=s32'00000000000000000000001000000000.$memwr$\order_valid_q$rtl/common/wire_order_book.sv:318$4545_EN' using process `$paramod\wire_order_book\NUM_SETS=s32'00000000000000000000001000000000.$proc$rtl/common/wire_order_book.sv:302$5572'.
  created $dff cell `$procdff$17867' with positive edge clock.
Creating register for signal `$paramod\wire_order_book\NUM_SETS=s32'00000000000000000000001000000000.$memwr$\order_valid_q$rtl/common/wire_order_book.sv:318$4546_EN' using process `$paramod\wire_order_book\NUM_SETS=s32'00000000000000000000001000000000.$proc$rtl/common/wire_order_book.sv:302$5572'.
  created $dff cell `$procdff$17868' with positive edge clock.
Creating register for signal `$paramod\wire_order_book\NUM_SETS=s32'00000000000000000000001000000000.$memwr$\order_valid_q$rtl/common/wire_order_book.sv:318$4547_EN' using process `$paramod\wire_order_book\NUM_SETS=s32'00000000000000000000001000000000.$proc$rtl/common/wire_order_book.sv:302$5572'.
  created $dff cell `$procdff$17869' with positive edge clock.
Creating register for signal `$paramod\wire_order_book\NUM_SETS=s32'00000000000000000000001000000000.$memwr$\order_valid_q$rtl/common/wire_order_book.sv:318$4548_EN' using process `$paramod\wire_order_book\NUM_SETS=s32'00000000000000000000001000000000.$proc$rtl/common/wire_order_book.sv:302$5572'.
  created $dff cell `$procdff$17870' with positive edge clock.
Creating register for signal `$paramod\wire_order_book\NUM_SETS=s32'00000000000000000000001000000000.$memwr$\order_valid_q$rtl/common/wire_order_book.sv:318$4549_EN' using process `$paramod\wire_order_book\NUM_SETS=s32'00000000000000000000001000000000.$proc$rtl/common/wire_order_book.sv:302$5572'.
  created $dff cell `$procdff$17871' with positive edge clock.
Creating register for signal `$paramod\wire_order_book\NUM_SETS=s32'00000000000000000000001000000000.$memwr$\order_valid_q$rtl/common/wire_order_book.sv:318$4550_EN' using process `$paramod\wire_order_book\NUM_SETS=s32'00000000000000000000001000000000.$proc$rtl/common/wire_order_book.sv:302$5572'.
  created $dff cell `$procdff$17872' with positive edge clock.
Creating register for signal `$paramod\wire_order_book\NUM_SETS=s32'00000000000000000000001000000000.$memwr$\order_valid_q$rtl/common/wire_order_book.sv:318$4551_EN' using process `$paramod\wire_order_book\NUM_SETS=s32'00000000000000000000001000000000.$proc$rtl/common/wire_order_book.sv:302$5572'.
  created $dff cell `$procdff$17873' with positive edge clock.
Creating register for signal `$paramod\wire_order_book\NUM_SETS=s32'00000000000000000000001000000000.$memwr$\order_valid_q$rtl/common/wire_order_book.sv:318$4552_EN' using process `$paramod\wire_order_book\NUM_SETS=s32'00000000000000000000001000000000.$proc$rtl/common/wire_order_book.sv:302$5572'.
  created $dff cell `$procdff$17874' with positive edge clock.
Creating register for signal `$paramod\wire_order_book\NUM_SETS=s32'00000000000000000000001000000000.$memwr$\order_valid_q$rtl/common/wire_order_book.sv:318$4553_EN' using process `$paramod\wire_order_book\NUM_SETS=s32'00000000000000000000001000000000.$proc$rtl/common/wire_order_book.sv:302$5572'.
  created $dff cell `$procdff$17875' with positive edge clock.
Creating register for signal `$paramod\wire_order_book\NUM_SETS=s32'00000000000000000000001000000000.$memwr$\order_valid_q$rtl/common/wire_order_book.sv:318$4554_EN' using process `$paramod\wire_order_book\NUM_SETS=s32'00000000000000000000001000000000.$proc$rtl/common/wire_order_book.sv:302$5572'.
  created $dff cell `$procdff$17876' with positive edge clock.
Creating register for signal `$paramod\wire_order_book\NUM_SETS=s32'00000000000000000000001000000000.$memwr$\order_valid_q$rtl/common/wire_order_book.sv:318$4555_EN' using process `$paramod\wire_order_book\NUM_SETS=s32'00000000000000000000001000000000.$proc$rtl/common/wire_order_book.sv:302$5572'.
  created $dff cell `$procdff$17877' with positive edge clock.
Creating register for signal `$paramod\wire_order_book\NUM_SETS=s32'00000000000000000000001000000000.$memwr$\order_valid_q$rtl/common/wire_order_book.sv:318$4556_EN' using process `$paramod\wire_order_book\NUM_SETS=s32'00000000000000000000001000000000.$proc$rtl/common/wire_order_book.sv:302$5572'.
  created $dff cell `$procdff$17878' with positive edge clock.
Creating register for signal `$paramod\wire_order_book\NUM_SETS=s32'00000000000000000000001000000000.$memwr$\order_valid_q$rtl/common/wire_order_book.sv:318$4557_EN' using process `$paramod\wire_order_book\NUM_SETS=s32'00000000000000000000001000000000.$proc$rtl/common/wire_order_book.sv:302$5572'.
  created $dff cell `$procdff$17879' with positive edge clock.
Creating register for signal `$paramod\wire_order_book\NUM_SETS=s32'00000000000000000000001000000000.$memwr$\order_valid_q$rtl/common/wire_order_book.sv:318$4558_EN' using process `$paramod\wire_order_book\NUM_SETS=s32'00000000000000000000001000000000.$proc$rtl/common/wire_order_book.sv:302$5572'.
  created $dff cell `$procdff$17880' with positive edge clock.
Creating register for signal `$paramod\wire_order_book\NUM_SETS=s32'00000000000000000000001000000000.$memwr$\order_valid_q$rtl/common/wire_order_book.sv:318$4559_EN' using process `$paramod\wire_order_book\NUM_SETS=s32'00000000000000000000001000000000.$proc$rtl/common/wire_order_book.sv:302$5572'.
  created $dff cell `$procdff$17881' with positive edge clock.
Creating register for signal `$paramod\wire_order_book\NUM_SETS=s32'00000000000000000000001000000000.$memwr$\order_valid_q$rtl/common/wire_order_book.sv:318$4560_EN' using process `$paramod\wire_order_book\NUM_SETS=s32'00000000000000000000001000000000.$proc$rtl/common/wire_order_book.sv:302$5572'.
  created $dff cell `$procdff$17882' with positive edge clock.
Creating register for signal `$paramod\wire_order_book\NUM_SETS=s32'00000000000000000000001000000000.$memwr$\order_valid_q$rtl/common/wire_order_book.sv:318$4561_EN' using process `$paramod\wire_order_book\NUM_SETS=s32'00000000000000000000001000000000.$proc$rtl/common/wire_order_book.sv:302$5572'.
  created $dff cell `$procdff$17883' with positive edge clock.
Creating register for signal `$paramod\wire_order_book\NUM_SETS=s32'00000000000000000000001000000000.$memwr$\order_valid_q$rtl/common/wire_order_book.sv:318$4562_EN' using process `$paramod\wire_order_book\NUM_SETS=s32'00000000000000000000001000000000.$proc$rtl/common/wire_order_book.sv:302$5572'.
  created $dff cell `$procdff$17884' with positive edge clock.
Creating register for signal `$paramod\wire_order_book\NUM_SETS=s32'00000000000000000000001000000000.$memwr$\order_valid_q$rtl/common/wire_order_book.sv:318$4563_EN' using process `$paramod\wire_order_book\NUM_SETS=s32'00000000000000000000001000000000.$proc$rtl/common/wire_order_book.sv:302$5572'.
  created $dff cell `$procdff$17885' with positive edge clock.
Creating register for signal `$paramod\wire_order_book\NUM_SETS=s32'00000000000000000000001000000000.$memwr$\order_valid_q$rtl/common/wire_order_book.sv:318$4564_EN' using process `$paramod\wire_order_book\NUM_SETS=s32'00000000000000000000001000000000.$proc$rtl/common/wire_order_book.sv:302$5572'.
  created $dff cell `$procdff$17886' with positive edge clock.
Creating register for signal `$paramod\wire_order_book\NUM_SETS=s32'00000000000000000000001000000000.$memwr$\order_valid_q$rtl/common/wire_order_book.sv:318$4565_EN' using process `$paramod\wire_order_book\NUM_SETS=s32'00000000000000000000001000000000.$proc$rtl/common/wire_order_book.sv:302$5572'.
  created $dff cell `$procdff$17887' with positive edge clock.
Creating register for signal `$paramod\wire_order_book\NUM_SETS=s32'00000000000000000000001000000000.$memwr$\order_valid_q$rtl/common/wire_order_book.sv:318$4566_EN' using process `$paramod\wire_order_book\NUM_SETS=s32'00000000000000000000001000000000.$proc$rtl/common/wire_order_book.sv:302$5572'.
  created $dff cell `$procdff$17888' with positive edge clock.
Creating register for signal `$paramod\wire_order_book\NUM_SETS=s32'00000000000000000000001000000000.$memwr$\order_valid_q$rtl/common/wire_order_book.sv:318$4567_EN' using process `$paramod\wire_order_book\NUM_SETS=s32'00000000000000000000001000000000.$proc$rtl/common/wire_order_book.sv:302$5572'.
  created $dff cell `$procdff$17889' with positive edge clock.
Creating register for signal `$paramod\wire_order_book\NUM_SETS=s32'00000000000000000000001000000000.$memwr$\order_valid_q$rtl/common/wire_order_book.sv:318$4568_EN' using process `$paramod\wire_order_book\NUM_SETS=s32'00000000000000000000001000000000.$proc$rtl/common/wire_order_book.sv:302$5572'.
  created $dff cell `$procdff$17890' with positive edge clock.
Creating register for signal `$paramod\wire_order_book\NUM_SETS=s32'00000000000000000000001000000000.$memwr$\order_valid_q$rtl/common/wire_order_book.sv:318$4569_EN' using process `$paramod\wire_order_book\NUM_SETS=s32'00000000000000000000001000000000.$proc$rtl/common/wire_order_book.sv:302$5572'.
  created $dff cell `$procdff$17891' with positive edge clock.
Creating register for signal `$paramod\wire_order_book\NUM_SETS=s32'00000000000000000000001000000000.$memwr$\order_valid_q$rtl/common/wire_order_book.sv:318$4570_EN' using process `$paramod\wire_order_book\NUM_SETS=s32'00000000000000000000001000000000.$proc$rtl/common/wire_order_book.sv:302$5572'.
  created $dff cell `$procdff$17892' with positive edge clock.
Creating register for signal `$paramod\wire_order_book\NUM_SETS=s32'00000000000000000000001000000000.$memwr$\order_valid_q$rtl/common/wire_order_book.sv:318$4571_EN' using process `$paramod\wire_order_book\NUM_SETS=s32'00000000000000000000001000000000.$proc$rtl/common/wire_order_book.sv:302$5572'.
  created $dff cell `$procdff$17893' with positive edge clock.
Creating register for signal `$paramod\wire_order_book\NUM_SETS=s32'00000000000000000000001000000000.$memwr$\order_valid_q$rtl/common/wire_order_book.sv:318$4572_EN' using process `$paramod\wire_order_book\NUM_SETS=s32'00000000000000000000001000000000.$proc$rtl/common/wire_order_book.sv:302$5572'.
  created $dff cell `$procdff$17894' with positive edge clock.
Creating register for signal `$paramod\wire_order_book\NUM_SETS=s32'00000000000000000000001000000000.$memwr$\order_valid_q$rtl/common/wire_order_book.sv:318$4573_EN' using process `$paramod\wire_order_book\NUM_SETS=s32'00000000000000000000001000000000.$proc$rtl/common/wire_order_book.sv:302$5572'.
  created $dff cell `$procdff$17895' with positive edge clock.
Creating register for signal `$paramod\wire_order_book\NUM_SETS=s32'00000000000000000000001000000000.$memwr$\order_valid_q$rtl/common/wire_order_book.sv:318$4574_EN' using process `$paramod\wire_order_book\NUM_SETS=s32'00000000000000000000001000000000.$proc$rtl/common/wire_order_book.sv:302$5572'.
  created $dff cell `$procdff$17896' with positive edge clock.
Creating register for signal `$paramod\wire_order_book\NUM_SETS=s32'00000000000000000000001000000000.$memwr$\order_valid_q$rtl/common/wire_order_book.sv:318$4575_EN' using process `$paramod\wire_order_book\NUM_SETS=s32'00000000000000000000001000000000.$proc$rtl/common/wire_order_book.sv:302$5572'.
  created $dff cell `$procdff$17897' with positive edge clock.
Creating register for signal `$paramod\wire_order_book\NUM_SETS=s32'00000000000000000000001000000000.$memwr$\order_valid_q$rtl/common/wire_order_book.sv:318$4576_EN' using process `$paramod\wire_order_book\NUM_SETS=s32'00000000000000000000001000000000.$proc$rtl/common/wire_order_book.sv:302$5572'.
  created $dff cell `$procdff$17898' with positive edge clock.
Creating register for signal `$paramod\wire_order_book\NUM_SETS=s32'00000000000000000000001000000000.$memwr$\order_valid_q$rtl/common/wire_order_book.sv:318$4577_EN' using process `$paramod\wire_order_book\NUM_SETS=s32'00000000000000000000001000000000.$proc$rtl/common/wire_order_book.sv:302$5572'.
  created $dff cell `$procdff$17899' with positive edge clock.
Creating register for signal `$paramod\wire_order_book\NUM_SETS=s32'00000000000000000000001000000000.$memwr$\order_valid_q$rtl/common/wire_order_book.sv:318$4578_EN' using process `$paramod\wire_order_book\NUM_SETS=s32'00000000000000000000001000000000.$proc$rtl/common/wire_order_book.sv:302$5572'.
  created $dff cell `$procdff$17900' with positive edge clock.
Creating register for signal `$paramod\wire_order_book\NUM_SETS=s32'00000000000000000000001000000000.$memwr$\order_valid_q$rtl/common/wire_order_book.sv:318$4579_EN' using process `$paramod\wire_order_book\NUM_SETS=s32'00000000000000000000001000000000.$proc$rtl/common/wire_order_book.sv:302$5572'.
  created $dff cell `$procdff$17901' with positive edge clock.
Creating register for signal `$paramod\wire_order_book\NUM_SETS=s32'00000000000000000000001000000000.$memwr$\order_valid_q$rtl/common/wire_order_book.sv:318$4580_EN' using process `$paramod\wire_order_book\NUM_SETS=s32'00000000000000000000001000000000.$proc$rtl/common/wire_order_book.sv:302$5572'.
  created $dff cell `$procdff$17902' with positive edge clock.
Creating register for signal `$paramod\wire_order_book\NUM_SETS=s32'00000000000000000000001000000000.$memwr$\order_valid_q$rtl/common/wire_order_book.sv:318$4581_EN' using process `$paramod\wire_order_book\NUM_SETS=s32'00000000000000000000001000000000.$proc$rtl/common/wire_order_book.sv:302$5572'.
  created $dff cell `$procdff$17903' with positive edge clock.
Creating register for signal `$paramod\wire_order_book\NUM_SETS=s32'00000000000000000000001000000000.$memwr$\order_valid_q$rtl/common/wire_order_book.sv:318$4582_EN' using process `$paramod\wire_order_book\NUM_SETS=s32'00000000000000000000001000000000.$proc$rtl/common/wire_order_book.sv:302$5572'.
  created $dff cell `$procdff$17904' with positive edge clock.
Creating register for signal `$paramod\wire_order_book\NUM_SETS=s32'00000000000000000000001000000000.$memwr$\order_valid_q$rtl/common/wire_order_book.sv:318$4583_EN' using process `$paramod\wire_order_book\NUM_SETS=s32'00000000000000000000001000000000.$proc$rtl/common/wire_order_book.sv:302$5572'.
  created $dff cell `$procdff$17905' with positive edge clock.
Creating register for signal `$paramod\wire_order_book\NUM_SETS=s32'00000000000000000000001000000000.$memwr$\order_valid_q$rtl/common/wire_order_book.sv:318$4584_EN' using process `$paramod\wire_order_book\NUM_SETS=s32'00000000000000000000001000000000.$proc$rtl/common/wire_order_book.sv:302$5572'.
  created $dff cell `$procdff$17906' with positive edge clock.
Creating register for signal `$paramod\wire_order_book\NUM_SETS=s32'00000000000000000000001000000000.$memwr$\order_valid_q$rtl/common/wire_order_book.sv:318$4585_EN' using process `$paramod\wire_order_book\NUM_SETS=s32'00000000000000000000001000000000.$proc$rtl/common/wire_order_book.sv:302$5572'.
  created $dff cell `$procdff$17907' with positive edge clock.
Creating register for signal `$paramod\wire_order_book\NUM_SETS=s32'00000000000000000000001000000000.$memwr$\order_valid_q$rtl/common/wire_order_book.sv:318$4586_EN' using process `$paramod\wire_order_book\NUM_SETS=s32'00000000000000000000001000000000.$proc$rtl/common/wire_order_book.sv:302$5572'.
  created $dff cell `$procdff$17908' with positive edge clock.
Creating register for signal `$paramod\wire_order_book\NUM_SETS=s32'00000000000000000000001000000000.$memwr$\order_valid_q$rtl/common/wire_order_book.sv:318$4587_EN' using process `$paramod\wire_order_book\NUM_SETS=s32'00000000000000000000001000000000.$proc$rtl/common/wire_order_book.sv:302$5572'.
  created $dff cell `$procdff$17909' with positive edge clock.
Creating register for signal `$paramod\wire_order_book\NUM_SETS=s32'00000000000000000000001000000000.$memwr$\order_valid_q$rtl/common/wire_order_book.sv:318$4588_EN' using process `$paramod\wire_order_book\NUM_SETS=s32'00000000000000000000001000000000.$proc$rtl/common/wire_order_book.sv:302$5572'.
  created $dff cell `$procdff$17910' with positive edge clock.
Creating register for signal `$paramod\wire_order_book\NUM_SETS=s32'00000000000000000000001000000000.$memwr$\order_valid_q$rtl/common/wire_order_book.sv:318$4589_EN' using process `$paramod\wire_order_book\NUM_SETS=s32'00000000000000000000001000000000.$proc$rtl/common/wire_order_book.sv:302$5572'.
  created $dff cell `$procdff$17911' with positive edge clock.
Creating register for signal `$paramod\wire_order_book\NUM_SETS=s32'00000000000000000000001000000000.$memwr$\order_valid_q$rtl/common/wire_order_book.sv:318$4590_EN' using process `$paramod\wire_order_book\NUM_SETS=s32'00000000000000000000001000000000.$proc$rtl/common/wire_order_book.sv:302$5572'.
  created $dff cell `$procdff$17912' with positive edge clock.
Creating register for signal `$paramod\wire_order_book\NUM_SETS=s32'00000000000000000000001000000000.$memwr$\order_valid_q$rtl/common/wire_order_book.sv:318$4591_EN' using process `$paramod\wire_order_book\NUM_SETS=s32'00000000000000000000001000000000.$proc$rtl/common/wire_order_book.sv:302$5572'.
  created $dff cell `$procdff$17913' with positive edge clock.
Creating register for signal `$paramod\wire_order_book\NUM_SETS=s32'00000000000000000000001000000000.$memwr$\order_valid_q$rtl/common/wire_order_book.sv:318$4592_EN' using process `$paramod\wire_order_book\NUM_SETS=s32'00000000000000000000001000000000.$proc$rtl/common/wire_order_book.sv:302$5572'.
  created $dff cell `$procdff$17914' with positive edge clock.
Creating register for signal `$paramod\wire_order_book\NUM_SETS=s32'00000000000000000000001000000000.$memwr$\order_valid_q$rtl/common/wire_order_book.sv:318$4593_EN' using process `$paramod\wire_order_book\NUM_SETS=s32'00000000000000000000001000000000.$proc$rtl/common/wire_order_book.sv:302$5572'.
  created $dff cell `$procdff$17915' with positive edge clock.
Creating register for signal `$paramod\wire_order_book\NUM_SETS=s32'00000000000000000000001000000000.$memwr$\order_valid_q$rtl/common/wire_order_book.sv:318$4594_EN' using process `$paramod\wire_order_book\NUM_SETS=s32'00000000000000000000001000000000.$proc$rtl/common/wire_order_book.sv:302$5572'.
  created $dff cell `$procdff$17916' with positive edge clock.
Creating register for signal `$paramod\wire_order_book\NUM_SETS=s32'00000000000000000000001000000000.$memwr$\order_valid_q$rtl/common/wire_order_book.sv:318$4595_EN' using process `$paramod\wire_order_book\NUM_SETS=s32'00000000000000000000001000000000.$proc$rtl/common/wire_order_book.sv:302$5572'.
  created $dff cell `$procdff$17917' with positive edge clock.
Creating register for signal `$paramod\wire_order_book\NUM_SETS=s32'00000000000000000000001000000000.$memwr$\order_valid_q$rtl/common/wire_order_book.sv:318$4596_EN' using process `$paramod\wire_order_book\NUM_SETS=s32'00000000000000000000001000000000.$proc$rtl/common/wire_order_book.sv:302$5572'.
  created $dff cell `$procdff$17918' with positive edge clock.
Creating register for signal `$paramod\wire_order_book\NUM_SETS=s32'00000000000000000000001000000000.$memwr$\order_valid_q$rtl/common/wire_order_book.sv:318$4597_EN' using process `$paramod\wire_order_book\NUM_SETS=s32'00000000000000000000001000000000.$proc$rtl/common/wire_order_book.sv:302$5572'.
  created $dff cell `$procdff$17919' with positive edge clock.
Creating register for signal `$paramod\wire_order_book\NUM_SETS=s32'00000000000000000000001000000000.$memwr$\order_valid_q$rtl/common/wire_order_book.sv:318$4598_EN' using process `$paramod\wire_order_book\NUM_SETS=s32'00000000000000000000001000000000.$proc$rtl/common/wire_order_book.sv:302$5572'.
  created $dff cell `$procdff$17920' with positive edge clock.
Creating register for signal `$paramod\wire_order_book\NUM_SETS=s32'00000000000000000000001000000000.$memwr$\order_valid_q$rtl/common/wire_order_book.sv:318$4599_EN' using process `$paramod\wire_order_book\NUM_SETS=s32'00000000000000000000001000000000.$proc$rtl/common/wire_order_book.sv:302$5572'.
  created $dff cell `$procdff$17921' with positive edge clock.
Creating register for signal `$paramod\wire_order_book\NUM_SETS=s32'00000000000000000000001000000000.$memwr$\order_valid_q$rtl/common/wire_order_book.sv:318$4600_EN' using process `$paramod\wire_order_book\NUM_SETS=s32'00000000000000000000001000000000.$proc$rtl/common/wire_order_book.sv:302$5572'.
  created $dff cell `$procdff$17922' with positive edge clock.
Creating register for signal `$paramod\wire_order_book\NUM_SETS=s32'00000000000000000000001000000000.$memwr$\order_valid_q$rtl/common/wire_order_book.sv:318$4601_EN' using process `$paramod\wire_order_book\NUM_SETS=s32'00000000000000000000001000000000.$proc$rtl/common/wire_order_book.sv:302$5572'.
  created $dff cell `$procdff$17923' with positive edge clock.
Creating register for signal `$paramod\wire_order_book\NUM_SETS=s32'00000000000000000000001000000000.$memwr$\order_valid_q$rtl/common/wire_order_book.sv:318$4602_EN' using process `$paramod\wire_order_book\NUM_SETS=s32'00000000000000000000001000000000.$proc$rtl/common/wire_order_book.sv:302$5572'.
  created $dff cell `$procdff$17924' with positive edge clock.
Creating register for signal `$paramod\wire_order_book\NUM_SETS=s32'00000000000000000000001000000000.$memwr$\order_valid_q$rtl/common/wire_order_book.sv:318$4603_EN' using process `$paramod\wire_order_book\NUM_SETS=s32'00000000000000000000001000000000.$proc$rtl/common/wire_order_book.sv:302$5572'.
  created $dff cell `$procdff$17925' with positive edge clock.
Creating register for signal `$paramod\wire_order_book\NUM_SETS=s32'00000000000000000000001000000000.$memwr$\order_valid_q$rtl/common/wire_order_book.sv:318$4604_EN' using process `$paramod\wire_order_book\NUM_SETS=s32'00000000000000000000001000000000.$proc$rtl/common/wire_order_book.sv:302$5572'.
  created $dff cell `$procdff$17926' with positive edge clock.
Creating register for signal `$paramod\wire_order_book\NUM_SETS=s32'00000000000000000000001000000000.$memwr$\order_valid_q$rtl/common/wire_order_book.sv:318$4605_EN' using process `$paramod\wire_order_book\NUM_SETS=s32'00000000000000000000001000000000.$proc$rtl/common/wire_order_book.sv:302$5572'.
  created $dff cell `$procdff$17927' with positive edge clock.
Creating register for signal `$paramod\wire_order_book\NUM_SETS=s32'00000000000000000000001000000000.$memwr$\order_valid_q$rtl/common/wire_order_book.sv:318$4606_EN' using process `$paramod\wire_order_book\NUM_SETS=s32'00000000000000000000001000000000.$proc$rtl/common/wire_order_book.sv:302$5572'.
  created $dff cell `$procdff$17928' with positive edge clock.
Creating register for signal `$paramod\wire_order_book\NUM_SETS=s32'00000000000000000000001000000000.$memwr$\order_valid_q$rtl/common/wire_order_book.sv:318$4607_EN' using process `$paramod\wire_order_book\NUM_SETS=s32'00000000000000000000001000000000.$proc$rtl/common/wire_order_book.sv:302$5572'.
  created $dff cell `$procdff$17929' with positive edge clock.
Creating register for signal `$paramod\wire_order_book\NUM_SETS=s32'00000000000000000000001000000000.$memwr$\order_valid_q$rtl/common/wire_order_book.sv:318$4608_EN' using process `$paramod\wire_order_book\NUM_SETS=s32'00000000000000000000001000000000.$proc$rtl/common/wire_order_book.sv:302$5572'.
  created $dff cell `$procdff$17930' with positive edge clock.
Creating register for signal `$paramod\wire_order_book\NUM_SETS=s32'00000000000000000000001000000000.$memwr$\order_valid_q$rtl/common/wire_order_book.sv:318$4609_EN' using process `$paramod\wire_order_book\NUM_SETS=s32'00000000000000000000001000000000.$proc$rtl/common/wire_order_book.sv:302$5572'.
  created $dff cell `$procdff$17931' with positive edge clock.
Creating register for signal `$paramod\wire_order_book\NUM_SETS=s32'00000000000000000000001000000000.$memwr$\order_valid_q$rtl/common/wire_order_book.sv:318$4610_EN' using process `$paramod\wire_order_book\NUM_SETS=s32'00000000000000000000001000000000.$proc$rtl/common/wire_order_book.sv:302$5572'.
  created $dff cell `$procdff$17932' with positive edge clock.
Creating register for signal `$paramod\wire_order_book\NUM_SETS=s32'00000000000000000000001000000000.$memwr$\order_valid_q$rtl/common/wire_order_book.sv:318$4611_EN' using process `$paramod\wire_order_book\NUM_SETS=s32'00000000000000000000001000000000.$proc$rtl/common/wire_order_book.sv:302$5572'.
  created $dff cell `$procdff$17933' with positive edge clock.
Creating register for signal `$paramod\wire_order_book\NUM_SETS=s32'00000000000000000000001000000000.$memwr$\order_valid_q$rtl/common/wire_order_book.sv:318$4612_EN' using process `$paramod\wire_order_book\NUM_SETS=s32'00000000000000000000001000000000.$proc$rtl/common/wire_order_book.sv:302$5572'.
  created $dff cell `$procdff$17934' with positive edge clock.
Creating register for signal `$paramod\wire_order_book\NUM_SETS=s32'00000000000000000000001000000000.$memwr$\order_valid_q$rtl/common/wire_order_book.sv:318$4613_EN' using process `$paramod\wire_order_book\NUM_SETS=s32'00000000000000000000001000000000.$proc$rtl/common/wire_order_book.sv:302$5572'.
  created $dff cell `$procdff$17935' with positive edge clock.
Creating register for signal `$paramod\wire_order_book\NUM_SETS=s32'00000000000000000000001000000000.$memwr$\order_valid_q$rtl/common/wire_order_book.sv:318$4614_EN' using process `$paramod\wire_order_book\NUM_SETS=s32'00000000000000000000001000000000.$proc$rtl/common/wire_order_book.sv:302$5572'.
  created $dff cell `$procdff$17936' with positive edge clock.
Creating register for signal `$paramod\wire_order_book\NUM_SETS=s32'00000000000000000000001000000000.$memwr$\order_valid_q$rtl/common/wire_order_book.sv:318$4615_EN' using process `$paramod\wire_order_book\NUM_SETS=s32'00000000000000000000001000000000.$proc$rtl/common/wire_order_book.sv:302$5572'.
  created $dff cell `$procdff$17937' with positive edge clock.
Creating register for signal `$paramod\wire_order_book\NUM_SETS=s32'00000000000000000000001000000000.$memwr$\order_valid_q$rtl/common/wire_order_book.sv:318$4616_EN' using process `$paramod\wire_order_book\NUM_SETS=s32'00000000000000000000001000000000.$proc$rtl/common/wire_order_book.sv:302$5572'.
  created $dff cell `$procdff$17938' with positive edge clock.
Creating register for signal `$paramod\wire_order_book\NUM_SETS=s32'00000000000000000000001000000000.$memwr$\order_valid_q$rtl/common/wire_order_book.sv:318$4617_EN' using process `$paramod\wire_order_book\NUM_SETS=s32'00000000000000000000001000000000.$proc$rtl/common/wire_order_book.sv:302$5572'.
  created $dff cell `$procdff$17939' with positive edge clock.
Creating register for signal `$paramod\wire_order_book\NUM_SETS=s32'00000000000000000000001000000000.$memwr$\order_valid_q$rtl/common/wire_order_book.sv:318$4618_EN' using process `$paramod\wire_order_book\NUM_SETS=s32'00000000000000000000001000000000.$proc$rtl/common/wire_order_book.sv:302$5572'.
  created $dff cell `$procdff$17940' with positive edge clock.
Creating register for signal `$paramod\wire_order_book\NUM_SETS=s32'00000000000000000000001000000000.$memwr$\order_valid_q$rtl/common/wire_order_book.sv:318$4619_EN' using process `$paramod\wire_order_book\NUM_SETS=s32'00000000000000000000001000000000.$proc$rtl/common/wire_order_book.sv:302$5572'.
  created $dff cell `$procdff$17941' with positive edge clock.
Creating register for signal `$paramod\wire_order_book\NUM_SETS=s32'00000000000000000000001000000000.$memwr$\order_valid_q$rtl/common/wire_order_book.sv:318$4620_EN' using process `$paramod\wire_order_book\NUM_SETS=s32'00000000000000000000001000000000.$proc$rtl/common/wire_order_book.sv:302$5572'.
  created $dff cell `$procdff$17942' with positive edge clock.
Creating register for signal `$paramod\wire_order_book\NUM_SETS=s32'00000000000000000000001000000000.$memwr$\order_valid_q$rtl/common/wire_order_book.sv:318$4621_EN' using process `$paramod\wire_order_book\NUM_SETS=s32'00000000000000000000001000000000.$proc$rtl/common/wire_order_book.sv:302$5572'.
  created $dff cell `$procdff$17943' with positive edge clock.
Creating register for signal `$paramod\wire_order_book\NUM_SETS=s32'00000000000000000000001000000000.$memwr$\order_valid_q$rtl/common/wire_order_book.sv:318$4622_EN' using process `$paramod\wire_order_book\NUM_SETS=s32'00000000000000000000001000000000.$proc$rtl/common/wire_order_book.sv:302$5572'.
  created $dff cell `$procdff$17944' with positive edge clock.
Creating register for signal `$paramod\wire_order_book\NUM_SETS=s32'00000000000000000000001000000000.$memwr$\order_valid_q$rtl/common/wire_order_book.sv:318$4623_EN' using process `$paramod\wire_order_book\NUM_SETS=s32'00000000000000000000001000000000.$proc$rtl/common/wire_order_book.sv:302$5572'.
  created $dff cell `$procdff$17945' with positive edge clock.
Creating register for signal `$paramod\wire_order_book\NUM_SETS=s32'00000000000000000000001000000000.$memwr$\order_valid_q$rtl/common/wire_order_book.sv:318$4624_EN' using process `$paramod\wire_order_book\NUM_SETS=s32'00000000000000000000001000000000.$proc$rtl/common/wire_order_book.sv:302$5572'.
  created $dff cell `$procdff$17946' with positive edge clock.
Creating register for signal `$paramod\wire_order_book\NUM_SETS=s32'00000000000000000000001000000000.$memwr$\order_valid_q$rtl/common/wire_order_book.sv:318$4625_EN' using process `$paramod\wire_order_book\NUM_SETS=s32'00000000000000000000001000000000.$proc$rtl/common/wire_order_book.sv:302$5572'.
  created $dff cell `$procdff$17947' with positive edge clock.
Creating register for signal `$paramod\wire_order_book\NUM_SETS=s32'00000000000000000000001000000000.$memwr$\order_valid_q$rtl/common/wire_order_book.sv:318$4626_EN' using process `$paramod\wire_order_book\NUM_SETS=s32'00000000000000000000001000000000.$proc$rtl/common/wire_order_book.sv:302$5572'.
  created $dff cell `$procdff$17948' with positive edge clock.
Creating register for signal `$paramod\wire_order_book\NUM_SETS=s32'00000000000000000000001000000000.$memwr$\order_valid_q$rtl/common/wire_order_book.sv:318$4627_EN' using process `$paramod\wire_order_book\NUM_SETS=s32'00000000000000000000001000000000.$proc$rtl/common/wire_order_book.sv:302$5572'.
  created $dff cell `$procdff$17949' with positive edge clock.
Creating register for signal `$paramod\wire_order_book\NUM_SETS=s32'00000000000000000000001000000000.$memwr$\order_valid_q$rtl/common/wire_order_book.sv:318$4628_EN' using process `$paramod\wire_order_book\NUM_SETS=s32'00000000000000000000001000000000.$proc$rtl/common/wire_order_book.sv:302$5572'.
  created $dff cell `$procdff$17950' with positive edge clock.
Creating register for signal `$paramod\wire_order_book\NUM_SETS=s32'00000000000000000000001000000000.$memwr$\order_valid_q$rtl/common/wire_order_book.sv:318$4629_EN' using process `$paramod\wire_order_book\NUM_SETS=s32'00000000000000000000001000000000.$proc$rtl/common/wire_order_book.sv:302$5572'.
  created $dff cell `$procdff$17951' with positive edge clock.
Creating register for signal `$paramod\wire_order_book\NUM_SETS=s32'00000000000000000000001000000000.$memwr$\order_valid_q$rtl/common/wire_order_book.sv:318$4630_EN' using process `$paramod\wire_order_book\NUM_SETS=s32'00000000000000000000001000000000.$proc$rtl/common/wire_order_book.sv:302$5572'.
  created $dff cell `$procdff$17952' with positive edge clock.
Creating register for signal `$paramod\wire_order_book\NUM_SETS=s32'00000000000000000000001000000000.$memwr$\order_valid_q$rtl/common/wire_order_book.sv:318$4631_EN' using process `$paramod\wire_order_book\NUM_SETS=s32'00000000000000000000001000000000.$proc$rtl/common/wire_order_book.sv:302$5572'.
  created $dff cell `$procdff$17953' with positive edge clock.
Creating register for signal `$paramod\wire_order_book\NUM_SETS=s32'00000000000000000000001000000000.$memwr$\order_valid_q$rtl/common/wire_order_book.sv:318$4632_EN' using process `$paramod\wire_order_book\NUM_SETS=s32'00000000000000000000001000000000.$proc$rtl/common/wire_order_book.sv:302$5572'.
  created $dff cell `$procdff$17954' with positive edge clock.
Creating register for signal `$paramod\wire_order_book\NUM_SETS=s32'00000000000000000000001000000000.$memwr$\order_valid_q$rtl/common/wire_order_book.sv:318$4633_EN' using process `$paramod\wire_order_book\NUM_SETS=s32'00000000000000000000001000000000.$proc$rtl/common/wire_order_book.sv:302$5572'.
  created $dff cell `$procdff$17955' with positive edge clock.
Creating register for signal `$paramod\wire_order_book\NUM_SETS=s32'00000000000000000000001000000000.$memwr$\order_valid_q$rtl/common/wire_order_book.sv:318$4634_EN' using process `$paramod\wire_order_book\NUM_SETS=s32'00000000000000000000001000000000.$proc$rtl/common/wire_order_book.sv:302$5572'.
  created $dff cell `$procdff$17956' with positive edge clock.
Creating register for signal `$paramod\wire_order_book\NUM_SETS=s32'00000000000000000000001000000000.$memwr$\order_valid_q$rtl/common/wire_order_book.sv:318$4635_EN' using process `$paramod\wire_order_book\NUM_SETS=s32'00000000000000000000001000000000.$proc$rtl/common/wire_order_book.sv:302$5572'.
  created $dff cell `$procdff$17957' with positive edge clock.
Creating register for signal `$paramod\wire_order_book\NUM_SETS=s32'00000000000000000000001000000000.$memwr$\order_valid_q$rtl/common/wire_order_book.sv:318$4636_EN' using process `$paramod\wire_order_book\NUM_SETS=s32'00000000000000000000001000000000.$proc$rtl/common/wire_order_book.sv:302$5572'.
  created $dff cell `$procdff$17958' with positive edge clock.
Creating register for signal `$paramod\wire_order_book\NUM_SETS=s32'00000000000000000000001000000000.$memwr$\order_valid_q$rtl/common/wire_order_book.sv:318$4637_EN' using process `$paramod\wire_order_book\NUM_SETS=s32'00000000000000000000001000000000.$proc$rtl/common/wire_order_book.sv:302$5572'.
  created $dff cell `$procdff$17959' with positive edge clock.
Creating register for signal `$paramod\wire_order_book\NUM_SETS=s32'00000000000000000000001000000000.$memwr$\order_valid_q$rtl/common/wire_order_book.sv:318$4638_EN' using process `$paramod\wire_order_book\NUM_SETS=s32'00000000000000000000001000000000.$proc$rtl/common/wire_order_book.sv:302$5572'.
  created $dff cell `$procdff$17960' with positive edge clock.
Creating register for signal `$paramod\wire_order_book\NUM_SETS=s32'00000000000000000000001000000000.$memwr$\order_valid_q$rtl/common/wire_order_book.sv:318$4639_EN' using process `$paramod\wire_order_book\NUM_SETS=s32'00000000000000000000001000000000.$proc$rtl/common/wire_order_book.sv:302$5572'.
  created $dff cell `$procdff$17961' with positive edge clock.
Creating register for signal `$paramod\wire_order_book\NUM_SETS=s32'00000000000000000000001000000000.$memwr$\order_valid_q$rtl/common/wire_order_book.sv:318$4640_EN' using process `$paramod\wire_order_book\NUM_SETS=s32'00000000000000000000001000000000.$proc$rtl/common/wire_order_book.sv:302$5572'.
  created $dff cell `$procdff$17962' with positive edge clock.
Creating register for signal `$paramod\wire_order_book\NUM_SETS=s32'00000000000000000000001000000000.$memwr$\order_valid_q$rtl/common/wire_order_book.sv:318$4641_EN' using process `$paramod\wire_order_book\NUM_SETS=s32'00000000000000000000001000000000.$proc$rtl/common/wire_order_book.sv:302$5572'.
  created $dff cell `$procdff$17963' with positive edge clock.
Creating register for signal `$paramod\wire_order_book\NUM_SETS=s32'00000000000000000000001000000000.$memwr$\order_valid_q$rtl/common/wire_order_book.sv:318$4642_EN' using process `$paramod\wire_order_book\NUM_SETS=s32'00000000000000000000001000000000.$proc$rtl/common/wire_order_book.sv:302$5572'.
  created $dff cell `$procdff$17964' with positive edge clock.
Creating register for signal `$paramod\wire_order_book\NUM_SETS=s32'00000000000000000000001000000000.$memwr$\order_valid_q$rtl/common/wire_order_book.sv:318$4643_EN' using process `$paramod\wire_order_book\NUM_SETS=s32'00000000000000000000001000000000.$proc$rtl/common/wire_order_book.sv:302$5572'.
  created $dff cell `$procdff$17965' with positive edge clock.
Creating register for signal `$paramod\wire_order_book\NUM_SETS=s32'00000000000000000000001000000000.$memwr$\order_valid_q$rtl/common/wire_order_book.sv:318$4644_EN' using process `$paramod\wire_order_book\NUM_SETS=s32'00000000000000000000001000000000.$proc$rtl/common/wire_order_book.sv:302$5572'.
  created $dff cell `$procdff$17966' with positive edge clock.
Creating register for signal `$paramod\wire_order_book\NUM_SETS=s32'00000000000000000000001000000000.$memwr$\order_valid_q$rtl/common/wire_order_book.sv:318$4645_EN' using process `$paramod\wire_order_book\NUM_SETS=s32'00000000000000000000001000000000.$proc$rtl/common/wire_order_book.sv:302$5572'.
  created $dff cell `$procdff$17967' with positive edge clock.
Creating register for signal `$paramod\wire_order_book\NUM_SETS=s32'00000000000000000000001000000000.$memwr$\order_valid_q$rtl/common/wire_order_book.sv:318$4646_EN' using process `$paramod\wire_order_book\NUM_SETS=s32'00000000000000000000001000000000.$proc$rtl/common/wire_order_book.sv:302$5572'.
  created $dff cell `$procdff$17968' with positive edge clock.
Creating register for signal `$paramod\wire_order_book\NUM_SETS=s32'00000000000000000000001000000000.$memwr$\order_valid_q$rtl/common/wire_order_book.sv:318$4647_EN' using process `$paramod\wire_order_book\NUM_SETS=s32'00000000000000000000001000000000.$proc$rtl/common/wire_order_book.sv:302$5572'.
  created $dff cell `$procdff$17969' with positive edge clock.
Creating register for signal `$paramod\wire_order_book\NUM_SETS=s32'00000000000000000000001000000000.$memwr$\order_valid_q$rtl/common/wire_order_book.sv:318$4648_EN' using process `$paramod\wire_order_book\NUM_SETS=s32'00000000000000000000001000000000.$proc$rtl/common/wire_order_book.sv:302$5572'.
  created $dff cell `$procdff$17970' with positive edge clock.
Creating register for signal `$paramod\wire_order_book\NUM_SETS=s32'00000000000000000000001000000000.$memwr$\order_valid_q$rtl/common/wire_order_book.sv:318$4649_EN' using process `$paramod\wire_order_book\NUM_SETS=s32'00000000000000000000001000000000.$proc$rtl/common/wire_order_book.sv:302$5572'.
  created $dff cell `$procdff$17971' with positive edge clock.
Creating register for signal `$paramod\wire_order_book\NUM_SETS=s32'00000000000000000000001000000000.$memwr$\order_valid_q$rtl/common/wire_order_book.sv:318$4650_EN' using process `$paramod\wire_order_book\NUM_SETS=s32'00000000000000000000001000000000.$proc$rtl/common/wire_order_book.sv:302$5572'.
  created $dff cell `$procdff$17972' with positive edge clock.
Creating register for signal `$paramod\wire_order_book\NUM_SETS=s32'00000000000000000000001000000000.$memwr$\order_valid_q$rtl/common/wire_order_book.sv:318$4651_EN' using process `$paramod\wire_order_book\NUM_SETS=s32'00000000000000000000001000000000.$proc$rtl/common/wire_order_book.sv:302$5572'.
  created $dff cell `$procdff$17973' with positive edge clock.
Creating register for signal `$paramod\wire_order_book\NUM_SETS=s32'00000000000000000000001000000000.$memwr$\order_valid_q$rtl/common/wire_order_book.sv:318$4652_EN' using process `$paramod\wire_order_book\NUM_SETS=s32'00000000000000000000001000000000.$proc$rtl/common/wire_order_book.sv:302$5572'.
  created $dff cell `$procdff$17974' with positive edge clock.
Creating register for signal `$paramod\wire_order_book\NUM_SETS=s32'00000000000000000000001000000000.$memwr$\order_valid_q$rtl/common/wire_order_book.sv:318$4653_EN' using process `$paramod\wire_order_book\NUM_SETS=s32'00000000000000000000001000000000.$proc$rtl/common/wire_order_book.sv:302$5572'.
  created $dff cell `$procdff$17975' with positive edge clock.
Creating register for signal `$paramod\wire_order_book\NUM_SETS=s32'00000000000000000000001000000000.$memwr$\order_valid_q$rtl/common/wire_order_book.sv:318$4654_EN' using process `$paramod\wire_order_book\NUM_SETS=s32'00000000000000000000001000000000.$proc$rtl/common/wire_order_book.sv:302$5572'.
  created $dff cell `$procdff$17976' with positive edge clock.
Creating register for signal `$paramod\wire_order_book\NUM_SETS=s32'00000000000000000000001000000000.$memwr$\order_valid_q$rtl/common/wire_order_book.sv:318$4655_EN' using process `$paramod\wire_order_book\NUM_SETS=s32'00000000000000000000001000000000.$proc$rtl/common/wire_order_book.sv:302$5572'.
  created $dff cell `$procdff$17977' with positive edge clock.
Creating register for signal `$paramod\wire_order_book\NUM_SETS=s32'00000000000000000000001000000000.$memwr$\order_valid_q$rtl/common/wire_order_book.sv:318$4656_EN' using process `$paramod\wire_order_book\NUM_SETS=s32'00000000000000000000001000000000.$proc$rtl/common/wire_order_book.sv:302$5572'.
  created $dff cell `$procdff$17978' with positive edge clock.
Creating register for signal `$paramod\wire_order_book\NUM_SETS=s32'00000000000000000000001000000000.$memwr$\order_valid_q$rtl/common/wire_order_book.sv:318$4657_EN' using process `$paramod\wire_order_book\NUM_SETS=s32'00000000000000000000001000000000.$proc$rtl/common/wire_order_book.sv:302$5572'.
  created $dff cell `$procdff$17979' with positive edge clock.
Creating register for signal `$paramod\wire_order_book\NUM_SETS=s32'00000000000000000000001000000000.$memwr$\order_valid_q$rtl/common/wire_order_book.sv:318$4658_EN' using process `$paramod\wire_order_book\NUM_SETS=s32'00000000000000000000001000000000.$proc$rtl/common/wire_order_book.sv:302$5572'.
  created $dff cell `$procdff$17980' with positive edge clock.
Creating register for signal `$paramod\wire_order_book\NUM_SETS=s32'00000000000000000000001000000000.$memwr$\order_valid_q$rtl/common/wire_order_book.sv:318$4659_EN' using process `$paramod\wire_order_book\NUM_SETS=s32'00000000000000000000001000000000.$proc$rtl/common/wire_order_book.sv:302$5572'.
  created $dff cell `$procdff$17981' with positive edge clock.
Creating register for signal `$paramod\wire_order_book\NUM_SETS=s32'00000000000000000000001000000000.$memwr$\order_valid_q$rtl/common/wire_order_book.sv:318$4660_EN' using process `$paramod\wire_order_book\NUM_SETS=s32'00000000000000000000001000000000.$proc$rtl/common/wire_order_book.sv:302$5572'.
  created $dff cell `$procdff$17982' with positive edge clock.
Creating register for signal `$paramod\wire_order_book\NUM_SETS=s32'00000000000000000000001000000000.$memwr$\order_valid_q$rtl/common/wire_order_book.sv:318$4661_EN' using process `$paramod\wire_order_book\NUM_SETS=s32'00000000000000000000001000000000.$proc$rtl/common/wire_order_book.sv:302$5572'.
  created $dff cell `$procdff$17983' with positive edge clock.
Creating register for signal `$paramod\wire_order_book\NUM_SETS=s32'00000000000000000000001000000000.$memwr$\order_valid_q$rtl/common/wire_order_book.sv:318$4662_EN' using process `$paramod\wire_order_book\NUM_SETS=s32'00000000000000000000001000000000.$proc$rtl/common/wire_order_book.sv:302$5572'.
  created $dff cell `$procdff$17984' with positive edge clock.
Creating register for signal `$paramod\wire_order_book\NUM_SETS=s32'00000000000000000000001000000000.$memwr$\order_valid_q$rtl/common/wire_order_book.sv:318$4663_EN' using process `$paramod\wire_order_book\NUM_SETS=s32'00000000000000000000001000000000.$proc$rtl/common/wire_order_book.sv:302$5572'.
  created $dff cell `$procdff$17985' with positive edge clock.
Creating register for signal `$paramod\wire_order_book\NUM_SETS=s32'00000000000000000000001000000000.$memwr$\order_valid_q$rtl/common/wire_order_book.sv:318$4664_EN' using process `$paramod\wire_order_book\NUM_SETS=s32'00000000000000000000001000000000.$proc$rtl/common/wire_order_book.sv:302$5572'.
  created $dff cell `$procdff$17986' with positive edge clock.
Creating register for signal `$paramod\wire_order_book\NUM_SETS=s32'00000000000000000000001000000000.$memwr$\order_valid_q$rtl/common/wire_order_book.sv:318$4665_EN' using process `$paramod\wire_order_book\NUM_SETS=s32'00000000000000000000001000000000.$proc$rtl/common/wire_order_book.sv:302$5572'.
  created $dff cell `$procdff$17987' with positive edge clock.
Creating register for signal `$paramod\wire_order_book\NUM_SETS=s32'00000000000000000000001000000000.$memwr$\order_valid_q$rtl/common/wire_order_book.sv:318$4666_EN' using process `$paramod\wire_order_book\NUM_SETS=s32'00000000000000000000001000000000.$proc$rtl/common/wire_order_book.sv:302$5572'.
  created $dff cell `$procdff$17988' with positive edge clock.
Creating register for signal `$paramod\wire_order_book\NUM_SETS=s32'00000000000000000000001000000000.$memwr$\order_valid_q$rtl/common/wire_order_book.sv:318$4667_EN' using process `$paramod\wire_order_book\NUM_SETS=s32'00000000000000000000001000000000.$proc$rtl/common/wire_order_book.sv:302$5572'.
  created $dff cell `$procdff$17989' with positive edge clock.
Creating register for signal `$paramod\wire_order_book\NUM_SETS=s32'00000000000000000000001000000000.$memwr$\order_valid_q$rtl/common/wire_order_book.sv:318$4668_EN' using process `$paramod\wire_order_book\NUM_SETS=s32'00000000000000000000001000000000.$proc$rtl/common/wire_order_book.sv:302$5572'.
  created $dff cell `$procdff$17990' with positive edge clock.
Creating register for signal `$paramod\wire_order_book\NUM_SETS=s32'00000000000000000000001000000000.$memwr$\order_valid_q$rtl/common/wire_order_book.sv:318$4669_EN' using process `$paramod\wire_order_book\NUM_SETS=s32'00000000000000000000001000000000.$proc$rtl/common/wire_order_book.sv:302$5572'.
  created $dff cell `$procdff$17991' with positive edge clock.
Creating register for signal `$paramod\wire_order_book\NUM_SETS=s32'00000000000000000000001000000000.$memwr$\order_valid_q$rtl/common/wire_order_book.sv:318$4670_EN' using process `$paramod\wire_order_book\NUM_SETS=s32'00000000000000000000001000000000.$proc$rtl/common/wire_order_book.sv:302$5572'.
  created $dff cell `$procdff$17992' with positive edge clock.
Creating register for signal `$paramod\wire_order_book\NUM_SETS=s32'00000000000000000000001000000000.$memwr$\order_valid_q$rtl/common/wire_order_book.sv:318$4671_EN' using process `$paramod\wire_order_book\NUM_SETS=s32'00000000000000000000001000000000.$proc$rtl/common/wire_order_book.sv:302$5572'.
  created $dff cell `$procdff$17993' with positive edge clock.
Creating register for signal `$paramod\wire_order_book\NUM_SETS=s32'00000000000000000000001000000000.$memwr$\order_valid_q$rtl/common/wire_order_book.sv:318$4672_EN' using process `$paramod\wire_order_book\NUM_SETS=s32'00000000000000000000001000000000.$proc$rtl/common/wire_order_book.sv:302$5572'.
  created $dff cell `$procdff$17994' with positive edge clock.
Creating register for signal `$paramod\wire_order_book\NUM_SETS=s32'00000000000000000000001000000000.$memwr$\order_valid_q$rtl/common/wire_order_book.sv:318$4673_EN' using process `$paramod\wire_order_book\NUM_SETS=s32'00000000000000000000001000000000.$proc$rtl/common/wire_order_book.sv:302$5572'.
  created $dff cell `$procdff$17995' with positive edge clock.
Creating register for signal `$paramod\wire_order_book\NUM_SETS=s32'00000000000000000000001000000000.$memwr$\order_valid_q$rtl/common/wire_order_book.sv:318$4674_EN' using process `$paramod\wire_order_book\NUM_SETS=s32'00000000000000000000001000000000.$proc$rtl/common/wire_order_book.sv:302$5572'.
  created $dff cell `$procdff$17996' with positive edge clock.
Creating register for signal `$paramod\wire_order_book\NUM_SETS=s32'00000000000000000000001000000000.$memwr$\order_valid_q$rtl/common/wire_order_book.sv:318$4675_EN' using process `$paramod\wire_order_book\NUM_SETS=s32'00000000000000000000001000000000.$proc$rtl/common/wire_order_book.sv:302$5572'.
  created $dff cell `$procdff$17997' with positive edge clock.
Creating register for signal `$paramod\wire_order_book\NUM_SETS=s32'00000000000000000000001000000000.$memwr$\order_valid_q$rtl/common/wire_order_book.sv:318$4676_EN' using process `$paramod\wire_order_book\NUM_SETS=s32'00000000000000000000001000000000.$proc$rtl/common/wire_order_book.sv:302$5572'.
  created $dff cell `$procdff$17998' with positive edge clock.
Creating register for signal `$paramod\wire_order_book\NUM_SETS=s32'00000000000000000000001000000000.$memwr$\order_valid_q$rtl/common/wire_order_book.sv:318$4677_EN' using process `$paramod\wire_order_book\NUM_SETS=s32'00000000000000000000001000000000.$proc$rtl/common/wire_order_book.sv:302$5572'.
  created $dff cell `$procdff$17999' with positive edge clock.
Creating register for signal `$paramod\wire_order_book\NUM_SETS=s32'00000000000000000000001000000000.$memwr$\order_valid_q$rtl/common/wire_order_book.sv:318$4678_EN' using process `$paramod\wire_order_book\NUM_SETS=s32'00000000000000000000001000000000.$proc$rtl/common/wire_order_book.sv:302$5572'.
  created $dff cell `$procdff$18000' with positive edge clock.
Creating register for signal `$paramod\wire_order_book\NUM_SETS=s32'00000000000000000000001000000000.$memwr$\order_valid_q$rtl/common/wire_order_book.sv:318$4679_EN' using process `$paramod\wire_order_book\NUM_SETS=s32'00000000000000000000001000000000.$proc$rtl/common/wire_order_book.sv:302$5572'.
  created $dff cell `$procdff$18001' with positive edge clock.
Creating register for signal `$paramod\wire_order_book\NUM_SETS=s32'00000000000000000000001000000000.$memwr$\order_valid_q$rtl/common/wire_order_book.sv:318$4680_EN' using process `$paramod\wire_order_book\NUM_SETS=s32'00000000000000000000001000000000.$proc$rtl/common/wire_order_book.sv:302$5572'.
  created $dff cell `$procdff$18002' with positive edge clock.
Creating register for signal `$paramod\wire_order_book\NUM_SETS=s32'00000000000000000000001000000000.$memwr$\order_valid_q$rtl/common/wire_order_book.sv:318$4681_EN' using process `$paramod\wire_order_book\NUM_SETS=s32'00000000000000000000001000000000.$proc$rtl/common/wire_order_book.sv:302$5572'.
  created $dff cell `$procdff$18003' with positive edge clock.
Creating register for signal `$paramod\wire_order_book\NUM_SETS=s32'00000000000000000000001000000000.$memwr$\order_valid_q$rtl/common/wire_order_book.sv:318$4682_EN' using process `$paramod\wire_order_book\NUM_SETS=s32'00000000000000000000001000000000.$proc$rtl/common/wire_order_book.sv:302$5572'.
  created $dff cell `$procdff$18004' with positive edge clock.
Creating register for signal `$paramod\wire_order_book\NUM_SETS=s32'00000000000000000000001000000000.$memwr$\order_valid_q$rtl/common/wire_order_book.sv:318$4683_EN' using process `$paramod\wire_order_book\NUM_SETS=s32'00000000000000000000001000000000.$proc$rtl/common/wire_order_book.sv:302$5572'.
  created $dff cell `$procdff$18005' with positive edge clock.
Creating register for signal `$paramod\wire_order_book\NUM_SETS=s32'00000000000000000000001000000000.$memwr$\order_valid_q$rtl/common/wire_order_book.sv:318$4684_EN' using process `$paramod\wire_order_book\NUM_SETS=s32'00000000000000000000001000000000.$proc$rtl/common/wire_order_book.sv:302$5572'.
  created $dff cell `$procdff$18006' with positive edge clock.
Creating register for signal `$paramod\wire_order_book\NUM_SETS=s32'00000000000000000000001000000000.$memwr$\order_valid_q$rtl/common/wire_order_book.sv:318$4685_EN' using process `$paramod\wire_order_book\NUM_SETS=s32'00000000000000000000001000000000.$proc$rtl/common/wire_order_book.sv:302$5572'.
  created $dff cell `$procdff$18007' with positive edge clock.
Creating register for signal `$paramod\wire_order_book\NUM_SETS=s32'00000000000000000000001000000000.$memwr$\order_valid_q$rtl/common/wire_order_book.sv:318$4686_EN' using process `$paramod\wire_order_book\NUM_SETS=s32'00000000000000000000001000000000.$proc$rtl/common/wire_order_book.sv:302$5572'.
  created $dff cell `$procdff$18008' with positive edge clock.
Creating register for signal `$paramod\wire_order_book\NUM_SETS=s32'00000000000000000000001000000000.$memwr$\order_valid_q$rtl/common/wire_order_book.sv:318$4687_EN' using process `$paramod\wire_order_book\NUM_SETS=s32'00000000000000000000001000000000.$proc$rtl/common/wire_order_book.sv:302$5572'.
  created $dff cell `$procdff$18009' with positive edge clock.
Creating register for signal `$paramod\wire_order_book\NUM_SETS=s32'00000000000000000000001000000000.$memwr$\order_valid_q$rtl/common/wire_order_book.sv:318$4688_EN' using process `$paramod\wire_order_book\NUM_SETS=s32'00000000000000000000001000000000.$proc$rtl/common/wire_order_book.sv:302$5572'.
  created $dff cell `$procdff$18010' with positive edge clock.
Creating register for signal `$paramod\wire_order_book\NUM_SETS=s32'00000000000000000000001000000000.$memwr$\order_valid_q$rtl/common/wire_order_book.sv:318$4689_EN' using process `$paramod\wire_order_book\NUM_SETS=s32'00000000000000000000001000000000.$proc$rtl/common/wire_order_book.sv:302$5572'.
  created $dff cell `$procdff$18011' with positive edge clock.
Creating register for signal `$paramod\wire_order_book\NUM_SETS=s32'00000000000000000000001000000000.$memwr$\order_valid_q$rtl/common/wire_order_book.sv:318$4690_EN' using process `$paramod\wire_order_book\NUM_SETS=s32'00000000000000000000001000000000.$proc$rtl/common/wire_order_book.sv:302$5572'.
  created $dff cell `$procdff$18012' with positive edge clock.
Creating register for signal `$paramod\wire_order_book\NUM_SETS=s32'00000000000000000000001000000000.$memwr$\order_valid_q$rtl/common/wire_order_book.sv:318$4691_EN' using process `$paramod\wire_order_book\NUM_SETS=s32'00000000000000000000001000000000.$proc$rtl/common/wire_order_book.sv:302$5572'.
  created $dff cell `$procdff$18013' with positive edge clock.
Creating register for signal `$paramod\wire_order_book\NUM_SETS=s32'00000000000000000000001000000000.$memwr$\order_valid_q$rtl/common/wire_order_book.sv:318$4692_EN' using process `$paramod\wire_order_book\NUM_SETS=s32'00000000000000000000001000000000.$proc$rtl/common/wire_order_book.sv:302$5572'.
  created $dff cell `$procdff$18014' with positive edge clock.
Creating register for signal `$paramod\wire_order_book\NUM_SETS=s32'00000000000000000000001000000000.$memwr$\order_valid_q$rtl/common/wire_order_book.sv:318$4693_EN' using process `$paramod\wire_order_book\NUM_SETS=s32'00000000000000000000001000000000.$proc$rtl/common/wire_order_book.sv:302$5572'.
  created $dff cell `$procdff$18015' with positive edge clock.
Creating register for signal `$paramod\wire_order_book\NUM_SETS=s32'00000000000000000000001000000000.$memwr$\order_valid_q$rtl/common/wire_order_book.sv:318$4694_EN' using process `$paramod\wire_order_book\NUM_SETS=s32'00000000000000000000001000000000.$proc$rtl/common/wire_order_book.sv:302$5572'.
  created $dff cell `$procdff$18016' with positive edge clock.
Creating register for signal `$paramod\wire_order_book\NUM_SETS=s32'00000000000000000000001000000000.$memwr$\order_valid_q$rtl/common/wire_order_book.sv:318$4695_EN' using process `$paramod\wire_order_book\NUM_SETS=s32'00000000000000000000001000000000.$proc$rtl/common/wire_order_book.sv:302$5572'.
  created $dff cell `$procdff$18017' with positive edge clock.
Creating register for signal `$paramod\wire_order_book\NUM_SETS=s32'00000000000000000000001000000000.$memwr$\order_valid_q$rtl/common/wire_order_book.sv:318$4696_EN' using process `$paramod\wire_order_book\NUM_SETS=s32'00000000000000000000001000000000.$proc$rtl/common/wire_order_book.sv:302$5572'.
  created $dff cell `$procdff$18018' with positive edge clock.
Creating register for signal `$paramod\wire_order_book\NUM_SETS=s32'00000000000000000000001000000000.$memwr$\order_valid_q$rtl/common/wire_order_book.sv:318$4697_EN' using process `$paramod\wire_order_book\NUM_SETS=s32'00000000000000000000001000000000.$proc$rtl/common/wire_order_book.sv:302$5572'.
  created $dff cell `$procdff$18019' with positive edge clock.
Creating register for signal `$paramod\wire_order_book\NUM_SETS=s32'00000000000000000000001000000000.$memwr$\order_valid_q$rtl/common/wire_order_book.sv:318$4698_EN' using process `$paramod\wire_order_book\NUM_SETS=s32'00000000000000000000001000000000.$proc$rtl/common/wire_order_book.sv:302$5572'.
  created $dff cell `$procdff$18020' with positive edge clock.
Creating register for signal `$paramod\wire_order_book\NUM_SETS=s32'00000000000000000000001000000000.$memwr$\order_valid_q$rtl/common/wire_order_book.sv:318$4699_EN' using process `$paramod\wire_order_book\NUM_SETS=s32'00000000000000000000001000000000.$proc$rtl/common/wire_order_book.sv:302$5572'.
  created $dff cell `$procdff$18021' with positive edge clock.
Creating register for signal `$paramod\wire_order_book\NUM_SETS=s32'00000000000000000000001000000000.$memwr$\order_valid_q$rtl/common/wire_order_book.sv:318$4700_EN' using process `$paramod\wire_order_book\NUM_SETS=s32'00000000000000000000001000000000.$proc$rtl/common/wire_order_book.sv:302$5572'.
  created $dff cell `$procdff$18022' with positive edge clock.
Creating register for signal `$paramod\wire_order_book\NUM_SETS=s32'00000000000000000000001000000000.$memwr$\order_valid_q$rtl/common/wire_order_book.sv:318$4701_EN' using process `$paramod\wire_order_book\NUM_SETS=s32'00000000000000000000001000000000.$proc$rtl/common/wire_order_book.sv:302$5572'.
  created $dff cell `$procdff$18023' with positive edge clock.
Creating register for signal `$paramod\wire_order_book\NUM_SETS=s32'00000000000000000000001000000000.$memwr$\order_valid_q$rtl/common/wire_order_book.sv:318$4702_EN' using process `$paramod\wire_order_book\NUM_SETS=s32'00000000000000000000001000000000.$proc$rtl/common/wire_order_book.sv:302$5572'.
  created $dff cell `$procdff$18024' with positive edge clock.
Creating register for signal `$paramod\wire_order_book\NUM_SETS=s32'00000000000000000000001000000000.$memwr$\order_valid_q$rtl/common/wire_order_book.sv:318$4703_EN' using process `$paramod\wire_order_book\NUM_SETS=s32'00000000000000000000001000000000.$proc$rtl/common/wire_order_book.sv:302$5572'.
  created $dff cell `$procdff$18025' with positive edge clock.
Creating register for signal `$paramod\wire_order_book\NUM_SETS=s32'00000000000000000000001000000000.$memwr$\order_valid_q$rtl/common/wire_order_book.sv:318$4704_EN' using process `$paramod\wire_order_book\NUM_SETS=s32'00000000000000000000001000000000.$proc$rtl/common/wire_order_book.sv:302$5572'.
  created $dff cell `$procdff$18026' with positive edge clock.
Creating register for signal `$paramod\wire_order_book\NUM_SETS=s32'00000000000000000000001000000000.$memwr$\order_valid_q$rtl/common/wire_order_book.sv:318$4705_EN' using process `$paramod\wire_order_book\NUM_SETS=s32'00000000000000000000001000000000.$proc$rtl/common/wire_order_book.sv:302$5572'.
  created $dff cell `$procdff$18027' with positive edge clock.
Creating register for signal `$paramod\wire_order_book\NUM_SETS=s32'00000000000000000000001000000000.$memwr$\order_valid_q$rtl/common/wire_order_book.sv:318$4706_EN' using process `$paramod\wire_order_book\NUM_SETS=s32'00000000000000000000001000000000.$proc$rtl/common/wire_order_book.sv:302$5572'.
  created $dff cell `$procdff$18028' with positive edge clock.
Creating register for signal `$paramod\wire_order_book\NUM_SETS=s32'00000000000000000000001000000000.$memwr$\order_valid_q$rtl/common/wire_order_book.sv:318$4707_EN' using process `$paramod\wire_order_book\NUM_SETS=s32'00000000000000000000001000000000.$proc$rtl/common/wire_order_book.sv:302$5572'.
  created $dff cell `$procdff$18029' with positive edge clock.
Creating register for signal `$paramod\wire_order_book\NUM_SETS=s32'00000000000000000000001000000000.$memwr$\order_valid_q$rtl/common/wire_order_book.sv:318$4708_EN' using process `$paramod\wire_order_book\NUM_SETS=s32'00000000000000000000001000000000.$proc$rtl/common/wire_order_book.sv:302$5572'.
  created $dff cell `$procdff$18030' with positive edge clock.
Creating register for signal `$paramod\wire_order_book\NUM_SETS=s32'00000000000000000000001000000000.$memwr$\order_valid_q$rtl/common/wire_order_book.sv:318$4709_EN' using process `$paramod\wire_order_book\NUM_SETS=s32'00000000000000000000001000000000.$proc$rtl/common/wire_order_book.sv:302$5572'.
  created $dff cell `$procdff$18031' with positive edge clock.
Creating register for signal `$paramod\wire_order_book\NUM_SETS=s32'00000000000000000000001000000000.$memwr$\order_valid_q$rtl/common/wire_order_book.sv:318$4710_EN' using process `$paramod\wire_order_book\NUM_SETS=s32'00000000000000000000001000000000.$proc$rtl/common/wire_order_book.sv:302$5572'.
  created $dff cell `$procdff$18032' with positive edge clock.
Creating register for signal `$paramod\wire_order_book\NUM_SETS=s32'00000000000000000000001000000000.$memwr$\order_valid_q$rtl/common/wire_order_book.sv:318$4711_EN' using process `$paramod\wire_order_book\NUM_SETS=s32'00000000000000000000001000000000.$proc$rtl/common/wire_order_book.sv:302$5572'.
  created $dff cell `$procdff$18033' with positive edge clock.
Creating register for signal `$paramod\wire_order_book\NUM_SETS=s32'00000000000000000000001000000000.$memwr$\order_valid_q$rtl/common/wire_order_book.sv:318$4712_EN' using process `$paramod\wire_order_book\NUM_SETS=s32'00000000000000000000001000000000.$proc$rtl/common/wire_order_book.sv:302$5572'.
  created $dff cell `$procdff$18034' with positive edge clock.
Creating register for signal `$paramod\wire_order_book\NUM_SETS=s32'00000000000000000000001000000000.$memwr$\order_valid_q$rtl/common/wire_order_book.sv:318$4713_EN' using process `$paramod\wire_order_book\NUM_SETS=s32'00000000000000000000001000000000.$proc$rtl/common/wire_order_book.sv:302$5572'.
  created $dff cell `$procdff$18035' with positive edge clock.
Creating register for signal `$paramod\wire_order_book\NUM_SETS=s32'00000000000000000000001000000000.$memwr$\order_valid_q$rtl/common/wire_order_book.sv:318$4714_EN' using process `$paramod\wire_order_book\NUM_SETS=s32'00000000000000000000001000000000.$proc$rtl/common/wire_order_book.sv:302$5572'.
  created $dff cell `$procdff$18036' with positive edge clock.
Creating register for signal `$paramod\wire_order_book\NUM_SETS=s32'00000000000000000000001000000000.$memwr$\order_valid_q$rtl/common/wire_order_book.sv:318$4715_EN' using process `$paramod\wire_order_book\NUM_SETS=s32'00000000000000000000001000000000.$proc$rtl/common/wire_order_book.sv:302$5572'.
  created $dff cell `$procdff$18037' with positive edge clock.
Creating register for signal `$paramod\wire_order_book\NUM_SETS=s32'00000000000000000000001000000000.$memwr$\order_valid_q$rtl/common/wire_order_book.sv:318$4716_EN' using process `$paramod\wire_order_book\NUM_SETS=s32'00000000000000000000001000000000.$proc$rtl/common/wire_order_book.sv:302$5572'.
  created $dff cell `$procdff$18038' with positive edge clock.
Creating register for signal `$paramod\wire_order_book\NUM_SETS=s32'00000000000000000000001000000000.$memwr$\order_valid_q$rtl/common/wire_order_book.sv:318$4717_EN' using process `$paramod\wire_order_book\NUM_SETS=s32'00000000000000000000001000000000.$proc$rtl/common/wire_order_book.sv:302$5572'.
  created $dff cell `$procdff$18039' with positive edge clock.
Creating register for signal `$paramod\wire_order_book\NUM_SETS=s32'00000000000000000000001000000000.$memwr$\order_valid_q$rtl/common/wire_order_book.sv:318$4718_EN' using process `$paramod\wire_order_book\NUM_SETS=s32'00000000000000000000001000000000.$proc$rtl/common/wire_order_book.sv:302$5572'.
  created $dff cell `$procdff$18040' with positive edge clock.
Creating register for signal `$paramod\wire_order_book\NUM_SETS=s32'00000000000000000000001000000000.$memwr$\order_valid_q$rtl/common/wire_order_book.sv:318$4719_EN' using process `$paramod\wire_order_book\NUM_SETS=s32'00000000000000000000001000000000.$proc$rtl/common/wire_order_book.sv:302$5572'.
  created $dff cell `$procdff$18041' with positive edge clock.
Creating register for signal `$paramod\wire_order_book\NUM_SETS=s32'00000000000000000000001000000000.$memwr$\order_valid_q$rtl/common/wire_order_book.sv:318$4720_EN' using process `$paramod\wire_order_book\NUM_SETS=s32'00000000000000000000001000000000.$proc$rtl/common/wire_order_book.sv:302$5572'.
  created $dff cell `$procdff$18042' with positive edge clock.
Creating register for signal `$paramod\wire_order_book\NUM_SETS=s32'00000000000000000000001000000000.$memwr$\order_valid_q$rtl/common/wire_order_book.sv:318$4721_EN' using process `$paramod\wire_order_book\NUM_SETS=s32'00000000000000000000001000000000.$proc$rtl/common/wire_order_book.sv:302$5572'.
  created $dff cell `$procdff$18043' with positive edge clock.
Creating register for signal `$paramod\wire_order_book\NUM_SETS=s32'00000000000000000000001000000000.$memwr$\order_valid_q$rtl/common/wire_order_book.sv:318$4722_EN' using process `$paramod\wire_order_book\NUM_SETS=s32'00000000000000000000001000000000.$proc$rtl/common/wire_order_book.sv:302$5572'.
  created $dff cell `$procdff$18044' with positive edge clock.
Creating register for signal `$paramod\wire_order_book\NUM_SETS=s32'00000000000000000000001000000000.$memwr$\order_valid_q$rtl/common/wire_order_book.sv:318$4723_EN' using process `$paramod\wire_order_book\NUM_SETS=s32'00000000000000000000001000000000.$proc$rtl/common/wire_order_book.sv:302$5572'.
  created $dff cell `$procdff$18045' with positive edge clock.
Creating register for signal `$paramod\wire_order_book\NUM_SETS=s32'00000000000000000000001000000000.$memwr$\order_valid_q$rtl/common/wire_order_book.sv:318$4724_EN' using process `$paramod\wire_order_book\NUM_SETS=s32'00000000000000000000001000000000.$proc$rtl/common/wire_order_book.sv:302$5572'.
  created $dff cell `$procdff$18046' with positive edge clock.
Creating register for signal `$paramod\wire_order_book\NUM_SETS=s32'00000000000000000000001000000000.$memwr$\order_valid_q$rtl/common/wire_order_book.sv:318$4725_EN' using process `$paramod\wire_order_book\NUM_SETS=s32'00000000000000000000001000000000.$proc$rtl/common/wire_order_book.sv:302$5572'.
  created $dff cell `$procdff$18047' with positive edge clock.
Creating register for signal `$paramod\wire_order_book\NUM_SETS=s32'00000000000000000000001000000000.$memwr$\order_valid_q$rtl/common/wire_order_book.sv:318$4726_EN' using process `$paramod\wire_order_book\NUM_SETS=s32'00000000000000000000001000000000.$proc$rtl/common/wire_order_book.sv:302$5572'.
  created $dff cell `$procdff$18048' with positive edge clock.
Creating register for signal `$paramod\wire_order_book\NUM_SETS=s32'00000000000000000000001000000000.$memwr$\order_valid_q$rtl/common/wire_order_book.sv:318$4727_EN' using process `$paramod\wire_order_book\NUM_SETS=s32'00000000000000000000001000000000.$proc$rtl/common/wire_order_book.sv:302$5572'.
  created $dff cell `$procdff$18049' with positive edge clock.
Creating register for signal `$paramod\wire_order_book\NUM_SETS=s32'00000000000000000000001000000000.$memwr$\order_valid_q$rtl/common/wire_order_book.sv:318$4728_EN' using process `$paramod\wire_order_book\NUM_SETS=s32'00000000000000000000001000000000.$proc$rtl/common/wire_order_book.sv:302$5572'.
  created $dff cell `$procdff$18050' with positive edge clock.
Creating register for signal `$paramod\wire_order_book\NUM_SETS=s32'00000000000000000000001000000000.$memwr$\order_valid_q$rtl/common/wire_order_book.sv:318$4729_EN' using process `$paramod\wire_order_book\NUM_SETS=s32'00000000000000000000001000000000.$proc$rtl/common/wire_order_book.sv:302$5572'.
  created $dff cell `$procdff$18051' with positive edge clock.
Creating register for signal `$paramod\wire_order_book\NUM_SETS=s32'00000000000000000000001000000000.$memwr$\order_valid_q$rtl/common/wire_order_book.sv:318$4730_EN' using process `$paramod\wire_order_book\NUM_SETS=s32'00000000000000000000001000000000.$proc$rtl/common/wire_order_book.sv:302$5572'.
  created $dff cell `$procdff$18052' with positive edge clock.
Creating register for signal `$paramod\wire_order_book\NUM_SETS=s32'00000000000000000000001000000000.$memwr$\order_valid_q$rtl/common/wire_order_book.sv:318$4731_EN' using process `$paramod\wire_order_book\NUM_SETS=s32'00000000000000000000001000000000.$proc$rtl/common/wire_order_book.sv:302$5572'.
  created $dff cell `$procdff$18053' with positive edge clock.
Creating register for signal `$paramod\wire_order_book\NUM_SETS=s32'00000000000000000000001000000000.$memwr$\order_valid_q$rtl/common/wire_order_book.sv:318$4732_EN' using process `$paramod\wire_order_book\NUM_SETS=s32'00000000000000000000001000000000.$proc$rtl/common/wire_order_book.sv:302$5572'.
  created $dff cell `$procdff$18054' with positive edge clock.
Creating register for signal `$paramod\wire_order_book\NUM_SETS=s32'00000000000000000000001000000000.$memwr$\order_valid_q$rtl/common/wire_order_book.sv:318$4733_EN' using process `$paramod\wire_order_book\NUM_SETS=s32'00000000000000000000001000000000.$proc$rtl/common/wire_order_book.sv:302$5572'.
  created $dff cell `$procdff$18055' with positive edge clock.
Creating register for signal `$paramod\wire_order_book\NUM_SETS=s32'00000000000000000000001000000000.$memwr$\order_valid_q$rtl/common/wire_order_book.sv:318$4734_EN' using process `$paramod\wire_order_book\NUM_SETS=s32'00000000000000000000001000000000.$proc$rtl/common/wire_order_book.sv:302$5572'.
  created $dff cell `$procdff$18056' with positive edge clock.
Creating register for signal `$paramod\wire_order_book\NUM_SETS=s32'00000000000000000000001000000000.$memwr$\order_valid_q$rtl/common/wire_order_book.sv:318$4735_EN' using process `$paramod\wire_order_book\NUM_SETS=s32'00000000000000000000001000000000.$proc$rtl/common/wire_order_book.sv:302$5572'.
  created $dff cell `$procdff$18057' with positive edge clock.
Creating register for signal `$paramod\wire_order_book\NUM_SETS=s32'00000000000000000000001000000000.$memwr$\order_valid_q$rtl/common/wire_order_book.sv:318$4736_EN' using process `$paramod\wire_order_book\NUM_SETS=s32'00000000000000000000001000000000.$proc$rtl/common/wire_order_book.sv:302$5572'.
  created $dff cell `$procdff$18058' with positive edge clock.
Creating register for signal `$paramod\wire_order_book\NUM_SETS=s32'00000000000000000000001000000000.$memwr$\order_valid_q$rtl/common/wire_order_book.sv:318$4737_EN' using process `$paramod\wire_order_book\NUM_SETS=s32'00000000000000000000001000000000.$proc$rtl/common/wire_order_book.sv:302$5572'.
  created $dff cell `$procdff$18059' with positive edge clock.
Creating register for signal `$paramod\wire_order_book\NUM_SETS=s32'00000000000000000000001000000000.$memwr$\order_valid_q$rtl/common/wire_order_book.sv:318$4738_EN' using process `$paramod\wire_order_book\NUM_SETS=s32'00000000000000000000001000000000.$proc$rtl/common/wire_order_book.sv:302$5572'.
  created $dff cell `$procdff$18060' with positive edge clock.
Creating register for signal `$paramod\wire_order_book\NUM_SETS=s32'00000000000000000000001000000000.$memwr$\order_valid_q$rtl/common/wire_order_book.sv:318$4739_EN' using process `$paramod\wire_order_book\NUM_SETS=s32'00000000000000000000001000000000.$proc$rtl/common/wire_order_book.sv:302$5572'.
  created $dff cell `$procdff$18061' with positive edge clock.
Creating register for signal `$paramod\wire_order_book\NUM_SETS=s32'00000000000000000000001000000000.$memwr$\order_valid_q$rtl/common/wire_order_book.sv:318$4740_EN' using process `$paramod\wire_order_book\NUM_SETS=s32'00000000000000000000001000000000.$proc$rtl/common/wire_order_book.sv:302$5572'.
  created $dff cell `$procdff$18062' with positive edge clock.
Creating register for signal `$paramod\wire_order_book\NUM_SETS=s32'00000000000000000000001000000000.$memwr$\order_valid_q$rtl/common/wire_order_book.sv:318$4741_EN' using process `$paramod\wire_order_book\NUM_SETS=s32'00000000000000000000001000000000.$proc$rtl/common/wire_order_book.sv:302$5572'.
  created $dff cell `$procdff$18063' with positive edge clock.
Creating register for signal `$paramod\wire_order_book\NUM_SETS=s32'00000000000000000000001000000000.$memwr$\order_valid_q$rtl/common/wire_order_book.sv:318$4742_EN' using process `$paramod\wire_order_book\NUM_SETS=s32'00000000000000000000001000000000.$proc$rtl/common/wire_order_book.sv:302$5572'.
  created $dff cell `$procdff$18064' with positive edge clock.
Creating register for signal `$paramod\wire_order_book\NUM_SETS=s32'00000000000000000000001000000000.$memwr$\order_valid_q$rtl/common/wire_order_book.sv:318$4743_EN' using process `$paramod\wire_order_book\NUM_SETS=s32'00000000000000000000001000000000.$proc$rtl/common/wire_order_book.sv:302$5572'.
  created $dff cell `$procdff$18065' with positive edge clock.
Creating register for signal `$paramod\wire_order_book\NUM_SETS=s32'00000000000000000000001000000000.$memwr$\order_valid_q$rtl/common/wire_order_book.sv:318$4744_EN' using process `$paramod\wire_order_book\NUM_SETS=s32'00000000000000000000001000000000.$proc$rtl/common/wire_order_book.sv:302$5572'.
  created $dff cell `$procdff$18066' with positive edge clock.
Creating register for signal `$paramod\wire_order_book\NUM_SETS=s32'00000000000000000000001000000000.$memwr$\order_valid_q$rtl/common/wire_order_book.sv:318$4745_EN' using process `$paramod\wire_order_book\NUM_SETS=s32'00000000000000000000001000000000.$proc$rtl/common/wire_order_book.sv:302$5572'.
  created $dff cell `$procdff$18067' with positive edge clock.
Creating register for signal `$paramod\wire_order_book\NUM_SETS=s32'00000000000000000000001000000000.$memwr$\order_valid_q$rtl/common/wire_order_book.sv:318$4746_EN' using process `$paramod\wire_order_book\NUM_SETS=s32'00000000000000000000001000000000.$proc$rtl/common/wire_order_book.sv:302$5572'.
  created $dff cell `$procdff$18068' with positive edge clock.
Creating register for signal `$paramod\wire_order_book\NUM_SETS=s32'00000000000000000000001000000000.$memwr$\order_valid_q$rtl/common/wire_order_book.sv:318$4747_EN' using process `$paramod\wire_order_book\NUM_SETS=s32'00000000000000000000001000000000.$proc$rtl/common/wire_order_book.sv:302$5572'.
  created $dff cell `$procdff$18069' with positive edge clock.
Creating register for signal `$paramod\wire_order_book\NUM_SETS=s32'00000000000000000000001000000000.$memwr$\order_valid_q$rtl/common/wire_order_book.sv:318$4748_EN' using process `$paramod\wire_order_book\NUM_SETS=s32'00000000000000000000001000000000.$proc$rtl/common/wire_order_book.sv:302$5572'.
  created $dff cell `$procdff$18070' with positive edge clock.
Creating register for signal `$paramod\wire_order_book\NUM_SETS=s32'00000000000000000000001000000000.$memwr$\order_valid_q$rtl/common/wire_order_book.sv:318$4749_EN' using process `$paramod\wire_order_book\NUM_SETS=s32'00000000000000000000001000000000.$proc$rtl/common/wire_order_book.sv:302$5572'.
  created $dff cell `$procdff$18071' with positive edge clock.
Creating register for signal `$paramod\wire_order_book\NUM_SETS=s32'00000000000000000000001000000000.$memwr$\order_valid_q$rtl/common/wire_order_book.sv:318$4750_EN' using process `$paramod\wire_order_book\NUM_SETS=s32'00000000000000000000001000000000.$proc$rtl/common/wire_order_book.sv:302$5572'.
  created $dff cell `$procdff$18072' with positive edge clock.
Creating register for signal `$paramod\wire_order_book\NUM_SETS=s32'00000000000000000000001000000000.$memwr$\order_valid_q$rtl/common/wire_order_book.sv:318$4751_EN' using process `$paramod\wire_order_book\NUM_SETS=s32'00000000000000000000001000000000.$proc$rtl/common/wire_order_book.sv:302$5572'.
  created $dff cell `$procdff$18073' with positive edge clock.
Creating register for signal `$paramod\wire_order_book\NUM_SETS=s32'00000000000000000000001000000000.$memwr$\order_valid_q$rtl/common/wire_order_book.sv:318$4752_EN' using process `$paramod\wire_order_book\NUM_SETS=s32'00000000000000000000001000000000.$proc$rtl/common/wire_order_book.sv:302$5572'.
  created $dff cell `$procdff$18074' with positive edge clock.
Creating register for signal `$paramod\wire_order_book\NUM_SETS=s32'00000000000000000000001000000000.$memwr$\order_valid_q$rtl/common/wire_order_book.sv:318$4753_EN' using process `$paramod\wire_order_book\NUM_SETS=s32'00000000000000000000001000000000.$proc$rtl/common/wire_order_book.sv:302$5572'.
  created $dff cell `$procdff$18075' with positive edge clock.
Creating register for signal `$paramod\wire_order_book\NUM_SETS=s32'00000000000000000000001000000000.$memwr$\order_valid_q$rtl/common/wire_order_book.sv:318$4754_EN' using process `$paramod\wire_order_book\NUM_SETS=s32'00000000000000000000001000000000.$proc$rtl/common/wire_order_book.sv:302$5572'.
  created $dff cell `$procdff$18076' with positive edge clock.
Creating register for signal `$paramod\wire_order_book\NUM_SETS=s32'00000000000000000000001000000000.$memwr$\order_valid_q$rtl/common/wire_order_book.sv:318$4755_EN' using process `$paramod\wire_order_book\NUM_SETS=s32'00000000000000000000001000000000.$proc$rtl/common/wire_order_book.sv:302$5572'.
  created $dff cell `$procdff$18077' with positive edge clock.
Creating register for signal `$paramod\wire_order_book\NUM_SETS=s32'00000000000000000000001000000000.$memwr$\order_valid_q$rtl/common/wire_order_book.sv:318$4756_EN' using process `$paramod\wire_order_book\NUM_SETS=s32'00000000000000000000001000000000.$proc$rtl/common/wire_order_book.sv:302$5572'.
  created $dff cell `$procdff$18078' with positive edge clock.
Creating register for signal `$paramod\wire_order_book\NUM_SETS=s32'00000000000000000000001000000000.$memwr$\order_valid_q$rtl/common/wire_order_book.sv:318$4757_EN' using process `$paramod\wire_order_book\NUM_SETS=s32'00000000000000000000001000000000.$proc$rtl/common/wire_order_book.sv:302$5572'.
  created $dff cell `$procdff$18079' with positive edge clock.
Creating register for signal `$paramod\wire_order_book\NUM_SETS=s32'00000000000000000000001000000000.$memwr$\order_valid_q$rtl/common/wire_order_book.sv:318$4758_EN' using process `$paramod\wire_order_book\NUM_SETS=s32'00000000000000000000001000000000.$proc$rtl/common/wire_order_book.sv:302$5572'.
  created $dff cell `$procdff$18080' with positive edge clock.
Creating register for signal `$paramod\wire_order_book\NUM_SETS=s32'00000000000000000000001000000000.$memwr$\order_valid_q$rtl/common/wire_order_book.sv:318$4759_EN' using process `$paramod\wire_order_book\NUM_SETS=s32'00000000000000000000001000000000.$proc$rtl/common/wire_order_book.sv:302$5572'.
  created $dff cell `$procdff$18081' with positive edge clock.
Creating register for signal `$paramod\wire_order_book\NUM_SETS=s32'00000000000000000000001000000000.$memwr$\order_valid_q$rtl/common/wire_order_book.sv:318$4760_EN' using process `$paramod\wire_order_book\NUM_SETS=s32'00000000000000000000001000000000.$proc$rtl/common/wire_order_book.sv:302$5572'.
  created $dff cell `$procdff$18082' with positive edge clock.
Creating register for signal `$paramod\wire_order_book\NUM_SETS=s32'00000000000000000000001000000000.$memwr$\order_valid_q$rtl/common/wire_order_book.sv:318$4761_EN' using process `$paramod\wire_order_book\NUM_SETS=s32'00000000000000000000001000000000.$proc$rtl/common/wire_order_book.sv:302$5572'.
  created $dff cell `$procdff$18083' with positive edge clock.
Creating register for signal `$paramod\wire_order_book\NUM_SETS=s32'00000000000000000000001000000000.$memwr$\order_valid_q$rtl/common/wire_order_book.sv:318$4762_EN' using process `$paramod\wire_order_book\NUM_SETS=s32'00000000000000000000001000000000.$proc$rtl/common/wire_order_book.sv:302$5572'.
  created $dff cell `$procdff$18084' with positive edge clock.
Creating register for signal `$paramod\wire_order_book\NUM_SETS=s32'00000000000000000000001000000000.$memwr$\order_valid_q$rtl/common/wire_order_book.sv:318$4763_EN' using process `$paramod\wire_order_book\NUM_SETS=s32'00000000000000000000001000000000.$proc$rtl/common/wire_order_book.sv:302$5572'.
  created $dff cell `$procdff$18085' with positive edge clock.
Creating register for signal `$paramod\wire_order_book\NUM_SETS=s32'00000000000000000000001000000000.$memwr$\order_valid_q$rtl/common/wire_order_book.sv:318$4764_EN' using process `$paramod\wire_order_book\NUM_SETS=s32'00000000000000000000001000000000.$proc$rtl/common/wire_order_book.sv:302$5572'.
  created $dff cell `$procdff$18086' with positive edge clock.
Creating register for signal `$paramod\wire_order_book\NUM_SETS=s32'00000000000000000000001000000000.$memwr$\order_valid_q$rtl/common/wire_order_book.sv:318$4765_EN' using process `$paramod\wire_order_book\NUM_SETS=s32'00000000000000000000001000000000.$proc$rtl/common/wire_order_book.sv:302$5572'.
  created $dff cell `$procdff$18087' with positive edge clock.
Creating register for signal `$paramod\wire_order_book\NUM_SETS=s32'00000000000000000000001000000000.$memwr$\order_valid_q$rtl/common/wire_order_book.sv:318$4766_EN' using process `$paramod\wire_order_book\NUM_SETS=s32'00000000000000000000001000000000.$proc$rtl/common/wire_order_book.sv:302$5572'.
  created $dff cell `$procdff$18088' with positive edge clock.
Creating register for signal `$paramod\wire_order_book\NUM_SETS=s32'00000000000000000000001000000000.$memwr$\order_valid_q$rtl/common/wire_order_book.sv:318$4767_EN' using process `$paramod\wire_order_book\NUM_SETS=s32'00000000000000000000001000000000.$proc$rtl/common/wire_order_book.sv:302$5572'.
  created $dff cell `$procdff$18089' with positive edge clock.
Creating register for signal `$paramod\wire_order_book\NUM_SETS=s32'00000000000000000000001000000000.$memwr$\order_valid_q$rtl/common/wire_order_book.sv:318$4768_EN' using process `$paramod\wire_order_book\NUM_SETS=s32'00000000000000000000001000000000.$proc$rtl/common/wire_order_book.sv:302$5572'.
  created $dff cell `$procdff$18090' with positive edge clock.
Creating register for signal `$paramod\wire_order_book\NUM_SETS=s32'00000000000000000000001000000000.$memwr$\order_valid_q$rtl/common/wire_order_book.sv:318$4769_EN' using process `$paramod\wire_order_book\NUM_SETS=s32'00000000000000000000001000000000.$proc$rtl/common/wire_order_book.sv:302$5572'.
  created $dff cell `$procdff$18091' with positive edge clock.
Creating register for signal `$paramod\wire_order_book\NUM_SETS=s32'00000000000000000000001000000000.$memwr$\order_valid_q$rtl/common/wire_order_book.sv:318$4770_EN' using process `$paramod\wire_order_book\NUM_SETS=s32'00000000000000000000001000000000.$proc$rtl/common/wire_order_book.sv:302$5572'.
  created $dff cell `$procdff$18092' with positive edge clock.
Creating register for signal `$paramod\wire_order_book\NUM_SETS=s32'00000000000000000000001000000000.$memwr$\order_valid_q$rtl/common/wire_order_book.sv:318$4771_EN' using process `$paramod\wire_order_book\NUM_SETS=s32'00000000000000000000001000000000.$proc$rtl/common/wire_order_book.sv:302$5572'.
  created $dff cell `$procdff$18093' with positive edge clock.
Creating register for signal `$paramod\wire_order_book\NUM_SETS=s32'00000000000000000000001000000000.$memwr$\order_valid_q$rtl/common/wire_order_book.sv:318$4772_EN' using process `$paramod\wire_order_book\NUM_SETS=s32'00000000000000000000001000000000.$proc$rtl/common/wire_order_book.sv:302$5572'.
  created $dff cell `$procdff$18094' with positive edge clock.
Creating register for signal `$paramod\wire_order_book\NUM_SETS=s32'00000000000000000000001000000000.$memwr$\order_valid_q$rtl/common/wire_order_book.sv:318$4773_EN' using process `$paramod\wire_order_book\NUM_SETS=s32'00000000000000000000001000000000.$proc$rtl/common/wire_order_book.sv:302$5572'.
  created $dff cell `$procdff$18095' with positive edge clock.
Creating register for signal `$paramod\wire_order_book\NUM_SETS=s32'00000000000000000000001000000000.$memwr$\order_valid_q$rtl/common/wire_order_book.sv:318$4774_EN' using process `$paramod\wire_order_book\NUM_SETS=s32'00000000000000000000001000000000.$proc$rtl/common/wire_order_book.sv:302$5572'.
  created $dff cell `$procdff$18096' with positive edge clock.
Creating register for signal `$paramod\wire_order_book\NUM_SETS=s32'00000000000000000000001000000000.$memwr$\order_valid_q$rtl/common/wire_order_book.sv:318$4775_EN' using process `$paramod\wire_order_book\NUM_SETS=s32'00000000000000000000001000000000.$proc$rtl/common/wire_order_book.sv:302$5572'.
  created $dff cell `$procdff$18097' with positive edge clock.
Creating register for signal `$paramod\wire_order_book\NUM_SETS=s32'00000000000000000000001000000000.$memwr$\order_valid_q$rtl/common/wire_order_book.sv:318$4776_EN' using process `$paramod\wire_order_book\NUM_SETS=s32'00000000000000000000001000000000.$proc$rtl/common/wire_order_book.sv:302$5572'.
  created $dff cell `$procdff$18098' with positive edge clock.
Creating register for signal `$paramod\wire_order_book\NUM_SETS=s32'00000000000000000000001000000000.$memwr$\order_valid_q$rtl/common/wire_order_book.sv:318$4777_EN' using process `$paramod\wire_order_book\NUM_SETS=s32'00000000000000000000001000000000.$proc$rtl/common/wire_order_book.sv:302$5572'.
  created $dff cell `$procdff$18099' with positive edge clock.
Creating register for signal `$paramod\wire_order_book\NUM_SETS=s32'00000000000000000000001000000000.$memwr$\order_valid_q$rtl/common/wire_order_book.sv:318$4778_EN' using process `$paramod\wire_order_book\NUM_SETS=s32'00000000000000000000001000000000.$proc$rtl/common/wire_order_book.sv:302$5572'.
  created $dff cell `$procdff$18100' with positive edge clock.
Creating register for signal `$paramod\wire_order_book\NUM_SETS=s32'00000000000000000000001000000000.$memwr$\order_valid_q$rtl/common/wire_order_book.sv:318$4779_EN' using process `$paramod\wire_order_book\NUM_SETS=s32'00000000000000000000001000000000.$proc$rtl/common/wire_order_book.sv:302$5572'.
  created $dff cell `$procdff$18101' with positive edge clock.
Creating register for signal `$paramod\wire_order_book\NUM_SETS=s32'00000000000000000000001000000000.$memwr$\order_valid_q$rtl/common/wire_order_book.sv:318$4780_EN' using process `$paramod\wire_order_book\NUM_SETS=s32'00000000000000000000001000000000.$proc$rtl/common/wire_order_book.sv:302$5572'.
  created $dff cell `$procdff$18102' with positive edge clock.
Creating register for signal `$paramod\wire_order_book\NUM_SETS=s32'00000000000000000000001000000000.$memwr$\order_valid_q$rtl/common/wire_order_book.sv:318$4781_EN' using process `$paramod\wire_order_book\NUM_SETS=s32'00000000000000000000001000000000.$proc$rtl/common/wire_order_book.sv:302$5572'.
  created $dff cell `$procdff$18103' with positive edge clock.
Creating register for signal `$paramod\wire_order_book\NUM_SETS=s32'00000000000000000000001000000000.$memwr$\order_valid_q$rtl/common/wire_order_book.sv:318$4782_EN' using process `$paramod\wire_order_book\NUM_SETS=s32'00000000000000000000001000000000.$proc$rtl/common/wire_order_book.sv:302$5572'.
  created $dff cell `$procdff$18104' with positive edge clock.
Creating register for signal `$paramod\wire_order_book\NUM_SETS=s32'00000000000000000000001000000000.$memwr$\order_valid_q$rtl/common/wire_order_book.sv:318$4783_EN' using process `$paramod\wire_order_book\NUM_SETS=s32'00000000000000000000001000000000.$proc$rtl/common/wire_order_book.sv:302$5572'.
  created $dff cell `$procdff$18105' with positive edge clock.
Creating register for signal `$paramod\wire_order_book\NUM_SETS=s32'00000000000000000000001000000000.$memwr$\order_valid_q$rtl/common/wire_order_book.sv:318$4784_EN' using process `$paramod\wire_order_book\NUM_SETS=s32'00000000000000000000001000000000.$proc$rtl/common/wire_order_book.sv:302$5572'.
  created $dff cell `$procdff$18106' with positive edge clock.
Creating register for signal `$paramod\wire_order_book\NUM_SETS=s32'00000000000000000000001000000000.$memwr$\order_valid_q$rtl/common/wire_order_book.sv:318$4785_EN' using process `$paramod\wire_order_book\NUM_SETS=s32'00000000000000000000001000000000.$proc$rtl/common/wire_order_book.sv:302$5572'.
  created $dff cell `$procdff$18107' with positive edge clock.
Creating register for signal `$paramod\wire_order_book\NUM_SETS=s32'00000000000000000000001000000000.$memwr$\order_valid_q$rtl/common/wire_order_book.sv:318$4786_EN' using process `$paramod\wire_order_book\NUM_SETS=s32'00000000000000000000001000000000.$proc$rtl/common/wire_order_book.sv:302$5572'.
  created $dff cell `$procdff$18108' with positive edge clock.
Creating register for signal `$paramod\wire_order_book\NUM_SETS=s32'00000000000000000000001000000000.$memwr$\order_valid_q$rtl/common/wire_order_book.sv:318$4787_EN' using process `$paramod\wire_order_book\NUM_SETS=s32'00000000000000000000001000000000.$proc$rtl/common/wire_order_book.sv:302$5572'.
  created $dff cell `$procdff$18109' with positive edge clock.
Creating register for signal `$paramod\wire_order_book\NUM_SETS=s32'00000000000000000000001000000000.$memwr$\order_valid_q$rtl/common/wire_order_book.sv:318$4788_EN' using process `$paramod\wire_order_book\NUM_SETS=s32'00000000000000000000001000000000.$proc$rtl/common/wire_order_book.sv:302$5572'.
  created $dff cell `$procdff$18110' with positive edge clock.
Creating register for signal `$paramod\wire_order_book\NUM_SETS=s32'00000000000000000000001000000000.$memwr$\order_valid_q$rtl/common/wire_order_book.sv:318$4789_EN' using process `$paramod\wire_order_book\NUM_SETS=s32'00000000000000000000001000000000.$proc$rtl/common/wire_order_book.sv:302$5572'.
  created $dff cell `$procdff$18111' with positive edge clock.
Creating register for signal `$paramod\wire_order_book\NUM_SETS=s32'00000000000000000000001000000000.$memwr$\order_valid_q$rtl/common/wire_order_book.sv:318$4790_EN' using process `$paramod\wire_order_book\NUM_SETS=s32'00000000000000000000001000000000.$proc$rtl/common/wire_order_book.sv:302$5572'.
  created $dff cell `$procdff$18112' with positive edge clock.
Creating register for signal `$paramod\wire_order_book\NUM_SETS=s32'00000000000000000000001000000000.$memwr$\order_valid_q$rtl/common/wire_order_book.sv:318$4791_EN' using process `$paramod\wire_order_book\NUM_SETS=s32'00000000000000000000001000000000.$proc$rtl/common/wire_order_book.sv:302$5572'.
  created $dff cell `$procdff$18113' with positive edge clock.
Creating register for signal `$paramod\wire_order_book\NUM_SETS=s32'00000000000000000000001000000000.$memwr$\order_valid_q$rtl/common/wire_order_book.sv:318$4792_EN' using process `$paramod\wire_order_book\NUM_SETS=s32'00000000000000000000001000000000.$proc$rtl/common/wire_order_book.sv:302$5572'.
  created $dff cell `$procdff$18114' with positive edge clock.
Creating register for signal `$paramod\wire_order_book\NUM_SETS=s32'00000000000000000000001000000000.$memwr$\order_valid_q$rtl/common/wire_order_book.sv:318$4793_EN' using process `$paramod\wire_order_book\NUM_SETS=s32'00000000000000000000001000000000.$proc$rtl/common/wire_order_book.sv:302$5572'.
  created $dff cell `$procdff$18115' with positive edge clock.
Creating register for signal `$paramod\wire_order_book\NUM_SETS=s32'00000000000000000000001000000000.$memwr$\order_valid_q$rtl/common/wire_order_book.sv:318$4794_EN' using process `$paramod\wire_order_book\NUM_SETS=s32'00000000000000000000001000000000.$proc$rtl/common/wire_order_book.sv:302$5572'.
  created $dff cell `$procdff$18116' with positive edge clock.
Creating register for signal `$paramod\wire_order_book\NUM_SETS=s32'00000000000000000000001000000000.$memwr$\order_valid_q$rtl/common/wire_order_book.sv:318$4795_EN' using process `$paramod\wire_order_book\NUM_SETS=s32'00000000000000000000001000000000.$proc$rtl/common/wire_order_book.sv:302$5572'.
  created $dff cell `$procdff$18117' with positive edge clock.
Creating register for signal `$paramod\wire_order_book\NUM_SETS=s32'00000000000000000000001000000000.$memwr$\order_valid_q$rtl/common/wire_order_book.sv:318$4796_EN' using process `$paramod\wire_order_book\NUM_SETS=s32'00000000000000000000001000000000.$proc$rtl/common/wire_order_book.sv:302$5572'.
  created $dff cell `$procdff$18118' with positive edge clock.
Creating register for signal `$paramod\wire_order_book\NUM_SETS=s32'00000000000000000000001000000000.$memwr$\order_valid_q$rtl/common/wire_order_book.sv:318$4797_EN' using process `$paramod\wire_order_book\NUM_SETS=s32'00000000000000000000001000000000.$proc$rtl/common/wire_order_book.sv:302$5572'.
  created $dff cell `$procdff$18119' with positive edge clock.
Creating register for signal `$paramod\wire_order_book\NUM_SETS=s32'00000000000000000000001000000000.$memwr$\order_valid_q$rtl/common/wire_order_book.sv:318$4798_EN' using process `$paramod\wire_order_book\NUM_SETS=s32'00000000000000000000001000000000.$proc$rtl/common/wire_order_book.sv:302$5572'.
  created $dff cell `$procdff$18120' with positive edge clock.
Creating register for signal `$paramod\wire_order_book\NUM_SETS=s32'00000000000000000000001000000000.$memwr$\order_valid_q$rtl/common/wire_order_book.sv:318$4799_EN' using process `$paramod\wire_order_book\NUM_SETS=s32'00000000000000000000001000000000.$proc$rtl/common/wire_order_book.sv:302$5572'.
  created $dff cell `$procdff$18121' with positive edge clock.
Creating register for signal `$paramod\wire_order_book\NUM_SETS=s32'00000000000000000000001000000000.$memwr$\order_valid_q$rtl/common/wire_order_book.sv:318$4800_EN' using process `$paramod\wire_order_book\NUM_SETS=s32'00000000000000000000001000000000.$proc$rtl/common/wire_order_book.sv:302$5572'.
  created $dff cell `$procdff$18122' with positive edge clock.
Creating register for signal `$paramod\wire_order_book\NUM_SETS=s32'00000000000000000000001000000000.$memwr$\order_valid_q$rtl/common/wire_order_book.sv:318$4801_EN' using process `$paramod\wire_order_book\NUM_SETS=s32'00000000000000000000001000000000.$proc$rtl/common/wire_order_book.sv:302$5572'.
  created $dff cell `$procdff$18123' with positive edge clock.
Creating register for signal `$paramod\wire_order_book\NUM_SETS=s32'00000000000000000000001000000000.$memwr$\order_valid_q$rtl/common/wire_order_book.sv:318$4802_EN' using process `$paramod\wire_order_book\NUM_SETS=s32'00000000000000000000001000000000.$proc$rtl/common/wire_order_book.sv:302$5572'.
  created $dff cell `$procdff$18124' with positive edge clock.
Creating register for signal `$paramod\wire_order_book\NUM_SETS=s32'00000000000000000000001000000000.$memwr$\order_valid_q$rtl/common/wire_order_book.sv:318$4803_EN' using process `$paramod\wire_order_book\NUM_SETS=s32'00000000000000000000001000000000.$proc$rtl/common/wire_order_book.sv:302$5572'.
  created $dff cell `$procdff$18125' with positive edge clock.
Creating register for signal `$paramod\wire_order_book\NUM_SETS=s32'00000000000000000000001000000000.$memwr$\order_valid_q$rtl/common/wire_order_book.sv:318$4804_EN' using process `$paramod\wire_order_book\NUM_SETS=s32'00000000000000000000001000000000.$proc$rtl/common/wire_order_book.sv:302$5572'.
  created $dff cell `$procdff$18126' with positive edge clock.
Creating register for signal `$paramod\wire_order_book\NUM_SETS=s32'00000000000000000000001000000000.$memwr$\order_valid_q$rtl/common/wire_order_book.sv:318$4805_EN' using process `$paramod\wire_order_book\NUM_SETS=s32'00000000000000000000001000000000.$proc$rtl/common/wire_order_book.sv:302$5572'.
  created $dff cell `$procdff$18127' with positive edge clock.
Creating register for signal `$paramod\wire_order_book\NUM_SETS=s32'00000000000000000000001000000000.$memwr$\order_valid_q$rtl/common/wire_order_book.sv:318$4806_EN' using process `$paramod\wire_order_book\NUM_SETS=s32'00000000000000000000001000000000.$proc$rtl/common/wire_order_book.sv:302$5572'.
  created $dff cell `$procdff$18128' with positive edge clock.
Creating register for signal `$paramod\wire_order_book\NUM_SETS=s32'00000000000000000000001000000000.$memwr$\order_valid_q$rtl/common/wire_order_book.sv:318$4807_EN' using process `$paramod\wire_order_book\NUM_SETS=s32'00000000000000000000001000000000.$proc$rtl/common/wire_order_book.sv:302$5572'.
  created $dff cell `$procdff$18129' with positive edge clock.
Creating register for signal `$paramod\wire_order_book\NUM_SETS=s32'00000000000000000000001000000000.$memwr$\order_valid_q$rtl/common/wire_order_book.sv:318$4808_EN' using process `$paramod\wire_order_book\NUM_SETS=s32'00000000000000000000001000000000.$proc$rtl/common/wire_order_book.sv:302$5572'.
  created $dff cell `$procdff$18130' with positive edge clock.
Creating register for signal `$paramod\wire_order_book\NUM_SETS=s32'00000000000000000000001000000000.$memwr$\order_valid_q$rtl/common/wire_order_book.sv:318$4809_EN' using process `$paramod\wire_order_book\NUM_SETS=s32'00000000000000000000001000000000.$proc$rtl/common/wire_order_book.sv:302$5572'.
  created $dff cell `$procdff$18131' with positive edge clock.
Creating register for signal `$paramod\wire_order_book\NUM_SETS=s32'00000000000000000000001000000000.$memwr$\order_valid_q$rtl/common/wire_order_book.sv:318$4810_EN' using process `$paramod\wire_order_book\NUM_SETS=s32'00000000000000000000001000000000.$proc$rtl/common/wire_order_book.sv:302$5572'.
  created $dff cell `$procdff$18132' with positive edge clock.
Creating register for signal `$paramod\wire_order_book\NUM_SETS=s32'00000000000000000000001000000000.$memwr$\order_valid_q$rtl/common/wire_order_book.sv:318$4811_EN' using process `$paramod\wire_order_book\NUM_SETS=s32'00000000000000000000001000000000.$proc$rtl/common/wire_order_book.sv:302$5572'.
  created $dff cell `$procdff$18133' with positive edge clock.
Creating register for signal `$paramod\wire_order_book\NUM_SETS=s32'00000000000000000000001000000000.$memwr$\order_valid_q$rtl/common/wire_order_book.sv:318$4812_EN' using process `$paramod\wire_order_book\NUM_SETS=s32'00000000000000000000001000000000.$proc$rtl/common/wire_order_book.sv:302$5572'.
  created $dff cell `$procdff$18134' with positive edge clock.
Creating register for signal `$paramod\wire_order_book\NUM_SETS=s32'00000000000000000000001000000000.$memwr$\order_valid_q$rtl/common/wire_order_book.sv:318$4813_EN' using process `$paramod\wire_order_book\NUM_SETS=s32'00000000000000000000001000000000.$proc$rtl/common/wire_order_book.sv:302$5572'.
  created $dff cell `$procdff$18135' with positive edge clock.
Creating register for signal `$paramod\wire_order_book\NUM_SETS=s32'00000000000000000000001000000000.$memwr$\order_valid_q$rtl/common/wire_order_book.sv:318$4814_EN' using process `$paramod\wire_order_book\NUM_SETS=s32'00000000000000000000001000000000.$proc$rtl/common/wire_order_book.sv:302$5572'.
  created $dff cell `$procdff$18136' with positive edge clock.
Creating register for signal `$paramod\wire_order_book\NUM_SETS=s32'00000000000000000000001000000000.$memwr$\order_valid_q$rtl/common/wire_order_book.sv:318$4815_EN' using process `$paramod\wire_order_book\NUM_SETS=s32'00000000000000000000001000000000.$proc$rtl/common/wire_order_book.sv:302$5572'.
  created $dff cell `$procdff$18137' with positive edge clock.
Creating register for signal `$paramod\wire_order_book\NUM_SETS=s32'00000000000000000000001000000000.$memwr$\order_valid_q$rtl/common/wire_order_book.sv:318$4816_EN' using process `$paramod\wire_order_book\NUM_SETS=s32'00000000000000000000001000000000.$proc$rtl/common/wire_order_book.sv:302$5572'.
  created $dff cell `$procdff$18138' with positive edge clock.
Creating register for signal `$paramod\wire_order_book\NUM_SETS=s32'00000000000000000000001000000000.$memwr$\order_valid_q$rtl/common/wire_order_book.sv:318$4817_EN' using process `$paramod\wire_order_book\NUM_SETS=s32'00000000000000000000001000000000.$proc$rtl/common/wire_order_book.sv:302$5572'.
  created $dff cell `$procdff$18139' with positive edge clock.
Creating register for signal `$paramod\wire_order_book\NUM_SETS=s32'00000000000000000000001000000000.$memwr$\order_valid_q$rtl/common/wire_order_book.sv:318$4818_EN' using process `$paramod\wire_order_book\NUM_SETS=s32'00000000000000000000001000000000.$proc$rtl/common/wire_order_book.sv:302$5572'.
  created $dff cell `$procdff$18140' with positive edge clock.
Creating register for signal `$paramod\wire_order_book\NUM_SETS=s32'00000000000000000000001000000000.$memwr$\order_valid_q$rtl/common/wire_order_book.sv:318$4819_EN' using process `$paramod\wire_order_book\NUM_SETS=s32'00000000000000000000001000000000.$proc$rtl/common/wire_order_book.sv:302$5572'.
  created $dff cell `$procdff$18141' with positive edge clock.
Creating register for signal `$paramod\wire_order_book\NUM_SETS=s32'00000000000000000000001000000000.$memwr$\order_valid_q$rtl/common/wire_order_book.sv:318$4820_EN' using process `$paramod\wire_order_book\NUM_SETS=s32'00000000000000000000001000000000.$proc$rtl/common/wire_order_book.sv:302$5572'.
  created $dff cell `$procdff$18142' with positive edge clock.
Creating register for signal `$paramod\wire_order_book\NUM_SETS=s32'00000000000000000000001000000000.$memwr$\order_valid_q$rtl/common/wire_order_book.sv:318$4821_EN' using process `$paramod\wire_order_book\NUM_SETS=s32'00000000000000000000001000000000.$proc$rtl/common/wire_order_book.sv:302$5572'.
  created $dff cell `$procdff$18143' with positive edge clock.
Creating register for signal `$paramod\wire_order_book\NUM_SETS=s32'00000000000000000000001000000000.$memwr$\order_valid_q$rtl/common/wire_order_book.sv:318$4822_EN' using process `$paramod\wire_order_book\NUM_SETS=s32'00000000000000000000001000000000.$proc$rtl/common/wire_order_book.sv:302$5572'.
  created $dff cell `$procdff$18144' with positive edge clock.
Creating register for signal `$paramod\wire_order_book\NUM_SETS=s32'00000000000000000000001000000000.$memwr$\order_valid_q$rtl/common/wire_order_book.sv:318$4823_EN' using process `$paramod\wire_order_book\NUM_SETS=s32'00000000000000000000001000000000.$proc$rtl/common/wire_order_book.sv:302$5572'.
  created $dff cell `$procdff$18145' with positive edge clock.
Creating register for signal `$paramod\wire_order_book\NUM_SETS=s32'00000000000000000000001000000000.$memwr$\order_valid_q$rtl/common/wire_order_book.sv:318$4824_EN' using process `$paramod\wire_order_book\NUM_SETS=s32'00000000000000000000001000000000.$proc$rtl/common/wire_order_book.sv:302$5572'.
  created $dff cell `$procdff$18146' with positive edge clock.
Creating register for signal `$paramod\wire_order_book\NUM_SETS=s32'00000000000000000000001000000000.$memwr$\order_valid_q$rtl/common/wire_order_book.sv:318$4825_EN' using process `$paramod\wire_order_book\NUM_SETS=s32'00000000000000000000001000000000.$proc$rtl/common/wire_order_book.sv:302$5572'.
  created $dff cell `$procdff$18147' with positive edge clock.
Creating register for signal `$paramod\wire_order_book\NUM_SETS=s32'00000000000000000000001000000000.$memwr$\order_valid_q$rtl/common/wire_order_book.sv:318$4826_EN' using process `$paramod\wire_order_book\NUM_SETS=s32'00000000000000000000001000000000.$proc$rtl/common/wire_order_book.sv:302$5572'.
  created $dff cell `$procdff$18148' with positive edge clock.
Creating register for signal `$paramod\wire_order_book\NUM_SETS=s32'00000000000000000000001000000000.$memwr$\order_valid_q$rtl/common/wire_order_book.sv:318$4827_EN' using process `$paramod\wire_order_book\NUM_SETS=s32'00000000000000000000001000000000.$proc$rtl/common/wire_order_book.sv:302$5572'.
  created $dff cell `$procdff$18149' with positive edge clock.
Creating register for signal `$paramod\wire_order_book\NUM_SETS=s32'00000000000000000000001000000000.$memwr$\order_valid_q$rtl/common/wire_order_book.sv:318$4828_EN' using process `$paramod\wire_order_book\NUM_SETS=s32'00000000000000000000001000000000.$proc$rtl/common/wire_order_book.sv:302$5572'.
  created $dff cell `$procdff$18150' with positive edge clock.
Creating register for signal `$paramod\wire_order_book\NUM_SETS=s32'00000000000000000000001000000000.$memwr$\order_valid_q$rtl/common/wire_order_book.sv:318$4829_EN' using process `$paramod\wire_order_book\NUM_SETS=s32'00000000000000000000001000000000.$proc$rtl/common/wire_order_book.sv:302$5572'.
  created $dff cell `$procdff$18151' with positive edge clock.
Creating register for signal `$paramod\wire_order_book\NUM_SETS=s32'00000000000000000000001000000000.$memwr$\order_valid_q$rtl/common/wire_order_book.sv:318$4830_EN' using process `$paramod\wire_order_book\NUM_SETS=s32'00000000000000000000001000000000.$proc$rtl/common/wire_order_book.sv:302$5572'.
  created $dff cell `$procdff$18152' with positive edge clock.
Creating register for signal `$paramod\wire_order_book\NUM_SETS=s32'00000000000000000000001000000000.$memwr$\order_valid_q$rtl/common/wire_order_book.sv:318$4831_EN' using process `$paramod\wire_order_book\NUM_SETS=s32'00000000000000000000001000000000.$proc$rtl/common/wire_order_book.sv:302$5572'.
  created $dff cell `$procdff$18153' with positive edge clock.
Creating register for signal `$paramod\wire_order_book\NUM_SETS=s32'00000000000000000000001000000000.$memwr$\order_valid_q$rtl/common/wire_order_book.sv:318$4832_EN' using process `$paramod\wire_order_book\NUM_SETS=s32'00000000000000000000001000000000.$proc$rtl/common/wire_order_book.sv:302$5572'.
  created $dff cell `$procdff$18154' with positive edge clock.
Creating register for signal `$paramod\wire_order_book\NUM_SETS=s32'00000000000000000000001000000000.$memwr$\order_valid_q$rtl/common/wire_order_book.sv:318$4833_EN' using process `$paramod\wire_order_book\NUM_SETS=s32'00000000000000000000001000000000.$proc$rtl/common/wire_order_book.sv:302$5572'.
  created $dff cell `$procdff$18155' with positive edge clock.
Creating register for signal `$paramod\wire_order_book\NUM_SETS=s32'00000000000000000000001000000000.$memwr$\order_valid_q$rtl/common/wire_order_book.sv:318$4834_EN' using process `$paramod\wire_order_book\NUM_SETS=s32'00000000000000000000001000000000.$proc$rtl/common/wire_order_book.sv:302$5572'.
  created $dff cell `$procdff$18156' with positive edge clock.
Creating register for signal `$paramod\wire_order_book\NUM_SETS=s32'00000000000000000000001000000000.$memwr$\order_valid_q$rtl/common/wire_order_book.sv:318$4835_EN' using process `$paramod\wire_order_book\NUM_SETS=s32'00000000000000000000001000000000.$proc$rtl/common/wire_order_book.sv:302$5572'.
  created $dff cell `$procdff$18157' with positive edge clock.
Creating register for signal `$paramod\wire_order_book\NUM_SETS=s32'00000000000000000000001000000000.$memwr$\order_valid_q$rtl/common/wire_order_book.sv:318$4836_EN' using process `$paramod\wire_order_book\NUM_SETS=s32'00000000000000000000001000000000.$proc$rtl/common/wire_order_book.sv:302$5572'.
  created $dff cell `$procdff$18158' with positive edge clock.
Creating register for signal `$paramod\wire_order_book\NUM_SETS=s32'00000000000000000000001000000000.$memwr$\order_valid_q$rtl/common/wire_order_book.sv:318$4837_EN' using process `$paramod\wire_order_book\NUM_SETS=s32'00000000000000000000001000000000.$proc$rtl/common/wire_order_book.sv:302$5572'.
  created $dff cell `$procdff$18159' with positive edge clock.
Creating register for signal `$paramod\wire_order_book\NUM_SETS=s32'00000000000000000000001000000000.$memwr$\order_valid_q$rtl/common/wire_order_book.sv:318$4838_EN' using process `$paramod\wire_order_book\NUM_SETS=s32'00000000000000000000001000000000.$proc$rtl/common/wire_order_book.sv:302$5572'.
  created $dff cell `$procdff$18160' with positive edge clock.
Creating register for signal `$paramod\wire_order_book\NUM_SETS=s32'00000000000000000000001000000000.$memwr$\order_valid_q$rtl/common/wire_order_book.sv:318$4839_EN' using process `$paramod\wire_order_book\NUM_SETS=s32'00000000000000000000001000000000.$proc$rtl/common/wire_order_book.sv:302$5572'.
  created $dff cell `$procdff$18161' with positive edge clock.
Creating register for signal `$paramod\wire_order_book\NUM_SETS=s32'00000000000000000000001000000000.$memwr$\order_valid_q$rtl/common/wire_order_book.sv:318$4840_EN' using process `$paramod\wire_order_book\NUM_SETS=s32'00000000000000000000001000000000.$proc$rtl/common/wire_order_book.sv:302$5572'.
  created $dff cell `$procdff$18162' with positive edge clock.
Creating register for signal `$paramod\wire_order_book\NUM_SETS=s32'00000000000000000000001000000000.$memwr$\order_valid_q$rtl/common/wire_order_book.sv:318$4841_EN' using process `$paramod\wire_order_book\NUM_SETS=s32'00000000000000000000001000000000.$proc$rtl/common/wire_order_book.sv:302$5572'.
  created $dff cell `$procdff$18163' with positive edge clock.
Creating register for signal `$paramod\wire_order_book\NUM_SETS=s32'00000000000000000000001000000000.$memwr$\order_valid_q$rtl/common/wire_order_book.sv:318$4842_EN' using process `$paramod\wire_order_book\NUM_SETS=s32'00000000000000000000001000000000.$proc$rtl/common/wire_order_book.sv:302$5572'.
  created $dff cell `$procdff$18164' with positive edge clock.
Creating register for signal `$paramod\wire_order_book\NUM_SETS=s32'00000000000000000000001000000000.$memwr$\order_valid_q$rtl/common/wire_order_book.sv:318$4843_EN' using process `$paramod\wire_order_book\NUM_SETS=s32'00000000000000000000001000000000.$proc$rtl/common/wire_order_book.sv:302$5572'.
  created $dff cell `$procdff$18165' with positive edge clock.
Creating register for signal `$paramod\wire_order_book\NUM_SETS=s32'00000000000000000000001000000000.$memwr$\order_valid_q$rtl/common/wire_order_book.sv:318$4844_EN' using process `$paramod\wire_order_book\NUM_SETS=s32'00000000000000000000001000000000.$proc$rtl/common/wire_order_book.sv:302$5572'.
  created $dff cell `$procdff$18166' with positive edge clock.
Creating register for signal `$paramod\wire_order_book\NUM_SETS=s32'00000000000000000000001000000000.$memwr$\order_valid_q$rtl/common/wire_order_book.sv:318$4845_EN' using process `$paramod\wire_order_book\NUM_SETS=s32'00000000000000000000001000000000.$proc$rtl/common/wire_order_book.sv:302$5572'.
  created $dff cell `$procdff$18167' with positive edge clock.
Creating register for signal `$paramod\wire_order_book\NUM_SETS=s32'00000000000000000000001000000000.$memwr$\order_valid_q$rtl/common/wire_order_book.sv:318$4846_EN' using process `$paramod\wire_order_book\NUM_SETS=s32'00000000000000000000001000000000.$proc$rtl/common/wire_order_book.sv:302$5572'.
  created $dff cell `$procdff$18168' with positive edge clock.
Creating register for signal `$paramod\wire_order_book\NUM_SETS=s32'00000000000000000000001000000000.$memwr$\order_valid_q$rtl/common/wire_order_book.sv:318$4847_EN' using process `$paramod\wire_order_book\NUM_SETS=s32'00000000000000000000001000000000.$proc$rtl/common/wire_order_book.sv:302$5572'.
  created $dff cell `$procdff$18169' with positive edge clock.
Creating register for signal `$paramod\wire_order_book\NUM_SETS=s32'00000000000000000000001000000000.$memwr$\order_valid_q$rtl/common/wire_order_book.sv:318$4848_EN' using process `$paramod\wire_order_book\NUM_SETS=s32'00000000000000000000001000000000.$proc$rtl/common/wire_order_book.sv:302$5572'.
  created $dff cell `$procdff$18170' with positive edge clock.
Creating register for signal `$paramod\wire_order_book\NUM_SETS=s32'00000000000000000000001000000000.$memwr$\order_valid_q$rtl/common/wire_order_book.sv:318$4849_EN' using process `$paramod\wire_order_book\NUM_SETS=s32'00000000000000000000001000000000.$proc$rtl/common/wire_order_book.sv:302$5572'.
  created $dff cell `$procdff$18171' with positive edge clock.
Creating register for signal `$paramod\wire_order_book\NUM_SETS=s32'00000000000000000000001000000000.$memwr$\order_valid_q$rtl/common/wire_order_book.sv:318$4850_EN' using process `$paramod\wire_order_book\NUM_SETS=s32'00000000000000000000001000000000.$proc$rtl/common/wire_order_book.sv:302$5572'.
  created $dff cell `$procdff$18172' with positive edge clock.
Creating register for signal `$paramod\wire_order_book\NUM_SETS=s32'00000000000000000000001000000000.$memwr$\order_valid_q$rtl/common/wire_order_book.sv:318$4851_EN' using process `$paramod\wire_order_book\NUM_SETS=s32'00000000000000000000001000000000.$proc$rtl/common/wire_order_book.sv:302$5572'.
  created $dff cell `$procdff$18173' with positive edge clock.
Creating register for signal `$paramod\wire_order_book\NUM_SETS=s32'00000000000000000000001000000000.$memwr$\order_valid_q$rtl/common/wire_order_book.sv:318$4852_EN' using process `$paramod\wire_order_book\NUM_SETS=s32'00000000000000000000001000000000.$proc$rtl/common/wire_order_book.sv:302$5572'.
  created $dff cell `$procdff$18174' with positive edge clock.
Creating register for signal `$paramod\wire_order_book\NUM_SETS=s32'00000000000000000000001000000000.$memwr$\order_valid_q$rtl/common/wire_order_book.sv:318$4853_EN' using process `$paramod\wire_order_book\NUM_SETS=s32'00000000000000000000001000000000.$proc$rtl/common/wire_order_book.sv:302$5572'.
  created $dff cell `$procdff$18175' with positive edge clock.
Creating register for signal `$paramod\wire_order_book\NUM_SETS=s32'00000000000000000000001000000000.$memwr$\order_valid_q$rtl/common/wire_order_book.sv:318$4854_EN' using process `$paramod\wire_order_book\NUM_SETS=s32'00000000000000000000001000000000.$proc$rtl/common/wire_order_book.sv:302$5572'.
  created $dff cell `$procdff$18176' with positive edge clock.
Creating register for signal `$paramod\wire_order_book\NUM_SETS=s32'00000000000000000000001000000000.$memwr$\order_valid_q$rtl/common/wire_order_book.sv:318$4855_EN' using process `$paramod\wire_order_book\NUM_SETS=s32'00000000000000000000001000000000.$proc$rtl/common/wire_order_book.sv:302$5572'.
  created $dff cell `$procdff$18177' with positive edge clock.
Creating register for signal `$paramod\wire_order_book\NUM_SETS=s32'00000000000000000000001000000000.$memwr$\order_valid_q$rtl/common/wire_order_book.sv:318$4856_EN' using process `$paramod\wire_order_book\NUM_SETS=s32'00000000000000000000001000000000.$proc$rtl/common/wire_order_book.sv:302$5572'.
  created $dff cell `$procdff$18178' with positive edge clock.
Creating register for signal `$paramod\wire_order_book\NUM_SETS=s32'00000000000000000000001000000000.$memwr$\order_valid_q$rtl/common/wire_order_book.sv:318$4857_EN' using process `$paramod\wire_order_book\NUM_SETS=s32'00000000000000000000001000000000.$proc$rtl/common/wire_order_book.sv:302$5572'.
  created $dff cell `$procdff$18179' with positive edge clock.
Creating register for signal `$paramod\wire_order_book\NUM_SETS=s32'00000000000000000000001000000000.$memwr$\order_valid_q$rtl/common/wire_order_book.sv:318$4858_EN' using process `$paramod\wire_order_book\NUM_SETS=s32'00000000000000000000001000000000.$proc$rtl/common/wire_order_book.sv:302$5572'.
  created $dff cell `$procdff$18180' with positive edge clock.
Creating register for signal `$paramod\wire_order_book\NUM_SETS=s32'00000000000000000000001000000000.$memwr$\order_valid_q$rtl/common/wire_order_book.sv:318$4859_EN' using process `$paramod\wire_order_book\NUM_SETS=s32'00000000000000000000001000000000.$proc$rtl/common/wire_order_book.sv:302$5572'.
  created $dff cell `$procdff$18181' with positive edge clock.
Creating register for signal `$paramod\wire_order_book\NUM_SETS=s32'00000000000000000000001000000000.$memwr$\order_valid_q$rtl/common/wire_order_book.sv:318$4860_EN' using process `$paramod\wire_order_book\NUM_SETS=s32'00000000000000000000001000000000.$proc$rtl/common/wire_order_book.sv:302$5572'.
  created $dff cell `$procdff$18182' with positive edge clock.
Creating register for signal `$paramod\wire_order_book\NUM_SETS=s32'00000000000000000000001000000000.$memwr$\order_valid_q$rtl/common/wire_order_book.sv:318$4861_EN' using process `$paramod\wire_order_book\NUM_SETS=s32'00000000000000000000001000000000.$proc$rtl/common/wire_order_book.sv:302$5572'.
  created $dff cell `$procdff$18183' with positive edge clock.
Creating register for signal `$paramod\wire_order_book\NUM_SETS=s32'00000000000000000000001000000000.$memwr$\order_valid_q$rtl/common/wire_order_book.sv:318$4862_EN' using process `$paramod\wire_order_book\NUM_SETS=s32'00000000000000000000001000000000.$proc$rtl/common/wire_order_book.sv:302$5572'.
  created $dff cell `$procdff$18184' with positive edge clock.
Creating register for signal `$paramod\wire_order_book\NUM_SETS=s32'00000000000000000000001000000000.$memwr$\order_valid_q$rtl/common/wire_order_book.sv:318$4863_EN' using process `$paramod\wire_order_book\NUM_SETS=s32'00000000000000000000001000000000.$proc$rtl/common/wire_order_book.sv:302$5572'.
  created $dff cell `$procdff$18185' with positive edge clock.
Creating register for signal `$paramod\wire_order_book\NUM_SETS=s32'00000000000000000000001000000000.$memwr$\order_valid_q$rtl/common/wire_order_book.sv:318$4864_EN' using process `$paramod\wire_order_book\NUM_SETS=s32'00000000000000000000001000000000.$proc$rtl/common/wire_order_book.sv:302$5572'.
  created $dff cell `$procdff$18186' with positive edge clock.
Creating register for signal `$paramod\wire_order_book\NUM_SETS=s32'00000000000000000000001000000000.$memwr$\order_valid_q$rtl/common/wire_order_book.sv:318$4865_EN' using process `$paramod\wire_order_book\NUM_SETS=s32'00000000000000000000001000000000.$proc$rtl/common/wire_order_book.sv:302$5572'.
  created $dff cell `$procdff$18187' with positive edge clock.
Creating register for signal `$paramod\wire_order_book\NUM_SETS=s32'00000000000000000000001000000000.$memwr$\order_valid_q$rtl/common/wire_order_book.sv:318$4866_EN' using process `$paramod\wire_order_book\NUM_SETS=s32'00000000000000000000001000000000.$proc$rtl/common/wire_order_book.sv:302$5572'.
  created $dff cell `$procdff$18188' with positive edge clock.
Creating register for signal `$paramod\wire_order_book\NUM_SETS=s32'00000000000000000000001000000000.$memwr$\order_valid_q$rtl/common/wire_order_book.sv:318$4867_EN' using process `$paramod\wire_order_book\NUM_SETS=s32'00000000000000000000001000000000.$proc$rtl/common/wire_order_book.sv:302$5572'.
  created $dff cell `$procdff$18189' with positive edge clock.
Creating register for signal `$paramod\wire_order_book\NUM_SETS=s32'00000000000000000000001000000000.$memwr$\order_valid_q$rtl/common/wire_order_book.sv:318$4868_EN' using process `$paramod\wire_order_book\NUM_SETS=s32'00000000000000000000001000000000.$proc$rtl/common/wire_order_book.sv:302$5572'.
  created $dff cell `$procdff$18190' with positive edge clock.
Creating register for signal `$paramod\wire_order_book\NUM_SETS=s32'00000000000000000000001000000000.$memwr$\order_valid_q$rtl/common/wire_order_book.sv:318$4869_EN' using process `$paramod\wire_order_book\NUM_SETS=s32'00000000000000000000001000000000.$proc$rtl/common/wire_order_book.sv:302$5572'.
  created $dff cell `$procdff$18191' with positive edge clock.
Creating register for signal `$paramod\wire_order_book\NUM_SETS=s32'00000000000000000000001000000000.$memwr$\order_valid_q$rtl/common/wire_order_book.sv:318$4870_EN' using process `$paramod\wire_order_book\NUM_SETS=s32'00000000000000000000001000000000.$proc$rtl/common/wire_order_book.sv:302$5572'.
  created $dff cell `$procdff$18192' with positive edge clock.
Creating register for signal `$paramod\wire_order_book\NUM_SETS=s32'00000000000000000000001000000000.$memwr$\order_valid_q$rtl/common/wire_order_book.sv:318$4871_EN' using process `$paramod\wire_order_book\NUM_SETS=s32'00000000000000000000001000000000.$proc$rtl/common/wire_order_book.sv:302$5572'.
  created $dff cell `$procdff$18193' with positive edge clock.
Creating register for signal `$paramod\wire_order_book\NUM_SETS=s32'00000000000000000000001000000000.$memwr$\order_valid_q$rtl/common/wire_order_book.sv:318$4872_EN' using process `$paramod\wire_order_book\NUM_SETS=s32'00000000000000000000001000000000.$proc$rtl/common/wire_order_book.sv:302$5572'.
  created $dff cell `$procdff$18194' with positive edge clock.
Creating register for signal `$paramod\wire_order_book\NUM_SETS=s32'00000000000000000000001000000000.$memwr$\order_valid_q$rtl/common/wire_order_book.sv:318$4873_EN' using process `$paramod\wire_order_book\NUM_SETS=s32'00000000000000000000001000000000.$proc$rtl/common/wire_order_book.sv:302$5572'.
  created $dff cell `$procdff$18195' with positive edge clock.
Creating register for signal `$paramod\wire_order_book\NUM_SETS=s32'00000000000000000000001000000000.$memwr$\order_valid_q$rtl/common/wire_order_book.sv:318$4874_EN' using process `$paramod\wire_order_book\NUM_SETS=s32'00000000000000000000001000000000.$proc$rtl/common/wire_order_book.sv:302$5572'.
  created $dff cell `$procdff$18196' with positive edge clock.
Creating register for signal `$paramod\wire_order_book\NUM_SETS=s32'00000000000000000000001000000000.$memwr$\order_valid_q$rtl/common/wire_order_book.sv:318$4875_EN' using process `$paramod\wire_order_book\NUM_SETS=s32'00000000000000000000001000000000.$proc$rtl/common/wire_order_book.sv:302$5572'.
  created $dff cell `$procdff$18197' with positive edge clock.
Creating register for signal `$paramod\wire_order_book\NUM_SETS=s32'00000000000000000000001000000000.$memwr$\order_valid_q$rtl/common/wire_order_book.sv:318$4876_EN' using process `$paramod\wire_order_book\NUM_SETS=s32'00000000000000000000001000000000.$proc$rtl/common/wire_order_book.sv:302$5572'.
  created $dff cell `$procdff$18198' with positive edge clock.
Creating register for signal `$paramod\wire_order_book\NUM_SETS=s32'00000000000000000000001000000000.$memwr$\order_valid_q$rtl/common/wire_order_book.sv:318$4877_EN' using process `$paramod\wire_order_book\NUM_SETS=s32'00000000000000000000001000000000.$proc$rtl/common/wire_order_book.sv:302$5572'.
  created $dff cell `$procdff$18199' with positive edge clock.
Creating register for signal `$paramod\wire_order_book\NUM_SETS=s32'00000000000000000000001000000000.$memwr$\order_valid_q$rtl/common/wire_order_book.sv:318$4878_EN' using process `$paramod\wire_order_book\NUM_SETS=s32'00000000000000000000001000000000.$proc$rtl/common/wire_order_book.sv:302$5572'.
  created $dff cell `$procdff$18200' with positive edge clock.
Creating register for signal `$paramod\wire_order_book\NUM_SETS=s32'00000000000000000000001000000000.$memwr$\order_valid_q$rtl/common/wire_order_book.sv:318$4879_EN' using process `$paramod\wire_order_book\NUM_SETS=s32'00000000000000000000001000000000.$proc$rtl/common/wire_order_book.sv:302$5572'.
  created $dff cell `$procdff$18201' with positive edge clock.
Creating register for signal `$paramod\wire_order_book\NUM_SETS=s32'00000000000000000000001000000000.$memwr$\order_valid_q$rtl/common/wire_order_book.sv:318$4880_EN' using process `$paramod\wire_order_book\NUM_SETS=s32'00000000000000000000001000000000.$proc$rtl/common/wire_order_book.sv:302$5572'.
  created $dff cell `$procdff$18202' with positive edge clock.
Creating register for signal `$paramod\wire_order_book\NUM_SETS=s32'00000000000000000000001000000000.$memwr$\order_valid_q$rtl/common/wire_order_book.sv:318$4881_EN' using process `$paramod\wire_order_book\NUM_SETS=s32'00000000000000000000001000000000.$proc$rtl/common/wire_order_book.sv:302$5572'.
  created $dff cell `$procdff$18203' with positive edge clock.
Creating register for signal `$paramod\wire_order_book\NUM_SETS=s32'00000000000000000000001000000000.$memwr$\order_valid_q$rtl/common/wire_order_book.sv:318$4882_EN' using process `$paramod\wire_order_book\NUM_SETS=s32'00000000000000000000001000000000.$proc$rtl/common/wire_order_book.sv:302$5572'.
  created $dff cell `$procdff$18204' with positive edge clock.
Creating register for signal `$paramod\wire_order_book\NUM_SETS=s32'00000000000000000000001000000000.$memwr$\order_valid_q$rtl/common/wire_order_book.sv:318$4883_EN' using process `$paramod\wire_order_book\NUM_SETS=s32'00000000000000000000001000000000.$proc$rtl/common/wire_order_book.sv:302$5572'.
  created $dff cell `$procdff$18205' with positive edge clock.
Creating register for signal `$paramod\wire_order_book\NUM_SETS=s32'00000000000000000000001000000000.$memwr$\order_valid_q$rtl/common/wire_order_book.sv:318$4884_EN' using process `$paramod\wire_order_book\NUM_SETS=s32'00000000000000000000001000000000.$proc$rtl/common/wire_order_book.sv:302$5572'.
  created $dff cell `$procdff$18206' with positive edge clock.
Creating register for signal `$paramod\wire_order_book\NUM_SETS=s32'00000000000000000000001000000000.$memwr$\order_valid_q$rtl/common/wire_order_book.sv:318$4885_EN' using process `$paramod\wire_order_book\NUM_SETS=s32'00000000000000000000001000000000.$proc$rtl/common/wire_order_book.sv:302$5572'.
  created $dff cell `$procdff$18207' with positive edge clock.
Creating register for signal `$paramod\wire_order_book\NUM_SETS=s32'00000000000000000000001000000000.$memwr$\order_valid_q$rtl/common/wire_order_book.sv:318$4886_EN' using process `$paramod\wire_order_book\NUM_SETS=s32'00000000000000000000001000000000.$proc$rtl/common/wire_order_book.sv:302$5572'.
  created $dff cell `$procdff$18208' with positive edge clock.
Creating register for signal `$paramod\wire_order_book\NUM_SETS=s32'00000000000000000000001000000000.$memwr$\order_valid_q$rtl/common/wire_order_book.sv:318$4887_EN' using process `$paramod\wire_order_book\NUM_SETS=s32'00000000000000000000001000000000.$proc$rtl/common/wire_order_book.sv:302$5572'.
  created $dff cell `$procdff$18209' with positive edge clock.
Creating register for signal `$paramod\wire_order_book\NUM_SETS=s32'00000000000000000000001000000000.$memwr$\order_valid_q$rtl/common/wire_order_book.sv:318$4888_EN' using process `$paramod\wire_order_book\NUM_SETS=s32'00000000000000000000001000000000.$proc$rtl/common/wire_order_book.sv:302$5572'.
  created $dff cell `$procdff$18210' with positive edge clock.
Creating register for signal `$paramod\wire_order_book\NUM_SETS=s32'00000000000000000000001000000000.$memwr$\order_valid_q$rtl/common/wire_order_book.sv:318$4889_EN' using process `$paramod\wire_order_book\NUM_SETS=s32'00000000000000000000001000000000.$proc$rtl/common/wire_order_book.sv:302$5572'.
  created $dff cell `$procdff$18211' with positive edge clock.
Creating register for signal `$paramod\wire_order_book\NUM_SETS=s32'00000000000000000000001000000000.$memwr$\order_valid_q$rtl/common/wire_order_book.sv:318$4890_EN' using process `$paramod\wire_order_book\NUM_SETS=s32'00000000000000000000001000000000.$proc$rtl/common/wire_order_book.sv:302$5572'.
  created $dff cell `$procdff$18212' with positive edge clock.
Creating register for signal `$paramod\wire_order_book\NUM_SETS=s32'00000000000000000000001000000000.$memwr$\order_valid_q$rtl/common/wire_order_book.sv:318$4891_EN' using process `$paramod\wire_order_book\NUM_SETS=s32'00000000000000000000001000000000.$proc$rtl/common/wire_order_book.sv:302$5572'.
  created $dff cell `$procdff$18213' with positive edge clock.
Creating register for signal `$paramod\wire_order_book\NUM_SETS=s32'00000000000000000000001000000000.$memwr$\order_valid_q$rtl/common/wire_order_book.sv:318$4892_EN' using process `$paramod\wire_order_book\NUM_SETS=s32'00000000000000000000001000000000.$proc$rtl/common/wire_order_book.sv:302$5572'.
  created $dff cell `$procdff$18214' with positive edge clock.
Creating register for signal `$paramod\wire_order_book\NUM_SETS=s32'00000000000000000000001000000000.$memwr$\order_valid_q$rtl/common/wire_order_book.sv:318$4893_EN' using process `$paramod\wire_order_book\NUM_SETS=s32'00000000000000000000001000000000.$proc$rtl/common/wire_order_book.sv:302$5572'.
  created $dff cell `$procdff$18215' with positive edge clock.
Creating register for signal `$paramod\wire_order_book\NUM_SETS=s32'00000000000000000000001000000000.$memwr$\order_valid_q$rtl/common/wire_order_book.sv:318$4894_EN' using process `$paramod\wire_order_book\NUM_SETS=s32'00000000000000000000001000000000.$proc$rtl/common/wire_order_book.sv:302$5572'.
  created $dff cell `$procdff$18216' with positive edge clock.
Creating register for signal `$paramod\wire_order_book\NUM_SETS=s32'00000000000000000000001000000000.$memwr$\order_valid_q$rtl/common/wire_order_book.sv:318$4895_EN' using process `$paramod\wire_order_book\NUM_SETS=s32'00000000000000000000001000000000.$proc$rtl/common/wire_order_book.sv:302$5572'.
  created $dff cell `$procdff$18217' with positive edge clock.
Creating register for signal `$paramod\wire_order_book\NUM_SETS=s32'00000000000000000000001000000000.$memwr$\order_valid_q$rtl/common/wire_order_book.sv:318$4896_EN' using process `$paramod\wire_order_book\NUM_SETS=s32'00000000000000000000001000000000.$proc$rtl/common/wire_order_book.sv:302$5572'.
  created $dff cell `$procdff$18218' with positive edge clock.
Creating register for signal `$paramod\wire_order_book\NUM_SETS=s32'00000000000000000000001000000000.$memwr$\order_valid_q$rtl/common/wire_order_book.sv:318$4897_EN' using process `$paramod\wire_order_book\NUM_SETS=s32'00000000000000000000001000000000.$proc$rtl/common/wire_order_book.sv:302$5572'.
  created $dff cell `$procdff$18219' with positive edge clock.
Creating register for signal `$paramod\wire_order_book\NUM_SETS=s32'00000000000000000000001000000000.$memwr$\order_valid_q$rtl/common/wire_order_book.sv:318$4898_EN' using process `$paramod\wire_order_book\NUM_SETS=s32'00000000000000000000001000000000.$proc$rtl/common/wire_order_book.sv:302$5572'.
  created $dff cell `$procdff$18220' with positive edge clock.
Creating register for signal `$paramod\wire_order_book\NUM_SETS=s32'00000000000000000000001000000000.$memwr$\order_valid_q$rtl/common/wire_order_book.sv:318$4899_EN' using process `$paramod\wire_order_book\NUM_SETS=s32'00000000000000000000001000000000.$proc$rtl/common/wire_order_book.sv:302$5572'.
  created $dff cell `$procdff$18221' with positive edge clock.
Creating register for signal `$paramod\wire_order_book\NUM_SETS=s32'00000000000000000000001000000000.$memwr$\order_valid_q$rtl/common/wire_order_book.sv:318$4900_EN' using process `$paramod\wire_order_book\NUM_SETS=s32'00000000000000000000001000000000.$proc$rtl/common/wire_order_book.sv:302$5572'.
  created $dff cell `$procdff$18222' with positive edge clock.
Creating register for signal `$paramod\wire_order_book\NUM_SETS=s32'00000000000000000000001000000000.$memwr$\order_valid_q$rtl/common/wire_order_book.sv:318$4901_EN' using process `$paramod\wire_order_book\NUM_SETS=s32'00000000000000000000001000000000.$proc$rtl/common/wire_order_book.sv:302$5572'.
  created $dff cell `$procdff$18223' with positive edge clock.
Creating register for signal `$paramod\wire_order_book\NUM_SETS=s32'00000000000000000000001000000000.$memwr$\order_valid_q$rtl/common/wire_order_book.sv:318$4902_EN' using process `$paramod\wire_order_book\NUM_SETS=s32'00000000000000000000001000000000.$proc$rtl/common/wire_order_book.sv:302$5572'.
  created $dff cell `$procdff$18224' with positive edge clock.
Creating register for signal `$paramod\wire_order_book\NUM_SETS=s32'00000000000000000000001000000000.$memwr$\order_valid_q$rtl/common/wire_order_book.sv:318$4903_EN' using process `$paramod\wire_order_book\NUM_SETS=s32'00000000000000000000001000000000.$proc$rtl/common/wire_order_book.sv:302$5572'.
  created $dff cell `$procdff$18225' with positive edge clock.
Creating register for signal `$paramod\wire_order_book\NUM_SETS=s32'00000000000000000000001000000000.$memwr$\order_valid_q$rtl/common/wire_order_book.sv:318$4904_EN' using process `$paramod\wire_order_book\NUM_SETS=s32'00000000000000000000001000000000.$proc$rtl/common/wire_order_book.sv:302$5572'.
  created $dff cell `$procdff$18226' with positive edge clock.
Creating register for signal `$paramod\wire_order_book\NUM_SETS=s32'00000000000000000000001000000000.$memwr$\order_valid_q$rtl/common/wire_order_book.sv:318$4905_EN' using process `$paramod\wire_order_book\NUM_SETS=s32'00000000000000000000001000000000.$proc$rtl/common/wire_order_book.sv:302$5572'.
  created $dff cell `$procdff$18227' with positive edge clock.
Creating register for signal `$paramod\wire_order_book\NUM_SETS=s32'00000000000000000000001000000000.$memwr$\order_valid_q$rtl/common/wire_order_book.sv:318$4906_EN' using process `$paramod\wire_order_book\NUM_SETS=s32'00000000000000000000001000000000.$proc$rtl/common/wire_order_book.sv:302$5572'.
  created $dff cell `$procdff$18228' with positive edge clock.
Creating register for signal `$paramod\wire_order_book\NUM_SETS=s32'00000000000000000000001000000000.$memwr$\order_valid_q$rtl/common/wire_order_book.sv:318$4907_EN' using process `$paramod\wire_order_book\NUM_SETS=s32'00000000000000000000001000000000.$proc$rtl/common/wire_order_book.sv:302$5572'.
  created $dff cell `$procdff$18229' with positive edge clock.
Creating register for signal `$paramod\wire_order_book\NUM_SETS=s32'00000000000000000000001000000000.$memwr$\order_valid_q$rtl/common/wire_order_book.sv:318$4908_EN' using process `$paramod\wire_order_book\NUM_SETS=s32'00000000000000000000001000000000.$proc$rtl/common/wire_order_book.sv:302$5572'.
  created $dff cell `$procdff$18230' with positive edge clock.
Creating register for signal `$paramod\wire_order_book\NUM_SETS=s32'00000000000000000000001000000000.$memwr$\order_valid_q$rtl/common/wire_order_book.sv:318$4909_EN' using process `$paramod\wire_order_book\NUM_SETS=s32'00000000000000000000001000000000.$proc$rtl/common/wire_order_book.sv:302$5572'.
  created $dff cell `$procdff$18231' with positive edge clock.
Creating register for signal `$paramod\wire_order_book\NUM_SETS=s32'00000000000000000000001000000000.$memwr$\order_valid_q$rtl/common/wire_order_book.sv:318$4910_EN' using process `$paramod\wire_order_book\NUM_SETS=s32'00000000000000000000001000000000.$proc$rtl/common/wire_order_book.sv:302$5572'.
  created $dff cell `$procdff$18232' with positive edge clock.
Creating register for signal `$paramod\wire_order_book\NUM_SETS=s32'00000000000000000000001000000000.$memwr$\order_valid_q$rtl/common/wire_order_book.sv:318$4911_EN' using process `$paramod\wire_order_book\NUM_SETS=s32'00000000000000000000001000000000.$proc$rtl/common/wire_order_book.sv:302$5572'.
  created $dff cell `$procdff$18233' with positive edge clock.
Creating register for signal `$paramod\wire_order_book\NUM_SETS=s32'00000000000000000000001000000000.$memwr$\order_valid_q$rtl/common/wire_order_book.sv:318$4912_EN' using process `$paramod\wire_order_book\NUM_SETS=s32'00000000000000000000001000000000.$proc$rtl/common/wire_order_book.sv:302$5572'.
  created $dff cell `$procdff$18234' with positive edge clock.
Creating register for signal `$paramod\wire_order_book\NUM_SETS=s32'00000000000000000000001000000000.$memwr$\order_valid_q$rtl/common/wire_order_book.sv:318$4913_EN' using process `$paramod\wire_order_book\NUM_SETS=s32'00000000000000000000001000000000.$proc$rtl/common/wire_order_book.sv:302$5572'.
  created $dff cell `$procdff$18235' with positive edge clock.
Creating register for signal `$paramod\wire_order_book\NUM_SETS=s32'00000000000000000000001000000000.$memwr$\order_valid_q$rtl/common/wire_order_book.sv:318$4914_EN' using process `$paramod\wire_order_book\NUM_SETS=s32'00000000000000000000001000000000.$proc$rtl/common/wire_order_book.sv:302$5572'.
  created $dff cell `$procdff$18236' with positive edge clock.
Creating register for signal `$paramod\wire_order_book\NUM_SETS=s32'00000000000000000000001000000000.$memwr$\order_valid_q$rtl/common/wire_order_book.sv:318$4915_EN' using process `$paramod\wire_order_book\NUM_SETS=s32'00000000000000000000001000000000.$proc$rtl/common/wire_order_book.sv:302$5572'.
  created $dff cell `$procdff$18237' with positive edge clock.
Creating register for signal `$paramod\wire_order_book\NUM_SETS=s32'00000000000000000000001000000000.$memwr$\order_valid_q$rtl/common/wire_order_book.sv:318$4916_EN' using process `$paramod\wire_order_book\NUM_SETS=s32'00000000000000000000001000000000.$proc$rtl/common/wire_order_book.sv:302$5572'.
  created $dff cell `$procdff$18238' with positive edge clock.
Creating register for signal `$paramod\wire_order_book\NUM_SETS=s32'00000000000000000000001000000000.$memwr$\order_valid_q$rtl/common/wire_order_book.sv:318$4917_EN' using process `$paramod\wire_order_book\NUM_SETS=s32'00000000000000000000001000000000.$proc$rtl/common/wire_order_book.sv:302$5572'.
  created $dff cell `$procdff$18239' with positive edge clock.
Creating register for signal `$paramod\wire_order_book\NUM_SETS=s32'00000000000000000000001000000000.$memwr$\order_valid_q$rtl/common/wire_order_book.sv:318$4918_EN' using process `$paramod\wire_order_book\NUM_SETS=s32'00000000000000000000001000000000.$proc$rtl/common/wire_order_book.sv:302$5572'.
  created $dff cell `$procdff$18240' with positive edge clock.
Creating register for signal `$paramod\wire_order_book\NUM_SETS=s32'00000000000000000000001000000000.$memwr$\order_valid_q$rtl/common/wire_order_book.sv:318$4919_EN' using process `$paramod\wire_order_book\NUM_SETS=s32'00000000000000000000001000000000.$proc$rtl/common/wire_order_book.sv:302$5572'.
  created $dff cell `$procdff$18241' with positive edge clock.
Creating register for signal `$paramod\wire_order_book\NUM_SETS=s32'00000000000000000000001000000000.$memwr$\order_valid_q$rtl/common/wire_order_book.sv:318$4920_EN' using process `$paramod\wire_order_book\NUM_SETS=s32'00000000000000000000001000000000.$proc$rtl/common/wire_order_book.sv:302$5572'.
  created $dff cell `$procdff$18242' with positive edge clock.
Creating register for signal `$paramod\wire_order_book\NUM_SETS=s32'00000000000000000000001000000000.$memwr$\order_valid_q$rtl/common/wire_order_book.sv:318$4921_EN' using process `$paramod\wire_order_book\NUM_SETS=s32'00000000000000000000001000000000.$proc$rtl/common/wire_order_book.sv:302$5572'.
  created $dff cell `$procdff$18243' with positive edge clock.
Creating register for signal `$paramod\wire_order_book\NUM_SETS=s32'00000000000000000000001000000000.$memwr$\order_valid_q$rtl/common/wire_order_book.sv:318$4922_EN' using process `$paramod\wire_order_book\NUM_SETS=s32'00000000000000000000001000000000.$proc$rtl/common/wire_order_book.sv:302$5572'.
  created $dff cell `$procdff$18244' with positive edge clock.
Creating register for signal `$paramod\wire_order_book\NUM_SETS=s32'00000000000000000000001000000000.$memwr$\order_valid_q$rtl/common/wire_order_book.sv:318$4923_EN' using process `$paramod\wire_order_book\NUM_SETS=s32'00000000000000000000001000000000.$proc$rtl/common/wire_order_book.sv:302$5572'.
  created $dff cell `$procdff$18245' with positive edge clock.
Creating register for signal `$paramod\wire_order_book\NUM_SETS=s32'00000000000000000000001000000000.$memwr$\order_valid_q$rtl/common/wire_order_book.sv:318$4924_EN' using process `$paramod\wire_order_book\NUM_SETS=s32'00000000000000000000001000000000.$proc$rtl/common/wire_order_book.sv:302$5572'.
  created $dff cell `$procdff$18246' with positive edge clock.
Creating register for signal `$paramod\wire_order_book\NUM_SETS=s32'00000000000000000000001000000000.$memwr$\order_valid_q$rtl/common/wire_order_book.sv:318$4925_EN' using process `$paramod\wire_order_book\NUM_SETS=s32'00000000000000000000001000000000.$proc$rtl/common/wire_order_book.sv:302$5572'.
  created $dff cell `$procdff$18247' with positive edge clock.
Creating register for signal `$paramod\wire_order_book\NUM_SETS=s32'00000000000000000000001000000000.$memwr$\order_valid_q$rtl/common/wire_order_book.sv:318$4926_EN' using process `$paramod\wire_order_book\NUM_SETS=s32'00000000000000000000001000000000.$proc$rtl/common/wire_order_book.sv:302$5572'.
  created $dff cell `$procdff$18248' with positive edge clock.
Creating register for signal `$paramod\wire_order_book\NUM_SETS=s32'00000000000000000000001000000000.$memwr$\order_valid_q$rtl/common/wire_order_book.sv:318$4927_EN' using process `$paramod\wire_order_book\NUM_SETS=s32'00000000000000000000001000000000.$proc$rtl/common/wire_order_book.sv:302$5572'.
  created $dff cell `$procdff$18249' with positive edge clock.
Creating register for signal `$paramod\wire_order_book\NUM_SETS=s32'00000000000000000000001000000000.$memwr$\order_valid_q$rtl/common/wire_order_book.sv:318$4928_EN' using process `$paramod\wire_order_book\NUM_SETS=s32'00000000000000000000001000000000.$proc$rtl/common/wire_order_book.sv:302$5572'.
  created $dff cell `$procdff$18250' with positive edge clock.
Creating register for signal `$paramod\wire_order_book\NUM_SETS=s32'00000000000000000000001000000000.$memwr$\order_valid_q$rtl/common/wire_order_book.sv:318$4929_EN' using process `$paramod\wire_order_book\NUM_SETS=s32'00000000000000000000001000000000.$proc$rtl/common/wire_order_book.sv:302$5572'.
  created $dff cell `$procdff$18251' with positive edge clock.
Creating register for signal `$paramod\wire_order_book\NUM_SETS=s32'00000000000000000000001000000000.$memwr$\order_valid_q$rtl/common/wire_order_book.sv:318$4930_EN' using process `$paramod\wire_order_book\NUM_SETS=s32'00000000000000000000001000000000.$proc$rtl/common/wire_order_book.sv:302$5572'.
  created $dff cell `$procdff$18252' with positive edge clock.
Creating register for signal `$paramod\wire_order_book\NUM_SETS=s32'00000000000000000000001000000000.$memwr$\order_valid_q$rtl/common/wire_order_book.sv:318$4931_EN' using process `$paramod\wire_order_book\NUM_SETS=s32'00000000000000000000001000000000.$proc$rtl/common/wire_order_book.sv:302$5572'.
  created $dff cell `$procdff$18253' with positive edge clock.
Creating register for signal `$paramod\wire_order_book\NUM_SETS=s32'00000000000000000000001000000000.$memwr$\order_valid_q$rtl/common/wire_order_book.sv:318$4932_EN' using process `$paramod\wire_order_book\NUM_SETS=s32'00000000000000000000001000000000.$proc$rtl/common/wire_order_book.sv:302$5572'.
  created $dff cell `$procdff$18254' with positive edge clock.
Creating register for signal `$paramod\wire_order_book\NUM_SETS=s32'00000000000000000000001000000000.$memwr$\order_valid_q$rtl/common/wire_order_book.sv:318$4933_EN' using process `$paramod\wire_order_book\NUM_SETS=s32'00000000000000000000001000000000.$proc$rtl/common/wire_order_book.sv:302$5572'.
  created $dff cell `$procdff$18255' with positive edge clock.
Creating register for signal `$paramod\wire_order_book\NUM_SETS=s32'00000000000000000000001000000000.$memwr$\order_valid_q$rtl/common/wire_order_book.sv:318$4934_EN' using process `$paramod\wire_order_book\NUM_SETS=s32'00000000000000000000001000000000.$proc$rtl/common/wire_order_book.sv:302$5572'.
  created $dff cell `$procdff$18256' with positive edge clock.
Creating register for signal `$paramod\wire_order_book\NUM_SETS=s32'00000000000000000000001000000000.$memwr$\order_valid_q$rtl/common/wire_order_book.sv:318$4935_EN' using process `$paramod\wire_order_book\NUM_SETS=s32'00000000000000000000001000000000.$proc$rtl/common/wire_order_book.sv:302$5572'.
  created $dff cell `$procdff$18257' with positive edge clock.
Creating register for signal `$paramod\wire_order_book\NUM_SETS=s32'00000000000000000000001000000000.$memwr$\order_valid_q$rtl/common/wire_order_book.sv:318$4936_EN' using process `$paramod\wire_order_book\NUM_SETS=s32'00000000000000000000001000000000.$proc$rtl/common/wire_order_book.sv:302$5572'.
  created $dff cell `$procdff$18258' with positive edge clock.
Creating register for signal `$paramod\wire_order_book\NUM_SETS=s32'00000000000000000000001000000000.$memwr$\order_valid_q$rtl/common/wire_order_book.sv:318$4937_EN' using process `$paramod\wire_order_book\NUM_SETS=s32'00000000000000000000001000000000.$proc$rtl/common/wire_order_book.sv:302$5572'.
  created $dff cell `$procdff$18259' with positive edge clock.
Creating register for signal `$paramod\wire_order_book\NUM_SETS=s32'00000000000000000000001000000000.$memwr$\order_valid_q$rtl/common/wire_order_book.sv:318$4938_EN' using process `$paramod\wire_order_book\NUM_SETS=s32'00000000000000000000001000000000.$proc$rtl/common/wire_order_book.sv:302$5572'.
  created $dff cell `$procdff$18260' with positive edge clock.
Creating register for signal `$paramod\wire_order_book\NUM_SETS=s32'00000000000000000000001000000000.$memwr$\order_valid_q$rtl/common/wire_order_book.sv:318$4939_EN' using process `$paramod\wire_order_book\NUM_SETS=s32'00000000000000000000001000000000.$proc$rtl/common/wire_order_book.sv:302$5572'.
  created $dff cell `$procdff$18261' with positive edge clock.
Creating register for signal `$paramod\wire_order_book\NUM_SETS=s32'00000000000000000000001000000000.$memwr$\order_valid_q$rtl/common/wire_order_book.sv:318$4940_EN' using process `$paramod\wire_order_book\NUM_SETS=s32'00000000000000000000001000000000.$proc$rtl/common/wire_order_book.sv:302$5572'.
  created $dff cell `$procdff$18262' with positive edge clock.
Creating register for signal `$paramod\wire_order_book\NUM_SETS=s32'00000000000000000000001000000000.$memwr$\order_valid_q$rtl/common/wire_order_book.sv:318$4941_EN' using process `$paramod\wire_order_book\NUM_SETS=s32'00000000000000000000001000000000.$proc$rtl/common/wire_order_book.sv:302$5572'.
  created $dff cell `$procdff$18263' with positive edge clock.
Creating register for signal `$paramod\wire_order_book\NUM_SETS=s32'00000000000000000000001000000000.$memwr$\order_valid_q$rtl/common/wire_order_book.sv:318$4942_EN' using process `$paramod\wire_order_book\NUM_SETS=s32'00000000000000000000001000000000.$proc$rtl/common/wire_order_book.sv:302$5572'.
  created $dff cell `$procdff$18264' with positive edge clock.
Creating register for signal `$paramod\wire_order_book\NUM_SETS=s32'00000000000000000000001000000000.$memwr$\order_valid_q$rtl/common/wire_order_book.sv:318$4943_EN' using process `$paramod\wire_order_book\NUM_SETS=s32'00000000000000000000001000000000.$proc$rtl/common/wire_order_book.sv:302$5572'.
  created $dff cell `$procdff$18265' with positive edge clock.
Creating register for signal `$paramod\wire_order_book\NUM_SETS=s32'00000000000000000000001000000000.$memwr$\order_valid_q$rtl/common/wire_order_book.sv:318$4944_EN' using process `$paramod\wire_order_book\NUM_SETS=s32'00000000000000000000001000000000.$proc$rtl/common/wire_order_book.sv:302$5572'.
  created $dff cell `$procdff$18266' with positive edge clock.
Creating register for signal `$paramod\wire_order_book\NUM_SETS=s32'00000000000000000000001000000000.$memwr$\order_valid_q$rtl/common/wire_order_book.sv:318$4945_EN' using process `$paramod\wire_order_book\NUM_SETS=s32'00000000000000000000001000000000.$proc$rtl/common/wire_order_book.sv:302$5572'.
  created $dff cell `$procdff$18267' with positive edge clock.
Creating register for signal `$paramod\wire_order_book\NUM_SETS=s32'00000000000000000000001000000000.$memwr$\order_valid_q$rtl/common/wire_order_book.sv:318$4946_EN' using process `$paramod\wire_order_book\NUM_SETS=s32'00000000000000000000001000000000.$proc$rtl/common/wire_order_book.sv:302$5572'.
  created $dff cell `$procdff$18268' with positive edge clock.
Creating register for signal `$paramod\wire_order_book\NUM_SETS=s32'00000000000000000000001000000000.$memwr$\order_valid_q$rtl/common/wire_order_book.sv:318$4947_EN' using process `$paramod\wire_order_book\NUM_SETS=s32'00000000000000000000001000000000.$proc$rtl/common/wire_order_book.sv:302$5572'.
  created $dff cell `$procdff$18269' with positive edge clock.
Creating register for signal `$paramod\wire_order_book\NUM_SETS=s32'00000000000000000000001000000000.$memwr$\order_valid_q$rtl/common/wire_order_book.sv:318$4948_EN' using process `$paramod\wire_order_book\NUM_SETS=s32'00000000000000000000001000000000.$proc$rtl/common/wire_order_book.sv:302$5572'.
  created $dff cell `$procdff$18270' with positive edge clock.
Creating register for signal `$paramod\wire_order_book\NUM_SETS=s32'00000000000000000000001000000000.$memwr$\order_valid_q$rtl/common/wire_order_book.sv:318$4949_EN' using process `$paramod\wire_order_book\NUM_SETS=s32'00000000000000000000001000000000.$proc$rtl/common/wire_order_book.sv:302$5572'.
  created $dff cell `$procdff$18271' with positive edge clock.
Creating register for signal `$paramod\wire_order_book\NUM_SETS=s32'00000000000000000000001000000000.$memwr$\order_valid_q$rtl/common/wire_order_book.sv:318$4950_EN' using process `$paramod\wire_order_book\NUM_SETS=s32'00000000000000000000001000000000.$proc$rtl/common/wire_order_book.sv:302$5572'.
  created $dff cell `$procdff$18272' with positive edge clock.
Creating register for signal `$paramod\wire_order_book\NUM_SETS=s32'00000000000000000000001000000000.$memwr$\order_valid_q$rtl/common/wire_order_book.sv:318$4951_EN' using process `$paramod\wire_order_book\NUM_SETS=s32'00000000000000000000001000000000.$proc$rtl/common/wire_order_book.sv:302$5572'.
  created $dff cell `$procdff$18273' with positive edge clock.
Creating register for signal `$paramod\wire_order_book\NUM_SETS=s32'00000000000000000000001000000000.$memwr$\order_valid_q$rtl/common/wire_order_book.sv:318$4952_EN' using process `$paramod\wire_order_book\NUM_SETS=s32'00000000000000000000001000000000.$proc$rtl/common/wire_order_book.sv:302$5572'.
  created $dff cell `$procdff$18274' with positive edge clock.
Creating register for signal `$paramod\wire_order_book\NUM_SETS=s32'00000000000000000000001000000000.$memwr$\order_valid_q$rtl/common/wire_order_book.sv:318$4953_EN' using process `$paramod\wire_order_book\NUM_SETS=s32'00000000000000000000001000000000.$proc$rtl/common/wire_order_book.sv:302$5572'.
  created $dff cell `$procdff$18275' with positive edge clock.
Creating register for signal `$paramod\wire_order_book\NUM_SETS=s32'00000000000000000000001000000000.$memwr$\order_valid_q$rtl/common/wire_order_book.sv:318$4954_EN' using process `$paramod\wire_order_book\NUM_SETS=s32'00000000000000000000001000000000.$proc$rtl/common/wire_order_book.sv:302$5572'.
  created $dff cell `$procdff$18276' with positive edge clock.
Creating register for signal `$paramod\wire_order_book\NUM_SETS=s32'00000000000000000000001000000000.$memwr$\order_valid_q$rtl/common/wire_order_book.sv:318$4955_EN' using process `$paramod\wire_order_book\NUM_SETS=s32'00000000000000000000001000000000.$proc$rtl/common/wire_order_book.sv:302$5572'.
  created $dff cell `$procdff$18277' with positive edge clock.
Creating register for signal `$paramod\wire_order_book\NUM_SETS=s32'00000000000000000000001000000000.$memwr$\order_valid_q$rtl/common/wire_order_book.sv:318$4956_EN' using process `$paramod\wire_order_book\NUM_SETS=s32'00000000000000000000001000000000.$proc$rtl/common/wire_order_book.sv:302$5572'.
  created $dff cell `$procdff$18278' with positive edge clock.
Creating register for signal `$paramod\wire_order_book\NUM_SETS=s32'00000000000000000000001000000000.$memwr$\order_valid_q$rtl/common/wire_order_book.sv:318$4957_EN' using process `$paramod\wire_order_book\NUM_SETS=s32'00000000000000000000001000000000.$proc$rtl/common/wire_order_book.sv:302$5572'.
  created $dff cell `$procdff$18279' with positive edge clock.
Creating register for signal `$paramod\wire_order_book\NUM_SETS=s32'00000000000000000000001000000000.$memwr$\order_valid_q$rtl/common/wire_order_book.sv:318$4958_EN' using process `$paramod\wire_order_book\NUM_SETS=s32'00000000000000000000001000000000.$proc$rtl/common/wire_order_book.sv:302$5572'.
  created $dff cell `$procdff$18280' with positive edge clock.
Creating register for signal `$paramod\wire_order_book\NUM_SETS=s32'00000000000000000000001000000000.$memwr$\order_valid_q$rtl/common/wire_order_book.sv:318$4959_EN' using process `$paramod\wire_order_book\NUM_SETS=s32'00000000000000000000001000000000.$proc$rtl/common/wire_order_book.sv:302$5572'.
  created $dff cell `$procdff$18281' with positive edge clock.
Creating register for signal `$paramod\wire_order_book\NUM_SETS=s32'00000000000000000000001000000000.$memwr$\order_valid_q$rtl/common/wire_order_book.sv:318$4960_EN' using process `$paramod\wire_order_book\NUM_SETS=s32'00000000000000000000001000000000.$proc$rtl/common/wire_order_book.sv:302$5572'.
  created $dff cell `$procdff$18282' with positive edge clock.
Creating register for signal `$paramod\wire_order_book\NUM_SETS=s32'00000000000000000000001000000000.$memwr$\order_valid_q$rtl/common/wire_order_book.sv:318$4961_EN' using process `$paramod\wire_order_book\NUM_SETS=s32'00000000000000000000001000000000.$proc$rtl/common/wire_order_book.sv:302$5572'.
  created $dff cell `$procdff$18283' with positive edge clock.
Creating register for signal `$paramod\wire_order_book\NUM_SETS=s32'00000000000000000000001000000000.$memwr$\order_valid_q$rtl/common/wire_order_book.sv:318$4962_EN' using process `$paramod\wire_order_book\NUM_SETS=s32'00000000000000000000001000000000.$proc$rtl/common/wire_order_book.sv:302$5572'.
  created $dff cell `$procdff$18284' with positive edge clock.
Creating register for signal `$paramod\wire_order_book\NUM_SETS=s32'00000000000000000000001000000000.$memwr$\order_valid_q$rtl/common/wire_order_book.sv:318$4963_EN' using process `$paramod\wire_order_book\NUM_SETS=s32'00000000000000000000001000000000.$proc$rtl/common/wire_order_book.sv:302$5572'.
  created $dff cell `$procdff$18285' with positive edge clock.
Creating register for signal `$paramod\wire_order_book\NUM_SETS=s32'00000000000000000000001000000000.$memwr$\order_valid_q$rtl/common/wire_order_book.sv:318$4964_EN' using process `$paramod\wire_order_book\NUM_SETS=s32'00000000000000000000001000000000.$proc$rtl/common/wire_order_book.sv:302$5572'.
  created $dff cell `$procdff$18286' with positive edge clock.
Creating register for signal `$paramod\wire_order_book\NUM_SETS=s32'00000000000000000000001000000000.$memwr$\order_valid_q$rtl/common/wire_order_book.sv:318$4965_EN' using process `$paramod\wire_order_book\NUM_SETS=s32'00000000000000000000001000000000.$proc$rtl/common/wire_order_book.sv:302$5572'.
  created $dff cell `$procdff$18287' with positive edge clock.
Creating register for signal `$paramod\wire_order_book\NUM_SETS=s32'00000000000000000000001000000000.$memwr$\order_valid_q$rtl/common/wire_order_book.sv:318$4966_EN' using process `$paramod\wire_order_book\NUM_SETS=s32'00000000000000000000001000000000.$proc$rtl/common/wire_order_book.sv:302$5572'.
  created $dff cell `$procdff$18288' with positive edge clock.
Creating register for signal `$paramod\wire_order_book\NUM_SETS=s32'00000000000000000000001000000000.$memwr$\order_valid_q$rtl/common/wire_order_book.sv:318$4967_EN' using process `$paramod\wire_order_book\NUM_SETS=s32'00000000000000000000001000000000.$proc$rtl/common/wire_order_book.sv:302$5572'.
  created $dff cell `$procdff$18289' with positive edge clock.
Creating register for signal `$paramod\wire_order_book\NUM_SETS=s32'00000000000000000000001000000000.$memwr$\order_valid_q$rtl/common/wire_order_book.sv:318$4968_EN' using process `$paramod\wire_order_book\NUM_SETS=s32'00000000000000000000001000000000.$proc$rtl/common/wire_order_book.sv:302$5572'.
  created $dff cell `$procdff$18290' with positive edge clock.
Creating register for signal `$paramod\wire_order_book\NUM_SETS=s32'00000000000000000000001000000000.$memwr$\order_valid_q$rtl/common/wire_order_book.sv:318$4969_EN' using process `$paramod\wire_order_book\NUM_SETS=s32'00000000000000000000001000000000.$proc$rtl/common/wire_order_book.sv:302$5572'.
  created $dff cell `$procdff$18291' with positive edge clock.
Creating register for signal `$paramod\wire_order_book\NUM_SETS=s32'00000000000000000000001000000000.$memwr$\order_valid_q$rtl/common/wire_order_book.sv:318$4970_EN' using process `$paramod\wire_order_book\NUM_SETS=s32'00000000000000000000001000000000.$proc$rtl/common/wire_order_book.sv:302$5572'.
  created $dff cell `$procdff$18292' with positive edge clock.
Creating register for signal `$paramod\wire_order_book\NUM_SETS=s32'00000000000000000000001000000000.$memwr$\order_valid_q$rtl/common/wire_order_book.sv:318$4971_EN' using process `$paramod\wire_order_book\NUM_SETS=s32'00000000000000000000001000000000.$proc$rtl/common/wire_order_book.sv:302$5572'.
  created $dff cell `$procdff$18293' with positive edge clock.
Creating register for signal `$paramod\wire_order_book\NUM_SETS=s32'00000000000000000000001000000000.$memwr$\order_valid_q$rtl/common/wire_order_book.sv:318$4972_EN' using process `$paramod\wire_order_book\NUM_SETS=s32'00000000000000000000001000000000.$proc$rtl/common/wire_order_book.sv:302$5572'.
  created $dff cell `$procdff$18294' with positive edge clock.
Creating register for signal `$paramod\wire_order_book\NUM_SETS=s32'00000000000000000000001000000000.$memwr$\order_valid_q$rtl/common/wire_order_book.sv:318$4973_EN' using process `$paramod\wire_order_book\NUM_SETS=s32'00000000000000000000001000000000.$proc$rtl/common/wire_order_book.sv:302$5572'.
  created $dff cell `$procdff$18295' with positive edge clock.
Creating register for signal `$paramod\wire_order_book\NUM_SETS=s32'00000000000000000000001000000000.$memwr$\order_valid_q$rtl/common/wire_order_book.sv:318$4974_EN' using process `$paramod\wire_order_book\NUM_SETS=s32'00000000000000000000001000000000.$proc$rtl/common/wire_order_book.sv:302$5572'.
  created $dff cell `$procdff$18296' with positive edge clock.
Creating register for signal `$paramod\wire_order_book\NUM_SETS=s32'00000000000000000000001000000000.$memwr$\order_valid_q$rtl/common/wire_order_book.sv:318$4975_EN' using process `$paramod\wire_order_book\NUM_SETS=s32'00000000000000000000001000000000.$proc$rtl/common/wire_order_book.sv:302$5572'.
  created $dff cell `$procdff$18297' with positive edge clock.
Creating register for signal `$paramod\wire_order_book\NUM_SETS=s32'00000000000000000000001000000000.$memwr$\order_valid_q$rtl/common/wire_order_book.sv:318$4976_EN' using process `$paramod\wire_order_book\NUM_SETS=s32'00000000000000000000001000000000.$proc$rtl/common/wire_order_book.sv:302$5572'.
  created $dff cell `$procdff$18298' with positive edge clock.
Creating register for signal `$paramod\wire_order_book\NUM_SETS=s32'00000000000000000000001000000000.$memwr$\order_valid_q$rtl/common/wire_order_book.sv:318$4977_EN' using process `$paramod\wire_order_book\NUM_SETS=s32'00000000000000000000001000000000.$proc$rtl/common/wire_order_book.sv:302$5572'.
  created $dff cell `$procdff$18299' with positive edge clock.
Creating register for signal `$paramod\wire_order_book\NUM_SETS=s32'00000000000000000000001000000000.$memwr$\order_valid_q$rtl/common/wire_order_book.sv:318$4978_EN' using process `$paramod\wire_order_book\NUM_SETS=s32'00000000000000000000001000000000.$proc$rtl/common/wire_order_book.sv:302$5572'.
  created $dff cell `$procdff$18300' with positive edge clock.
Creating register for signal `$paramod\wire_order_book\NUM_SETS=s32'00000000000000000000001000000000.$memwr$\order_valid_q$rtl/common/wire_order_book.sv:318$4979_EN' using process `$paramod\wire_order_book\NUM_SETS=s32'00000000000000000000001000000000.$proc$rtl/common/wire_order_book.sv:302$5572'.
  created $dff cell `$procdff$18301' with positive edge clock.
Creating register for signal `$paramod\wire_order_book\NUM_SETS=s32'00000000000000000000001000000000.$memwr$\order_valid_q$rtl/common/wire_order_book.sv:318$4980_EN' using process `$paramod\wire_order_book\NUM_SETS=s32'00000000000000000000001000000000.$proc$rtl/common/wire_order_book.sv:302$5572'.
  created $dff cell `$procdff$18302' with positive edge clock.
Creating register for signal `$paramod\wire_order_book\NUM_SETS=s32'00000000000000000000001000000000.$memwr$\order_valid_q$rtl/common/wire_order_book.sv:318$4981_EN' using process `$paramod\wire_order_book\NUM_SETS=s32'00000000000000000000001000000000.$proc$rtl/common/wire_order_book.sv:302$5572'.
  created $dff cell `$procdff$18303' with positive edge clock.
Creating register for signal `$paramod\wire_order_book\NUM_SETS=s32'00000000000000000000001000000000.$memwr$\order_valid_q$rtl/common/wire_order_book.sv:318$4982_EN' using process `$paramod\wire_order_book\NUM_SETS=s32'00000000000000000000001000000000.$proc$rtl/common/wire_order_book.sv:302$5572'.
  created $dff cell `$procdff$18304' with positive edge clock.
Creating register for signal `$paramod\wire_order_book\NUM_SETS=s32'00000000000000000000001000000000.$memwr$\order_valid_q$rtl/common/wire_order_book.sv:318$4983_EN' using process `$paramod\wire_order_book\NUM_SETS=s32'00000000000000000000001000000000.$proc$rtl/common/wire_order_book.sv:302$5572'.
  created $dff cell `$procdff$18305' with positive edge clock.
Creating register for signal `$paramod\wire_order_book\NUM_SETS=s32'00000000000000000000001000000000.$memwr$\order_valid_q$rtl/common/wire_order_book.sv:318$4984_EN' using process `$paramod\wire_order_book\NUM_SETS=s32'00000000000000000000001000000000.$proc$rtl/common/wire_order_book.sv:302$5572'.
  created $dff cell `$procdff$18306' with positive edge clock.
Creating register for signal `$paramod\wire_order_book\NUM_SETS=s32'00000000000000000000001000000000.$memwr$\order_valid_q$rtl/common/wire_order_book.sv:318$4985_EN' using process `$paramod\wire_order_book\NUM_SETS=s32'00000000000000000000001000000000.$proc$rtl/common/wire_order_book.sv:302$5572'.
  created $dff cell `$procdff$18307' with positive edge clock.
Creating register for signal `$paramod\wire_order_book\NUM_SETS=s32'00000000000000000000001000000000.$memwr$\order_valid_q$rtl/common/wire_order_book.sv:318$4986_EN' using process `$paramod\wire_order_book\NUM_SETS=s32'00000000000000000000001000000000.$proc$rtl/common/wire_order_book.sv:302$5572'.
  created $dff cell `$procdff$18308' with positive edge clock.
Creating register for signal `$paramod\wire_order_book\NUM_SETS=s32'00000000000000000000001000000000.$memwr$\order_valid_q$rtl/common/wire_order_book.sv:318$4987_EN' using process `$paramod\wire_order_book\NUM_SETS=s32'00000000000000000000001000000000.$proc$rtl/common/wire_order_book.sv:302$5572'.
  created $dff cell `$procdff$18309' with positive edge clock.
Creating register for signal `$paramod\wire_order_book\NUM_SETS=s32'00000000000000000000001000000000.$memwr$\order_valid_q$rtl/common/wire_order_book.sv:318$4988_EN' using process `$paramod\wire_order_book\NUM_SETS=s32'00000000000000000000001000000000.$proc$rtl/common/wire_order_book.sv:302$5572'.
  created $dff cell `$procdff$18310' with positive edge clock.
Creating register for signal `$paramod\wire_order_book\NUM_SETS=s32'00000000000000000000001000000000.$memwr$\order_valid_q$rtl/common/wire_order_book.sv:318$4989_EN' using process `$paramod\wire_order_book\NUM_SETS=s32'00000000000000000000001000000000.$proc$rtl/common/wire_order_book.sv:302$5572'.
  created $dff cell `$procdff$18311' with positive edge clock.
Creating register for signal `$paramod\wire_order_book\NUM_SETS=s32'00000000000000000000001000000000.$memwr$\order_valid_q$rtl/common/wire_order_book.sv:318$4990_EN' using process `$paramod\wire_order_book\NUM_SETS=s32'00000000000000000000001000000000.$proc$rtl/common/wire_order_book.sv:302$5572'.
  created $dff cell `$procdff$18312' with positive edge clock.
Creating register for signal `$paramod\wire_order_book\NUM_SETS=s32'00000000000000000000001000000000.$memwr$\order_valid_q$rtl/common/wire_order_book.sv:318$4991_EN' using process `$paramod\wire_order_book\NUM_SETS=s32'00000000000000000000001000000000.$proc$rtl/common/wire_order_book.sv:302$5572'.
  created $dff cell `$procdff$18313' with positive edge clock.
Creating register for signal `$paramod\wire_order_book\NUM_SETS=s32'00000000000000000000001000000000.$memwr$\order_valid_q$rtl/common/wire_order_book.sv:318$4992_EN' using process `$paramod\wire_order_book\NUM_SETS=s32'00000000000000000000001000000000.$proc$rtl/common/wire_order_book.sv:302$5572'.
  created $dff cell `$procdff$18314' with positive edge clock.
Creating register for signal `$paramod\wire_order_book\NUM_SETS=s32'00000000000000000000001000000000.$memwr$\order_valid_q$rtl/common/wire_order_book.sv:318$4993_EN' using process `$paramod\wire_order_book\NUM_SETS=s32'00000000000000000000001000000000.$proc$rtl/common/wire_order_book.sv:302$5572'.
  created $dff cell `$procdff$18315' with positive edge clock.
Creating register for signal `$paramod\wire_order_book\NUM_SETS=s32'00000000000000000000001000000000.$memwr$\order_valid_q$rtl/common/wire_order_book.sv:318$4994_EN' using process `$paramod\wire_order_book\NUM_SETS=s32'00000000000000000000001000000000.$proc$rtl/common/wire_order_book.sv:302$5572'.
  created $dff cell `$procdff$18316' with positive edge clock.
Creating register for signal `$paramod\wire_order_book\NUM_SETS=s32'00000000000000000000001000000000.$memwr$\order_valid_q$rtl/common/wire_order_book.sv:318$4995_EN' using process `$paramod\wire_order_book\NUM_SETS=s32'00000000000000000000001000000000.$proc$rtl/common/wire_order_book.sv:302$5572'.
  created $dff cell `$procdff$18317' with positive edge clock.
Creating register for signal `$paramod\wire_order_book\NUM_SETS=s32'00000000000000000000001000000000.$memwr$\order_valid_q$rtl/common/wire_order_book.sv:318$4996_EN' using process `$paramod\wire_order_book\NUM_SETS=s32'00000000000000000000001000000000.$proc$rtl/common/wire_order_book.sv:302$5572'.
  created $dff cell `$procdff$18318' with positive edge clock.
Creating register for signal `$paramod\wire_order_book\NUM_SETS=s32'00000000000000000000001000000000.$memwr$\order_valid_q$rtl/common/wire_order_book.sv:318$4997_EN' using process `$paramod\wire_order_book\NUM_SETS=s32'00000000000000000000001000000000.$proc$rtl/common/wire_order_book.sv:302$5572'.
  created $dff cell `$procdff$18319' with positive edge clock.
Creating register for signal `$paramod\wire_order_book\NUM_SETS=s32'00000000000000000000001000000000.$memwr$\order_valid_q$rtl/common/wire_order_book.sv:318$4998_EN' using process `$paramod\wire_order_book\NUM_SETS=s32'00000000000000000000001000000000.$proc$rtl/common/wire_order_book.sv:302$5572'.
  created $dff cell `$procdff$18320' with positive edge clock.
Creating register for signal `$paramod\wire_order_book\NUM_SETS=s32'00000000000000000000001000000000.$memwr$\order_valid_q$rtl/common/wire_order_book.sv:318$4999_EN' using process `$paramod\wire_order_book\NUM_SETS=s32'00000000000000000000001000000000.$proc$rtl/common/wire_order_book.sv:302$5572'.
  created $dff cell `$procdff$18321' with positive edge clock.
Creating register for signal `$paramod\wire_order_book\NUM_SETS=s32'00000000000000000000001000000000.$memwr$\order_valid_q$rtl/common/wire_order_book.sv:318$5000_EN' using process `$paramod\wire_order_book\NUM_SETS=s32'00000000000000000000001000000000.$proc$rtl/common/wire_order_book.sv:302$5572'.
  created $dff cell `$procdff$18322' with positive edge clock.
Creating register for signal `$paramod\wire_order_book\NUM_SETS=s32'00000000000000000000001000000000.$memwr$\order_valid_q$rtl/common/wire_order_book.sv:318$5001_EN' using process `$paramod\wire_order_book\NUM_SETS=s32'00000000000000000000001000000000.$proc$rtl/common/wire_order_book.sv:302$5572'.
  created $dff cell `$procdff$18323' with positive edge clock.
Creating register for signal `$paramod\wire_order_book\NUM_SETS=s32'00000000000000000000001000000000.$memwr$\order_valid_q$rtl/common/wire_order_book.sv:318$5002_EN' using process `$paramod\wire_order_book\NUM_SETS=s32'00000000000000000000001000000000.$proc$rtl/common/wire_order_book.sv:302$5572'.
  created $dff cell `$procdff$18324' with positive edge clock.
Creating register for signal `$paramod\wire_order_book\NUM_SETS=s32'00000000000000000000001000000000.$memwr$\order_valid_q$rtl/common/wire_order_book.sv:318$5003_EN' using process `$paramod\wire_order_book\NUM_SETS=s32'00000000000000000000001000000000.$proc$rtl/common/wire_order_book.sv:302$5572'.
  created $dff cell `$procdff$18325' with positive edge clock.
Creating register for signal `$paramod\wire_order_book\NUM_SETS=s32'00000000000000000000001000000000.$memwr$\order_valid_q$rtl/common/wire_order_book.sv:318$5004_EN' using process `$paramod\wire_order_book\NUM_SETS=s32'00000000000000000000001000000000.$proc$rtl/common/wire_order_book.sv:302$5572'.
  created $dff cell `$procdff$18326' with positive edge clock.
Creating register for signal `$paramod\wire_order_book\NUM_SETS=s32'00000000000000000000001000000000.$memwr$\order_valid_q$rtl/common/wire_order_book.sv:318$5005_EN' using process `$paramod\wire_order_book\NUM_SETS=s32'00000000000000000000001000000000.$proc$rtl/common/wire_order_book.sv:302$5572'.
  created $dff cell `$procdff$18327' with positive edge clock.
Creating register for signal `$paramod\wire_order_book\NUM_SETS=s32'00000000000000000000001000000000.$memwr$\order_valid_q$rtl/common/wire_order_book.sv:318$5006_EN' using process `$paramod\wire_order_book\NUM_SETS=s32'00000000000000000000001000000000.$proc$rtl/common/wire_order_book.sv:302$5572'.
  created $dff cell `$procdff$18328' with positive edge clock.
Creating register for signal `$paramod\wire_order_book\NUM_SETS=s32'00000000000000000000001000000000.$memwr$\order_valid_q$rtl/common/wire_order_book.sv:318$5007_EN' using process `$paramod\wire_order_book\NUM_SETS=s32'00000000000000000000001000000000.$proc$rtl/common/wire_order_book.sv:302$5572'.
  created $dff cell `$procdff$18329' with positive edge clock.
Creating register for signal `$paramod\wire_order_book\NUM_SETS=s32'00000000000000000000001000000000.$memwr$\order_valid_q$rtl/common/wire_order_book.sv:318$5008_EN' using process `$paramod\wire_order_book\NUM_SETS=s32'00000000000000000000001000000000.$proc$rtl/common/wire_order_book.sv:302$5572'.
  created $dff cell `$procdff$18330' with positive edge clock.
Creating register for signal `$paramod\wire_order_book\NUM_SETS=s32'00000000000000000000001000000000.$memwr$\order_valid_q$rtl/common/wire_order_book.sv:318$5009_EN' using process `$paramod\wire_order_book\NUM_SETS=s32'00000000000000000000001000000000.$proc$rtl/common/wire_order_book.sv:302$5572'.
  created $dff cell `$procdff$18331' with positive edge clock.
Creating register for signal `$paramod\wire_order_book\NUM_SETS=s32'00000000000000000000001000000000.$memwr$\order_valid_q$rtl/common/wire_order_book.sv:318$5010_EN' using process `$paramod\wire_order_book\NUM_SETS=s32'00000000000000000000001000000000.$proc$rtl/common/wire_order_book.sv:302$5572'.
  created $dff cell `$procdff$18332' with positive edge clock.
Creating register for signal `$paramod\wire_order_book\NUM_SETS=s32'00000000000000000000001000000000.$memwr$\order_valid_q$rtl/common/wire_order_book.sv:318$5011_EN' using process `$paramod\wire_order_book\NUM_SETS=s32'00000000000000000000001000000000.$proc$rtl/common/wire_order_book.sv:302$5572'.
  created $dff cell `$procdff$18333' with positive edge clock.
Creating register for signal `$paramod\wire_order_book\NUM_SETS=s32'00000000000000000000001000000000.$memwr$\order_valid_q$rtl/common/wire_order_book.sv:318$5012_EN' using process `$paramod\wire_order_book\NUM_SETS=s32'00000000000000000000001000000000.$proc$rtl/common/wire_order_book.sv:302$5572'.
  created $dff cell `$procdff$18334' with positive edge clock.
Creating register for signal `$paramod\wire_order_book\NUM_SETS=s32'00000000000000000000001000000000.$memwr$\order_valid_q$rtl/common/wire_order_book.sv:318$5013_EN' using process `$paramod\wire_order_book\NUM_SETS=s32'00000000000000000000001000000000.$proc$rtl/common/wire_order_book.sv:302$5572'.
  created $dff cell `$procdff$18335' with positive edge clock.
Creating register for signal `$paramod\wire_order_book\NUM_SETS=s32'00000000000000000000001000000000.$memwr$\order_valid_q$rtl/common/wire_order_book.sv:318$5014_EN' using process `$paramod\wire_order_book\NUM_SETS=s32'00000000000000000000001000000000.$proc$rtl/common/wire_order_book.sv:302$5572'.
  created $dff cell `$procdff$18336' with positive edge clock.
Creating register for signal `$paramod\wire_order_book\NUM_SETS=s32'00000000000000000000001000000000.$memwr$\order_valid_q$rtl/common/wire_order_book.sv:318$5015_EN' using process `$paramod\wire_order_book\NUM_SETS=s32'00000000000000000000001000000000.$proc$rtl/common/wire_order_book.sv:302$5572'.
  created $dff cell `$procdff$18337' with positive edge clock.
Creating register for signal `$paramod\wire_order_book\NUM_SETS=s32'00000000000000000000001000000000.$memwr$\order_valid_q$rtl/common/wire_order_book.sv:318$5016_EN' using process `$paramod\wire_order_book\NUM_SETS=s32'00000000000000000000001000000000.$proc$rtl/common/wire_order_book.sv:302$5572'.
  created $dff cell `$procdff$18338' with positive edge clock.
Creating register for signal `$paramod\wire_order_book\NUM_SETS=s32'00000000000000000000001000000000.$memwr$\order_valid_q$rtl/common/wire_order_book.sv:318$5017_EN' using process `$paramod\wire_order_book\NUM_SETS=s32'00000000000000000000001000000000.$proc$rtl/common/wire_order_book.sv:302$5572'.
  created $dff cell `$procdff$18339' with positive edge clock.
Creating register for signal `$paramod\wire_order_book\NUM_SETS=s32'00000000000000000000001000000000.$memwr$\order_valid_q$rtl/common/wire_order_book.sv:318$5018_EN' using process `$paramod\wire_order_book\NUM_SETS=s32'00000000000000000000001000000000.$proc$rtl/common/wire_order_book.sv:302$5572'.
  created $dff cell `$procdff$18340' with positive edge clock.
Creating register for signal `$paramod\wire_order_book\NUM_SETS=s32'00000000000000000000001000000000.$memwr$\order_valid_q$rtl/common/wire_order_book.sv:318$5019_EN' using process `$paramod\wire_order_book\NUM_SETS=s32'00000000000000000000001000000000.$proc$rtl/common/wire_order_book.sv:302$5572'.
  created $dff cell `$procdff$18341' with positive edge clock.
Creating register for signal `$paramod\wire_order_book\NUM_SETS=s32'00000000000000000000001000000000.$memwr$\order_valid_q$rtl/common/wire_order_book.sv:318$5020_EN' using process `$paramod\wire_order_book\NUM_SETS=s32'00000000000000000000001000000000.$proc$rtl/common/wire_order_book.sv:302$5572'.
  created $dff cell `$procdff$18342' with positive edge clock.
Creating register for signal `$paramod\wire_order_book\NUM_SETS=s32'00000000000000000000001000000000.$memwr$\order_valid_q$rtl/common/wire_order_book.sv:318$5021_EN' using process `$paramod\wire_order_book\NUM_SETS=s32'00000000000000000000001000000000.$proc$rtl/common/wire_order_book.sv:302$5572'.
  created $dff cell `$procdff$18343' with positive edge clock.
Creating register for signal `$paramod\wire_order_book\NUM_SETS=s32'00000000000000000000001000000000.$memwr$\order_valid_q$rtl/common/wire_order_book.sv:318$5022_EN' using process `$paramod\wire_order_book\NUM_SETS=s32'00000000000000000000001000000000.$proc$rtl/common/wire_order_book.sv:302$5572'.
  created $dff cell `$procdff$18344' with positive edge clock.
Creating register for signal `$paramod\wire_order_book\NUM_SETS=s32'00000000000000000000001000000000.$memwr$\order_valid_q$rtl/common/wire_order_book.sv:318$5023_EN' using process `$paramod\wire_order_book\NUM_SETS=s32'00000000000000000000001000000000.$proc$rtl/common/wire_order_book.sv:302$5572'.
  created $dff cell `$procdff$18345' with positive edge clock.
Creating register for signal `$paramod\wire_order_book\NUM_SETS=s32'00000000000000000000001000000000.$memwr$\order_valid_q$rtl/common/wire_order_book.sv:318$5024_EN' using process `$paramod\wire_order_book\NUM_SETS=s32'00000000000000000000001000000000.$proc$rtl/common/wire_order_book.sv:302$5572'.
  created $dff cell `$procdff$18346' with positive edge clock.
Creating register for signal `$paramod\wire_order_book\NUM_SETS=s32'00000000000000000000001000000000.$memwr$\order_valid_q$rtl/common/wire_order_book.sv:318$5025_EN' using process `$paramod\wire_order_book\NUM_SETS=s32'00000000000000000000001000000000.$proc$rtl/common/wire_order_book.sv:302$5572'.
  created $dff cell `$procdff$18347' with positive edge clock.
Creating register for signal `$paramod\wire_order_book\NUM_SETS=s32'00000000000000000000001000000000.$memwr$\order_valid_q$rtl/common/wire_order_book.sv:318$5026_EN' using process `$paramod\wire_order_book\NUM_SETS=s32'00000000000000000000001000000000.$proc$rtl/common/wire_order_book.sv:302$5572'.
  created $dff cell `$procdff$18348' with positive edge clock.
Creating register for signal `$paramod\wire_order_book\NUM_SETS=s32'00000000000000000000001000000000.$memwr$\order_valid_q$rtl/common/wire_order_book.sv:318$5027_EN' using process `$paramod\wire_order_book\NUM_SETS=s32'00000000000000000000001000000000.$proc$rtl/common/wire_order_book.sv:302$5572'.
  created $dff cell `$procdff$18349' with positive edge clock.
Creating register for signal `$paramod\wire_order_book\NUM_SETS=s32'00000000000000000000001000000000.$memwr$\order_valid_q$rtl/common/wire_order_book.sv:318$5028_EN' using process `$paramod\wire_order_book\NUM_SETS=s32'00000000000000000000001000000000.$proc$rtl/common/wire_order_book.sv:302$5572'.
  created $dff cell `$procdff$18350' with positive edge clock.
Creating register for signal `$paramod\wire_order_book\NUM_SETS=s32'00000000000000000000001000000000.$memwr$\order_valid_q$rtl/common/wire_order_book.sv:318$5029_EN' using process `$paramod\wire_order_book\NUM_SETS=s32'00000000000000000000001000000000.$proc$rtl/common/wire_order_book.sv:302$5572'.
  created $dff cell `$procdff$18351' with positive edge clock.
Creating register for signal `$paramod\wire_order_book\NUM_SETS=s32'00000000000000000000001000000000.$memwr$\order_valid_q$rtl/common/wire_order_book.sv:318$5030_EN' using process `$paramod\wire_order_book\NUM_SETS=s32'00000000000000000000001000000000.$proc$rtl/common/wire_order_book.sv:302$5572'.
  created $dff cell `$procdff$18352' with positive edge clock.
Creating register for signal `$paramod\wire_order_book\NUM_SETS=s32'00000000000000000000001000000000.$memwr$\order_valid_q$rtl/common/wire_order_book.sv:318$5031_EN' using process `$paramod\wire_order_book\NUM_SETS=s32'00000000000000000000001000000000.$proc$rtl/common/wire_order_book.sv:302$5572'.
  created $dff cell `$procdff$18353' with positive edge clock.
Creating register for signal `$paramod\wire_order_book\NUM_SETS=s32'00000000000000000000001000000000.$memwr$\order_valid_q$rtl/common/wire_order_book.sv:318$5032_EN' using process `$paramod\wire_order_book\NUM_SETS=s32'00000000000000000000001000000000.$proc$rtl/common/wire_order_book.sv:302$5572'.
  created $dff cell `$procdff$18354' with positive edge clock.
Creating register for signal `$paramod\wire_order_book\NUM_SETS=s32'00000000000000000000001000000000.$memwr$\order_valid_q$rtl/common/wire_order_book.sv:318$5033_EN' using process `$paramod\wire_order_book\NUM_SETS=s32'00000000000000000000001000000000.$proc$rtl/common/wire_order_book.sv:302$5572'.
  created $dff cell `$procdff$18355' with positive edge clock.
Creating register for signal `$paramod\wire_order_book\NUM_SETS=s32'00000000000000000000001000000000.$memwr$\order_valid_q$rtl/common/wire_order_book.sv:318$5034_EN' using process `$paramod\wire_order_book\NUM_SETS=s32'00000000000000000000001000000000.$proc$rtl/common/wire_order_book.sv:302$5572'.
  created $dff cell `$procdff$18356' with positive edge clock.
Creating register for signal `$paramod\wire_order_book\NUM_SETS=s32'00000000000000000000001000000000.$memwr$\order_valid_q$rtl/common/wire_order_book.sv:318$5035_EN' using process `$paramod\wire_order_book\NUM_SETS=s32'00000000000000000000001000000000.$proc$rtl/common/wire_order_book.sv:302$5572'.
  created $dff cell `$procdff$18357' with positive edge clock.
Creating register for signal `$paramod\wire_order_book\NUM_SETS=s32'00000000000000000000001000000000.$memwr$\order_valid_q$rtl/common/wire_order_book.sv:318$5036_EN' using process `$paramod\wire_order_book\NUM_SETS=s32'00000000000000000000001000000000.$proc$rtl/common/wire_order_book.sv:302$5572'.
  created $dff cell `$procdff$18358' with positive edge clock.
Creating register for signal `$paramod\wire_order_book\NUM_SETS=s32'00000000000000000000001000000000.$memwr$\order_valid_q$rtl/common/wire_order_book.sv:318$5037_EN' using process `$paramod\wire_order_book\NUM_SETS=s32'00000000000000000000001000000000.$proc$rtl/common/wire_order_book.sv:302$5572'.
  created $dff cell `$procdff$18359' with positive edge clock.
Creating register for signal `$paramod\wire_order_book\NUM_SETS=s32'00000000000000000000001000000000.$memwr$\order_valid_q$rtl/common/wire_order_book.sv:318$5038_EN' using process `$paramod\wire_order_book\NUM_SETS=s32'00000000000000000000001000000000.$proc$rtl/common/wire_order_book.sv:302$5572'.
  created $dff cell `$procdff$18360' with positive edge clock.
Creating register for signal `$paramod\wire_order_book\NUM_SETS=s32'00000000000000000000001000000000.$memwr$\order_valid_q$rtl/common/wire_order_book.sv:318$5039_EN' using process `$paramod\wire_order_book\NUM_SETS=s32'00000000000000000000001000000000.$proc$rtl/common/wire_order_book.sv:302$5572'.
  created $dff cell `$procdff$18361' with positive edge clock.
Creating register for signal `$paramod\wire_order_book\NUM_SETS=s32'00000000000000000000001000000000.$memwr$\order_valid_q$rtl/common/wire_order_book.sv:318$5040_EN' using process `$paramod\wire_order_book\NUM_SETS=s32'00000000000000000000001000000000.$proc$rtl/common/wire_order_book.sv:302$5572'.
  created $dff cell `$procdff$18362' with positive edge clock.
Creating register for signal `$paramod\wire_order_book\NUM_SETS=s32'00000000000000000000001000000000.$memwr$\order_valid_q$rtl/common/wire_order_book.sv:318$5041_EN' using process `$paramod\wire_order_book\NUM_SETS=s32'00000000000000000000001000000000.$proc$rtl/common/wire_order_book.sv:302$5572'.
  created $dff cell `$procdff$18363' with positive edge clock.
Creating register for signal `$paramod\wire_order_book\NUM_SETS=s32'00000000000000000000001000000000.$memwr$\order_valid_q$rtl/common/wire_order_book.sv:318$5042_EN' using process `$paramod\wire_order_book\NUM_SETS=s32'00000000000000000000001000000000.$proc$rtl/common/wire_order_book.sv:302$5572'.
  created $dff cell `$procdff$18364' with positive edge clock.
Creating register for signal `$paramod\wire_order_book\NUM_SETS=s32'00000000000000000000001000000000.$memwr$\order_valid_q$rtl/common/wire_order_book.sv:318$5043_EN' using process `$paramod\wire_order_book\NUM_SETS=s32'00000000000000000000001000000000.$proc$rtl/common/wire_order_book.sv:302$5572'.
  created $dff cell `$procdff$18365' with positive edge clock.
Creating register for signal `$paramod\wire_order_book\NUM_SETS=s32'00000000000000000000001000000000.$memwr$\order_valid_q$rtl/common/wire_order_book.sv:318$5044_EN' using process `$paramod\wire_order_book\NUM_SETS=s32'00000000000000000000001000000000.$proc$rtl/common/wire_order_book.sv:302$5572'.
  created $dff cell `$procdff$18366' with positive edge clock.
Creating register for signal `$paramod\wire_order_book\NUM_SETS=s32'00000000000000000000001000000000.$memwr$\order_valid_q$rtl/common/wire_order_book.sv:318$5045_EN' using process `$paramod\wire_order_book\NUM_SETS=s32'00000000000000000000001000000000.$proc$rtl/common/wire_order_book.sv:302$5572'.
  created $dff cell `$procdff$18367' with positive edge clock.
Creating register for signal `$paramod\wire_order_book\NUM_SETS=s32'00000000000000000000001000000000.$memwr$\order_valid_q$rtl/common/wire_order_book.sv:318$5046_EN' using process `$paramod\wire_order_book\NUM_SETS=s32'00000000000000000000001000000000.$proc$rtl/common/wire_order_book.sv:302$5572'.
  created $dff cell `$procdff$18368' with positive edge clock.
Creating register for signal `$paramod\wire_order_book\NUM_SETS=s32'00000000000000000000001000000000.$memwr$\order_valid_q$rtl/common/wire_order_book.sv:318$5047_EN' using process `$paramod\wire_order_book\NUM_SETS=s32'00000000000000000000001000000000.$proc$rtl/common/wire_order_book.sv:302$5572'.
  created $dff cell `$procdff$18369' with positive edge clock.
Creating register for signal `$paramod\wire_order_book\NUM_SETS=s32'00000000000000000000001000000000.$memwr$\order_valid_q$rtl/common/wire_order_book.sv:318$5048_EN' using process `$paramod\wire_order_book\NUM_SETS=s32'00000000000000000000001000000000.$proc$rtl/common/wire_order_book.sv:302$5572'.
  created $dff cell `$procdff$18370' with positive edge clock.
Creating register for signal `$paramod\wire_order_book\NUM_SETS=s32'00000000000000000000001000000000.$memwr$\order_valid_q$rtl/common/wire_order_book.sv:318$5049_EN' using process `$paramod\wire_order_book\NUM_SETS=s32'00000000000000000000001000000000.$proc$rtl/common/wire_order_book.sv:302$5572'.
  created $dff cell `$procdff$18371' with positive edge clock.
Creating register for signal `$paramod\wire_order_book\NUM_SETS=s32'00000000000000000000001000000000.$memwr$\order_valid_q$rtl/common/wire_order_book.sv:318$5050_EN' using process `$paramod\wire_order_book\NUM_SETS=s32'00000000000000000000001000000000.$proc$rtl/common/wire_order_book.sv:302$5572'.
  created $dff cell `$procdff$18372' with positive edge clock.
Creating register for signal `$paramod\wire_order_book\NUM_SETS=s32'00000000000000000000001000000000.$memwr$\order_valid_q$rtl/common/wire_order_book.sv:318$5051_EN' using process `$paramod\wire_order_book\NUM_SETS=s32'00000000000000000000001000000000.$proc$rtl/common/wire_order_book.sv:302$5572'.
  created $dff cell `$procdff$18373' with positive edge clock.
Creating register for signal `$paramod\wire_order_book\NUM_SETS=s32'00000000000000000000001000000000.$memwr$\order_valid_q$rtl/common/wire_order_book.sv:318$5052_EN' using process `$paramod\wire_order_book\NUM_SETS=s32'00000000000000000000001000000000.$proc$rtl/common/wire_order_book.sv:302$5572'.
  created $dff cell `$procdff$18374' with positive edge clock.
Creating register for signal `$paramod\wire_order_book\NUM_SETS=s32'00000000000000000000001000000000.$memwr$\order_valid_q$rtl/common/wire_order_book.sv:318$5053_EN' using process `$paramod\wire_order_book\NUM_SETS=s32'00000000000000000000001000000000.$proc$rtl/common/wire_order_book.sv:302$5572'.
  created $dff cell `$procdff$18375' with positive edge clock.
Creating register for signal `$paramod\wire_order_book\NUM_SETS=s32'00000000000000000000001000000000.$memwr$\order_valid_q$rtl/common/wire_order_book.sv:318$5054_EN' using process `$paramod\wire_order_book\NUM_SETS=s32'00000000000000000000001000000000.$proc$rtl/common/wire_order_book.sv:302$5572'.
  created $dff cell `$procdff$18376' with positive edge clock.
Creating register for signal `$paramod\wire_order_book\NUM_SETS=s32'00000000000000000000001000000000.$memwr$\order_valid_q$rtl/common/wire_order_book.sv:318$5055_EN' using process `$paramod\wire_order_book\NUM_SETS=s32'00000000000000000000001000000000.$proc$rtl/common/wire_order_book.sv:302$5572'.
  created $dff cell `$procdff$18377' with positive edge clock.
Creating register for signal `$paramod\wire_order_book\NUM_SETS=s32'00000000000000000000001000000000.$memwr$\order_valid_q$rtl/common/wire_order_book.sv:318$5056_EN' using process `$paramod\wire_order_book\NUM_SETS=s32'00000000000000000000001000000000.$proc$rtl/common/wire_order_book.sv:302$5572'.
  created $dff cell `$procdff$18378' with positive edge clock.
Creating register for signal `$paramod\wire_order_book\NUM_SETS=s32'00000000000000000000001000000000.$memwr$\order_valid_q$rtl/common/wire_order_book.sv:318$5057_EN' using process `$paramod\wire_order_book\NUM_SETS=s32'00000000000000000000001000000000.$proc$rtl/common/wire_order_book.sv:302$5572'.
  created $dff cell `$procdff$18379' with positive edge clock.
Creating register for signal `$paramod\wire_order_book\NUM_SETS=s32'00000000000000000000001000000000.$memwr$\order_valid_q$rtl/common/wire_order_book.sv:318$5058_EN' using process `$paramod\wire_order_book\NUM_SETS=s32'00000000000000000000001000000000.$proc$rtl/common/wire_order_book.sv:302$5572'.
  created $dff cell `$procdff$18380' with positive edge clock.
Creating register for signal `$paramod\wire_order_book\NUM_SETS=s32'00000000000000000000001000000000.$memwr$\order_valid_q$rtl/common/wire_order_book.sv:318$5059_EN' using process `$paramod\wire_order_book\NUM_SETS=s32'00000000000000000000001000000000.$proc$rtl/common/wire_order_book.sv:302$5572'.
  created $dff cell `$procdff$18381' with positive edge clock.
Creating register for signal `$paramod\wire_order_book\NUM_SETS=s32'00000000000000000000001000000000.$memwr$\order_valid_q$rtl/common/wire_order_book.sv:318$5060_EN' using process `$paramod\wire_order_book\NUM_SETS=s32'00000000000000000000001000000000.$proc$rtl/common/wire_order_book.sv:302$5572'.
  created $dff cell `$procdff$18382' with positive edge clock.
Creating register for signal `$paramod\wire_order_book\NUM_SETS=s32'00000000000000000000001000000000.$memwr$\order_valid_q$rtl/common/wire_order_book.sv:318$5061_EN' using process `$paramod\wire_order_book\NUM_SETS=s32'00000000000000000000001000000000.$proc$rtl/common/wire_order_book.sv:302$5572'.
  created $dff cell `$procdff$18383' with positive edge clock.
Creating register for signal `$paramod\wire_order_book\NUM_SETS=s32'00000000000000000000001000000000.$memwr$\order_valid_q$rtl/common/wire_order_book.sv:318$5062_EN' using process `$paramod\wire_order_book\NUM_SETS=s32'00000000000000000000001000000000.$proc$rtl/common/wire_order_book.sv:302$5572'.
  created $dff cell `$procdff$18384' with positive edge clock.
Creating register for signal `$paramod\wire_order_book\NUM_SETS=s32'00000000000000000000001000000000.$memwr$\order_valid_q$rtl/common/wire_order_book.sv:318$5063_EN' using process `$paramod\wire_order_book\NUM_SETS=s32'00000000000000000000001000000000.$proc$rtl/common/wire_order_book.sv:302$5572'.
  created $dff cell `$procdff$18385' with positive edge clock.
Creating register for signal `$paramod\wire_order_book\NUM_SETS=s32'00000000000000000000001000000000.$memwr$\order_valid_q$rtl/common/wire_order_book.sv:318$5064_EN' using process `$paramod\wire_order_book\NUM_SETS=s32'00000000000000000000001000000000.$proc$rtl/common/wire_order_book.sv:302$5572'.
  created $dff cell `$procdff$18386' with positive edge clock.
Creating register for signal `$paramod\wire_order_book\NUM_SETS=s32'00000000000000000000001000000000.$memwr$\order_valid_q$rtl/common/wire_order_book.sv:318$5065_EN' using process `$paramod\wire_order_book\NUM_SETS=s32'00000000000000000000001000000000.$proc$rtl/common/wire_order_book.sv:302$5572'.
  created $dff cell `$procdff$18387' with positive edge clock.
Creating register for signal `$paramod\wire_order_book\NUM_SETS=s32'00000000000000000000001000000000.$memwr$\order_valid_q$rtl/common/wire_order_book.sv:318$5066_EN' using process `$paramod\wire_order_book\NUM_SETS=s32'00000000000000000000001000000000.$proc$rtl/common/wire_order_book.sv:302$5572'.
  created $dff cell `$procdff$18388' with positive edge clock.
Creating register for signal `$paramod\wire_order_book\NUM_SETS=s32'00000000000000000000001000000000.$memwr$\order_valid_q$rtl/common/wire_order_book.sv:318$5067_EN' using process `$paramod\wire_order_book\NUM_SETS=s32'00000000000000000000001000000000.$proc$rtl/common/wire_order_book.sv:302$5572'.
  created $dff cell `$procdff$18389' with positive edge clock.
Creating register for signal `$paramod\wire_order_book\NUM_SETS=s32'00000000000000000000001000000000.$memwr$\order_valid_q$rtl/common/wire_order_book.sv:318$5068_EN' using process `$paramod\wire_order_book\NUM_SETS=s32'00000000000000000000001000000000.$proc$rtl/common/wire_order_book.sv:302$5572'.
  created $dff cell `$procdff$18390' with positive edge clock.
Creating register for signal `$paramod\wire_order_book\NUM_SETS=s32'00000000000000000000001000000000.$memwr$\order_valid_q$rtl/common/wire_order_book.sv:318$5069_EN' using process `$paramod\wire_order_book\NUM_SETS=s32'00000000000000000000001000000000.$proc$rtl/common/wire_order_book.sv:302$5572'.
  created $dff cell `$procdff$18391' with positive edge clock.
Creating register for signal `$paramod\wire_order_book\NUM_SETS=s32'00000000000000000000001000000000.$memwr$\order_valid_q$rtl/common/wire_order_book.sv:318$5070_EN' using process `$paramod\wire_order_book\NUM_SETS=s32'00000000000000000000001000000000.$proc$rtl/common/wire_order_book.sv:302$5572'.
  created $dff cell `$procdff$18392' with positive edge clock.
Creating register for signal `$paramod\wire_order_book\NUM_SETS=s32'00000000000000000000001000000000.$memwr$\order_valid_q$rtl/common/wire_order_book.sv:318$5071_EN' using process `$paramod\wire_order_book\NUM_SETS=s32'00000000000000000000001000000000.$proc$rtl/common/wire_order_book.sv:302$5572'.
  created $dff cell `$procdff$18393' with positive edge clock.
Creating register for signal `$paramod\wire_order_book\NUM_SETS=s32'00000000000000000000001000000000.$memwr$\order_valid_q$rtl/common/wire_order_book.sv:318$5072_EN' using process `$paramod\wire_order_book\NUM_SETS=s32'00000000000000000000001000000000.$proc$rtl/common/wire_order_book.sv:302$5572'.
  created $dff cell `$procdff$18394' with positive edge clock.
Creating register for signal `$paramod\wire_order_book\NUM_SETS=s32'00000000000000000000001000000000.$memwr$\order_valid_q$rtl/common/wire_order_book.sv:318$5073_EN' using process `$paramod\wire_order_book\NUM_SETS=s32'00000000000000000000001000000000.$proc$rtl/common/wire_order_book.sv:302$5572'.
  created $dff cell `$procdff$18395' with positive edge clock.
Creating register for signal `$paramod\wire_order_book\NUM_SETS=s32'00000000000000000000001000000000.$memwr$\order_valid_q$rtl/common/wire_order_book.sv:318$5074_EN' using process `$paramod\wire_order_book\NUM_SETS=s32'00000000000000000000001000000000.$proc$rtl/common/wire_order_book.sv:302$5572'.
  created $dff cell `$procdff$18396' with positive edge clock.
Creating register for signal `$paramod\wire_order_book\NUM_SETS=s32'00000000000000000000001000000000.$memwr$\order_valid_q$rtl/common/wire_order_book.sv:318$5075_EN' using process `$paramod\wire_order_book\NUM_SETS=s32'00000000000000000000001000000000.$proc$rtl/common/wire_order_book.sv:302$5572'.
  created $dff cell `$procdff$18397' with positive edge clock.
Creating register for signal `$paramod\wire_order_book\NUM_SETS=s32'00000000000000000000001000000000.$memwr$\order_valid_q$rtl/common/wire_order_book.sv:318$5076_EN' using process `$paramod\wire_order_book\NUM_SETS=s32'00000000000000000000001000000000.$proc$rtl/common/wire_order_book.sv:302$5572'.
  created $dff cell `$procdff$18398' with positive edge clock.
Creating register for signal `$paramod\wire_order_book\NUM_SETS=s32'00000000000000000000001000000000.$memwr$\order_valid_q$rtl/common/wire_order_book.sv:318$5077_EN' using process `$paramod\wire_order_book\NUM_SETS=s32'00000000000000000000001000000000.$proc$rtl/common/wire_order_book.sv:302$5572'.
  created $dff cell `$procdff$18399' with positive edge clock.
Creating register for signal `$paramod\wire_order_book\NUM_SETS=s32'00000000000000000000001000000000.$memwr$\order_valid_q$rtl/common/wire_order_book.sv:318$5078_EN' using process `$paramod\wire_order_book\NUM_SETS=s32'00000000000000000000001000000000.$proc$rtl/common/wire_order_book.sv:302$5572'.
  created $dff cell `$procdff$18400' with positive edge clock.
Creating register for signal `$paramod\wire_order_book\NUM_SETS=s32'00000000000000000000001000000000.$memwr$\order_valid_q$rtl/common/wire_order_book.sv:318$5079_EN' using process `$paramod\wire_order_book\NUM_SETS=s32'00000000000000000000001000000000.$proc$rtl/common/wire_order_book.sv:302$5572'.
  created $dff cell `$procdff$18401' with positive edge clock.
Creating register for signal `$paramod\wire_order_book\NUM_SETS=s32'00000000000000000000001000000000.$memwr$\order_valid_q$rtl/common/wire_order_book.sv:318$5080_EN' using process `$paramod\wire_order_book\NUM_SETS=s32'00000000000000000000001000000000.$proc$rtl/common/wire_order_book.sv:302$5572'.
  created $dff cell `$procdff$18402' with positive edge clock.
Creating register for signal `$paramod\wire_order_book\NUM_SETS=s32'00000000000000000000001000000000.$memwr$\order_valid_q$rtl/common/wire_order_book.sv:318$5081_EN' using process `$paramod\wire_order_book\NUM_SETS=s32'00000000000000000000001000000000.$proc$rtl/common/wire_order_book.sv:302$5572'.
  created $dff cell `$procdff$18403' with positive edge clock.
Creating register for signal `$paramod\wire_order_book\NUM_SETS=s32'00000000000000000000001000000000.$memwr$\order_valid_q$rtl/common/wire_order_book.sv:318$5082_EN' using process `$paramod\wire_order_book\NUM_SETS=s32'00000000000000000000001000000000.$proc$rtl/common/wire_order_book.sv:302$5572'.
  created $dff cell `$procdff$18404' with positive edge clock.
Creating register for signal `$paramod\wire_order_book\NUM_SETS=s32'00000000000000000000001000000000.$memwr$\order_valid_q$rtl/common/wire_order_book.sv:318$5083_EN' using process `$paramod\wire_order_book\NUM_SETS=s32'00000000000000000000001000000000.$proc$rtl/common/wire_order_book.sv:302$5572'.
  created $dff cell `$procdff$18405' with positive edge clock.
Creating register for signal `$paramod\wire_order_book\NUM_SETS=s32'00000000000000000000001000000000.$memwr$\order_valid_q$rtl/common/wire_order_book.sv:318$5084_EN' using process `$paramod\wire_order_book\NUM_SETS=s32'00000000000000000000001000000000.$proc$rtl/common/wire_order_book.sv:302$5572'.
  created $dff cell `$procdff$18406' with positive edge clock.
Creating register for signal `$paramod\wire_order_book\NUM_SETS=s32'00000000000000000000001000000000.$memwr$\order_valid_q$rtl/common/wire_order_book.sv:318$5085_EN' using process `$paramod\wire_order_book\NUM_SETS=s32'00000000000000000000001000000000.$proc$rtl/common/wire_order_book.sv:302$5572'.
  created $dff cell `$procdff$18407' with positive edge clock.
Creating register for signal `$paramod\wire_order_book\NUM_SETS=s32'00000000000000000000001000000000.$memwr$\order_valid_q$rtl/common/wire_order_book.sv:318$5086_EN' using process `$paramod\wire_order_book\NUM_SETS=s32'00000000000000000000001000000000.$proc$rtl/common/wire_order_book.sv:302$5572'.
  created $dff cell `$procdff$18408' with positive edge clock.
Creating register for signal `$paramod\wire_order_book\NUM_SETS=s32'00000000000000000000001000000000.$memwr$\order_valid_q$rtl/common/wire_order_book.sv:318$5087_EN' using process `$paramod\wire_order_book\NUM_SETS=s32'00000000000000000000001000000000.$proc$rtl/common/wire_order_book.sv:302$5572'.
  created $dff cell `$procdff$18409' with positive edge clock.
Creating register for signal `$paramod\wire_order_book\NUM_SETS=s32'00000000000000000000001000000000.$memwr$\order_valid_q$rtl/common/wire_order_book.sv:318$5088_EN' using process `$paramod\wire_order_book\NUM_SETS=s32'00000000000000000000001000000000.$proc$rtl/common/wire_order_book.sv:302$5572'.
  created $dff cell `$procdff$18410' with positive edge clock.
Creating register for signal `$paramod\wire_order_book\NUM_SETS=s32'00000000000000000000001000000000.$memwr$\order_valid_q$rtl/common/wire_order_book.sv:318$5089_EN' using process `$paramod\wire_order_book\NUM_SETS=s32'00000000000000000000001000000000.$proc$rtl/common/wire_order_book.sv:302$5572'.
  created $dff cell `$procdff$18411' with positive edge clock.
Creating register for signal `$paramod\wire_order_book\NUM_SETS=s32'00000000000000000000001000000000.$memwr$\order_valid_q$rtl/common/wire_order_book.sv:318$5090_EN' using process `$paramod\wire_order_book\NUM_SETS=s32'00000000000000000000001000000000.$proc$rtl/common/wire_order_book.sv:302$5572'.
  created $dff cell `$procdff$18412' with positive edge clock.
Creating register for signal `$paramod\wire_order_book\NUM_SETS=s32'00000000000000000000001000000000.$memwr$\order_valid_q$rtl/common/wire_order_book.sv:318$5091_EN' using process `$paramod\wire_order_book\NUM_SETS=s32'00000000000000000000001000000000.$proc$rtl/common/wire_order_book.sv:302$5572'.
  created $dff cell `$procdff$18413' with positive edge clock.
Creating register for signal `$paramod\wire_order_book\NUM_SETS=s32'00000000000000000000001000000000.$memwr$\order_valid_q$rtl/common/wire_order_book.sv:318$5092_EN' using process `$paramod\wire_order_book\NUM_SETS=s32'00000000000000000000001000000000.$proc$rtl/common/wire_order_book.sv:302$5572'.
  created $dff cell `$procdff$18414' with positive edge clock.
Creating register for signal `$paramod\wire_order_book\NUM_SETS=s32'00000000000000000000001000000000.$memwr$\order_valid_q$rtl/common/wire_order_book.sv:318$5093_EN' using process `$paramod\wire_order_book\NUM_SETS=s32'00000000000000000000001000000000.$proc$rtl/common/wire_order_book.sv:302$5572'.
  created $dff cell `$procdff$18415' with positive edge clock.
Creating register for signal `$paramod\wire_order_book\NUM_SETS=s32'00000000000000000000001000000000.$memwr$\order_valid_q$rtl/common/wire_order_book.sv:318$5094_EN' using process `$paramod\wire_order_book\NUM_SETS=s32'00000000000000000000001000000000.$proc$rtl/common/wire_order_book.sv:302$5572'.
  created $dff cell `$procdff$18416' with positive edge clock.
Creating register for signal `$paramod\wire_order_book\NUM_SETS=s32'00000000000000000000001000000000.$memwr$\order_valid_q$rtl/common/wire_order_book.sv:318$5095_EN' using process `$paramod\wire_order_book\NUM_SETS=s32'00000000000000000000001000000000.$proc$rtl/common/wire_order_book.sv:302$5572'.
  created $dff cell `$procdff$18417' with positive edge clock.
Creating register for signal `$paramod\wire_order_book\NUM_SETS=s32'00000000000000000000001000000000.$memwr$\order_valid_q$rtl/common/wire_order_book.sv:318$5096_EN' using process `$paramod\wire_order_book\NUM_SETS=s32'00000000000000000000001000000000.$proc$rtl/common/wire_order_book.sv:302$5572'.
  created $dff cell `$procdff$18418' with positive edge clock.
Creating register for signal `$paramod\wire_order_book\NUM_SETS=s32'00000000000000000000001000000000.$memwr$\order_valid_q$rtl/common/wire_order_book.sv:318$5097_EN' using process `$paramod\wire_order_book\NUM_SETS=s32'00000000000000000000001000000000.$proc$rtl/common/wire_order_book.sv:302$5572'.
  created $dff cell `$procdff$18419' with positive edge clock.
Creating register for signal `$paramod\wire_order_book\NUM_SETS=s32'00000000000000000000001000000000.$memwr$\order_valid_q$rtl/common/wire_order_book.sv:318$5098_EN' using process `$paramod\wire_order_book\NUM_SETS=s32'00000000000000000000001000000000.$proc$rtl/common/wire_order_book.sv:302$5572'.
  created $dff cell `$procdff$18420' with positive edge clock.
Creating register for signal `$paramod\wire_order_book\NUM_SETS=s32'00000000000000000000001000000000.$memwr$\order_valid_q$rtl/common/wire_order_book.sv:318$5099_EN' using process `$paramod\wire_order_book\NUM_SETS=s32'00000000000000000000001000000000.$proc$rtl/common/wire_order_book.sv:302$5572'.
  created $dff cell `$procdff$18421' with positive edge clock.
Creating register for signal `$paramod\wire_order_book\NUM_SETS=s32'00000000000000000000001000000000.$memwr$\order_valid_q$rtl/common/wire_order_book.sv:318$5100_EN' using process `$paramod\wire_order_book\NUM_SETS=s32'00000000000000000000001000000000.$proc$rtl/common/wire_order_book.sv:302$5572'.
  created $dff cell `$procdff$18422' with positive edge clock.
Creating register for signal `$paramod\wire_order_book\NUM_SETS=s32'00000000000000000000001000000000.$memwr$\order_valid_q$rtl/common/wire_order_book.sv:318$5101_EN' using process `$paramod\wire_order_book\NUM_SETS=s32'00000000000000000000001000000000.$proc$rtl/common/wire_order_book.sv:302$5572'.
  created $dff cell `$procdff$18423' with positive edge clock.
Creating register for signal `$paramod\wire_order_book\NUM_SETS=s32'00000000000000000000001000000000.$memwr$\order_valid_q$rtl/common/wire_order_book.sv:318$5102_EN' using process `$paramod\wire_order_book\NUM_SETS=s32'00000000000000000000001000000000.$proc$rtl/common/wire_order_book.sv:302$5572'.
  created $dff cell `$procdff$18424' with positive edge clock.
Creating register for signal `$paramod\wire_order_book\NUM_SETS=s32'00000000000000000000001000000000.$memwr$\order_valid_q$rtl/common/wire_order_book.sv:318$5103_EN' using process `$paramod\wire_order_book\NUM_SETS=s32'00000000000000000000001000000000.$proc$rtl/common/wire_order_book.sv:302$5572'.
  created $dff cell `$procdff$18425' with positive edge clock.
Creating register for signal `$paramod\wire_order_book\NUM_SETS=s32'00000000000000000000001000000000.$memwr$\order_valid_q$rtl/common/wire_order_book.sv:318$5104_EN' using process `$paramod\wire_order_book\NUM_SETS=s32'00000000000000000000001000000000.$proc$rtl/common/wire_order_book.sv:302$5572'.
  created $dff cell `$procdff$18426' with positive edge clock.
Creating register for signal `$paramod\wire_order_book\NUM_SETS=s32'00000000000000000000001000000000.$memwr$\order_valid_q$rtl/common/wire_order_book.sv:318$5105_EN' using process `$paramod\wire_order_book\NUM_SETS=s32'00000000000000000000001000000000.$proc$rtl/common/wire_order_book.sv:302$5572'.
  created $dff cell `$procdff$18427' with positive edge clock.
Creating register for signal `$paramod\wire_order_book\NUM_SETS=s32'00000000000000000000001000000000.$memwr$\order_valid_q$rtl/common/wire_order_book.sv:318$5106_EN' using process `$paramod\wire_order_book\NUM_SETS=s32'00000000000000000000001000000000.$proc$rtl/common/wire_order_book.sv:302$5572'.
  created $dff cell `$procdff$18428' with positive edge clock.
Creating register for signal `$paramod\wire_order_book\NUM_SETS=s32'00000000000000000000001000000000.$memwr$\order_valid_q$rtl/common/wire_order_book.sv:318$5107_EN' using process `$paramod\wire_order_book\NUM_SETS=s32'00000000000000000000001000000000.$proc$rtl/common/wire_order_book.sv:302$5572'.
  created $dff cell `$procdff$18429' with positive edge clock.
Creating register for signal `$paramod\wire_order_book\NUM_SETS=s32'00000000000000000000001000000000.$memwr$\order_valid_q$rtl/common/wire_order_book.sv:318$5108_EN' using process `$paramod\wire_order_book\NUM_SETS=s32'00000000000000000000001000000000.$proc$rtl/common/wire_order_book.sv:302$5572'.
  created $dff cell `$procdff$18430' with positive edge clock.
Creating register for signal `$paramod\wire_order_book\NUM_SETS=s32'00000000000000000000001000000000.$memwr$\order_valid_q$rtl/common/wire_order_book.sv:318$5109_EN' using process `$paramod\wire_order_book\NUM_SETS=s32'00000000000000000000001000000000.$proc$rtl/common/wire_order_book.sv:302$5572'.
  created $dff cell `$procdff$18431' with positive edge clock.
Creating register for signal `$paramod\wire_order_book\NUM_SETS=s32'00000000000000000000001000000000.$memwr$\order_valid_q$rtl/common/wire_order_book.sv:318$5110_EN' using process `$paramod\wire_order_book\NUM_SETS=s32'00000000000000000000001000000000.$proc$rtl/common/wire_order_book.sv:302$5572'.
  created $dff cell `$procdff$18432' with positive edge clock.
Creating register for signal `$paramod\wire_order_book\NUM_SETS=s32'00000000000000000000001000000000.$memwr$\order_valid_q$rtl/common/wire_order_book.sv:318$5111_EN' using process `$paramod\wire_order_book\NUM_SETS=s32'00000000000000000000001000000000.$proc$rtl/common/wire_order_book.sv:302$5572'.
  created $dff cell `$procdff$18433' with positive edge clock.
Creating register for signal `$paramod\wire_order_book\NUM_SETS=s32'00000000000000000000001000000000.$memwr$\order_valid_q$rtl/common/wire_order_book.sv:318$5112_EN' using process `$paramod\wire_order_book\NUM_SETS=s32'00000000000000000000001000000000.$proc$rtl/common/wire_order_book.sv:302$5572'.
  created $dff cell `$procdff$18434' with positive edge clock.
Creating register for signal `$paramod\wire_order_book\NUM_SETS=s32'00000000000000000000001000000000.$memwr$\order_valid_q$rtl/common/wire_order_book.sv:318$5113_EN' using process `$paramod\wire_order_book\NUM_SETS=s32'00000000000000000000001000000000.$proc$rtl/common/wire_order_book.sv:302$5572'.
  created $dff cell `$procdff$18435' with positive edge clock.
Creating register for signal `$paramod\wire_order_book\NUM_SETS=s32'00000000000000000000001000000000.$memwr$\order_valid_q$rtl/common/wire_order_book.sv:318$5114_EN' using process `$paramod\wire_order_book\NUM_SETS=s32'00000000000000000000001000000000.$proc$rtl/common/wire_order_book.sv:302$5572'.
  created $dff cell `$procdff$18436' with positive edge clock.
Creating register for signal `$paramod\wire_order_book\NUM_SETS=s32'00000000000000000000001000000000.$memwr$\order_valid_q$rtl/common/wire_order_book.sv:318$5115_EN' using process `$paramod\wire_order_book\NUM_SETS=s32'00000000000000000000001000000000.$proc$rtl/common/wire_order_book.sv:302$5572'.
  created $dff cell `$procdff$18437' with positive edge clock.
Creating register for signal `$paramod\wire_order_book\NUM_SETS=s32'00000000000000000000001000000000.$memwr$\order_valid_q$rtl/common/wire_order_book.sv:318$5116_EN' using process `$paramod\wire_order_book\NUM_SETS=s32'00000000000000000000001000000000.$proc$rtl/common/wire_order_book.sv:302$5572'.
  created $dff cell `$procdff$18438' with positive edge clock.
Creating register for signal `$paramod\wire_order_book\NUM_SETS=s32'00000000000000000000001000000000.$memwr$\order_valid_q$rtl/common/wire_order_book.sv:318$5117_EN' using process `$paramod\wire_order_book\NUM_SETS=s32'00000000000000000000001000000000.$proc$rtl/common/wire_order_book.sv:302$5572'.
  created $dff cell `$procdff$18439' with positive edge clock.
Creating register for signal `$paramod\wire_order_book\NUM_SETS=s32'00000000000000000000001000000000.$memwr$\order_valid_q$rtl/common/wire_order_book.sv:318$5118_EN' using process `$paramod\wire_order_book\NUM_SETS=s32'00000000000000000000001000000000.$proc$rtl/common/wire_order_book.sv:302$5572'.
  created $dff cell `$procdff$18440' with positive edge clock.
Creating register for signal `$paramod\wire_order_book\NUM_SETS=s32'00000000000000000000001000000000.$memwr$\order_valid_q$rtl/common/wire_order_book.sv:318$5119_EN' using process `$paramod\wire_order_book\NUM_SETS=s32'00000000000000000000001000000000.$proc$rtl/common/wire_order_book.sv:302$5572'.
  created $dff cell `$procdff$18441' with positive edge clock.
Creating register for signal `$paramod\wire_order_book\NUM_SETS=s32'00000000000000000000001000000000.$memwr$\order_valid_q$rtl/common/wire_order_book.sv:318$5120_EN' using process `$paramod\wire_order_book\NUM_SETS=s32'00000000000000000000001000000000.$proc$rtl/common/wire_order_book.sv:302$5572'.
  created $dff cell `$procdff$18442' with positive edge clock.
Creating register for signal `$paramod\wire_order_book\NUM_SETS=s32'00000000000000000000001000000000.$memwr$\order_valid_q$rtl/common/wire_order_book.sv:318$5121_EN' using process `$paramod\wire_order_book\NUM_SETS=s32'00000000000000000000001000000000.$proc$rtl/common/wire_order_book.sv:302$5572'.
  created $dff cell `$procdff$18443' with positive edge clock.
Creating register for signal `$paramod\wire_order_book\NUM_SETS=s32'00000000000000000000001000000000.$memwr$\order_valid_q$rtl/common/wire_order_book.sv:318$5122_EN' using process `$paramod\wire_order_book\NUM_SETS=s32'00000000000000000000001000000000.$proc$rtl/common/wire_order_book.sv:302$5572'.
  created $dff cell `$procdff$18444' with positive edge clock.
Creating register for signal `$paramod\wire_order_book\NUM_SETS=s32'00000000000000000000001000000000.$memwr$\order_valid_q$rtl/common/wire_order_book.sv:318$5123_EN' using process `$paramod\wire_order_book\NUM_SETS=s32'00000000000000000000001000000000.$proc$rtl/common/wire_order_book.sv:302$5572'.
  created $dff cell `$procdff$18445' with positive edge clock.
Creating register for signal `$paramod\wire_order_book\NUM_SETS=s32'00000000000000000000001000000000.$memwr$\order_valid_q$rtl/common/wire_order_book.sv:318$5124_EN' using process `$paramod\wire_order_book\NUM_SETS=s32'00000000000000000000001000000000.$proc$rtl/common/wire_order_book.sv:302$5572'.
  created $dff cell `$procdff$18446' with positive edge clock.
Creating register for signal `$paramod\wire_order_book\NUM_SETS=s32'00000000000000000000001000000000.$memwr$\order_valid_q$rtl/common/wire_order_book.sv:318$5125_EN' using process `$paramod\wire_order_book\NUM_SETS=s32'00000000000000000000001000000000.$proc$rtl/common/wire_order_book.sv:302$5572'.
  created $dff cell `$procdff$18447' with positive edge clock.
Creating register for signal `$paramod\wire_order_book\NUM_SETS=s32'00000000000000000000001000000000.$memwr$\order_valid_q$rtl/common/wire_order_book.sv:318$5126_EN' using process `$paramod\wire_order_book\NUM_SETS=s32'00000000000000000000001000000000.$proc$rtl/common/wire_order_book.sv:302$5572'.
  created $dff cell `$procdff$18448' with positive edge clock.
Creating register for signal `$paramod\wire_order_book\NUM_SETS=s32'00000000000000000000001000000000.$memwr$\order_valid_q$rtl/common/wire_order_book.sv:318$5127_EN' using process `$paramod\wire_order_book\NUM_SETS=s32'00000000000000000000001000000000.$proc$rtl/common/wire_order_book.sv:302$5572'.
  created $dff cell `$procdff$18449' with positive edge clock.
Creating register for signal `$paramod\wire_order_book\NUM_SETS=s32'00000000000000000000001000000000.$memwr$\order_valid_q$rtl/common/wire_order_book.sv:318$5128_EN' using process `$paramod\wire_order_book\NUM_SETS=s32'00000000000000000000001000000000.$proc$rtl/common/wire_order_book.sv:302$5572'.
  created $dff cell `$procdff$18450' with positive edge clock.
Creating register for signal `$paramod\wire_order_book\NUM_SETS=s32'00000000000000000000001000000000.$memwr$\order_valid_q$rtl/common/wire_order_book.sv:318$5129_EN' using process `$paramod\wire_order_book\NUM_SETS=s32'00000000000000000000001000000000.$proc$rtl/common/wire_order_book.sv:302$5572'.
  created $dff cell `$procdff$18451' with positive edge clock.
Creating register for signal `$paramod\wire_order_book\NUM_SETS=s32'00000000000000000000001000000000.$memwr$\order_valid_q$rtl/common/wire_order_book.sv:318$5130_EN' using process `$paramod\wire_order_book\NUM_SETS=s32'00000000000000000000001000000000.$proc$rtl/common/wire_order_book.sv:302$5572'.
  created $dff cell `$procdff$18452' with positive edge clock.
Creating register for signal `$paramod\wire_order_book\NUM_SETS=s32'00000000000000000000001000000000.$memwr$\order_valid_q$rtl/common/wire_order_book.sv:318$5131_EN' using process `$paramod\wire_order_book\NUM_SETS=s32'00000000000000000000001000000000.$proc$rtl/common/wire_order_book.sv:302$5572'.
  created $dff cell `$procdff$18453' with positive edge clock.
Creating register for signal `$paramod\wire_order_book\NUM_SETS=s32'00000000000000000000001000000000.$memwr$\order_valid_q$rtl/common/wire_order_book.sv:318$5132_EN' using process `$paramod\wire_order_book\NUM_SETS=s32'00000000000000000000001000000000.$proc$rtl/common/wire_order_book.sv:302$5572'.
  created $dff cell `$procdff$18454' with positive edge clock.
Creating register for signal `$paramod\wire_order_book\NUM_SETS=s32'00000000000000000000001000000000.$memwr$\order_valid_q$rtl/common/wire_order_book.sv:318$5133_EN' using process `$paramod\wire_order_book\NUM_SETS=s32'00000000000000000000001000000000.$proc$rtl/common/wire_order_book.sv:302$5572'.
  created $dff cell `$procdff$18455' with positive edge clock.
Creating register for signal `$paramod\wire_order_book\NUM_SETS=s32'00000000000000000000001000000000.$memwr$\order_valid_q$rtl/common/wire_order_book.sv:318$5134_EN' using process `$paramod\wire_order_book\NUM_SETS=s32'00000000000000000000001000000000.$proc$rtl/common/wire_order_book.sv:302$5572'.
  created $dff cell `$procdff$18456' with positive edge clock.
Creating register for signal `$paramod\wire_order_book\NUM_SETS=s32'00000000000000000000001000000000.$memwr$\order_valid_q$rtl/common/wire_order_book.sv:318$5135_EN' using process `$paramod\wire_order_book\NUM_SETS=s32'00000000000000000000001000000000.$proc$rtl/common/wire_order_book.sv:302$5572'.
  created $dff cell `$procdff$18457' with positive edge clock.
Creating register for signal `$paramod\wire_order_book\NUM_SETS=s32'00000000000000000000001000000000.$memwr$\order_valid_q$rtl/common/wire_order_book.sv:318$5136_EN' using process `$paramod\wire_order_book\NUM_SETS=s32'00000000000000000000001000000000.$proc$rtl/common/wire_order_book.sv:302$5572'.
  created $dff cell `$procdff$18458' with positive edge clock.
Creating register for signal `$paramod\wire_order_book\NUM_SETS=s32'00000000000000000000001000000000.$memwr$\order_valid_q$rtl/common/wire_order_book.sv:318$5137_EN' using process `$paramod\wire_order_book\NUM_SETS=s32'00000000000000000000001000000000.$proc$rtl/common/wire_order_book.sv:302$5572'.
  created $dff cell `$procdff$18459' with positive edge clock.
Creating register for signal `$paramod\wire_order_book\NUM_SETS=s32'00000000000000000000001000000000.$memwr$\order_valid_q$rtl/common/wire_order_book.sv:318$5138_EN' using process `$paramod\wire_order_book\NUM_SETS=s32'00000000000000000000001000000000.$proc$rtl/common/wire_order_book.sv:302$5572'.
  created $dff cell `$procdff$18460' with positive edge clock.
Creating register for signal `$paramod\wire_order_book\NUM_SETS=s32'00000000000000000000001000000000.$memwr$\order_valid_q$rtl/common/wire_order_book.sv:318$5139_EN' using process `$paramod\wire_order_book\NUM_SETS=s32'00000000000000000000001000000000.$proc$rtl/common/wire_order_book.sv:302$5572'.
  created $dff cell `$procdff$18461' with positive edge clock.
Creating register for signal `$paramod\wire_order_book\NUM_SETS=s32'00000000000000000000001000000000.$memwr$\order_valid_q$rtl/common/wire_order_book.sv:318$5140_EN' using process `$paramod\wire_order_book\NUM_SETS=s32'00000000000000000000001000000000.$proc$rtl/common/wire_order_book.sv:302$5572'.
  created $dff cell `$procdff$18462' with positive edge clock.
Creating register for signal `$paramod\wire_order_book\NUM_SETS=s32'00000000000000000000001000000000.$memwr$\order_valid_q$rtl/common/wire_order_book.sv:318$5141_EN' using process `$paramod\wire_order_book\NUM_SETS=s32'00000000000000000000001000000000.$proc$rtl/common/wire_order_book.sv:302$5572'.
  created $dff cell `$procdff$18463' with positive edge clock.
Creating register for signal `$paramod\wire_order_book\NUM_SETS=s32'00000000000000000000001000000000.$memwr$\order_valid_q$rtl/common/wire_order_book.sv:318$5142_EN' using process `$paramod\wire_order_book\NUM_SETS=s32'00000000000000000000001000000000.$proc$rtl/common/wire_order_book.sv:302$5572'.
  created $dff cell `$procdff$18464' with positive edge clock.
Creating register for signal `$paramod\wire_order_book\NUM_SETS=s32'00000000000000000000001000000000.$memwr$\order_valid_q$rtl/common/wire_order_book.sv:318$5143_EN' using process `$paramod\wire_order_book\NUM_SETS=s32'00000000000000000000001000000000.$proc$rtl/common/wire_order_book.sv:302$5572'.
  created $dff cell `$procdff$18465' with positive edge clock.
Creating register for signal `$paramod\wire_order_book\NUM_SETS=s32'00000000000000000000001000000000.$memwr$\order_valid_q$rtl/common/wire_order_book.sv:318$5144_EN' using process `$paramod\wire_order_book\NUM_SETS=s32'00000000000000000000001000000000.$proc$rtl/common/wire_order_book.sv:302$5572'.
  created $dff cell `$procdff$18466' with positive edge clock.
Creating register for signal `$paramod\wire_order_book\NUM_SETS=s32'00000000000000000000001000000000.$memwr$\order_valid_q$rtl/common/wire_order_book.sv:318$5145_EN' using process `$paramod\wire_order_book\NUM_SETS=s32'00000000000000000000001000000000.$proc$rtl/common/wire_order_book.sv:302$5572'.
  created $dff cell `$procdff$18467' with positive edge clock.
Creating register for signal `$paramod\wire_order_book\NUM_SETS=s32'00000000000000000000001000000000.$memwr$\order_valid_q$rtl/common/wire_order_book.sv:318$5146_EN' using process `$paramod\wire_order_book\NUM_SETS=s32'00000000000000000000001000000000.$proc$rtl/common/wire_order_book.sv:302$5572'.
  created $dff cell `$procdff$18468' with positive edge clock.
Creating register for signal `$paramod\wire_order_book\NUM_SETS=s32'00000000000000000000001000000000.$memwr$\order_valid_q$rtl/common/wire_order_book.sv:318$5147_EN' using process `$paramod\wire_order_book\NUM_SETS=s32'00000000000000000000001000000000.$proc$rtl/common/wire_order_book.sv:302$5572'.
  created $dff cell `$procdff$18469' with positive edge clock.
Creating register for signal `$paramod\wire_order_book\NUM_SETS=s32'00000000000000000000001000000000.$memwr$\order_valid_q$rtl/common/wire_order_book.sv:318$5148_EN' using process `$paramod\wire_order_book\NUM_SETS=s32'00000000000000000000001000000000.$proc$rtl/common/wire_order_book.sv:302$5572'.
  created $dff cell `$procdff$18470' with positive edge clock.
Creating register for signal `$paramod\wire_order_book\NUM_SETS=s32'00000000000000000000001000000000.$memwr$\order_valid_q$rtl/common/wire_order_book.sv:318$5149_EN' using process `$paramod\wire_order_book\NUM_SETS=s32'00000000000000000000001000000000.$proc$rtl/common/wire_order_book.sv:302$5572'.
  created $dff cell `$procdff$18471' with positive edge clock.
Creating register for signal `$paramod\wire_order_book\NUM_SETS=s32'00000000000000000000001000000000.$memwr$\order_valid_q$rtl/common/wire_order_book.sv:318$5150_EN' using process `$paramod\wire_order_book\NUM_SETS=s32'00000000000000000000001000000000.$proc$rtl/common/wire_order_book.sv:302$5572'.
  created $dff cell `$procdff$18472' with positive edge clock.
Creating register for signal `$paramod\wire_order_book\NUM_SETS=s32'00000000000000000000001000000000.$memwr$\order_valid_q$rtl/common/wire_order_book.sv:318$5151_EN' using process `$paramod\wire_order_book\NUM_SETS=s32'00000000000000000000001000000000.$proc$rtl/common/wire_order_book.sv:302$5572'.
  created $dff cell `$procdff$18473' with positive edge clock.
Creating register for signal `$paramod\wire_order_book\NUM_SETS=s32'00000000000000000000001000000000.$memwr$\order_valid_q$rtl/common/wire_order_book.sv:318$5152_EN' using process `$paramod\wire_order_book\NUM_SETS=s32'00000000000000000000001000000000.$proc$rtl/common/wire_order_book.sv:302$5572'.
  created $dff cell `$procdff$18474' with positive edge clock.
Creating register for signal `$paramod\wire_order_book\NUM_SETS=s32'00000000000000000000001000000000.$memwr$\order_valid_q$rtl/common/wire_order_book.sv:318$5153_EN' using process `$paramod\wire_order_book\NUM_SETS=s32'00000000000000000000001000000000.$proc$rtl/common/wire_order_book.sv:302$5572'.
  created $dff cell `$procdff$18475' with positive edge clock.
Creating register for signal `$paramod\wire_order_book\NUM_SETS=s32'00000000000000000000001000000000.$memwr$\order_valid_q$rtl/common/wire_order_book.sv:318$5154_EN' using process `$paramod\wire_order_book\NUM_SETS=s32'00000000000000000000001000000000.$proc$rtl/common/wire_order_book.sv:302$5572'.
  created $dff cell `$procdff$18476' with positive edge clock.
Creating register for signal `$paramod\wire_order_book\NUM_SETS=s32'00000000000000000000001000000000.$memwr$\order_valid_q$rtl/common/wire_order_book.sv:318$5155_EN' using process `$paramod\wire_order_book\NUM_SETS=s32'00000000000000000000001000000000.$proc$rtl/common/wire_order_book.sv:302$5572'.
  created $dff cell `$procdff$18477' with positive edge clock.
Creating register for signal `$paramod\wire_order_book\NUM_SETS=s32'00000000000000000000001000000000.$memwr$\order_valid_q$rtl/common/wire_order_book.sv:318$5156_EN' using process `$paramod\wire_order_book\NUM_SETS=s32'00000000000000000000001000000000.$proc$rtl/common/wire_order_book.sv:302$5572'.
  created $dff cell `$procdff$18478' with positive edge clock.
Creating register for signal `$paramod\wire_order_book\NUM_SETS=s32'00000000000000000000001000000000.$memwr$\order_valid_q$rtl/common/wire_order_book.sv:318$5157_EN' using process `$paramod\wire_order_book\NUM_SETS=s32'00000000000000000000001000000000.$proc$rtl/common/wire_order_book.sv:302$5572'.
  created $dff cell `$procdff$18479' with positive edge clock.
Creating register for signal `$paramod\wire_order_book\NUM_SETS=s32'00000000000000000000001000000000.$memwr$\order_valid_q$rtl/common/wire_order_book.sv:318$5158_EN' using process `$paramod\wire_order_book\NUM_SETS=s32'00000000000000000000001000000000.$proc$rtl/common/wire_order_book.sv:302$5572'.
  created $dff cell `$procdff$18480' with positive edge clock.
Creating register for signal `$paramod\wire_order_book\NUM_SETS=s32'00000000000000000000001000000000.$memwr$\order_valid_q$rtl/common/wire_order_book.sv:318$5159_EN' using process `$paramod\wire_order_book\NUM_SETS=s32'00000000000000000000001000000000.$proc$rtl/common/wire_order_book.sv:302$5572'.
  created $dff cell `$procdff$18481' with positive edge clock.
Creating register for signal `$paramod\wire_order_book\NUM_SETS=s32'00000000000000000000001000000000.$memwr$\order_valid_q$rtl/common/wire_order_book.sv:318$5160_EN' using process `$paramod\wire_order_book\NUM_SETS=s32'00000000000000000000001000000000.$proc$rtl/common/wire_order_book.sv:302$5572'.
  created $dff cell `$procdff$18482' with positive edge clock.
Creating register for signal `$paramod\wire_order_book\NUM_SETS=s32'00000000000000000000001000000000.$memwr$\order_valid_q$rtl/common/wire_order_book.sv:318$5161_EN' using process `$paramod\wire_order_book\NUM_SETS=s32'00000000000000000000001000000000.$proc$rtl/common/wire_order_book.sv:302$5572'.
  created $dff cell `$procdff$18483' with positive edge clock.
Creating register for signal `$paramod\wire_order_book\NUM_SETS=s32'00000000000000000000001000000000.$memwr$\order_valid_q$rtl/common/wire_order_book.sv:318$5162_EN' using process `$paramod\wire_order_book\NUM_SETS=s32'00000000000000000000001000000000.$proc$rtl/common/wire_order_book.sv:302$5572'.
  created $dff cell `$procdff$18484' with positive edge clock.
Creating register for signal `$paramod\wire_order_book\NUM_SETS=s32'00000000000000000000001000000000.$memwr$\order_valid_q$rtl/common/wire_order_book.sv:318$5163_EN' using process `$paramod\wire_order_book\NUM_SETS=s32'00000000000000000000001000000000.$proc$rtl/common/wire_order_book.sv:302$5572'.
  created $dff cell `$procdff$18485' with positive edge clock.
Creating register for signal `$paramod\wire_order_book\NUM_SETS=s32'00000000000000000000001000000000.$memwr$\order_valid_q$rtl/common/wire_order_book.sv:318$5164_EN' using process `$paramod\wire_order_book\NUM_SETS=s32'00000000000000000000001000000000.$proc$rtl/common/wire_order_book.sv:302$5572'.
  created $dff cell `$procdff$18486' with positive edge clock.
Creating register for signal `$paramod\wire_order_book\NUM_SETS=s32'00000000000000000000001000000000.$memwr$\order_valid_q$rtl/common/wire_order_book.sv:318$5165_EN' using process `$paramod\wire_order_book\NUM_SETS=s32'00000000000000000000001000000000.$proc$rtl/common/wire_order_book.sv:302$5572'.
  created $dff cell `$procdff$18487' with positive edge clock.
Creating register for signal `$paramod\wire_order_book\NUM_SETS=s32'00000000000000000000001000000000.$memwr$\order_valid_q$rtl/common/wire_order_book.sv:318$5166_EN' using process `$paramod\wire_order_book\NUM_SETS=s32'00000000000000000000001000000000.$proc$rtl/common/wire_order_book.sv:302$5572'.
  created $dff cell `$procdff$18488' with positive edge clock.
Creating register for signal `$paramod\wire_order_book\NUM_SETS=s32'00000000000000000000001000000000.$memwr$\order_valid_q$rtl/common/wire_order_book.sv:318$5167_EN' using process `$paramod\wire_order_book\NUM_SETS=s32'00000000000000000000001000000000.$proc$rtl/common/wire_order_book.sv:302$5572'.
  created $dff cell `$procdff$18489' with positive edge clock.
Creating register for signal `$paramod\wire_order_book\NUM_SETS=s32'00000000000000000000001000000000.$memwr$\order_valid_q$rtl/common/wire_order_book.sv:318$5168_EN' using process `$paramod\wire_order_book\NUM_SETS=s32'00000000000000000000001000000000.$proc$rtl/common/wire_order_book.sv:302$5572'.
  created $dff cell `$procdff$18490' with positive edge clock.
Creating register for signal `$paramod\wire_order_book\NUM_SETS=s32'00000000000000000000001000000000.$memwr$\order_valid_q$rtl/common/wire_order_book.sv:318$5169_EN' using process `$paramod\wire_order_book\NUM_SETS=s32'00000000000000000000001000000000.$proc$rtl/common/wire_order_book.sv:302$5572'.
  created $dff cell `$procdff$18491' with positive edge clock.
Creating register for signal `$paramod\wire_order_book\NUM_SETS=s32'00000000000000000000001000000000.$memwr$\order_valid_q$rtl/common/wire_order_book.sv:318$5170_EN' using process `$paramod\wire_order_book\NUM_SETS=s32'00000000000000000000001000000000.$proc$rtl/common/wire_order_book.sv:302$5572'.
  created $dff cell `$procdff$18492' with positive edge clock.
Creating register for signal `$paramod\wire_order_book\NUM_SETS=s32'00000000000000000000001000000000.$memwr$\order_valid_q$rtl/common/wire_order_book.sv:318$5171_EN' using process `$paramod\wire_order_book\NUM_SETS=s32'00000000000000000000001000000000.$proc$rtl/common/wire_order_book.sv:302$5572'.
  created $dff cell `$procdff$18493' with positive edge clock.
Creating register for signal `$paramod\wire_order_book\NUM_SETS=s32'00000000000000000000001000000000.$memwr$\order_valid_q$rtl/common/wire_order_book.sv:318$5172_EN' using process `$paramod\wire_order_book\NUM_SETS=s32'00000000000000000000001000000000.$proc$rtl/common/wire_order_book.sv:302$5572'.
  created $dff cell `$procdff$18494' with positive edge clock.
Creating register for signal `$paramod\wire_order_book\NUM_SETS=s32'00000000000000000000001000000000.$memwr$\order_valid_q$rtl/common/wire_order_book.sv:318$5173_EN' using process `$paramod\wire_order_book\NUM_SETS=s32'00000000000000000000001000000000.$proc$rtl/common/wire_order_book.sv:302$5572'.
  created $dff cell `$procdff$18495' with positive edge clock.
Creating register for signal `$paramod\wire_order_book\NUM_SETS=s32'00000000000000000000001000000000.$memwr$\order_valid_q$rtl/common/wire_order_book.sv:318$5174_EN' using process `$paramod\wire_order_book\NUM_SETS=s32'00000000000000000000001000000000.$proc$rtl/common/wire_order_book.sv:302$5572'.
  created $dff cell `$procdff$18496' with positive edge clock.
Creating register for signal `$paramod\wire_order_book\NUM_SETS=s32'00000000000000000000001000000000.$memwr$\order_valid_q$rtl/common/wire_order_book.sv:318$5175_EN' using process `$paramod\wire_order_book\NUM_SETS=s32'00000000000000000000001000000000.$proc$rtl/common/wire_order_book.sv:302$5572'.
  created $dff cell `$procdff$18497' with positive edge clock.
Creating register for signal `$paramod\wire_order_book\NUM_SETS=s32'00000000000000000000001000000000.$memwr$\order_valid_q$rtl/common/wire_order_book.sv:318$5176_EN' using process `$paramod\wire_order_book\NUM_SETS=s32'00000000000000000000001000000000.$proc$rtl/common/wire_order_book.sv:302$5572'.
  created $dff cell `$procdff$18498' with positive edge clock.
Creating register for signal `$paramod\wire_order_book\NUM_SETS=s32'00000000000000000000001000000000.$memwr$\order_valid_q$rtl/common/wire_order_book.sv:318$5177_EN' using process `$paramod\wire_order_book\NUM_SETS=s32'00000000000000000000001000000000.$proc$rtl/common/wire_order_book.sv:302$5572'.
  created $dff cell `$procdff$18499' with positive edge clock.
Creating register for signal `$paramod\wire_order_book\NUM_SETS=s32'00000000000000000000001000000000.$memwr$\order_valid_q$rtl/common/wire_order_book.sv:318$5178_EN' using process `$paramod\wire_order_book\NUM_SETS=s32'00000000000000000000001000000000.$proc$rtl/common/wire_order_book.sv:302$5572'.
  created $dff cell `$procdff$18500' with positive edge clock.
Creating register for signal `$paramod\wire_order_book\NUM_SETS=s32'00000000000000000000001000000000.$memwr$\order_valid_q$rtl/common/wire_order_book.sv:318$5179_EN' using process `$paramod\wire_order_book\NUM_SETS=s32'00000000000000000000001000000000.$proc$rtl/common/wire_order_book.sv:302$5572'.
  created $dff cell `$procdff$18501' with positive edge clock.
Creating register for signal `$paramod\wire_order_book\NUM_SETS=s32'00000000000000000000001000000000.$memwr$\order_valid_q$rtl/common/wire_order_book.sv:318$5180_EN' using process `$paramod\wire_order_book\NUM_SETS=s32'00000000000000000000001000000000.$proc$rtl/common/wire_order_book.sv:302$5572'.
  created $dff cell `$procdff$18502' with positive edge clock.
Creating register for signal `$paramod\wire_order_book\NUM_SETS=s32'00000000000000000000001000000000.$memwr$\order_valid_q$rtl/common/wire_order_book.sv:318$5181_EN' using process `$paramod\wire_order_book\NUM_SETS=s32'00000000000000000000001000000000.$proc$rtl/common/wire_order_book.sv:302$5572'.
  created $dff cell `$procdff$18503' with positive edge clock.
Creating register for signal `$paramod\wire_order_book\NUM_SETS=s32'00000000000000000000001000000000.$memwr$\order_valid_q$rtl/common/wire_order_book.sv:318$5182_EN' using process `$paramod\wire_order_book\NUM_SETS=s32'00000000000000000000001000000000.$proc$rtl/common/wire_order_book.sv:302$5572'.
  created $dff cell `$procdff$18504' with positive edge clock.
Creating register for signal `$paramod\wire_order_book\NUM_SETS=s32'00000000000000000000001000000000.$memwr$\order_valid_q$rtl/common/wire_order_book.sv:318$5183_EN' using process `$paramod\wire_order_book\NUM_SETS=s32'00000000000000000000001000000000.$proc$rtl/common/wire_order_book.sv:302$5572'.
  created $dff cell `$procdff$18505' with positive edge clock.
Creating register for signal `$paramod\wire_order_book\NUM_SETS=s32'00000000000000000000001000000000.$memwr$\order_valid_q$rtl/common/wire_order_book.sv:318$5184_EN' using process `$paramod\wire_order_book\NUM_SETS=s32'00000000000000000000001000000000.$proc$rtl/common/wire_order_book.sv:302$5572'.
  created $dff cell `$procdff$18506' with positive edge clock.
Creating register for signal `$paramod\wire_order_book\NUM_SETS=s32'00000000000000000000001000000000.$memwr$\order_valid_q$rtl/common/wire_order_book.sv:318$5185_EN' using process `$paramod\wire_order_book\NUM_SETS=s32'00000000000000000000001000000000.$proc$rtl/common/wire_order_book.sv:302$5572'.
  created $dff cell `$procdff$18507' with positive edge clock.
Creating register for signal `$paramod\wire_order_book\NUM_SETS=s32'00000000000000000000001000000000.$memwr$\order_valid_q$rtl/common/wire_order_book.sv:318$5186_EN' using process `$paramod\wire_order_book\NUM_SETS=s32'00000000000000000000001000000000.$proc$rtl/common/wire_order_book.sv:302$5572'.
  created $dff cell `$procdff$18508' with positive edge clock.
Creating register for signal `$paramod\wire_order_book\NUM_SETS=s32'00000000000000000000001000000000.$memwr$\order_valid_q$rtl/common/wire_order_book.sv:318$5187_EN' using process `$paramod\wire_order_book\NUM_SETS=s32'00000000000000000000001000000000.$proc$rtl/common/wire_order_book.sv:302$5572'.
  created $dff cell `$procdff$18509' with positive edge clock.
Creating register for signal `$paramod\wire_order_book\NUM_SETS=s32'00000000000000000000001000000000.$memwr$\order_valid_q$rtl/common/wire_order_book.sv:318$5188_EN' using process `$paramod\wire_order_book\NUM_SETS=s32'00000000000000000000001000000000.$proc$rtl/common/wire_order_book.sv:302$5572'.
  created $dff cell `$procdff$18510' with positive edge clock.
Creating register for signal `$paramod\wire_order_book\NUM_SETS=s32'00000000000000000000001000000000.$memwr$\order_valid_q$rtl/common/wire_order_book.sv:318$5189_EN' using process `$paramod\wire_order_book\NUM_SETS=s32'00000000000000000000001000000000.$proc$rtl/common/wire_order_book.sv:302$5572'.
  created $dff cell `$procdff$18511' with positive edge clock.
Creating register for signal `$paramod\wire_order_book\NUM_SETS=s32'00000000000000000000001000000000.$memwr$\order_valid_q$rtl/common/wire_order_book.sv:318$5190_EN' using process `$paramod\wire_order_book\NUM_SETS=s32'00000000000000000000001000000000.$proc$rtl/common/wire_order_book.sv:302$5572'.
  created $dff cell `$procdff$18512' with positive edge clock.
Creating register for signal `$paramod\wire_order_book\NUM_SETS=s32'00000000000000000000001000000000.$memwr$\order_valid_q$rtl/common/wire_order_book.sv:318$5191_EN' using process `$paramod\wire_order_book\NUM_SETS=s32'00000000000000000000001000000000.$proc$rtl/common/wire_order_book.sv:302$5572'.
  created $dff cell `$procdff$18513' with positive edge clock.
Creating register for signal `$paramod\wire_order_book\NUM_SETS=s32'00000000000000000000001000000000.$memwr$\order_valid_q$rtl/common/wire_order_book.sv:318$5192_EN' using process `$paramod\wire_order_book\NUM_SETS=s32'00000000000000000000001000000000.$proc$rtl/common/wire_order_book.sv:302$5572'.
  created $dff cell `$procdff$18514' with positive edge clock.
Creating register for signal `$paramod\wire_order_book\NUM_SETS=s32'00000000000000000000001000000000.$memwr$\order_valid_q$rtl/common/wire_order_book.sv:318$5193_EN' using process `$paramod\wire_order_book\NUM_SETS=s32'00000000000000000000001000000000.$proc$rtl/common/wire_order_book.sv:302$5572'.
  created $dff cell `$procdff$18515' with positive edge clock.
Creating register for signal `$paramod\wire_order_book\NUM_SETS=s32'00000000000000000000001000000000.$memwr$\order_valid_q$rtl/common/wire_order_book.sv:318$5194_EN' using process `$paramod\wire_order_book\NUM_SETS=s32'00000000000000000000001000000000.$proc$rtl/common/wire_order_book.sv:302$5572'.
  created $dff cell `$procdff$18516' with positive edge clock.
Creating register for signal `$paramod\wire_order_book\NUM_SETS=s32'00000000000000000000001000000000.$memwr$\order_valid_q$rtl/common/wire_order_book.sv:318$5195_EN' using process `$paramod\wire_order_book\NUM_SETS=s32'00000000000000000000001000000000.$proc$rtl/common/wire_order_book.sv:302$5572'.
  created $dff cell `$procdff$18517' with positive edge clock.
Creating register for signal `$paramod\wire_order_book\NUM_SETS=s32'00000000000000000000001000000000.$memwr$\order_valid_q$rtl/common/wire_order_book.sv:318$5196_EN' using process `$paramod\wire_order_book\NUM_SETS=s32'00000000000000000000001000000000.$proc$rtl/common/wire_order_book.sv:302$5572'.
  created $dff cell `$procdff$18518' with positive edge clock.
Creating register for signal `$paramod\wire_order_book\NUM_SETS=s32'00000000000000000000001000000000.$memwr$\order_valid_q$rtl/common/wire_order_book.sv:318$5197_EN' using process `$paramod\wire_order_book\NUM_SETS=s32'00000000000000000000001000000000.$proc$rtl/common/wire_order_book.sv:302$5572'.
  created $dff cell `$procdff$18519' with positive edge clock.
Creating register for signal `$paramod\wire_order_book\NUM_SETS=s32'00000000000000000000001000000000.$memwr$\order_valid_q$rtl/common/wire_order_book.sv:318$5198_EN' using process `$paramod\wire_order_book\NUM_SETS=s32'00000000000000000000001000000000.$proc$rtl/common/wire_order_book.sv:302$5572'.
  created $dff cell `$procdff$18520' with positive edge clock.
Creating register for signal `$paramod\wire_order_book\NUM_SETS=s32'00000000000000000000001000000000.$memwr$\order_valid_q$rtl/common/wire_order_book.sv:318$5199_EN' using process `$paramod\wire_order_book\NUM_SETS=s32'00000000000000000000001000000000.$proc$rtl/common/wire_order_book.sv:302$5572'.
  created $dff cell `$procdff$18521' with positive edge clock.
Creating register for signal `$paramod\wire_order_book\NUM_SETS=s32'00000000000000000000001000000000.$memwr$\order_valid_q$rtl/common/wire_order_book.sv:318$5200_EN' using process `$paramod\wire_order_book\NUM_SETS=s32'00000000000000000000001000000000.$proc$rtl/common/wire_order_book.sv:302$5572'.
  created $dff cell `$procdff$18522' with positive edge clock.
Creating register for signal `$paramod\wire_order_book\NUM_SETS=s32'00000000000000000000001000000000.$memwr$\order_valid_q$rtl/common/wire_order_book.sv:318$5201_EN' using process `$paramod\wire_order_book\NUM_SETS=s32'00000000000000000000001000000000.$proc$rtl/common/wire_order_book.sv:302$5572'.
  created $dff cell `$procdff$18523' with positive edge clock.
Creating register for signal `$paramod\wire_order_book\NUM_SETS=s32'00000000000000000000001000000000.$memwr$\order_valid_q$rtl/common/wire_order_book.sv:318$5202_EN' using process `$paramod\wire_order_book\NUM_SETS=s32'00000000000000000000001000000000.$proc$rtl/common/wire_order_book.sv:302$5572'.
  created $dff cell `$procdff$18524' with positive edge clock.
Creating register for signal `$paramod\wire_order_book\NUM_SETS=s32'00000000000000000000001000000000.$memwr$\order_valid_q$rtl/common/wire_order_book.sv:318$5203_EN' using process `$paramod\wire_order_book\NUM_SETS=s32'00000000000000000000001000000000.$proc$rtl/common/wire_order_book.sv:302$5572'.
  created $dff cell `$procdff$18525' with positive edge clock.
Creating register for signal `$paramod\wire_order_book\NUM_SETS=s32'00000000000000000000001000000000.$memwr$\order_valid_q$rtl/common/wire_order_book.sv:318$5204_EN' using process `$paramod\wire_order_book\NUM_SETS=s32'00000000000000000000001000000000.$proc$rtl/common/wire_order_book.sv:302$5572'.
  created $dff cell `$procdff$18526' with positive edge clock.
Creating register for signal `$paramod\wire_order_book\NUM_SETS=s32'00000000000000000000001000000000.$memwr$\order_valid_q$rtl/common/wire_order_book.sv:318$5205_EN' using process `$paramod\wire_order_book\NUM_SETS=s32'00000000000000000000001000000000.$proc$rtl/common/wire_order_book.sv:302$5572'.
  created $dff cell `$procdff$18527' with positive edge clock.
Creating register for signal `$paramod\wire_order_book\NUM_SETS=s32'00000000000000000000001000000000.$memwr$\order_valid_q$rtl/common/wire_order_book.sv:318$5206_EN' using process `$paramod\wire_order_book\NUM_SETS=s32'00000000000000000000001000000000.$proc$rtl/common/wire_order_book.sv:302$5572'.
  created $dff cell `$procdff$18528' with positive edge clock.
Creating register for signal `$paramod\wire_order_book\NUM_SETS=s32'00000000000000000000001000000000.$memwr$\order_valid_q$rtl/common/wire_order_book.sv:318$5207_EN' using process `$paramod\wire_order_book\NUM_SETS=s32'00000000000000000000001000000000.$proc$rtl/common/wire_order_book.sv:302$5572'.
  created $dff cell `$procdff$18529' with positive edge clock.
Creating register for signal `$paramod\wire_order_book\NUM_SETS=s32'00000000000000000000001000000000.$memwr$\order_valid_q$rtl/common/wire_order_book.sv:318$5208_EN' using process `$paramod\wire_order_book\NUM_SETS=s32'00000000000000000000001000000000.$proc$rtl/common/wire_order_book.sv:302$5572'.
  created $dff cell `$procdff$18530' with positive edge clock.
Creating register for signal `$paramod\wire_order_book\NUM_SETS=s32'00000000000000000000001000000000.$memwr$\order_valid_q$rtl/common/wire_order_book.sv:318$5209_EN' using process `$paramod\wire_order_book\NUM_SETS=s32'00000000000000000000001000000000.$proc$rtl/common/wire_order_book.sv:302$5572'.
  created $dff cell `$procdff$18531' with positive edge clock.
Creating register for signal `$paramod\wire_order_book\NUM_SETS=s32'00000000000000000000001000000000.$memwr$\order_valid_q$rtl/common/wire_order_book.sv:318$5210_EN' using process `$paramod\wire_order_book\NUM_SETS=s32'00000000000000000000001000000000.$proc$rtl/common/wire_order_book.sv:302$5572'.
  created $dff cell `$procdff$18532' with positive edge clock.
Creating register for signal `$paramod\wire_order_book\NUM_SETS=s32'00000000000000000000001000000000.$memwr$\order_valid_q$rtl/common/wire_order_book.sv:318$5211_EN' using process `$paramod\wire_order_book\NUM_SETS=s32'00000000000000000000001000000000.$proc$rtl/common/wire_order_book.sv:302$5572'.
  created $dff cell `$procdff$18533' with positive edge clock.
Creating register for signal `$paramod\wire_order_book\NUM_SETS=s32'00000000000000000000001000000000.$memwr$\order_valid_q$rtl/common/wire_order_book.sv:318$5212_EN' using process `$paramod\wire_order_book\NUM_SETS=s32'00000000000000000000001000000000.$proc$rtl/common/wire_order_book.sv:302$5572'.
  created $dff cell `$procdff$18534' with positive edge clock.
Creating register for signal `$paramod\wire_order_book\NUM_SETS=s32'00000000000000000000001000000000.$memwr$\order_valid_q$rtl/common/wire_order_book.sv:318$5213_EN' using process `$paramod\wire_order_book\NUM_SETS=s32'00000000000000000000001000000000.$proc$rtl/common/wire_order_book.sv:302$5572'.
  created $dff cell `$procdff$18535' with positive edge clock.
Creating register for signal `$paramod\wire_order_book\NUM_SETS=s32'00000000000000000000001000000000.$memwr$\order_valid_q$rtl/common/wire_order_book.sv:318$5214_EN' using process `$paramod\wire_order_book\NUM_SETS=s32'00000000000000000000001000000000.$proc$rtl/common/wire_order_book.sv:302$5572'.
  created $dff cell `$procdff$18536' with positive edge clock.
Creating register for signal `$paramod\wire_order_book\NUM_SETS=s32'00000000000000000000001000000000.$memwr$\order_valid_q$rtl/common/wire_order_book.sv:318$5215_EN' using process `$paramod\wire_order_book\NUM_SETS=s32'00000000000000000000001000000000.$proc$rtl/common/wire_order_book.sv:302$5572'.
  created $dff cell `$procdff$18537' with positive edge clock.
Creating register for signal `$paramod\wire_order_book\NUM_SETS=s32'00000000000000000000001000000000.$memwr$\order_valid_q$rtl/common/wire_order_book.sv:318$5216_EN' using process `$paramod\wire_order_book\NUM_SETS=s32'00000000000000000000001000000000.$proc$rtl/common/wire_order_book.sv:302$5572'.
  created $dff cell `$procdff$18538' with positive edge clock.
Creating register for signal `$paramod\wire_order_book\NUM_SETS=s32'00000000000000000000001000000000.$memwr$\order_valid_q$rtl/common/wire_order_book.sv:318$5217_EN' using process `$paramod\wire_order_book\NUM_SETS=s32'00000000000000000000001000000000.$proc$rtl/common/wire_order_book.sv:302$5572'.
  created $dff cell `$procdff$18539' with positive edge clock.
Creating register for signal `$paramod\wire_order_book\NUM_SETS=s32'00000000000000000000001000000000.$memwr$\order_valid_q$rtl/common/wire_order_book.sv:318$5218_EN' using process `$paramod\wire_order_book\NUM_SETS=s32'00000000000000000000001000000000.$proc$rtl/common/wire_order_book.sv:302$5572'.
  created $dff cell `$procdff$18540' with positive edge clock.
Creating register for signal `$paramod\wire_order_book\NUM_SETS=s32'00000000000000000000001000000000.$memwr$\order_valid_q$rtl/common/wire_order_book.sv:318$5219_EN' using process `$paramod\wire_order_book\NUM_SETS=s32'00000000000000000000001000000000.$proc$rtl/common/wire_order_book.sv:302$5572'.
  created $dff cell `$procdff$18541' with positive edge clock.
Creating register for signal `$paramod\wire_order_book\NUM_SETS=s32'00000000000000000000001000000000.$memwr$\order_valid_q$rtl/common/wire_order_book.sv:318$5220_EN' using process `$paramod\wire_order_book\NUM_SETS=s32'00000000000000000000001000000000.$proc$rtl/common/wire_order_book.sv:302$5572'.
  created $dff cell `$procdff$18542' with positive edge clock.
Creating register for signal `$paramod\wire_order_book\NUM_SETS=s32'00000000000000000000001000000000.$memwr$\order_valid_q$rtl/common/wire_order_book.sv:318$5221_EN' using process `$paramod\wire_order_book\NUM_SETS=s32'00000000000000000000001000000000.$proc$rtl/common/wire_order_book.sv:302$5572'.
  created $dff cell `$procdff$18543' with positive edge clock.
Creating register for signal `$paramod\wire_order_book\NUM_SETS=s32'00000000000000000000001000000000.$memwr$\order_valid_q$rtl/common/wire_order_book.sv:318$5222_EN' using process `$paramod\wire_order_book\NUM_SETS=s32'00000000000000000000001000000000.$proc$rtl/common/wire_order_book.sv:302$5572'.
  created $dff cell `$procdff$18544' with positive edge clock.
Creating register for signal `$paramod\wire_order_book\NUM_SETS=s32'00000000000000000000001000000000.$memwr$\order_valid_q$rtl/common/wire_order_book.sv:318$5223_EN' using process `$paramod\wire_order_book\NUM_SETS=s32'00000000000000000000001000000000.$proc$rtl/common/wire_order_book.sv:302$5572'.
  created $dff cell `$procdff$18545' with positive edge clock.
Creating register for signal `$paramod\wire_order_book\NUM_SETS=s32'00000000000000000000001000000000.$memwr$\order_valid_q$rtl/common/wire_order_book.sv:318$5224_EN' using process `$paramod\wire_order_book\NUM_SETS=s32'00000000000000000000001000000000.$proc$rtl/common/wire_order_book.sv:302$5572'.
  created $dff cell `$procdff$18546' with positive edge clock.
Creating register for signal `$paramod\wire_order_book\NUM_SETS=s32'00000000000000000000001000000000.$memwr$\order_valid_q$rtl/common/wire_order_book.sv:318$5225_EN' using process `$paramod\wire_order_book\NUM_SETS=s32'00000000000000000000001000000000.$proc$rtl/common/wire_order_book.sv:302$5572'.
  created $dff cell `$procdff$18547' with positive edge clock.
Creating register for signal `$paramod\wire_order_book\NUM_SETS=s32'00000000000000000000001000000000.$memwr$\order_valid_q$rtl/common/wire_order_book.sv:318$5226_EN' using process `$paramod\wire_order_book\NUM_SETS=s32'00000000000000000000001000000000.$proc$rtl/common/wire_order_book.sv:302$5572'.
  created $dff cell `$procdff$18548' with positive edge clock.
Creating register for signal `$paramod\wire_order_book\NUM_SETS=s32'00000000000000000000001000000000.$memwr$\order_valid_q$rtl/common/wire_order_book.sv:318$5227_EN' using process `$paramod\wire_order_book\NUM_SETS=s32'00000000000000000000001000000000.$proc$rtl/common/wire_order_book.sv:302$5572'.
  created $dff cell `$procdff$18549' with positive edge clock.
Creating register for signal `$paramod\wire_order_book\NUM_SETS=s32'00000000000000000000001000000000.$memwr$\order_valid_q$rtl/common/wire_order_book.sv:318$5228_EN' using process `$paramod\wire_order_book\NUM_SETS=s32'00000000000000000000001000000000.$proc$rtl/common/wire_order_book.sv:302$5572'.
  created $dff cell `$procdff$18550' with positive edge clock.
Creating register for signal `$paramod\wire_order_book\NUM_SETS=s32'00000000000000000000001000000000.$memwr$\order_valid_q$rtl/common/wire_order_book.sv:318$5229_EN' using process `$paramod\wire_order_book\NUM_SETS=s32'00000000000000000000001000000000.$proc$rtl/common/wire_order_book.sv:302$5572'.
  created $dff cell `$procdff$18551' with positive edge clock.
Creating register for signal `$paramod\wire_order_book\NUM_SETS=s32'00000000000000000000001000000000.$memwr$\order_valid_q$rtl/common/wire_order_book.sv:318$5230_EN' using process `$paramod\wire_order_book\NUM_SETS=s32'00000000000000000000001000000000.$proc$rtl/common/wire_order_book.sv:302$5572'.
  created $dff cell `$procdff$18552' with positive edge clock.
Creating register for signal `$paramod\wire_order_book\NUM_SETS=s32'00000000000000000000001000000000.$memwr$\order_valid_q$rtl/common/wire_order_book.sv:318$5231_EN' using process `$paramod\wire_order_book\NUM_SETS=s32'00000000000000000000001000000000.$proc$rtl/common/wire_order_book.sv:302$5572'.
  created $dff cell `$procdff$18553' with positive edge clock.
Creating register for signal `$paramod\wire_order_book\NUM_SETS=s32'00000000000000000000001000000000.$memwr$\order_valid_q$rtl/common/wire_order_book.sv:318$5232_EN' using process `$paramod\wire_order_book\NUM_SETS=s32'00000000000000000000001000000000.$proc$rtl/common/wire_order_book.sv:302$5572'.
  created $dff cell `$procdff$18554' with positive edge clock.
Creating register for signal `$paramod\wire_order_book\NUM_SETS=s32'00000000000000000000001000000000.$memwr$\order_valid_q$rtl/common/wire_order_book.sv:318$5233_EN' using process `$paramod\wire_order_book\NUM_SETS=s32'00000000000000000000001000000000.$proc$rtl/common/wire_order_book.sv:302$5572'.
  created $dff cell `$procdff$18555' with positive edge clock.
Creating register for signal `$paramod\wire_order_book\NUM_SETS=s32'00000000000000000000001000000000.$memwr$\order_valid_q$rtl/common/wire_order_book.sv:318$5234_EN' using process `$paramod\wire_order_book\NUM_SETS=s32'00000000000000000000001000000000.$proc$rtl/common/wire_order_book.sv:302$5572'.
  created $dff cell `$procdff$18556' with positive edge clock.
Creating register for signal `$paramod\wire_order_book\NUM_SETS=s32'00000000000000000000001000000000.$memwr$\order_valid_q$rtl/common/wire_order_book.sv:318$5235_EN' using process `$paramod\wire_order_book\NUM_SETS=s32'00000000000000000000001000000000.$proc$rtl/common/wire_order_book.sv:302$5572'.
  created $dff cell `$procdff$18557' with positive edge clock.
Creating register for signal `$paramod\wire_order_book\NUM_SETS=s32'00000000000000000000001000000000.$memwr$\order_valid_q$rtl/common/wire_order_book.sv:318$5236_EN' using process `$paramod\wire_order_book\NUM_SETS=s32'00000000000000000000001000000000.$proc$rtl/common/wire_order_book.sv:302$5572'.
  created $dff cell `$procdff$18558' with positive edge clock.
Creating register for signal `$paramod\wire_order_book\NUM_SETS=s32'00000000000000000000001000000000.$memwr$\order_valid_q$rtl/common/wire_order_book.sv:318$5237_EN' using process `$paramod\wire_order_book\NUM_SETS=s32'00000000000000000000001000000000.$proc$rtl/common/wire_order_book.sv:302$5572'.
  created $dff cell `$procdff$18559' with positive edge clock.
Creating register for signal `$paramod\wire_order_book\NUM_SETS=s32'00000000000000000000001000000000.$memwr$\order_valid_q$rtl/common/wire_order_book.sv:318$5238_EN' using process `$paramod\wire_order_book\NUM_SETS=s32'00000000000000000000001000000000.$proc$rtl/common/wire_order_book.sv:302$5572'.
  created $dff cell `$procdff$18560' with positive edge clock.
Creating register for signal `$paramod\wire_order_book\NUM_SETS=s32'00000000000000000000001000000000.$memwr$\order_valid_q$rtl/common/wire_order_book.sv:318$5239_EN' using process `$paramod\wire_order_book\NUM_SETS=s32'00000000000000000000001000000000.$proc$rtl/common/wire_order_book.sv:302$5572'.
  created $dff cell `$procdff$18561' with positive edge clock.
Creating register for signal `$paramod\wire_order_book\NUM_SETS=s32'00000000000000000000001000000000.$memwr$\order_valid_q$rtl/common/wire_order_book.sv:318$5240_EN' using process `$paramod\wire_order_book\NUM_SETS=s32'00000000000000000000001000000000.$proc$rtl/common/wire_order_book.sv:302$5572'.
  created $dff cell `$procdff$18562' with positive edge clock.
Creating register for signal `$paramod\wire_order_book\NUM_SETS=s32'00000000000000000000001000000000.$memwr$\order_valid_q$rtl/common/wire_order_book.sv:318$5241_EN' using process `$paramod\wire_order_book\NUM_SETS=s32'00000000000000000000001000000000.$proc$rtl/common/wire_order_book.sv:302$5572'.
  created $dff cell `$procdff$18563' with positive edge clock.
Creating register for signal `$paramod\wire_order_book\NUM_SETS=s32'00000000000000000000001000000000.$memwr$\order_valid_q$rtl/common/wire_order_book.sv:318$5242_EN' using process `$paramod\wire_order_book\NUM_SETS=s32'00000000000000000000001000000000.$proc$rtl/common/wire_order_book.sv:302$5572'.
  created $dff cell `$procdff$18564' with positive edge clock.
Creating register for signal `$paramod\wire_order_book\NUM_SETS=s32'00000000000000000000001000000000.$memwr$\order_valid_q$rtl/common/wire_order_book.sv:318$5243_EN' using process `$paramod\wire_order_book\NUM_SETS=s32'00000000000000000000001000000000.$proc$rtl/common/wire_order_book.sv:302$5572'.
  created $dff cell `$procdff$18565' with positive edge clock.
Creating register for signal `$paramod\wire_order_book\NUM_SETS=s32'00000000000000000000001000000000.$memwr$\order_valid_q$rtl/common/wire_order_book.sv:318$5244_EN' using process `$paramod\wire_order_book\NUM_SETS=s32'00000000000000000000001000000000.$proc$rtl/common/wire_order_book.sv:302$5572'.
  created $dff cell `$procdff$18566' with positive edge clock.
Creating register for signal `$paramod\wire_order_book\NUM_SETS=s32'00000000000000000000001000000000.$memwr$\order_valid_q$rtl/common/wire_order_book.sv:318$5245_EN' using process `$paramod\wire_order_book\NUM_SETS=s32'00000000000000000000001000000000.$proc$rtl/common/wire_order_book.sv:302$5572'.
  created $dff cell `$procdff$18567' with positive edge clock.
Creating register for signal `$paramod\wire_order_book\NUM_SETS=s32'00000000000000000000001000000000.$memwr$\order_valid_q$rtl/common/wire_order_book.sv:318$5246_EN' using process `$paramod\wire_order_book\NUM_SETS=s32'00000000000000000000001000000000.$proc$rtl/common/wire_order_book.sv:302$5572'.
  created $dff cell `$procdff$18568' with positive edge clock.
Creating register for signal `$paramod\wire_order_book\NUM_SETS=s32'00000000000000000000001000000000.$memwr$\order_valid_q$rtl/common/wire_order_book.sv:318$5247_EN' using process `$paramod\wire_order_book\NUM_SETS=s32'00000000000000000000001000000000.$proc$rtl/common/wire_order_book.sv:302$5572'.
  created $dff cell `$procdff$18569' with positive edge clock.
Creating register for signal `$paramod\wire_order_book\NUM_SETS=s32'00000000000000000000001000000000.$memwr$\order_valid_q$rtl/common/wire_order_book.sv:318$5248_EN' using process `$paramod\wire_order_book\NUM_SETS=s32'00000000000000000000001000000000.$proc$rtl/common/wire_order_book.sv:302$5572'.
  created $dff cell `$procdff$18570' with positive edge clock.
Creating register for signal `$paramod\wire_order_book\NUM_SETS=s32'00000000000000000000001000000000.$memwr$\order_valid_q$rtl/common/wire_order_book.sv:318$5249_EN' using process `$paramod\wire_order_book\NUM_SETS=s32'00000000000000000000001000000000.$proc$rtl/common/wire_order_book.sv:302$5572'.
  created $dff cell `$procdff$18571' with positive edge clock.
Creating register for signal `$paramod\wire_order_book\NUM_SETS=s32'00000000000000000000001000000000.$memwr$\order_valid_q$rtl/common/wire_order_book.sv:318$5250_EN' using process `$paramod\wire_order_book\NUM_SETS=s32'00000000000000000000001000000000.$proc$rtl/common/wire_order_book.sv:302$5572'.
  created $dff cell `$procdff$18572' with positive edge clock.
Creating register for signal `$paramod\wire_order_book\NUM_SETS=s32'00000000000000000000001000000000.$memwr$\order_valid_q$rtl/common/wire_order_book.sv:318$5251_EN' using process `$paramod\wire_order_book\NUM_SETS=s32'00000000000000000000001000000000.$proc$rtl/common/wire_order_book.sv:302$5572'.
  created $dff cell `$procdff$18573' with positive edge clock.
Creating register for signal `$paramod\wire_order_book\NUM_SETS=s32'00000000000000000000001000000000.$memwr$\order_valid_q$rtl/common/wire_order_book.sv:318$5252_EN' using process `$paramod\wire_order_book\NUM_SETS=s32'00000000000000000000001000000000.$proc$rtl/common/wire_order_book.sv:302$5572'.
  created $dff cell `$procdff$18574' with positive edge clock.
Creating register for signal `$paramod\wire_order_book\NUM_SETS=s32'00000000000000000000001000000000.$memwr$\order_valid_q$rtl/common/wire_order_book.sv:318$5253_EN' using process `$paramod\wire_order_book\NUM_SETS=s32'00000000000000000000001000000000.$proc$rtl/common/wire_order_book.sv:302$5572'.
  created $dff cell `$procdff$18575' with positive edge clock.
Creating register for signal `$paramod\wire_order_book\NUM_SETS=s32'00000000000000000000001000000000.$memwr$\order_valid_q$rtl/common/wire_order_book.sv:318$5254_EN' using process `$paramod\wire_order_book\NUM_SETS=s32'00000000000000000000001000000000.$proc$rtl/common/wire_order_book.sv:302$5572'.
  created $dff cell `$procdff$18576' with positive edge clock.
Creating register for signal `$paramod\wire_order_book\NUM_SETS=s32'00000000000000000000001000000000.$memwr$\order_valid_q$rtl/common/wire_order_book.sv:318$5255_EN' using process `$paramod\wire_order_book\NUM_SETS=s32'00000000000000000000001000000000.$proc$rtl/common/wire_order_book.sv:302$5572'.
  created $dff cell `$procdff$18577' with positive edge clock.
Creating register for signal `$paramod\wire_order_book\NUM_SETS=s32'00000000000000000000001000000000.$memwr$\order_valid_q$rtl/common/wire_order_book.sv:318$5256_EN' using process `$paramod\wire_order_book\NUM_SETS=s32'00000000000000000000001000000000.$proc$rtl/common/wire_order_book.sv:302$5572'.
  created $dff cell `$procdff$18578' with positive edge clock.
Creating register for signal `$paramod\wire_order_book\NUM_SETS=s32'00000000000000000000001000000000.$memwr$\order_valid_q$rtl/common/wire_order_book.sv:318$5257_EN' using process `$paramod\wire_order_book\NUM_SETS=s32'00000000000000000000001000000000.$proc$rtl/common/wire_order_book.sv:302$5572'.
  created $dff cell `$procdff$18579' with positive edge clock.
Creating register for signal `$paramod\wire_order_book\NUM_SETS=s32'00000000000000000000001000000000.$memwr$\order_valid_q$rtl/common/wire_order_book.sv:318$5258_EN' using process `$paramod\wire_order_book\NUM_SETS=s32'00000000000000000000001000000000.$proc$rtl/common/wire_order_book.sv:302$5572'.
  created $dff cell `$procdff$18580' with positive edge clock.
Creating register for signal `$paramod\wire_order_book\NUM_SETS=s32'00000000000000000000001000000000.$memwr$\order_valid_q$rtl/common/wire_order_book.sv:318$5259_EN' using process `$paramod\wire_order_book\NUM_SETS=s32'00000000000000000000001000000000.$proc$rtl/common/wire_order_book.sv:302$5572'.
  created $dff cell `$procdff$18581' with positive edge clock.
Creating register for signal `$paramod\wire_order_book\NUM_SETS=s32'00000000000000000000001000000000.$memwr$\order_valid_q$rtl/common/wire_order_book.sv:318$5260_EN' using process `$paramod\wire_order_book\NUM_SETS=s32'00000000000000000000001000000000.$proc$rtl/common/wire_order_book.sv:302$5572'.
  created $dff cell `$procdff$18582' with positive edge clock.
Creating register for signal `$paramod\wire_order_book\NUM_SETS=s32'00000000000000000000001000000000.$memwr$\order_valid_q$rtl/common/wire_order_book.sv:318$5261_EN' using process `$paramod\wire_order_book\NUM_SETS=s32'00000000000000000000001000000000.$proc$rtl/common/wire_order_book.sv:302$5572'.
  created $dff cell `$procdff$18583' with positive edge clock.
Creating register for signal `$paramod\wire_order_book\NUM_SETS=s32'00000000000000000000001000000000.$memwr$\order_valid_q$rtl/common/wire_order_book.sv:318$5262_EN' using process `$paramod\wire_order_book\NUM_SETS=s32'00000000000000000000001000000000.$proc$rtl/common/wire_order_book.sv:302$5572'.
  created $dff cell `$procdff$18584' with positive edge clock.
Creating register for signal `$paramod\wire_order_book\NUM_SETS=s32'00000000000000000000001000000000.$memwr$\order_valid_q$rtl/common/wire_order_book.sv:318$5263_EN' using process `$paramod\wire_order_book\NUM_SETS=s32'00000000000000000000001000000000.$proc$rtl/common/wire_order_book.sv:302$5572'.
  created $dff cell `$procdff$18585' with positive edge clock.
Creating register for signal `$paramod\wire_order_book\NUM_SETS=s32'00000000000000000000001000000000.$memwr$\order_valid_q$rtl/common/wire_order_book.sv:318$5264_EN' using process `$paramod\wire_order_book\NUM_SETS=s32'00000000000000000000001000000000.$proc$rtl/common/wire_order_book.sv:302$5572'.
  created $dff cell `$procdff$18586' with positive edge clock.
Creating register for signal `$paramod\wire_order_book\NUM_SETS=s32'00000000000000000000001000000000.$memwr$\order_valid_q$rtl/common/wire_order_book.sv:318$5265_EN' using process `$paramod\wire_order_book\NUM_SETS=s32'00000000000000000000001000000000.$proc$rtl/common/wire_order_book.sv:302$5572'.
  created $dff cell `$procdff$18587' with positive edge clock.
Creating register for signal `$paramod\wire_order_book\NUM_SETS=s32'00000000000000000000001000000000.$memwr$\order_valid_q$rtl/common/wire_order_book.sv:318$5266_EN' using process `$paramod\wire_order_book\NUM_SETS=s32'00000000000000000000001000000000.$proc$rtl/common/wire_order_book.sv:302$5572'.
  created $dff cell `$procdff$18588' with positive edge clock.
Creating register for signal `$paramod\wire_order_book\NUM_SETS=s32'00000000000000000000001000000000.$memwr$\order_valid_q$rtl/common/wire_order_book.sv:318$5267_EN' using process `$paramod\wire_order_book\NUM_SETS=s32'00000000000000000000001000000000.$proc$rtl/common/wire_order_book.sv:302$5572'.
  created $dff cell `$procdff$18589' with positive edge clock.
Creating register for signal `$paramod\wire_order_book\NUM_SETS=s32'00000000000000000000001000000000.$memwr$\order_valid_q$rtl/common/wire_order_book.sv:318$5268_EN' using process `$paramod\wire_order_book\NUM_SETS=s32'00000000000000000000001000000000.$proc$rtl/common/wire_order_book.sv:302$5572'.
  created $dff cell `$procdff$18590' with positive edge clock.
Creating register for signal `$paramod\wire_order_book\NUM_SETS=s32'00000000000000000000001000000000.$memwr$\order_valid_q$rtl/common/wire_order_book.sv:318$5269_EN' using process `$paramod\wire_order_book\NUM_SETS=s32'00000000000000000000001000000000.$proc$rtl/common/wire_order_book.sv:302$5572'.
  created $dff cell `$procdff$18591' with positive edge clock.
Creating register for signal `$paramod\wire_order_book\NUM_SETS=s32'00000000000000000000001000000000.$memwr$\order_valid_q$rtl/common/wire_order_book.sv:318$5270_EN' using process `$paramod\wire_order_book\NUM_SETS=s32'00000000000000000000001000000000.$proc$rtl/common/wire_order_book.sv:302$5572'.
  created $dff cell `$procdff$18592' with positive edge clock.
Creating register for signal `$paramod\wire_order_book\NUM_SETS=s32'00000000000000000000001000000000.$memwr$\order_valid_q$rtl/common/wire_order_book.sv:318$5271_EN' using process `$paramod\wire_order_book\NUM_SETS=s32'00000000000000000000001000000000.$proc$rtl/common/wire_order_book.sv:302$5572'.
  created $dff cell `$procdff$18593' with positive edge clock.
Creating register for signal `$paramod\wire_order_book\NUM_SETS=s32'00000000000000000000001000000000.$memwr$\order_valid_q$rtl/common/wire_order_book.sv:318$5272_EN' using process `$paramod\wire_order_book\NUM_SETS=s32'00000000000000000000001000000000.$proc$rtl/common/wire_order_book.sv:302$5572'.
  created $dff cell `$procdff$18594' with positive edge clock.
Creating register for signal `$paramod\wire_order_book\NUM_SETS=s32'00000000000000000000001000000000.$memwr$\order_valid_q$rtl/common/wire_order_book.sv:318$5273_EN' using process `$paramod\wire_order_book\NUM_SETS=s32'00000000000000000000001000000000.$proc$rtl/common/wire_order_book.sv:302$5572'.
  created $dff cell `$procdff$18595' with positive edge clock.
Creating register for signal `$paramod\wire_order_book\NUM_SETS=s32'00000000000000000000001000000000.$memwr$\order_valid_q$rtl/common/wire_order_book.sv:318$5274_EN' using process `$paramod\wire_order_book\NUM_SETS=s32'00000000000000000000001000000000.$proc$rtl/common/wire_order_book.sv:302$5572'.
  created $dff cell `$procdff$18596' with positive edge clock.
Creating register for signal `$paramod\wire_order_book\NUM_SETS=s32'00000000000000000000001000000000.$memwr$\order_valid_q$rtl/common/wire_order_book.sv:318$5275_EN' using process `$paramod\wire_order_book\NUM_SETS=s32'00000000000000000000001000000000.$proc$rtl/common/wire_order_book.sv:302$5572'.
  created $dff cell `$procdff$18597' with positive edge clock.
Creating register for signal `$paramod\wire_order_book\NUM_SETS=s32'00000000000000000000001000000000.$memwr$\order_valid_q$rtl/common/wire_order_book.sv:318$5276_EN' using process `$paramod\wire_order_book\NUM_SETS=s32'00000000000000000000001000000000.$proc$rtl/common/wire_order_book.sv:302$5572'.
  created $dff cell `$procdff$18598' with positive edge clock.
Creating register for signal `$paramod\wire_order_book\NUM_SETS=s32'00000000000000000000001000000000.$memwr$\order_valid_q$rtl/common/wire_order_book.sv:318$5277_EN' using process `$paramod\wire_order_book\NUM_SETS=s32'00000000000000000000001000000000.$proc$rtl/common/wire_order_book.sv:302$5572'.
  created $dff cell `$procdff$18599' with positive edge clock.
Creating register for signal `$paramod\wire_order_book\NUM_SETS=s32'00000000000000000000001000000000.$memwr$\order_valid_q$rtl/common/wire_order_book.sv:318$5278_EN' using process `$paramod\wire_order_book\NUM_SETS=s32'00000000000000000000001000000000.$proc$rtl/common/wire_order_book.sv:302$5572'.
  created $dff cell `$procdff$18600' with positive edge clock.
Creating register for signal `$paramod\wire_order_book\NUM_SETS=s32'00000000000000000000001000000000.$memwr$\order_valid_q$rtl/common/wire_order_book.sv:318$5279_EN' using process `$paramod\wire_order_book\NUM_SETS=s32'00000000000000000000001000000000.$proc$rtl/common/wire_order_book.sv:302$5572'.
  created $dff cell `$procdff$18601' with positive edge clock.
Creating register for signal `$paramod\wire_order_book\NUM_SETS=s32'00000000000000000000001000000000.$memwr$\order_valid_q$rtl/common/wire_order_book.sv:318$5280_EN' using process `$paramod\wire_order_book\NUM_SETS=s32'00000000000000000000001000000000.$proc$rtl/common/wire_order_book.sv:302$5572'.
  created $dff cell `$procdff$18602' with positive edge clock.
Creating register for signal `$paramod\wire_order_book\NUM_SETS=s32'00000000000000000000001000000000.$memwr$\order_valid_q$rtl/common/wire_order_book.sv:318$5281_EN' using process `$paramod\wire_order_book\NUM_SETS=s32'00000000000000000000001000000000.$proc$rtl/common/wire_order_book.sv:302$5572'.
  created $dff cell `$procdff$18603' with positive edge clock.
Creating register for signal `$paramod\wire_order_book\NUM_SETS=s32'00000000000000000000001000000000.$memwr$\order_valid_q$rtl/common/wire_order_book.sv:318$5282_EN' using process `$paramod\wire_order_book\NUM_SETS=s32'00000000000000000000001000000000.$proc$rtl/common/wire_order_book.sv:302$5572'.
  created $dff cell `$procdff$18604' with positive edge clock.
Creating register for signal `$paramod\wire_order_book\NUM_SETS=s32'00000000000000000000001000000000.$memwr$\order_valid_q$rtl/common/wire_order_book.sv:318$5283_EN' using process `$paramod\wire_order_book\NUM_SETS=s32'00000000000000000000001000000000.$proc$rtl/common/wire_order_book.sv:302$5572'.
  created $dff cell `$procdff$18605' with positive edge clock.
Creating register for signal `$paramod\wire_order_book\NUM_SETS=s32'00000000000000000000001000000000.$memwr$\order_valid_q$rtl/common/wire_order_book.sv:318$5284_EN' using process `$paramod\wire_order_book\NUM_SETS=s32'00000000000000000000001000000000.$proc$rtl/common/wire_order_book.sv:302$5572'.
  created $dff cell `$procdff$18606' with positive edge clock.
Creating register for signal `$paramod\wire_order_book\NUM_SETS=s32'00000000000000000000001000000000.$memwr$\order_valid_q$rtl/common/wire_order_book.sv:318$5285_EN' using process `$paramod\wire_order_book\NUM_SETS=s32'00000000000000000000001000000000.$proc$rtl/common/wire_order_book.sv:302$5572'.
  created $dff cell `$procdff$18607' with positive edge clock.
Creating register for signal `$paramod\wire_order_book\NUM_SETS=s32'00000000000000000000001000000000.$memwr$\order_valid_q$rtl/common/wire_order_book.sv:318$5286_EN' using process `$paramod\wire_order_book\NUM_SETS=s32'00000000000000000000001000000000.$proc$rtl/common/wire_order_book.sv:302$5572'.
  created $dff cell `$procdff$18608' with positive edge clock.
Creating register for signal `$paramod\wire_order_book\NUM_SETS=s32'00000000000000000000001000000000.$memwr$\order_valid_q$rtl/common/wire_order_book.sv:318$5287_EN' using process `$paramod\wire_order_book\NUM_SETS=s32'00000000000000000000001000000000.$proc$rtl/common/wire_order_book.sv:302$5572'.
  created $dff cell `$procdff$18609' with positive edge clock.
Creating register for signal `$paramod\wire_order_book\NUM_SETS=s32'00000000000000000000001000000000.$memwr$\order_valid_q$rtl/common/wire_order_book.sv:318$5288_EN' using process `$paramod\wire_order_book\NUM_SETS=s32'00000000000000000000001000000000.$proc$rtl/common/wire_order_book.sv:302$5572'.
  created $dff cell `$procdff$18610' with positive edge clock.
Creating register for signal `$paramod\wire_order_book\NUM_SETS=s32'00000000000000000000001000000000.$memwr$\order_valid_q$rtl/common/wire_order_book.sv:318$5289_EN' using process `$paramod\wire_order_book\NUM_SETS=s32'00000000000000000000001000000000.$proc$rtl/common/wire_order_book.sv:302$5572'.
  created $dff cell `$procdff$18611' with positive edge clock.
Creating register for signal `$paramod\wire_order_book\NUM_SETS=s32'00000000000000000000001000000000.$memwr$\order_valid_q$rtl/common/wire_order_book.sv:318$5290_EN' using process `$paramod\wire_order_book\NUM_SETS=s32'00000000000000000000001000000000.$proc$rtl/common/wire_order_book.sv:302$5572'.
  created $dff cell `$procdff$18612' with positive edge clock.
Creating register for signal `$paramod\wire_order_book\NUM_SETS=s32'00000000000000000000001000000000.$memwr$\order_valid_q$rtl/common/wire_order_book.sv:318$5291_EN' using process `$paramod\wire_order_book\NUM_SETS=s32'00000000000000000000001000000000.$proc$rtl/common/wire_order_book.sv:302$5572'.
  created $dff cell `$procdff$18613' with positive edge clock.
Creating register for signal `$paramod\wire_order_book\NUM_SETS=s32'00000000000000000000001000000000.$memwr$\order_valid_q$rtl/common/wire_order_book.sv:318$5292_EN' using process `$paramod\wire_order_book\NUM_SETS=s32'00000000000000000000001000000000.$proc$rtl/common/wire_order_book.sv:302$5572'.
  created $dff cell `$procdff$18614' with positive edge clock.
Creating register for signal `$paramod\wire_order_book\NUM_SETS=s32'00000000000000000000001000000000.$memwr$\order_valid_q$rtl/common/wire_order_book.sv:318$5293_EN' using process `$paramod\wire_order_book\NUM_SETS=s32'00000000000000000000001000000000.$proc$rtl/common/wire_order_book.sv:302$5572'.
  created $dff cell `$procdff$18615' with positive edge clock.
Creating register for signal `$paramod\wire_order_book\NUM_SETS=s32'00000000000000000000001000000000.$memwr$\order_valid_q$rtl/common/wire_order_book.sv:318$5294_EN' using process `$paramod\wire_order_book\NUM_SETS=s32'00000000000000000000001000000000.$proc$rtl/common/wire_order_book.sv:302$5572'.
  created $dff cell `$procdff$18616' with positive edge clock.
Creating register for signal `$paramod\wire_order_book\NUM_SETS=s32'00000000000000000000001000000000.$memwr$\order_valid_q$rtl/common/wire_order_book.sv:318$5295_EN' using process `$paramod\wire_order_book\NUM_SETS=s32'00000000000000000000001000000000.$proc$rtl/common/wire_order_book.sv:302$5572'.
  created $dff cell `$procdff$18617' with positive edge clock.
Creating register for signal `$paramod\wire_order_book\NUM_SETS=s32'00000000000000000000001000000000.$memwr$\order_valid_q$rtl/common/wire_order_book.sv:318$5296_EN' using process `$paramod\wire_order_book\NUM_SETS=s32'00000000000000000000001000000000.$proc$rtl/common/wire_order_book.sv:302$5572'.
  created $dff cell `$procdff$18618' with positive edge clock.
Creating register for signal `$paramod\wire_order_book\NUM_SETS=s32'00000000000000000000001000000000.$memwr$\order_valid_q$rtl/common/wire_order_book.sv:318$5297_EN' using process `$paramod\wire_order_book\NUM_SETS=s32'00000000000000000000001000000000.$proc$rtl/common/wire_order_book.sv:302$5572'.
  created $dff cell `$procdff$18619' with positive edge clock.
Creating register for signal `$paramod\wire_order_book\NUM_SETS=s32'00000000000000000000001000000000.$memwr$\order_valid_q$rtl/common/wire_order_book.sv:318$5298_EN' using process `$paramod\wire_order_book\NUM_SETS=s32'00000000000000000000001000000000.$proc$rtl/common/wire_order_book.sv:302$5572'.
  created $dff cell `$procdff$18620' with positive edge clock.
Creating register for signal `$paramod\wire_order_book\NUM_SETS=s32'00000000000000000000001000000000.$memwr$\order_valid_q$rtl/common/wire_order_book.sv:318$5299_EN' using process `$paramod\wire_order_book\NUM_SETS=s32'00000000000000000000001000000000.$proc$rtl/common/wire_order_book.sv:302$5572'.
  created $dff cell `$procdff$18621' with positive edge clock.
Creating register for signal `$paramod\wire_order_book\NUM_SETS=s32'00000000000000000000001000000000.$memwr$\order_valid_q$rtl/common/wire_order_book.sv:318$5300_EN' using process `$paramod\wire_order_book\NUM_SETS=s32'00000000000000000000001000000000.$proc$rtl/common/wire_order_book.sv:302$5572'.
  created $dff cell `$procdff$18622' with positive edge clock.
Creating register for signal `$paramod\wire_order_book\NUM_SETS=s32'00000000000000000000001000000000.$memwr$\order_valid_q$rtl/common/wire_order_book.sv:318$5301_EN' using process `$paramod\wire_order_book\NUM_SETS=s32'00000000000000000000001000000000.$proc$rtl/common/wire_order_book.sv:302$5572'.
  created $dff cell `$procdff$18623' with positive edge clock.
Creating register for signal `$paramod\wire_order_book\NUM_SETS=s32'00000000000000000000001000000000.$memwr$\order_valid_q$rtl/common/wire_order_book.sv:318$5302_EN' using process `$paramod\wire_order_book\NUM_SETS=s32'00000000000000000000001000000000.$proc$rtl/common/wire_order_book.sv:302$5572'.
  created $dff cell `$procdff$18624' with positive edge clock.
Creating register for signal `$paramod\wire_order_book\NUM_SETS=s32'00000000000000000000001000000000.$memwr$\order_valid_q$rtl/common/wire_order_book.sv:318$5303_EN' using process `$paramod\wire_order_book\NUM_SETS=s32'00000000000000000000001000000000.$proc$rtl/common/wire_order_book.sv:302$5572'.
  created $dff cell `$procdff$18625' with positive edge clock.
Creating register for signal `$paramod\wire_order_book\NUM_SETS=s32'00000000000000000000001000000000.$memwr$\order_valid_q$rtl/common/wire_order_book.sv:318$5304_EN' using process `$paramod\wire_order_book\NUM_SETS=s32'00000000000000000000001000000000.$proc$rtl/common/wire_order_book.sv:302$5572'.
  created $dff cell `$procdff$18626' with positive edge clock.
Creating register for signal `$paramod\wire_order_book\NUM_SETS=s32'00000000000000000000001000000000.$memwr$\order_valid_q$rtl/common/wire_order_book.sv:318$5305_EN' using process `$paramod\wire_order_book\NUM_SETS=s32'00000000000000000000001000000000.$proc$rtl/common/wire_order_book.sv:302$5572'.
  created $dff cell `$procdff$18627' with positive edge clock.
Creating register for signal `$paramod\wire_order_book\NUM_SETS=s32'00000000000000000000001000000000.$memwr$\order_valid_q$rtl/common/wire_order_book.sv:318$5306_EN' using process `$paramod\wire_order_book\NUM_SETS=s32'00000000000000000000001000000000.$proc$rtl/common/wire_order_book.sv:302$5572'.
  created $dff cell `$procdff$18628' with positive edge clock.
Creating register for signal `$paramod\wire_order_book\NUM_SETS=s32'00000000000000000000001000000000.$memwr$\order_valid_q$rtl/common/wire_order_book.sv:318$5307_EN' using process `$paramod\wire_order_book\NUM_SETS=s32'00000000000000000000001000000000.$proc$rtl/common/wire_order_book.sv:302$5572'.
  created $dff cell `$procdff$18629' with positive edge clock.
Creating register for signal `$paramod\wire_order_book\NUM_SETS=s32'00000000000000000000001000000000.$memwr$\order_valid_q$rtl/common/wire_order_book.sv:318$5308_EN' using process `$paramod\wire_order_book\NUM_SETS=s32'00000000000000000000001000000000.$proc$rtl/common/wire_order_book.sv:302$5572'.
  created $dff cell `$procdff$18630' with positive edge clock.
Creating register for signal `$paramod\wire_order_book\NUM_SETS=s32'00000000000000000000001000000000.$memwr$\order_valid_q$rtl/common/wire_order_book.sv:318$5309_EN' using process `$paramod\wire_order_book\NUM_SETS=s32'00000000000000000000001000000000.$proc$rtl/common/wire_order_book.sv:302$5572'.
  created $dff cell `$procdff$18631' with positive edge clock.
Creating register for signal `$paramod\wire_order_book\NUM_SETS=s32'00000000000000000000001000000000.$memwr$\order_valid_q$rtl/common/wire_order_book.sv:318$5310_EN' using process `$paramod\wire_order_book\NUM_SETS=s32'00000000000000000000001000000000.$proc$rtl/common/wire_order_book.sv:302$5572'.
  created $dff cell `$procdff$18632' with positive edge clock.
Creating register for signal `$paramod\wire_order_book\NUM_SETS=s32'00000000000000000000001000000000.$memwr$\order_valid_q$rtl/common/wire_order_book.sv:318$5311_EN' using process `$paramod\wire_order_book\NUM_SETS=s32'00000000000000000000001000000000.$proc$rtl/common/wire_order_book.sv:302$5572'.
  created $dff cell `$procdff$18633' with positive edge clock.
Creating register for signal `$paramod\wire_order_book\NUM_SETS=s32'00000000000000000000001000000000.$memwr$\order_valid_q$rtl/common/wire_order_book.sv:318$5312_EN' using process `$paramod\wire_order_book\NUM_SETS=s32'00000000000000000000001000000000.$proc$rtl/common/wire_order_book.sv:302$5572'.
  created $dff cell `$procdff$18634' with positive edge clock.
Creating register for signal `$paramod\wire_order_book\NUM_SETS=s32'00000000000000000000001000000000.$memwr$\order_valid_q$rtl/common/wire_order_book.sv:318$5313_EN' using process `$paramod\wire_order_book\NUM_SETS=s32'00000000000000000000001000000000.$proc$rtl/common/wire_order_book.sv:302$5572'.
  created $dff cell `$procdff$18635' with positive edge clock.
Creating register for signal `$paramod\wire_order_book\NUM_SETS=s32'00000000000000000000001000000000.$memwr$\order_valid_q$rtl/common/wire_order_book.sv:318$5314_EN' using process `$paramod\wire_order_book\NUM_SETS=s32'00000000000000000000001000000000.$proc$rtl/common/wire_order_book.sv:302$5572'.
  created $dff cell `$procdff$18636' with positive edge clock.
Creating register for signal `$paramod\wire_order_book\NUM_SETS=s32'00000000000000000000001000000000.$memwr$\order_valid_q$rtl/common/wire_order_book.sv:318$5315_EN' using process `$paramod\wire_order_book\NUM_SETS=s32'00000000000000000000001000000000.$proc$rtl/common/wire_order_book.sv:302$5572'.
  created $dff cell `$procdff$18637' with positive edge clock.
Creating register for signal `$paramod\wire_order_book\NUM_SETS=s32'00000000000000000000001000000000.$memwr$\order_valid_q$rtl/common/wire_order_book.sv:318$5316_EN' using process `$paramod\wire_order_book\NUM_SETS=s32'00000000000000000000001000000000.$proc$rtl/common/wire_order_book.sv:302$5572'.
  created $dff cell `$procdff$18638' with positive edge clock.
Creating register for signal `$paramod\wire_order_book\NUM_SETS=s32'00000000000000000000001000000000.$memwr$\order_valid_q$rtl/common/wire_order_book.sv:318$5317_EN' using process `$paramod\wire_order_book\NUM_SETS=s32'00000000000000000000001000000000.$proc$rtl/common/wire_order_book.sv:302$5572'.
  created $dff cell `$procdff$18639' with positive edge clock.
Creating register for signal `$paramod\wire_order_book\NUM_SETS=s32'00000000000000000000001000000000.$memwr$\order_valid_q$rtl/common/wire_order_book.sv:318$5318_EN' using process `$paramod\wire_order_book\NUM_SETS=s32'00000000000000000000001000000000.$proc$rtl/common/wire_order_book.sv:302$5572'.
  created $dff cell `$procdff$18640' with positive edge clock.
Creating register for signal `$paramod\wire_order_book\NUM_SETS=s32'00000000000000000000001000000000.$memwr$\order_valid_q$rtl/common/wire_order_book.sv:318$5319_EN' using process `$paramod\wire_order_book\NUM_SETS=s32'00000000000000000000001000000000.$proc$rtl/common/wire_order_book.sv:302$5572'.
  created $dff cell `$procdff$18641' with positive edge clock.
Creating register for signal `$paramod\wire_order_book\NUM_SETS=s32'00000000000000000000001000000000.$memwr$\order_valid_q$rtl/common/wire_order_book.sv:318$5320_EN' using process `$paramod\wire_order_book\NUM_SETS=s32'00000000000000000000001000000000.$proc$rtl/common/wire_order_book.sv:302$5572'.
  created $dff cell `$procdff$18642' with positive edge clock.
Creating register for signal `$paramod\wire_order_book\NUM_SETS=s32'00000000000000000000001000000000.$memwr$\order_valid_q$rtl/common/wire_order_book.sv:318$5321_EN' using process `$paramod\wire_order_book\NUM_SETS=s32'00000000000000000000001000000000.$proc$rtl/common/wire_order_book.sv:302$5572'.
  created $dff cell `$procdff$18643' with positive edge clock.
Creating register for signal `$paramod\wire_order_book\NUM_SETS=s32'00000000000000000000001000000000.$memwr$\order_valid_q$rtl/common/wire_order_book.sv:318$5322_EN' using process `$paramod\wire_order_book\NUM_SETS=s32'00000000000000000000001000000000.$proc$rtl/common/wire_order_book.sv:302$5572'.
  created $dff cell `$procdff$18644' with positive edge clock.
Creating register for signal `$paramod\wire_order_book\NUM_SETS=s32'00000000000000000000001000000000.$memwr$\order_valid_q$rtl/common/wire_order_book.sv:318$5323_EN' using process `$paramod\wire_order_book\NUM_SETS=s32'00000000000000000000001000000000.$proc$rtl/common/wire_order_book.sv:302$5572'.
  created $dff cell `$procdff$18645' with positive edge clock.
Creating register for signal `$paramod\wire_order_book\NUM_SETS=s32'00000000000000000000001000000000.$memwr$\order_valid_q$rtl/common/wire_order_book.sv:318$5324_EN' using process `$paramod\wire_order_book\NUM_SETS=s32'00000000000000000000001000000000.$proc$rtl/common/wire_order_book.sv:302$5572'.
  created $dff cell `$procdff$18646' with positive edge clock.
Creating register for signal `$paramod\wire_order_book\NUM_SETS=s32'00000000000000000000001000000000.$memwr$\order_valid_q$rtl/common/wire_order_book.sv:318$5325_EN' using process `$paramod\wire_order_book\NUM_SETS=s32'00000000000000000000001000000000.$proc$rtl/common/wire_order_book.sv:302$5572'.
  created $dff cell `$procdff$18647' with positive edge clock.
Creating register for signal `$paramod\wire_order_book\NUM_SETS=s32'00000000000000000000001000000000.$memwr$\order_valid_q$rtl/common/wire_order_book.sv:318$5326_EN' using process `$paramod\wire_order_book\NUM_SETS=s32'00000000000000000000001000000000.$proc$rtl/common/wire_order_book.sv:302$5572'.
  created $dff cell `$procdff$18648' with positive edge clock.
Creating register for signal `$paramod\wire_order_book\NUM_SETS=s32'00000000000000000000001000000000.$memwr$\order_valid_q$rtl/common/wire_order_book.sv:318$5327_EN' using process `$paramod\wire_order_book\NUM_SETS=s32'00000000000000000000001000000000.$proc$rtl/common/wire_order_book.sv:302$5572'.
  created $dff cell `$procdff$18649' with positive edge clock.
Creating register for signal `$paramod\wire_order_book\NUM_SETS=s32'00000000000000000000001000000000.$memwr$\order_valid_q$rtl/common/wire_order_book.sv:318$5328_EN' using process `$paramod\wire_order_book\NUM_SETS=s32'00000000000000000000001000000000.$proc$rtl/common/wire_order_book.sv:302$5572'.
  created $dff cell `$procdff$18650' with positive edge clock.
Creating register for signal `$paramod\wire_order_book\NUM_SETS=s32'00000000000000000000001000000000.$memwr$\order_valid_q$rtl/common/wire_order_book.sv:318$5329_EN' using process `$paramod\wire_order_book\NUM_SETS=s32'00000000000000000000001000000000.$proc$rtl/common/wire_order_book.sv:302$5572'.
  created $dff cell `$procdff$18651' with positive edge clock.
Creating register for signal `$paramod\wire_order_book\NUM_SETS=s32'00000000000000000000001000000000.$memwr$\order_valid_q$rtl/common/wire_order_book.sv:318$5330_EN' using process `$paramod\wire_order_book\NUM_SETS=s32'00000000000000000000001000000000.$proc$rtl/common/wire_order_book.sv:302$5572'.
  created $dff cell `$procdff$18652' with positive edge clock.
Creating register for signal `$paramod\wire_order_book\NUM_SETS=s32'00000000000000000000001000000000.$memwr$\order_valid_q$rtl/common/wire_order_book.sv:318$5331_EN' using process `$paramod\wire_order_book\NUM_SETS=s32'00000000000000000000001000000000.$proc$rtl/common/wire_order_book.sv:302$5572'.
  created $dff cell `$procdff$18653' with positive edge clock.
Creating register for signal `$paramod\wire_order_book\NUM_SETS=s32'00000000000000000000001000000000.$memwr$\order_valid_q$rtl/common/wire_order_book.sv:318$5332_EN' using process `$paramod\wire_order_book\NUM_SETS=s32'00000000000000000000001000000000.$proc$rtl/common/wire_order_book.sv:302$5572'.
  created $dff cell `$procdff$18654' with positive edge clock.
Creating register for signal `$paramod\wire_order_book\NUM_SETS=s32'00000000000000000000001000000000.$memwr$\order_valid_q$rtl/common/wire_order_book.sv:318$5333_EN' using process `$paramod\wire_order_book\NUM_SETS=s32'00000000000000000000001000000000.$proc$rtl/common/wire_order_book.sv:302$5572'.
  created $dff cell `$procdff$18655' with positive edge clock.
Creating register for signal `$paramod\wire_order_book\NUM_SETS=s32'00000000000000000000001000000000.$memwr$\order_valid_q$rtl/common/wire_order_book.sv:318$5334_EN' using process `$paramod\wire_order_book\NUM_SETS=s32'00000000000000000000001000000000.$proc$rtl/common/wire_order_book.sv:302$5572'.
  created $dff cell `$procdff$18656' with positive edge clock.
Creating register for signal `$paramod\wire_order_book\NUM_SETS=s32'00000000000000000000001000000000.$memwr$\order_valid_q$rtl/common/wire_order_book.sv:318$5335_EN' using process `$paramod\wire_order_book\NUM_SETS=s32'00000000000000000000001000000000.$proc$rtl/common/wire_order_book.sv:302$5572'.
  created $dff cell `$procdff$18657' with positive edge clock.
Creating register for signal `$paramod\wire_order_book\NUM_SETS=s32'00000000000000000000001000000000.$memwr$\order_valid_q$rtl/common/wire_order_book.sv:318$5336_EN' using process `$paramod\wire_order_book\NUM_SETS=s32'00000000000000000000001000000000.$proc$rtl/common/wire_order_book.sv:302$5572'.
  created $dff cell `$procdff$18658' with positive edge clock.
Creating register for signal `$paramod\wire_order_book\NUM_SETS=s32'00000000000000000000001000000000.$memwr$\order_valid_q$rtl/common/wire_order_book.sv:318$5337_EN' using process `$paramod\wire_order_book\NUM_SETS=s32'00000000000000000000001000000000.$proc$rtl/common/wire_order_book.sv:302$5572'.
  created $dff cell `$procdff$18659' with positive edge clock.
Creating register for signal `$paramod\wire_order_book\NUM_SETS=s32'00000000000000000000001000000000.$memwr$\order_valid_q$rtl/common/wire_order_book.sv:318$5338_EN' using process `$paramod\wire_order_book\NUM_SETS=s32'00000000000000000000001000000000.$proc$rtl/common/wire_order_book.sv:302$5572'.
  created $dff cell `$procdff$18660' with positive edge clock.
Creating register for signal `$paramod\wire_order_book\NUM_SETS=s32'00000000000000000000001000000000.$memwr$\order_valid_q$rtl/common/wire_order_book.sv:318$5339_EN' using process `$paramod\wire_order_book\NUM_SETS=s32'00000000000000000000001000000000.$proc$rtl/common/wire_order_book.sv:302$5572'.
  created $dff cell `$procdff$18661' with positive edge clock.
Creating register for signal `$paramod\wire_order_book\NUM_SETS=s32'00000000000000000000001000000000.$memwr$\order_valid_q$rtl/common/wire_order_book.sv:318$5340_EN' using process `$paramod\wire_order_book\NUM_SETS=s32'00000000000000000000001000000000.$proc$rtl/common/wire_order_book.sv:302$5572'.
  created $dff cell `$procdff$18662' with positive edge clock.
Creating register for signal `$paramod\wire_order_book\NUM_SETS=s32'00000000000000000000001000000000.$memwr$\order_valid_q$rtl/common/wire_order_book.sv:318$5341_EN' using process `$paramod\wire_order_book\NUM_SETS=s32'00000000000000000000001000000000.$proc$rtl/common/wire_order_book.sv:302$5572'.
  created $dff cell `$procdff$18663' with positive edge clock.
Creating register for signal `$paramod\wire_order_book\NUM_SETS=s32'00000000000000000000001000000000.$memwr$\order_valid_q$rtl/common/wire_order_book.sv:318$5342_EN' using process `$paramod\wire_order_book\NUM_SETS=s32'00000000000000000000001000000000.$proc$rtl/common/wire_order_book.sv:302$5572'.
  created $dff cell `$procdff$18664' with positive edge clock.
Creating register for signal `$paramod\wire_order_book\NUM_SETS=s32'00000000000000000000001000000000.$memwr$\order_valid_q$rtl/common/wire_order_book.sv:318$5343_EN' using process `$paramod\wire_order_book\NUM_SETS=s32'00000000000000000000001000000000.$proc$rtl/common/wire_order_book.sv:302$5572'.
  created $dff cell `$procdff$18665' with positive edge clock.
Creating register for signal `$paramod\wire_order_book\NUM_SETS=s32'00000000000000000000001000000000.$memwr$\order_valid_q$rtl/common/wire_order_book.sv:318$5344_EN' using process `$paramod\wire_order_book\NUM_SETS=s32'00000000000000000000001000000000.$proc$rtl/common/wire_order_book.sv:302$5572'.
  created $dff cell `$procdff$18666' with positive edge clock.
Creating register for signal `$paramod\wire_order_book\NUM_SETS=s32'00000000000000000000001000000000.$memwr$\order_valid_q$rtl/common/wire_order_book.sv:318$5345_EN' using process `$paramod\wire_order_book\NUM_SETS=s32'00000000000000000000001000000000.$proc$rtl/common/wire_order_book.sv:302$5572'.
  created $dff cell `$procdff$18667' with positive edge clock.
Creating register for signal `$paramod\wire_order_book\NUM_SETS=s32'00000000000000000000001000000000.$memwr$\order_valid_q$rtl/common/wire_order_book.sv:318$5346_EN' using process `$paramod\wire_order_book\NUM_SETS=s32'00000000000000000000001000000000.$proc$rtl/common/wire_order_book.sv:302$5572'.
  created $dff cell `$procdff$18668' with positive edge clock.
Creating register for signal `$paramod\wire_order_book\NUM_SETS=s32'00000000000000000000001000000000.$memwr$\order_valid_q$rtl/common/wire_order_book.sv:318$5347_EN' using process `$paramod\wire_order_book\NUM_SETS=s32'00000000000000000000001000000000.$proc$rtl/common/wire_order_book.sv:302$5572'.
  created $dff cell `$procdff$18669' with positive edge clock.
Creating register for signal `$paramod\wire_order_book\NUM_SETS=s32'00000000000000000000001000000000.$memwr$\order_valid_q$rtl/common/wire_order_book.sv:318$5348_EN' using process `$paramod\wire_order_book\NUM_SETS=s32'00000000000000000000001000000000.$proc$rtl/common/wire_order_book.sv:302$5572'.
  created $dff cell `$procdff$18670' with positive edge clock.
Creating register for signal `$paramod\wire_order_book\NUM_SETS=s32'00000000000000000000001000000000.$memwr$\order_valid_q$rtl/common/wire_order_book.sv:318$5349_EN' using process `$paramod\wire_order_book\NUM_SETS=s32'00000000000000000000001000000000.$proc$rtl/common/wire_order_book.sv:302$5572'.
  created $dff cell `$procdff$18671' with positive edge clock.
Creating register for signal `$paramod\wire_order_book\NUM_SETS=s32'00000000000000000000001000000000.$memwr$\order_valid_q$rtl/common/wire_order_book.sv:318$5350_EN' using process `$paramod\wire_order_book\NUM_SETS=s32'00000000000000000000001000000000.$proc$rtl/common/wire_order_book.sv:302$5572'.
  created $dff cell `$procdff$18672' with positive edge clock.
Creating register for signal `$paramod\wire_order_book\NUM_SETS=s32'00000000000000000000001000000000.$memwr$\order_valid_q$rtl/common/wire_order_book.sv:318$5351_EN' using process `$paramod\wire_order_book\NUM_SETS=s32'00000000000000000000001000000000.$proc$rtl/common/wire_order_book.sv:302$5572'.
  created $dff cell `$procdff$18673' with positive edge clock.
Creating register for signal `$paramod\wire_order_book\NUM_SETS=s32'00000000000000000000001000000000.$memwr$\order_valid_q$rtl/common/wire_order_book.sv:318$5352_EN' using process `$paramod\wire_order_book\NUM_SETS=s32'00000000000000000000001000000000.$proc$rtl/common/wire_order_book.sv:302$5572'.
  created $dff cell `$procdff$18674' with positive edge clock.
Creating register for signal `$paramod\wire_order_book\NUM_SETS=s32'00000000000000000000001000000000.$memwr$\order_valid_q$rtl/common/wire_order_book.sv:318$5353_EN' using process `$paramod\wire_order_book\NUM_SETS=s32'00000000000000000000001000000000.$proc$rtl/common/wire_order_book.sv:302$5572'.
  created $dff cell `$procdff$18675' with positive edge clock.
Creating register for signal `$paramod\wire_order_book\NUM_SETS=s32'00000000000000000000001000000000.$memwr$\order_valid_q$rtl/common/wire_order_book.sv:318$5354_EN' using process `$paramod\wire_order_book\NUM_SETS=s32'00000000000000000000001000000000.$proc$rtl/common/wire_order_book.sv:302$5572'.
  created $dff cell `$procdff$18676' with positive edge clock.
Creating register for signal `$paramod\wire_order_book\NUM_SETS=s32'00000000000000000000001000000000.$memwr$\order_valid_q$rtl/common/wire_order_book.sv:318$5355_EN' using process `$paramod\wire_order_book\NUM_SETS=s32'00000000000000000000001000000000.$proc$rtl/common/wire_order_book.sv:302$5572'.
  created $dff cell `$procdff$18677' with positive edge clock.
Creating register for signal `$paramod\wire_order_book\NUM_SETS=s32'00000000000000000000001000000000.$memwr$\order_valid_q$rtl/common/wire_order_book.sv:318$5356_EN' using process `$paramod\wire_order_book\NUM_SETS=s32'00000000000000000000001000000000.$proc$rtl/common/wire_order_book.sv:302$5572'.
  created $dff cell `$procdff$18678' with positive edge clock.
Creating register for signal `$paramod\wire_order_book\NUM_SETS=s32'00000000000000000000001000000000.$memwr$\order_valid_q$rtl/common/wire_order_book.sv:318$5357_EN' using process `$paramod\wire_order_book\NUM_SETS=s32'00000000000000000000001000000000.$proc$rtl/common/wire_order_book.sv:302$5572'.
  created $dff cell `$procdff$18679' with positive edge clock.
Creating register for signal `$paramod\wire_order_book\NUM_SETS=s32'00000000000000000000001000000000.$memwr$\order_valid_q$rtl/common/wire_order_book.sv:318$5358_EN' using process `$paramod\wire_order_book\NUM_SETS=s32'00000000000000000000001000000000.$proc$rtl/common/wire_order_book.sv:302$5572'.
  created $dff cell `$procdff$18680' with positive edge clock.
Creating register for signal `$paramod\wire_order_book\NUM_SETS=s32'00000000000000000000001000000000.$memwr$\order_valid_q$rtl/common/wire_order_book.sv:318$5359_EN' using process `$paramod\wire_order_book\NUM_SETS=s32'00000000000000000000001000000000.$proc$rtl/common/wire_order_book.sv:302$5572'.
  created $dff cell `$procdff$18681' with positive edge clock.
Creating register for signal `$paramod\wire_order_book\NUM_SETS=s32'00000000000000000000001000000000.$memwr$\order_valid_q$rtl/common/wire_order_book.sv:318$5360_EN' using process `$paramod\wire_order_book\NUM_SETS=s32'00000000000000000000001000000000.$proc$rtl/common/wire_order_book.sv:302$5572'.
  created $dff cell `$procdff$18682' with positive edge clock.
Creating register for signal `$paramod\wire_order_book\NUM_SETS=s32'00000000000000000000001000000000.$memwr$\order_valid_q$rtl/common/wire_order_book.sv:318$5361_EN' using process `$paramod\wire_order_book\NUM_SETS=s32'00000000000000000000001000000000.$proc$rtl/common/wire_order_book.sv:302$5572'.
  created $dff cell `$procdff$18683' with positive edge clock.
Creating register for signal `$paramod\wire_order_book\NUM_SETS=s32'00000000000000000000001000000000.$memwr$\order_valid_q$rtl/common/wire_order_book.sv:318$5362_EN' using process `$paramod\wire_order_book\NUM_SETS=s32'00000000000000000000001000000000.$proc$rtl/common/wire_order_book.sv:302$5572'.
  created $dff cell `$procdff$18684' with positive edge clock.
Creating register for signal `$paramod\wire_order_book\NUM_SETS=s32'00000000000000000000001000000000.$memwr$\order_valid_q$rtl/common/wire_order_book.sv:318$5363_EN' using process `$paramod\wire_order_book\NUM_SETS=s32'00000000000000000000001000000000.$proc$rtl/common/wire_order_book.sv:302$5572'.
  created $dff cell `$procdff$18685' with positive edge clock.
Creating register for signal `$paramod\wire_order_book\NUM_SETS=s32'00000000000000000000001000000000.$memwr$\order_valid_q$rtl/common/wire_order_book.sv:318$5364_EN' using process `$paramod\wire_order_book\NUM_SETS=s32'00000000000000000000001000000000.$proc$rtl/common/wire_order_book.sv:302$5572'.
  created $dff cell `$procdff$18686' with positive edge clock.
Creating register for signal `$paramod\wire_order_book\NUM_SETS=s32'00000000000000000000001000000000.$memwr$\order_valid_q$rtl/common/wire_order_book.sv:318$5365_EN' using process `$paramod\wire_order_book\NUM_SETS=s32'00000000000000000000001000000000.$proc$rtl/common/wire_order_book.sv:302$5572'.
  created $dff cell `$procdff$18687' with positive edge clock.
Creating register for signal `$paramod\wire_order_book\NUM_SETS=s32'00000000000000000000001000000000.$memwr$\order_valid_q$rtl/common/wire_order_book.sv:318$5366_EN' using process `$paramod\wire_order_book\NUM_SETS=s32'00000000000000000000001000000000.$proc$rtl/common/wire_order_book.sv:302$5572'.
  created $dff cell `$procdff$18688' with positive edge clock.
Creating register for signal `$paramod\wire_order_book\NUM_SETS=s32'00000000000000000000001000000000.$memwr$\order_valid_q$rtl/common/wire_order_book.sv:318$5367_EN' using process `$paramod\wire_order_book\NUM_SETS=s32'00000000000000000000001000000000.$proc$rtl/common/wire_order_book.sv:302$5572'.
  created $dff cell `$procdff$18689' with positive edge clock.
Creating register for signal `$paramod\wire_order_book\NUM_SETS=s32'00000000000000000000001000000000.$memwr$\order_valid_q$rtl/common/wire_order_book.sv:318$5368_EN' using process `$paramod\wire_order_book\NUM_SETS=s32'00000000000000000000001000000000.$proc$rtl/common/wire_order_book.sv:302$5572'.
  created $dff cell `$procdff$18690' with positive edge clock.
Creating register for signal `$paramod\wire_order_book\NUM_SETS=s32'00000000000000000000001000000000.$memwr$\order_valid_q$rtl/common/wire_order_book.sv:318$5369_EN' using process `$paramod\wire_order_book\NUM_SETS=s32'00000000000000000000001000000000.$proc$rtl/common/wire_order_book.sv:302$5572'.
  created $dff cell `$procdff$18691' with positive edge clock.
Creating register for signal `$paramod\wire_order_book\NUM_SETS=s32'00000000000000000000001000000000.$memwr$\order_valid_q$rtl/common/wire_order_book.sv:318$5370_EN' using process `$paramod\wire_order_book\NUM_SETS=s32'00000000000000000000001000000000.$proc$rtl/common/wire_order_book.sv:302$5572'.
  created $dff cell `$procdff$18692' with positive edge clock.
Creating register for signal `$paramod\wire_order_book\NUM_SETS=s32'00000000000000000000001000000000.$memwr$\order_valid_q$rtl/common/wire_order_book.sv:318$5371_EN' using process `$paramod\wire_order_book\NUM_SETS=s32'00000000000000000000001000000000.$proc$rtl/common/wire_order_book.sv:302$5572'.
  created $dff cell `$procdff$18693' with positive edge clock.
Creating register for signal `$paramod\wire_order_book\NUM_SETS=s32'00000000000000000000001000000000.$memwr$\order_valid_q$rtl/common/wire_order_book.sv:318$5372_EN' using process `$paramod\wire_order_book\NUM_SETS=s32'00000000000000000000001000000000.$proc$rtl/common/wire_order_book.sv:302$5572'.
  created $dff cell `$procdff$18694' with positive edge clock.
Creating register for signal `$paramod\wire_order_book\NUM_SETS=s32'00000000000000000000001000000000.$memwr$\order_valid_q$rtl/common/wire_order_book.sv:318$5373_EN' using process `$paramod\wire_order_book\NUM_SETS=s32'00000000000000000000001000000000.$proc$rtl/common/wire_order_book.sv:302$5572'.
  created $dff cell `$procdff$18695' with positive edge clock.
Creating register for signal `$paramod\wire_order_book\NUM_SETS=s32'00000000000000000000001000000000.$memwr$\order_valid_q$rtl/common/wire_order_book.sv:318$5374_EN' using process `$paramod\wire_order_book\NUM_SETS=s32'00000000000000000000001000000000.$proc$rtl/common/wire_order_book.sv:302$5572'.
  created $dff cell `$procdff$18696' with positive edge clock.
Creating register for signal `$paramod\wire_order_book\NUM_SETS=s32'00000000000000000000001000000000.$memwr$\order_valid_q$rtl/common/wire_order_book.sv:318$5375_EN' using process `$paramod\wire_order_book\NUM_SETS=s32'00000000000000000000001000000000.$proc$rtl/common/wire_order_book.sv:302$5572'.
  created $dff cell `$procdff$18697' with positive edge clock.
Creating register for signal `$paramod\wire_order_book\NUM_SETS=s32'00000000000000000000001000000000.$memwr$\order_reference_q$rtl/common/wire_order_book.sv:360$5376_ADDR' using process `$paramod\wire_order_book\NUM_SETS=s32'00000000000000000000001000000000.$proc$rtl/common/wire_order_book.sv:302$5572'.
  created $dff cell `$procdff$18698' with positive edge clock.
Creating register for signal `$paramod\wire_order_book\NUM_SETS=s32'00000000000000000000001000000000.$memwr$\order_reference_q$rtl/common/wire_order_book.sv:360$5376_DATA' using process `$paramod\wire_order_book\NUM_SETS=s32'00000000000000000000001000000000.$proc$rtl/common/wire_order_book.sv:302$5572'.
  created $dff cell `$procdff$18699' with positive edge clock.
Creating register for signal `$paramod\wire_order_book\NUM_SETS=s32'00000000000000000000001000000000.$memwr$\order_reference_q$rtl/common/wire_order_book.sv:360$5376_EN' using process `$paramod\wire_order_book\NUM_SETS=s32'00000000000000000000001000000000.$proc$rtl/common/wire_order_book.sv:302$5572'.
  created $dff cell `$procdff$18700' with positive edge clock.
Creating register for signal `$paramod\wire_order_book\NUM_SETS=s32'00000000000000000000001000000000.$memwr$\order_price_q$rtl/common/wire_order_book.sv:361$5377_ADDR' using process `$paramod\wire_order_book\NUM_SETS=s32'00000000000000000000001000000000.$proc$rtl/common/wire_order_book.sv:302$5572'.
  created $dff cell `$procdff$18701' with positive edge clock.
Creating register for signal `$paramod\wire_order_book\NUM_SETS=s32'00000000000000000000001000000000.$memwr$\order_price_q$rtl/common/wire_order_book.sv:361$5377_DATA' using process `$paramod\wire_order_book\NUM_SETS=s32'00000000000000000000001000000000.$proc$rtl/common/wire_order_book.sv:302$5572'.
  created $dff cell `$procdff$18702' with positive edge clock.
Creating register for signal `$paramod\wire_order_book\NUM_SETS=s32'00000000000000000000001000000000.$memwr$\order_price_q$rtl/common/wire_order_book.sv:361$5377_EN' using process `$paramod\wire_order_book\NUM_SETS=s32'00000000000000000000001000000000.$proc$rtl/common/wire_order_book.sv:302$5572'.
  created $dff cell `$procdff$18703' with positive edge clock.
Creating register for signal `$paramod\wire_order_book\NUM_SETS=s32'00000000000000000000001000000000.$memwr$\order_quantity_q$rtl/common/wire_order_book.sv:362$5378_ADDR' using process `$paramod\wire_order_book\NUM_SETS=s32'00000000000000000000001000000000.$proc$rtl/common/wire_order_book.sv:302$5572'.
  created $dff cell `$procdff$18704' with positive edge clock.
Creating register for signal `$paramod\wire_order_book\NUM_SETS=s32'00000000000000000000001000000000.$memwr$\order_quantity_q$rtl/common/wire_order_book.sv:362$5378_DATA' using process `$paramod\wire_order_book\NUM_SETS=s32'00000000000000000000001000000000.$proc$rtl/common/wire_order_book.sv:302$5572'.
  created $dff cell `$procdff$18705' with positive edge clock.
Creating register for signal `$paramod\wire_order_book\NUM_SETS=s32'00000000000000000000001000000000.$memwr$\order_quantity_q$rtl/common/wire_order_book.sv:362$5378_EN' using process `$paramod\wire_order_book\NUM_SETS=s32'00000000000000000000001000000000.$proc$rtl/common/wire_order_book.sv:302$5572'.
  created $dff cell `$procdff$18706' with positive edge clock.
Creating register for signal `$paramod\wire_order_book\NUM_SETS=s32'00000000000000000000001000000000.$memwr$\order_side_q$rtl/common/wire_order_book.sv:363$5379_ADDR' using process `$paramod\wire_order_book\NUM_SETS=s32'00000000000000000000001000000000.$proc$rtl/common/wire_order_book.sv:302$5572'.
  created $dff cell `$procdff$18707' with positive edge clock.
Creating register for signal `$paramod\wire_order_book\NUM_SETS=s32'00000000000000000000001000000000.$memwr$\order_side_q$rtl/common/wire_order_book.sv:363$5379_DATA' using process `$paramod\wire_order_book\NUM_SETS=s32'00000000000000000000001000000000.$proc$rtl/common/wire_order_book.sv:302$5572'.
  created $dff cell `$procdff$18708' with positive edge clock.
Creating register for signal `$paramod\wire_order_book\NUM_SETS=s32'00000000000000000000001000000000.$memwr$\order_side_q$rtl/common/wire_order_book.sv:363$5379_EN' using process `$paramod\wire_order_book\NUM_SETS=s32'00000000000000000000001000000000.$proc$rtl/common/wire_order_book.sv:302$5572'.
  created $dff cell `$procdff$18709' with positive edge clock.
Creating register for signal `$paramod\wire_order_book\NUM_SETS=s32'00000000000000000000001000000000.$memwr$\order_valid_q$rtl/common/wire_order_book.sv:364$5380_ADDR' using process `$paramod\wire_order_book\NUM_SETS=s32'00000000000000000000001000000000.$proc$rtl/common/wire_order_book.sv:302$5572'.
  created $dff cell `$procdff$18710' with positive edge clock.
Creating register for signal `$paramod\wire_order_book\NUM_SETS=s32'00000000000000000000001000000000.$memwr$\order_valid_q$rtl/common/wire_order_book.sv:364$5380_EN' using process `$paramod\wire_order_book\NUM_SETS=s32'00000000000000000000001000000000.$proc$rtl/common/wire_order_book.sv:302$5572'.
  created $dff cell `$procdff$18711' with positive edge clock.
Creating register for signal `$paramod\wire_order_book\NUM_SETS=s32'00000000000000000000001000000000.$memwr$\order_valid_q$rtl/common/wire_order_book.sv:368$5381_ADDR' using process `$paramod\wire_order_book\NUM_SETS=s32'00000000000000000000001000000000.$proc$rtl/common/wire_order_book.sv:302$5572'.
  created $dff cell `$procdff$18712' with positive edge clock.
Creating register for signal `$paramod\wire_order_book\NUM_SETS=s32'00000000000000000000001000000000.$memwr$\order_valid_q$rtl/common/wire_order_book.sv:368$5381_EN' using process `$paramod\wire_order_book\NUM_SETS=s32'00000000000000000000001000000000.$proc$rtl/common/wire_order_book.sv:302$5572'.
  created $dff cell `$procdff$18713' with positive edge clock.
Creating register for signal `$paramod\wire_order_book\NUM_SETS=s32'00000000000000000000001000000000.$memwr$\order_quantity_q$rtl/common/wire_order_book.sv:370$5382_ADDR' using process `$paramod\wire_order_book\NUM_SETS=s32'00000000000000000000001000000000.$proc$rtl/common/wire_order_book.sv:302$5572'.
  created $dff cell `$procdff$18714' with positive edge clock.
Creating register for signal `$paramod\wire_order_book\NUM_SETS=s32'00000000000000000000001000000000.$memwr$\order_quantity_q$rtl/common/wire_order_book.sv:370$5382_DATA' using process `$paramod\wire_order_book\NUM_SETS=s32'00000000000000000000001000000000.$proc$rtl/common/wire_order_book.sv:302$5572'.
  created $dff cell `$procdff$18715' with positive edge clock.
Creating register for signal `$paramod\wire_order_book\NUM_SETS=s32'00000000000000000000001000000000.$memwr$\order_quantity_q$rtl/common/wire_order_book.sv:370$5382_EN' using process `$paramod\wire_order_book\NUM_SETS=s32'00000000000000000000001000000000.$proc$rtl/common/wire_order_book.sv:302$5572'.
  created $dff cell `$procdff$18716' with positive edge clock.
Creating register for signal `$paramod\wire_order_book\NUM_SETS=s32'00000000000000000000001000000000.$memwr$\order_valid_q$rtl/common/wire_order_book.sv:372$5383_ADDR' using process `$paramod\wire_order_book\NUM_SETS=s32'00000000000000000000001000000000.$proc$rtl/common/wire_order_book.sv:302$5572'.
  created $dff cell `$procdff$18717' with positive edge clock.
Creating register for signal `$paramod\wire_order_book\NUM_SETS=s32'00000000000000000000001000000000.$memwr$\order_valid_q$rtl/common/wire_order_book.sv:372$5383_EN' using process `$paramod\wire_order_book\NUM_SETS=s32'00000000000000000000001000000000.$proc$rtl/common/wire_order_book.sv:302$5572'.
  created $dff cell `$procdff$18718' with positive edge clock.
Creating register for signal `$paramod\wire_order_book\NUM_SETS=s32'00000000000000000000001000000000.$memwr$\order_valid_q$rtl/common/wire_order_book.sv:375$5384_ADDR' using process `$paramod\wire_order_book\NUM_SETS=s32'00000000000000000000001000000000.$proc$rtl/common/wire_order_book.sv:302$5572'.
  created $dff cell `$procdff$18719' with positive edge clock.
Creating register for signal `$paramod\wire_order_book\NUM_SETS=s32'00000000000000000000001000000000.$memwr$\order_valid_q$rtl/common/wire_order_book.sv:375$5384_EN' using process `$paramod\wire_order_book\NUM_SETS=s32'00000000000000000000001000000000.$proc$rtl/common/wire_order_book.sv:302$5572'.
  created $dff cell `$procdff$18720' with positive edge clock.
Creating register for signal `$paramod\wire_order_book\NUM_SETS=s32'00000000000000000000001000000000.$memwr$\order_reference_q$rtl/common/wire_order_book.sv:376$5385_ADDR' using process `$paramod\wire_order_book\NUM_SETS=s32'00000000000000000000001000000000.$proc$rtl/common/wire_order_book.sv:302$5572'.
  created $dff cell `$procdff$18721' with positive edge clock.
Creating register for signal `$paramod\wire_order_book\NUM_SETS=s32'00000000000000000000001000000000.$memwr$\order_reference_q$rtl/common/wire_order_book.sv:376$5385_DATA' using process `$paramod\wire_order_book\NUM_SETS=s32'00000000000000000000001000000000.$proc$rtl/common/wire_order_book.sv:302$5572'.
  created $dff cell `$procdff$18722' with positive edge clock.
Creating register for signal `$paramod\wire_order_book\NUM_SETS=s32'00000000000000000000001000000000.$memwr$\order_reference_q$rtl/common/wire_order_book.sv:376$5385_EN' using process `$paramod\wire_order_book\NUM_SETS=s32'00000000000000000000001000000000.$proc$rtl/common/wire_order_book.sv:302$5572'.
  created $dff cell `$procdff$18723' with positive edge clock.
Creating register for signal `$paramod\wire_order_book\NUM_SETS=s32'00000000000000000000001000000000.$memwr$\order_price_q$rtl/common/wire_order_book.sv:377$5386_ADDR' using process `$paramod\wire_order_book\NUM_SETS=s32'00000000000000000000001000000000.$proc$rtl/common/wire_order_book.sv:302$5572'.
  created $dff cell `$procdff$18724' with positive edge clock.
Creating register for signal `$paramod\wire_order_book\NUM_SETS=s32'00000000000000000000001000000000.$memwr$\order_price_q$rtl/common/wire_order_book.sv:377$5386_DATA' using process `$paramod\wire_order_book\NUM_SETS=s32'00000000000000000000001000000000.$proc$rtl/common/wire_order_book.sv:302$5572'.
  created $dff cell `$procdff$18725' with positive edge clock.
Creating register for signal `$paramod\wire_order_book\NUM_SETS=s32'00000000000000000000001000000000.$memwr$\order_price_q$rtl/common/wire_order_book.sv:377$5386_EN' using process `$paramod\wire_order_book\NUM_SETS=s32'00000000000000000000001000000000.$proc$rtl/common/wire_order_book.sv:302$5572'.
  created $dff cell `$procdff$18726' with positive edge clock.
Creating register for signal `$paramod\wire_order_book\NUM_SETS=s32'00000000000000000000001000000000.$memwr$\order_quantity_q$rtl/common/wire_order_book.sv:378$5387_ADDR' using process `$paramod\wire_order_book\NUM_SETS=s32'00000000000000000000001000000000.$proc$rtl/common/wire_order_book.sv:302$5572'.
  created $dff cell `$procdff$18727' with positive edge clock.
Creating register for signal `$paramod\wire_order_book\NUM_SETS=s32'00000000000000000000001000000000.$memwr$\order_quantity_q$rtl/common/wire_order_book.sv:378$5387_DATA' using process `$paramod\wire_order_book\NUM_SETS=s32'00000000000000000000001000000000.$proc$rtl/common/wire_order_book.sv:302$5572'.
  created $dff cell `$procdff$18728' with positive edge clock.
Creating register for signal `$paramod\wire_order_book\NUM_SETS=s32'00000000000000000000001000000000.$memwr$\order_quantity_q$rtl/common/wire_order_book.sv:378$5387_EN' using process `$paramod\wire_order_book\NUM_SETS=s32'00000000000000000000001000000000.$proc$rtl/common/wire_order_book.sv:302$5572'.
  created $dff cell `$procdff$18729' with positive edge clock.
Creating register for signal `$paramod\wire_order_book\NUM_SETS=s32'00000000000000000000001000000000.$memwr$\order_side_q$rtl/common/wire_order_book.sv:379$5388_ADDR' using process `$paramod\wire_order_book\NUM_SETS=s32'00000000000000000000001000000000.$proc$rtl/common/wire_order_book.sv:302$5572'.
  created $dff cell `$procdff$18730' with positive edge clock.
Creating register for signal `$paramod\wire_order_book\NUM_SETS=s32'00000000000000000000001000000000.$memwr$\order_side_q$rtl/common/wire_order_book.sv:379$5388_DATA' using process `$paramod\wire_order_book\NUM_SETS=s32'00000000000000000000001000000000.$proc$rtl/common/wire_order_book.sv:302$5572'.
  created $dff cell `$procdff$18731' with positive edge clock.
Creating register for signal `$paramod\wire_order_book\NUM_SETS=s32'00000000000000000000001000000000.$memwr$\order_side_q$rtl/common/wire_order_book.sv:379$5388_EN' using process `$paramod\wire_order_book\NUM_SETS=s32'00000000000000000000001000000000.$proc$rtl/common/wire_order_book.sv:302$5572'.
  created $dff cell `$procdff$18732' with positive edge clock.
Creating register for signal `$paramod\wire_order_book\NUM_SETS=s32'00000000000000000000001000000000.$memwr$\order_valid_q$rtl/common/wire_order_book.sv:380$5389_ADDR' using process `$paramod\wire_order_book\NUM_SETS=s32'00000000000000000000001000000000.$proc$rtl/common/wire_order_book.sv:302$5572'.
  created $dff cell `$procdff$18733' with positive edge clock.
Creating register for signal `$paramod\wire_order_book\NUM_SETS=s32'00000000000000000000001000000000.$memwr$\order_valid_q$rtl/common/wire_order_book.sv:380$5389_EN' using process `$paramod\wire_order_book\NUM_SETS=s32'00000000000000000000001000000000.$proc$rtl/common/wire_order_book.sv:302$5572'.
  created $dff cell `$procdff$18734' with positive edge clock.
Creating register for signal `\wire_ingress_buffer.\read_ptr_q' using process `\wire_ingress_buffer.$proc$rtl/common/wire_ingress_buffer.sv:37$12'.
  created $dff cell `$procdff$18735' with positive edge clock.
Creating register for signal `\wire_ingress_buffer.\write_ptr_q' using process `\wire_ingress_buffer.$proc$rtl/common/wire_ingress_buffer.sv:37$12'.
  created $dff cell `$procdff$18736' with positive edge clock.
Creating register for signal `\wire_ingress_buffer.\count_q' using process `\wire_ingress_buffer.$proc$rtl/common/wire_ingress_buffer.sv:37$12'.
  created $dff cell `$procdff$18737' with positive edge clock.
Creating register for signal `\wire_ingress_buffer.$memwr$\data_q$rtl/common/wire_ingress_buffer.sv:44$1_ADDR' using process `\wire_ingress_buffer.$proc$rtl/common/wire_ingress_buffer.sv:37$12'.
  created $dff cell `$procdff$18738' with positive edge clock.
Creating register for signal `\wire_ingress_buffer.$memwr$\data_q$rtl/common/wire_ingress_buffer.sv:44$1_DATA' using process `\wire_ingress_buffer.$proc$rtl/common/wire_ingress_buffer.sv:37$12'.
  created $dff cell `$procdff$18739' with positive edge clock.
Creating register for signal `\wire_ingress_buffer.$memwr$\data_q$rtl/common/wire_ingress_buffer.sv:44$1_EN' using process `\wire_ingress_buffer.$proc$rtl/common/wire_ingress_buffer.sv:37$12'.
  created $dff cell `$procdff$18740' with positive edge clock.
Creating register for signal `\wire_ingress_buffer.$memwr$\keep_q$rtl/common/wire_ingress_buffer.sv:45$2_ADDR' using process `\wire_ingress_buffer.$proc$rtl/common/wire_ingress_buffer.sv:37$12'.
  created $dff cell `$procdff$18741' with positive edge clock.
Creating register for signal `\wire_ingress_buffer.$memwr$\keep_q$rtl/common/wire_ingress_buffer.sv:45$2_DATA' using process `\wire_ingress_buffer.$proc$rtl/common/wire_ingress_buffer.sv:37$12'.
  created $dff cell `$procdff$18742' with positive edge clock.
Creating register for signal `\wire_ingress_buffer.$memwr$\keep_q$rtl/common/wire_ingress_buffer.sv:45$2_EN' using process `\wire_ingress_buffer.$proc$rtl/common/wire_ingress_buffer.sv:37$12'.
  created $dff cell `$procdff$18743' with positive edge clock.
Creating register for signal `\wire_ingress_buffer.$memwr$\last_q$rtl/common/wire_ingress_buffer.sv:46$3_ADDR' using process `\wire_ingress_buffer.$proc$rtl/common/wire_ingress_buffer.sv:37$12'.
  created $dff cell `$procdff$18744' with positive edge clock.
Creating register for signal `\wire_ingress_buffer.$memwr$\last_q$rtl/common/wire_ingress_buffer.sv:46$3_DATA' using process `\wire_ingress_buffer.$proc$rtl/common/wire_ingress_buffer.sv:37$12'.
  created $dff cell `$procdff$18745' with positive edge clock.
Creating register for signal `\wire_ingress_buffer.$memwr$\last_q$rtl/common/wire_ingress_buffer.sv:46$3_EN' using process `\wire_ingress_buffer.$proc$rtl/common/wire_ingress_buffer.sv:37$12'.
  created $dff cell `$procdff$18746' with positive edge clock.

13.10. Executing PROC_MEMWR pass (convert process memory writes to cells).

13.11. Executing PROC_CLEAN pass (remove empty switches from decision trees).
Found and cleaned up 8 empty switches in `\wire_arch_a_parser_top.$proc$rtl/arch_a/wire_arch_a_parser_top.sv:136$4329'.
Removing empty process `wire_arch_a_parser_top.$proc$rtl/arch_a/wire_arch_a_parser_top.sv:136$4329'.
Found and cleaned up 1 empty switch in `\wire_itch_decoder.$proc$rtl/arch_a/wire_itch_decoder.sv:112$4297'.
Removing empty process `wire_itch_decoder.$proc$rtl/arch_a/wire_itch_decoder.sv:112$4297'.
Found and cleaned up 1 empty switch in `\wire_itch_decoder.$proc$rtl/arch_a/wire_itch_decoder.sv:112$4292'.
Removing empty process `wire_itch_decoder.$proc$rtl/arch_a/wire_itch_decoder.sv:112$4292'.
Found and cleaned up 43 empty switches in `\wire_itch_decoder.$proc$rtl/arch_a/wire_itch_decoder.sv:137$3988'.
Removing empty process `wire_itch_decoder.$proc$rtl/arch_a/wire_itch_decoder.sv:137$3988'.
Found and cleaned up 26 empty switches in `\wire_mold_message_framer.$proc$rtl/arch_a/wire_mold_message_framer.sv:112$3930'.
Removing empty process `wire_mold_message_framer.$proc$rtl/arch_a/wire_mold_message_framer.sv:112$3930'.
Found and cleaned up 21 empty switches in `\wire_mold_header_seq.$proc$rtl/arch_a/wire_mold_header_seq.sv:111$3869'.
Removing empty process `wire_mold_header_seq.$proc$rtl/arch_a/wire_mold_header_seq.sv:111$3869'.
Found and cleaned up 23 empty switches in `\wire_udp_parser.$proc$rtl/arch_a/wire_udp_parser.sv:66$3801'.
Removing empty process `wire_udp_parser.$proc$rtl/arch_a/wire_udp_parser.sv:66$3801'.
Found and cleaned up 7 empty switches in `\wire_ipv4_parser.$proc$rtl/arch_a/wire_ipv4_parser.sv:102$3737'.
Removing empty process `wire_ipv4_parser.$proc$rtl/arch_a/wire_ipv4_parser.sv:102$3737'.
Found and cleaned up 16 empty switches in `\wire_ipv4_parser.$proc$rtl/arch_a/wire_ipv4_parser.sv:119$3673'.
Removing empty process `wire_ipv4_parser.$proc$rtl/arch_a/wire_ipv4_parser.sv:119$3673'.
Found and cleaned up 12 empty switches in `\wire_eth_parser.$proc$rtl/arch_a/wire_eth_parser.sv:55$3642'.
Removing empty process `wire_eth_parser.$proc$rtl/arch_a/wire_eth_parser.sv:55$3642'.
Found and cleaned up 5 empty switches in `\wire_gearbox_64to8.$proc$rtl/arch_a/wire_gearbox_64to8.sv:49$3617'.
Removing empty process `wire_gearbox_64to8.$proc$rtl/arch_a/wire_gearbox_64to8.sv:49$3617'.
Found and cleaned up 1 empty switch in `$paramod\wire_order_book\NUM_SETS=s32'00000000000000000000001000000000.$proc$rtl/common/wire_order_book.sv:143$7824'.
Removing empty process `$paramod\wire_order_book\NUM_SETS=s32'00000000000000000000001000000000.$proc$rtl/common/wire_order_book.sv:143$7824'.
Found and cleaned up 12 empty switches in `$paramod\wire_order_book\NUM_SETS=s32'00000000000000000000001000000000.$proc$rtl/common/wire_order_book.sv:302$5572'.
Removing empty process `$paramod\wire_order_book\NUM_SETS=s32'00000000000000000000001000000000.$proc$rtl/common/wire_order_book.sv:302$5572'.
Found and cleaned up 25 empty switches in `$paramod\wire_order_book\NUM_SETS=s32'00000000000000000000001000000000.$proc$rtl/common/wire_order_book.sv:164$5400'.
Removing empty process `$paramod\wire_order_book\NUM_SETS=s32'00000000000000000000001000000000.$proc$rtl/common/wire_order_book.sv:164$5400'.
Found and cleaned up 4 empty switches in `\wire_ingress_buffer.$proc$rtl/common/wire_ingress_buffer.sv:37$12'.
Removing empty process `wire_ingress_buffer.$proc$rtl/common/wire_ingress_buffer.sv:37$12'.
Cleaned up 205 empty switches.

13.12. Executing OPT_EXPR pass (perform const folding).
Optimizing module wire_arch_a_parser_book_top.
Optimizing module wire_arch_a_parser_top.
Optimizing module wire_itch_decoder.
<suppressed ~49 debug messages>
Optimizing module wire_mold_message_framer.
<suppressed ~3 debug messages>
Optimizing module wire_mold_header_seq.
<suppressed ~20 debug messages>
Optimizing module wire_udp_parser.
<suppressed ~17 debug messages>
Optimizing module wire_ipv4_parser.
<suppressed ~26 debug messages>
Optimizing module wire_eth_parser.
<suppressed ~6 debug messages>
Optimizing module wire_gearbox_64to8.
Optimizing module $paramod\wire_order_book\NUM_SETS=s32'00000000000000000000001000000000.
<suppressed ~299 debug messages>
Optimizing module wire_ingress_buffer.
<suppressed ~1 debug messages>

14. Executing OPT pass (performing simple optimizations).

14.1. Executing OPT_EXPR pass (perform const folding).
Optimizing module wire_arch_a_parser_book_top.
Optimizing module wire_arch_a_parser_top.
Optimizing module wire_itch_decoder.
Optimizing module wire_mold_message_framer.
Optimizing module wire_mold_header_seq.
<suppressed ~2 debug messages>
Optimizing module wire_udp_parser.
<suppressed ~2 debug messages>
Optimizing module wire_ipv4_parser.
<suppressed ~2 debug messages>
Optimizing module wire_eth_parser.
Optimizing module wire_gearbox_64to8.
<suppressed ~3 debug messages>
Optimizing module $paramod\wire_order_book\NUM_SETS=s32'00000000000000000000001000000000.
<suppressed ~25 debug messages>
Optimizing module wire_ingress_buffer.

14.2. Executing OPT_MERGE pass (detect identical cells).
Finding identical cells in module `\wire_arch_a_parser_book_top'.
Computing hashes of 2 cells of `\wire_arch_a_parser_book_top'.
Finding duplicate cells in `\wire_arch_a_parser_book_top'.
Finding identical cells in module `\wire_arch_a_parser_top'.
Computing hashes of 66 cells of `\wire_arch_a_parser_top'.
Finding duplicate cells in `\wire_arch_a_parser_top'.
Computing hashes of 53 cells of `\wire_arch_a_parser_top'.
Finding duplicate cells in `\wire_arch_a_parser_top'.
Computing hashes of 52 cells of `\wire_arch_a_parser_top'.
Finding duplicate cells in `\wire_arch_a_parser_top'.
Computing hashes of 51 cells of `\wire_arch_a_parser_top'.
Finding duplicate cells in `\wire_arch_a_parser_top'.
<suppressed ~45 debug messages>
Finding identical cells in module `\wire_itch_decoder'.
Computing hashes of 1054 cells of `\wire_itch_decoder'.
Finding duplicate cells in `\wire_itch_decoder'.
Computing hashes of 753 cells of `\wire_itch_decoder'.
Finding duplicate cells in `\wire_itch_decoder'.
Computing hashes of 750 cells of `\wire_itch_decoder'.
Finding duplicate cells in `\wire_itch_decoder'.
<suppressed ~912 debug messages>
Finding identical cells in module `\wire_mold_message_framer'.
Computing hashes of 212 cells of `\wire_mold_message_framer'.
Finding duplicate cells in `\wire_mold_message_framer'.
Computing hashes of 177 cells of `\wire_mold_message_framer'.
Finding duplicate cells in `\wire_mold_message_framer'.
<suppressed ~105 debug messages>
Finding identical cells in module `\wire_mold_header_seq'.
Computing hashes of 268 cells of `\wire_mold_header_seq'.
Finding duplicate cells in `\wire_mold_header_seq'.
Computing hashes of 241 cells of `\wire_mold_header_seq'.
Finding duplicate cells in `\wire_mold_header_seq'.
<suppressed ~81 debug messages>
Finding identical cells in module `\wire_udp_parser'.
Computing hashes of 250 cells of `\wire_udp_parser'.
Finding duplicate cells in `\wire_udp_parser'.
Computing hashes of 216 cells of `\wire_udp_parser'.
Finding duplicate cells in `\wire_udp_parser'.
<suppressed ~102 debug messages>
Finding identical cells in module `\wire_ipv4_parser'.
Computing hashes of 305 cells of `\wire_ipv4_parser'.
Finding duplicate cells in `\wire_ipv4_parser'.
Computing hashes of 272 cells of `\wire_ipv4_parser'.
Finding duplicate cells in `\wire_ipv4_parser'.
<suppressed ~99 debug messages>
Finding identical cells in module `\wire_eth_parser'.
Computing hashes of 102 cells of `\wire_eth_parser'.
Finding duplicate cells in `\wire_eth_parser'.
Computing hashes of 85 cells of `\wire_eth_parser'.
Finding duplicate cells in `\wire_eth_parser'.
<suppressed ~51 debug messages>
Finding identical cells in module `\wire_gearbox_64to8'.
Computing hashes of 54 cells of `\wire_gearbox_64to8'.
Finding duplicate cells in `\wire_gearbox_64to8'.
Computing hashes of 53 cells of `\wire_gearbox_64to8'.
Finding duplicate cells in `\wire_gearbox_64to8'.
<suppressed ~3 debug messages>
Finding identical cells in module `$paramod\wire_order_book\NUM_SETS=s32'00000000000000000000001000000000'.
Computing hashes of 4285 cells of `$paramod\wire_order_book\NUM_SETS=s32'00000000000000000000001000000000'.
Finding duplicate cells in `$paramod\wire_order_book\NUM_SETS=s32'00000000000000000000001000000000'.
Computing hashes of 4052 cells of `$paramod\wire_order_book\NUM_SETS=s32'00000000000000000000001000000000'.
Finding duplicate cells in `$paramod\wire_order_book\NUM_SETS=s32'00000000000000000000001000000000'.
Computing hashes of 4021 cells of `$paramod\wire_order_book\NUM_SETS=s32'00000000000000000000001000000000'.
Finding duplicate cells in `$paramod\wire_order_book\NUM_SETS=s32'00000000000000000000001000000000'.
Computing hashes of 4017 cells of `$paramod\wire_order_book\NUM_SETS=s32'00000000000000000000001000000000'.
Finding duplicate cells in `$paramod\wire_order_book\NUM_SETS=s32'00000000000000000000001000000000'.
Computing hashes of 4015 cells of `$paramod\wire_order_book\NUM_SETS=s32'00000000000000000000001000000000'.
Finding duplicate cells in `$paramod\wire_order_book\NUM_SETS=s32'00000000000000000000001000000000'.
<suppressed ~810 debug messages>
Finding identical cells in module `\wire_ingress_buffer'.
Computing hashes of 62 cells of `\wire_ingress_buffer'.
Finding duplicate cells in `\wire_ingress_buffer'.
Removed a total of 736 cells.

14.3. Executing OPT_MUXTREE pass (detect dead branches in mux trees).
Running muxtree optimizer on module \wire_arch_a_parser_book_top..
  Creating internal representation of mux trees.
  No muxes found in this module.
Running muxtree optimizer on module \wire_arch_a_parser_top..
  Creating internal representation of mux trees.
  Evaluating internal representation of mux trees.
  Analyzing evaluation results.
Running muxtree optimizer on module \wire_itch_decoder..
  Creating internal representation of mux trees.
  Evaluating internal representation of mux trees.
      Replacing known input bits on port B of cell $procmux$9981: \recovery_required -> 1'1
      Replacing known input bits on port B of cell $procmux$9976: \recovery_required -> 1'1
      Replacing known input bits on port B of cell $procmux$10054: \recovery_required -> 1'1
      Replacing known input bits on port B of cell $procmux$10033: \recovery_required -> 1'1
      Replacing known input bits on port B of cell $procmux$9996: \recovery_required -> 1'1
      Replacing known input bits on port B of cell $procmux$10002: \recovery_required -> 1'1
      Replacing known input bits on port B of cell $procmux$10007: \recovery_required -> 1'1
      Replacing known input bits on port B of cell $procmux$10012: \recovery_required -> 1'1
      Replacing known input bits on port B of cell $procmux$10017: \recovery_required -> 1'1
      Replacing known input bits on port B of cell $procmux$10022: \recovery_required -> 1'1
      Replacing known input bits on port B of cell $procmux$10027: \recovery_required -> 1'1
  Analyzing evaluation results.
    dead port 1/2 on $mux $procmux$9304.
    dead port 2/2 on $mux $procmux$9304.
    dead port 1/2 on $mux $procmux$9301.
    dead port 2/2 on $mux $procmux$9301.
    dead port 1/2 on $mux $procmux$9298.
    dead port 2/2 on $mux $procmux$9298.
    dead port 1/2 on $mux $procmux$9295.
    dead port 2/2 on $mux $procmux$9295.
    dead port 1/2 on $mux $procmux$9292.
    dead port 2/2 on $mux $procmux$9292.
    dead port 1/2 on $mux $procmux$9289.
    dead port 2/2 on $mux $procmux$9289.
    dead port 1/2 on $mux $procmux$9286.
    dead port 2/2 on $mux $procmux$9286.
    dead port 1/2 on $mux $procmux$9283.
    dead port 2/2 on $mux $procmux$9283.
    dead port 1/2 on $mux $procmux$9280.
    dead port 2/2 on $mux $procmux$9280.
    dead port 1/2 on $mux $procmux$9277.
    dead port 2/2 on $mux $procmux$9277.
    dead port 1/2 on $mux $procmux$9274.
    dead port 2/2 on $mux $procmux$9274.
    dead port 1/2 on $mux $procmux$9271.
    dead port 2/2 on $mux $procmux$9271.
    dead port 1/2 on $mux $procmux$9268.
    dead port 2/2 on $mux $procmux$9268.
    dead port 1/2 on $mux $procmux$9265.
    dead port 2/2 on $mux $procmux$9265.
    dead port 1/2 on $mux $procmux$9262.
    dead port 2/2 on $mux $procmux$9262.
    dead port 1/2 on $mux $procmux$9259.
    dead port 2/2 on $mux $procmux$9259.
    dead port 1/2 on $mux $procmux$9256.
    dead port 2/2 on $mux $procmux$9256.
    dead port 1/2 on $mux $procmux$9244.
    dead port 2/2 on $mux $procmux$9244.
    dead port 1/2 on $mux $procmux$9241.
    dead port 2/2 on $mux $procmux$9241.
    dead port 1/2 on $mux $procmux$9235.
    dead port 2/2 on $mux $procmux$9235.
    dead port 1/2 on $mux $procmux$9232.
    dead port 2/2 on $mux $procmux$9232.
    dead port 1/2 on $mux $procmux$9226.
    dead port 2/2 on $mux $procmux$9226.
    dead port 1/2 on $mux $procmux$9223.
    dead port 2/2 on $mux $procmux$9223.
    dead port 1/2 on $mux $procmux$9217.
    dead port 2/2 on $mux $procmux$9217.
    dead port 1/2 on $mux $procmux$9214.
    dead port 2/2 on $mux $procmux$9214.
    dead port 1/2 on $mux $procmux$9208.
    dead port 2/2 on $mux $procmux$9208.
    dead port 1/2 on $mux $procmux$9205.
    dead port 2/2 on $mux $procmux$9205.
    dead port 1/2 on $mux $procmux$9199.
    dead port 2/2 on $mux $procmux$9199.
    dead port 1/2 on $mux $procmux$9196.
    dead port 2/2 on $mux $procmux$9196.
    dead port 1/2 on $mux $procmux$9190.
    dead port 2/2 on $mux $procmux$9190.
    dead port 1/2 on $mux $procmux$9187.
    dead port 2/2 on $mux $procmux$9187.
    dead port 1/2 on $mux $procmux$9181.
    dead port 2/2 on $mux $procmux$9181.
    dead port 1/2 on $mux $procmux$9178.
    dead port 2/2 on $mux $procmux$9178.
    dead port 1/2 on $mux $procmux$9172.
    dead port 2/2 on $mux $procmux$9172.
    dead port 1/2 on $mux $procmux$9169.
    dead port 2/2 on $mux $procmux$9169.
    dead port 1/2 on $mux $procmux$9163.
    dead port 2/2 on $mux $procmux$9163.
    dead port 1/2 on $mux $procmux$9160.
    dead port 2/2 on $mux $procmux$9160.
    dead port 1/2 on $mux $procmux$9154.
    dead port 2/2 on $mux $procmux$9154.
    dead port 1/2 on $mux $procmux$9151.
    dead port 2/2 on $mux $procmux$9151.
    dead port 1/2 on $mux $procmux$9145.
    dead port 2/2 on $mux $procmux$9145.
    dead port 1/2 on $mux $procmux$9142.
    dead port 2/2 on $mux $procmux$9142.
    dead port 1/2 on $mux $procmux$9136.
    dead port 2/2 on $mux $procmux$9136.
    dead port 1/2 on $mux $procmux$9133.
    dead port 2/2 on $mux $procmux$9133.
    dead port 1/2 on $mux $procmux$9127.
    dead port 2/2 on $mux $procmux$9127.
    dead port 1/2 on $mux $procmux$9124.
    dead port 2/2 on $mux $procmux$9124.
    dead port 1/2 on $mux $procmux$9118.
    dead port 2/2 on $mux $procmux$9118.
    dead port 1/2 on $mux $procmux$9115.
    dead port 2/2 on $mux $procmux$9115.
    dead port 1/2 on $mux $procmux$9109.
    dead port 2/2 on $mux $procmux$9109.
    dead port 1/2 on $mux $procmux$9106.
    dead port 2/2 on $mux $procmux$9106.
    dead port 1/2 on $mux $procmux$9100.
    dead port 2/2 on $mux $procmux$9100.
    dead port 1/2 on $mux $procmux$9097.
    dead port 2/2 on $mux $procmux$9097.
    dead port 1/2 on $mux $procmux$9091.
    dead port 1/2 on $mux $procmux$9081.
    dead port 1/2 on $mux $procmux$9071.
    dead port 1/2 on $mux $procmux$9061.
    dead port 2/2 on $mux $procmux$9058.
    dead port 1/2 on $mux $procmux$9048.
    dead port 2/2 on $mux $procmux$9045.
    dead port 1/2 on $mux $procmux$9035.
    dead port 2/2 on $mux $procmux$9032.
    dead port 1/2 on $mux $procmux$9022.
    dead port 2/2 on $mux $procmux$9019.
    dead port 2/2 on $mux $procmux$9017.
    dead port 1/2 on $mux $procmux$9006.
    dead port 2/2 on $mux $procmux$9003.
    dead port 2/2 on $mux $procmux$9001.
    dead port 1/2 on $mux $procmux$8990.
    dead port 2/2 on $mux $procmux$8987.
    dead port 2/2 on $mux $procmux$8985.
    dead port 1/2 on $mux $procmux$8974.
    dead port 2/2 on $mux $procmux$8974.
    dead port 1/2 on $mux $procmux$8971.
    dead port 2/2 on $mux $procmux$8971.
    dead port 1/2 on $mux $procmux$8969.
    dead port 2/2 on $mux $procmux$8969.
    dead port 1/2 on $mux $procmux$8962.
    dead port 2/2 on $mux $procmux$8962.
    dead port 1/2 on $mux $procmux$8959.
    dead port 2/2 on $mux $procmux$8959.
    dead port 1/2 on $mux $procmux$8957.
    dead port 2/2 on $mux $procmux$8957.
    dead port 1/2 on $mux $procmux$8950.
    dead port 2/2 on $mux $procmux$8950.
    dead port 1/2 on $mux $procmux$8947.
    dead port 2/2 on $mux $procmux$8947.
    dead port 1/2 on $mux $procmux$8945.
    dead port 2/2 on $mux $procmux$8945.
    dead port 1/2 on $mux $procmux$8938.
    dead port 2/2 on $mux $procmux$8938.
    dead port 1/2 on $mux $procmux$8935.
    dead port 2/2 on $mux $procmux$8935.
    dead port 1/2 on $mux $procmux$8933.
    dead port 2/2 on $mux $procmux$8933.
    dead port 1/2 on $mux $procmux$8926.
    dead port 2/2 on $mux $procmux$8926.
    dead port 1/2 on $mux $procmux$8923.
    dead port 2/2 on $mux $procmux$8923.
    dead port 1/2 on $mux $procmux$8921.
    dead port 2/2 on $mux $procmux$8921.
    dead port 1/2 on $mux $procmux$8914.
    dead port 2/2 on $mux $procmux$8914.
    dead port 1/2 on $mux $procmux$8911.
    dead port 2/2 on $mux $procmux$8911.
    dead port 1/2 on $mux $procmux$8909.
    dead port 2/2 on $mux $procmux$8909.
    dead port 1/2 on $mux $procmux$8902.
    dead port 2/2 on $mux $procmux$8902.
    dead port 1/2 on $mux $procmux$8899.
    dead port 2/2 on $mux $procmux$8899.
    dead port 1/2 on $mux $procmux$8897.
    dead port 2/2 on $mux $procmux$8897.
    dead port 1/2 on $mux $procmux$8890.
    dead port 2/2 on $mux $procmux$8890.
    dead port 1/2 on $mux $procmux$8887.
    dead port 2/2 on $mux $procmux$8887.
    dead port 1/2 on $mux $procmux$8885.
    dead port 2/2 on $mux $procmux$8885.
    dead port 1/2 on $mux $procmux$8878.
    dead port 2/2 on $mux $procmux$8878.
    dead port 1/2 on $mux $procmux$8875.
    dead port 2/2 on $mux $procmux$8875.
    dead port 1/2 on $mux $procmux$8873.
    dead port 2/2 on $mux $procmux$8873.
    dead port 1/2 on $mux $procmux$8866.
    dead port 2/2 on $mux $procmux$8866.
    dead port 1/2 on $mux $procmux$8863.
    dead port 2/2 on $mux $procmux$8863.
    dead port 1/2 on $mux $procmux$8861.
    dead port 2/2 on $mux $procmux$8861.
    dead port 1/2 on $mux $procmux$8854.
    dead port 2/2 on $mux $procmux$8854.
    dead port 1/2 on $mux $procmux$8851.
    dead port 2/2 on $mux $procmux$8851.
    dead port 1/2 on $mux $procmux$8849.
    dead port 2/2 on $mux $procmux$8849.
    dead port 1/2 on $mux $procmux$8842.
    dead port 2/2 on $mux $procmux$8842.
    dead port 1/2 on $mux $procmux$8839.
    dead port 2/2 on $mux $procmux$8839.
    dead port 1/2 on $mux $procmux$8837.
    dead port 2/2 on $mux $procmux$8837.
    dead port 1/2 on $mux $procmux$8830.
    dead port 2/2 on $mux $procmux$8830.
    dead port 1/2 on $mux $procmux$8827.
    dead port 2/2 on $mux $procmux$8827.
    dead port 1/2 on $mux $procmux$8825.
    dead port 2/2 on $mux $procmux$8825.
    dead port 1/2 on $mux $procmux$8818.
    dead port 2/2 on $mux $procmux$8818.
    dead port 1/2 on $mux $procmux$8815.
    dead port 2/2 on $mux $procmux$8815.
    dead port 1/2 on $mux $procmux$8813.
    dead port 2/2 on $mux $procmux$8813.
    dead port 1/2 on $mux $procmux$8806.
    dead port 2/2 on $mux $procmux$8806.
    dead port 1/2 on $mux $procmux$8803.
    dead port 2/2 on $mux $procmux$8803.
    dead port 1/2 on $mux $procmux$8801.
    dead port 2/2 on $mux $procmux$8801.
    dead port 1/2 on $mux $procmux$8794.
    dead port 2/2 on $mux $procmux$8794.
    dead port 1/2 on $mux $procmux$8791.
    dead port 2/2 on $mux $procmux$8791.
    dead port 1/2 on $mux $procmux$8789.
    dead port 2/2 on $mux $procmux$8789.
    dead port 1/2 on $mux $procmux$8786.
    dead port 2/2 on $mux $procmux$8786.
    dead port 1/2 on $mux $procmux$8779.
    dead port 2/2 on $mux $procmux$8779.
    dead port 1/2 on $mux $procmux$8776.
    dead port 2/2 on $mux $procmux$8776.
    dead port 1/2 on $mux $procmux$8774.
    dead port 2/2 on $mux $procmux$8774.
    dead port 1/2 on $mux $procmux$8771.
    dead port 2/2 on $mux $procmux$8771.
    dead port 1/2 on $mux $procmux$8764.
    dead port 2/2 on $mux $procmux$8764.
    dead port 1/2 on $mux $procmux$8761.
    dead port 2/2 on $mux $procmux$8761.
    dead port 1/2 on $mux $procmux$8759.
    dead port 2/2 on $mux $procmux$8759.
    dead port 1/2 on $mux $procmux$8756.
    dead port 2/2 on $mux $procmux$8756.
    dead port 1/2 on $mux $procmux$8749.
    dead port 2/2 on $mux $procmux$8749.
    dead port 1/2 on $mux $procmux$8746.
    dead port 2/2 on $mux $procmux$8746.
    dead port 1/2 on $mux $procmux$8744.
    dead port 2/2 on $mux $procmux$8744.
    dead port 1/2 on $mux $procmux$8741.
    dead port 2/2 on $mux $procmux$8741.
    dead port 1/2 on $mux $procmux$8734.
    dead port 2/2 on $mux $procmux$8734.
    dead port 1/2 on $mux $procmux$8731.
    dead port 2/2 on $mux $procmux$8731.
    dead port 1/2 on $mux $procmux$8729.
    dead port 2/2 on $mux $procmux$8729.
    dead port 1/2 on $mux $procmux$8726.
    dead port 2/2 on $mux $procmux$8726.
    dead port 1/2 on $mux $procmux$8719.
    dead port 2/2 on $mux $procmux$8719.
    dead port 1/2 on $mux $procmux$8716.
    dead port 2/2 on $mux $procmux$8716.
    dead port 1/2 on $mux $procmux$8714.
    dead port 2/2 on $mux $procmux$8714.
    dead port 1/2 on $mux $procmux$8711.
    dead port 2/2 on $mux $procmux$8711.
    dead port 1/2 on $mux $procmux$8704.
    dead port 2/2 on $mux $procmux$8704.
    dead port 1/2 on $mux $procmux$8701.
    dead port 2/2 on $mux $procmux$8701.
    dead port 1/2 on $mux $procmux$8699.
    dead port 2/2 on $mux $procmux$8699.
    dead port 1/2 on $mux $procmux$8696.
    dead port 2/2 on $mux $procmux$8696.
    dead port 1/2 on $mux $procmux$8689.
    dead port 2/2 on $mux $procmux$8689.
    dead port 1/2 on $mux $procmux$8686.
    dead port 2/2 on $mux $procmux$8686.
    dead port 1/2 on $mux $procmux$8684.
    dead port 2/2 on $mux $procmux$8684.
    dead port 1/2 on $mux $procmux$8681.
    dead port 2/2 on $mux $procmux$8681.
    dead port 1/2 on $mux $procmux$8674.
    dead port 2/2 on $mux $procmux$8674.
    dead port 1/2 on $mux $procmux$8671.
    dead port 2/2 on $mux $procmux$8671.
    dead port 1/2 on $mux $procmux$8669.
    dead port 2/2 on $mux $procmux$8669.
    dead port 1/2 on $mux $procmux$8666.
    dead port 2/2 on $mux $procmux$8666.
    dead port 1/2 on $mux $procmux$8659.
    dead port 2/2 on $mux $procmux$8659.
    dead port 1/2 on $mux $procmux$8656.
    dead port 2/2 on $mux $procmux$8656.
    dead port 1/2 on $mux $procmux$8654.
    dead port 2/2 on $mux $procmux$8654.
    dead port 1/2 on $mux $procmux$8651.
    dead port 2/2 on $mux $procmux$8651.
    dead port 1/2 on $mux $procmux$8644.
    dead port 2/2 on $mux $procmux$8644.
    dead port 1/2 on $mux $procmux$8641.
    dead port 2/2 on $mux $procmux$8641.
    dead port 1/2 on $mux $procmux$8639.
    dead port 2/2 on $mux $procmux$8639.
    dead port 1/2 on $mux $procmux$8636.
    dead port 2/2 on $mux $procmux$8636.
    dead port 1/2 on $mux $procmux$8629.
    dead port 2/2 on $mux $procmux$8629.
    dead port 1/2 on $mux $procmux$8626.
    dead port 2/2 on $mux $procmux$8626.
    dead port 1/2 on $mux $procmux$8624.
    dead port 2/2 on $mux $procmux$8624.
    dead port 1/2 on $mux $procmux$8621.
    dead port 2/2 on $mux $procmux$8621.
    dead port 1/2 on $mux $procmux$8614.
    dead port 2/2 on $mux $procmux$8614.
    dead port 1/2 on $mux $procmux$8611.
    dead port 2/2 on $mux $procmux$8611.
    dead port 1/2 on $mux $procmux$8609.
    dead port 2/2 on $mux $procmux$8609.
    dead port 1/2 on $mux $procmux$8606.
    dead port 2/2 on $mux $procmux$8606.
    dead port 1/2 on $mux $procmux$8599.
    dead port 2/2 on $mux $procmux$8599.
    dead port 1/2 on $mux $procmux$8596.
    dead port 2/2 on $mux $procmux$8596.
    dead port 1/2 on $mux $procmux$8594.
    dead port 2/2 on $mux $procmux$8594.
    dead port 1/2 on $mux $procmux$8591.
    dead port 2/2 on $mux $procmux$8591.
    dead port 1/2 on $mux $procmux$8584.
    dead port 2/2 on $mux $procmux$8584.
    dead port 1/2 on $mux $procmux$8581.
    dead port 2/2 on $mux $procmux$8581.
    dead port 1/2 on $mux $procmux$8579.
    dead port 2/2 on $mux $procmux$8579.
    dead port 1/2 on $mux $procmux$8576.
    dead port 2/2 on $mux $procmux$8576.
    dead port 1/2 on $mux $procmux$8573.
    dead port 2/2 on $mux $procmux$8573.
    dead port 1/2 on $mux $procmux$8566.
    dead port 2/2 on $mux $procmux$8566.
    dead port 1/2 on $mux $procmux$8563.
    dead port 2/2 on $mux $procmux$8563.
    dead port 1/2 on $mux $procmux$8561.
    dead port 2/2 on $mux $procmux$8561.
    dead port 1/2 on $mux $procmux$8558.
    dead port 2/2 on $mux $procmux$8558.
    dead port 1/2 on $mux $procmux$8555.
    dead port 2/2 on $mux $procmux$8555.
    dead port 1/2 on $mux $procmux$8548.
    dead port 2/2 on $mux $procmux$8548.
    dead port 1/2 on $mux $procmux$8545.
    dead port 2/2 on $mux $procmux$8545.
    dead port 1/2 on $mux $procmux$8543.
    dead port 2/2 on $mux $procmux$8543.
    dead port 1/2 on $mux $procmux$8540.
    dead port 2/2 on $mux $procmux$8540.
    dead port 1/2 on $mux $procmux$8537.
    dead port 2/2 on $mux $procmux$8537.
    dead port 1/2 on $mux $procmux$8530.
    dead port 2/2 on $mux $procmux$8530.
    dead port 1/2 on $mux $procmux$8527.
    dead port 2/2 on $mux $procmux$8527.
    dead port 1/2 on $mux $procmux$8525.
    dead port 2/2 on $mux $procmux$8525.
    dead port 1/2 on $mux $procmux$8522.
    dead port 2/2 on $mux $procmux$8522.
    dead port 1/2 on $mux $procmux$8519.
    dead port 2/2 on $mux $procmux$8519.
    dead port 1/2 on $mux $procmux$8512.
    dead port 2/2 on $mux $procmux$8512.
    dead port 1/2 on $mux $procmux$8509.
    dead port 2/2 on $mux $procmux$8509.
    dead port 1/2 on $mux $procmux$8507.
    dead port 2/2 on $mux $procmux$8507.
    dead port 1/2 on $mux $procmux$8504.
    dead port 2/2 on $mux $procmux$8504.
    dead port 1/2 on $mux $procmux$8501.
    dead port 2/2 on $mux $procmux$8501.
    dead port 1/2 on $mux $procmux$8494.
    dead port 2/2 on $mux $procmux$8494.
    dead port 1/2 on $mux $procmux$8491.
    dead port 2/2 on $mux $procmux$8491.
    dead port 1/2 on $mux $procmux$8489.
    dead port 2/2 on $mux $procmux$8489.
    dead port 1/2 on $mux $procmux$8486.
    dead port 2/2 on $mux $procmux$8486.
    dead port 1/2 on $mux $procmux$8483.
    dead port 2/2 on $mux $procmux$8483.
    dead port 1/2 on $mux $procmux$8476.
    dead port 2/2 on $mux $procmux$8476.
    dead port 1/2 on $mux $procmux$8473.
    dead port 2/2 on $mux $procmux$8473.
    dead port 1/2 on $mux $procmux$8471.
    dead port 2/2 on $mux $procmux$8471.
    dead port 1/2 on $mux $procmux$8468.
    dead port 2/2 on $mux $procmux$8468.
    dead port 1/2 on $mux $procmux$8465.
    dead port 2/2 on $mux $procmux$8465.
    dead port 1/2 on $mux $procmux$8458.
    dead port 2/2 on $mux $procmux$8458.
    dead port 1/2 on $mux $procmux$8455.
    dead port 2/2 on $mux $procmux$8455.
    dead port 1/2 on $mux $procmux$8453.
    dead port 2/2 on $mux $procmux$8453.
    dead port 1/2 on $mux $procmux$8450.
    dead port 2/2 on $mux $procmux$8450.
    dead port 1/2 on $mux $procmux$8447.
    dead port 2/2 on $mux $procmux$8447.
    dead port 1/2 on $mux $procmux$8440.
    dead port 2/2 on $mux $procmux$8440.
    dead port 1/2 on $mux $procmux$8437.
    dead port 2/2 on $mux $procmux$8437.
    dead port 1/2 on $mux $procmux$8435.
    dead port 2/2 on $mux $procmux$8435.
    dead port 1/2 on $mux $procmux$8432.
    dead port 2/2 on $mux $procmux$8432.
    dead port 1/2 on $mux $procmux$8429.
    dead port 2/2 on $mux $procmux$8429.
    dead port 1/2 on $mux $procmux$8422.
    dead port 2/2 on $mux $procmux$8422.
    dead port 1/2 on $mux $procmux$8419.
    dead port 2/2 on $mux $procmux$8419.
    dead port 1/2 on $mux $procmux$8417.
    dead port 2/2 on $mux $procmux$8417.
    dead port 1/2 on $mux $procmux$8414.
    dead port 2/2 on $mux $procmux$8414.
    dead port 1/2 on $mux $procmux$8411.
    dead port 2/2 on $mux $procmux$8411.
    dead port 1/2 on $mux $procmux$8404.
    dead port 2/2 on $mux $procmux$8404.
    dead port 1/2 on $mux $procmux$8401.
    dead port 2/2 on $mux $procmux$8401.
    dead port 1/2 on $mux $procmux$8399.
    dead port 2/2 on $mux $procmux$8399.
    dead port 1/2 on $mux $procmux$8396.
    dead port 2/2 on $mux $procmux$8396.
    dead port 1/2 on $mux $procmux$8393.
    dead port 2/2 on $mux $procmux$8393.
    dead port 1/2 on $mux $procmux$8386.
    dead port 2/2 on $mux $procmux$8386.
    dead port 1/2 on $mux $procmux$8383.
    dead port 2/2 on $mux $procmux$8383.
    dead port 1/2 on $mux $procmux$8381.
    dead port 2/2 on $mux $procmux$8381.
    dead port 1/2 on $mux $procmux$8378.
    dead port 2/2 on $mux $procmux$8378.
    dead port 1/2 on $mux $procmux$8375.
    dead port 2/2 on $mux $procmux$8375.
    dead port 1/2 on $mux $procmux$8368.
    dead port 2/2 on $mux $procmux$8368.
    dead port 1/2 on $mux $procmux$8365.
    dead port 2/2 on $mux $procmux$8365.
    dead port 1/2 on $mux $procmux$8363.
    dead port 2/2 on $mux $procmux$8363.
    dead port 1/2 on $mux $procmux$8360.
    dead port 2/2 on $mux $procmux$8360.
    dead port 1/2 on $mux $procmux$8357.
    dead port 2/2 on $mux $procmux$8357.
    dead port 1/2 on $mux $procmux$8350.
    dead port 2/2 on $mux $procmux$8350.
    dead port 1/2 on $mux $procmux$8347.
    dead port 2/2 on $mux $procmux$8347.
    dead port 1/2 on $mux $procmux$8345.
    dead port 2/2 on $mux $procmux$8345.
    dead port 1/2 on $mux $procmux$8342.
    dead port 2/2 on $mux $procmux$8342.
    dead port 1/2 on $mux $procmux$8339.
    dead port 2/2 on $mux $procmux$8339.
    dead port 1/2 on $mux $procmux$8332.
    dead port 2/2 on $mux $procmux$8332.
    dead port 1/2 on $mux $procmux$8329.
    dead port 2/2 on $mux $procmux$8329.
    dead port 1/2 on $mux $procmux$8327.
    dead port 2/2 on $mux $procmux$8327.
    dead port 1/2 on $mux $procmux$8324.
    dead port 2/2 on $mux $procmux$8324.
    dead port 1/2 on $mux $procmux$8321.
    dead port 2/2 on $mux $procmux$8321.
    dead port 1/2 on $mux $procmux$8319.
    dead port 2/2 on $mux $procmux$8319.
    dead port 1/2 on $mux $procmux$8311.
    dead port 2/2 on $mux $procmux$8311.
    dead port 1/2 on $mux $procmux$8308.
    dead port 2/2 on $mux $procmux$8308.
    dead port 1/2 on $mux $procmux$8306.
    dead port 2/2 on $mux $procmux$8306.
    dead port 1/2 on $mux $procmux$8303.
    dead port 2/2 on $mux $procmux$8303.
    dead port 1/2 on $mux $procmux$8300.
    dead port 2/2 on $mux $procmux$8300.
    dead port 1/2 on $mux $procmux$8298.
    dead port 2/2 on $mux $procmux$8298.
    dead port 1/2 on $mux $procmux$8290.
    dead port 2/2 on $mux $procmux$8290.
    dead port 1/2 on $mux $procmux$8287.
    dead port 2/2 on $mux $procmux$8287.
    dead port 1/2 on $mux $procmux$8285.
    dead port 2/2 on $mux $procmux$8285.
    dead port 1/2 on $mux $procmux$8282.
    dead port 2/2 on $mux $procmux$8282.
    dead port 1/2 on $mux $procmux$8279.
    dead port 2/2 on $mux $procmux$8279.
    dead port 1/2 on $mux $procmux$8277.
    dead port 2/2 on $mux $procmux$8277.
    dead port 1/2 on $mux $procmux$8269.
    dead port 2/2 on $mux $procmux$8269.
    dead port 1/2 on $mux $procmux$8266.
    dead port 2/2 on $mux $procmux$8266.
    dead port 1/2 on $mux $procmux$8264.
    dead port 2/2 on $mux $procmux$8264.
    dead port 1/2 on $mux $procmux$8261.
    dead port 2/2 on $mux $procmux$8261.
    dead port 1/2 on $mux $procmux$8258.
    dead port 2/2 on $mux $procmux$8258.
    dead port 1/2 on $mux $procmux$8256.
    dead port 2/2 on $mux $procmux$8256.
    dead port 1/2 on $mux $procmux$8253.
    dead port 2/2 on $mux $procmux$8253.
    dead port 1/2 on $mux $procmux$8245.
    dead port 2/2 on $mux $procmux$8245.
    dead port 1/2 on $mux $procmux$8242.
    dead port 2/2 on $mux $procmux$8242.
    dead port 1/2 on $mux $procmux$8240.
    dead port 2/2 on $mux $procmux$8240.
    dead port 1/2 on $mux $procmux$8237.
    dead port 2/2 on $mux $procmux$8237.
    dead port 1/2 on $mux $procmux$8234.
    dead port 2/2 on $mux $procmux$8234.
    dead port 1/2 on $mux $procmux$8232.
    dead port 2/2 on $mux $procmux$8232.
    dead port 1/2 on $mux $procmux$8229.
    dead port 2/2 on $mux $procmux$8229.
    dead port 1/2 on $mux $procmux$8221.
    dead port 2/2 on $mux $procmux$8221.
    dead port 1/2 on $mux $procmux$8218.
    dead port 2/2 on $mux $procmux$8218.
    dead port 1/2 on $mux $procmux$8216.
    dead port 2/2 on $mux $procmux$8216.
    dead port 1/2 on $mux $procmux$8213.
    dead port 2/2 on $mux $procmux$8213.
    dead port 1/2 on $mux $procmux$8210.
    dead port 2/2 on $mux $procmux$8210.
    dead port 1/2 on $mux $procmux$8208.
    dead port 2/2 on $mux $procmux$8208.
    dead port 1/2 on $mux $procmux$8205.
    dead port 2/2 on $mux $procmux$8205.
    dead port 1/2 on $mux $procmux$8197.
    dead port 2/2 on $mux $procmux$8197.
    dead port 1/2 on $mux $procmux$8194.
    dead port 2/2 on $mux $procmux$8194.
    dead port 1/2 on $mux $procmux$8192.
    dead port 2/2 on $mux $procmux$8192.
    dead port 1/2 on $mux $procmux$8189.
    dead port 2/2 on $mux $procmux$8189.
    dead port 1/2 on $mux $procmux$8186.
    dead port 2/2 on $mux $procmux$8186.
    dead port 1/2 on $mux $procmux$8183.
    dead port 2/2 on $mux $procmux$8183.
    dead port 1/2 on $mux $procmux$8173.
    dead port 2/2 on $mux $procmux$8173.
    dead port 1/2 on $mux $procmux$8170.
    dead port 2/2 on $mux $procmux$8170.
    dead port 1/2 on $mux $procmux$8168.
    dead port 2/2 on $mux $procmux$8168.
    dead port 1/2 on $mux $procmux$8165.
    dead port 2/2 on $mux $procmux$8165.
    dead port 1/2 on $mux $procmux$8162.
    dead port 2/2 on $mux $procmux$8162.
    dead port 1/2 on $mux $procmux$8159.
    dead port 2/2 on $mux $procmux$8159.
    dead port 1/2 on $mux $procmux$8149.
    dead port 2/2 on $mux $procmux$8149.
    dead port 1/2 on $mux $procmux$8146.
    dead port 2/2 on $mux $procmux$8146.
    dead port 1/2 on $mux $procmux$8144.
    dead port 2/2 on $mux $procmux$8144.
    dead port 1/2 on $mux $procmux$8141.
    dead port 2/2 on $mux $procmux$8141.
    dead port 1/2 on $mux $procmux$8138.
    dead port 2/2 on $mux $procmux$8138.
    dead port 1/2 on $mux $procmux$8135.
    dead port 2/2 on $mux $procmux$8135.
    dead port 1/2 on $mux $procmux$8126.
    dead port 2/2 on $mux $procmux$8126.
    dead port 1/2 on $mux $procmux$8123.
    dead port 2/2 on $mux $procmux$8123.
    dead port 1/2 on $mux $procmux$8121.
    dead port 2/2 on $mux $procmux$8121.
    dead port 1/2 on $mux $procmux$8118.
    dead port 2/2 on $mux $procmux$8118.
    dead port 1/2 on $mux $procmux$8115.
    dead port 2/2 on $mux $procmux$8115.
    dead port 1/2 on $mux $procmux$8112.
    dead port 2/2 on $mux $procmux$8112.
    dead port 1/2 on $mux $procmux$8103.
    dead port 2/2 on $mux $procmux$8103.
    dead port 1/2 on $mux $procmux$8100.
    dead port 2/2 on $mux $procmux$8100.
    dead port 1/2 on $mux $procmux$8098.
    dead port 2/2 on $mux $procmux$8098.
    dead port 1/2 on $mux $procmux$8095.
    dead port 2/2 on $mux $procmux$8095.
    dead port 1/2 on $mux $procmux$8092.
    dead port 2/2 on $mux $procmux$8092.
    dead port 1/2 on $mux $procmux$8089.
    dead port 2/2 on $mux $procmux$8089.
    dead port 1/2 on $mux $procmux$8081.
    dead port 2/2 on $mux $procmux$8081.
    dead port 1/2 on $mux $procmux$8078.
    dead port 2/2 on $mux $procmux$8078.
    dead port 1/2 on $mux $procmux$8076.
    dead port 2/2 on $mux $procmux$8076.
    dead port 1/2 on $mux $procmux$8073.
    dead port 2/2 on $mux $procmux$8073.
    dead port 1/2 on $mux $procmux$8070.
    dead port 2/2 on $mux $procmux$8070.
    dead port 1/2 on $mux $procmux$8067.
    dead port 2/2 on $mux $procmux$8067.
    dead port 1/2 on $mux $procmux$8060.
    dead port 2/2 on $mux $procmux$8060.
    dead port 1/2 on $mux $procmux$8057.
    dead port 2/2 on $mux $procmux$8057.
    dead port 1/2 on $mux $procmux$8055.
    dead port 2/2 on $mux $procmux$8055.
    dead port 1/2 on $mux $procmux$8052.
    dead port 2/2 on $mux $procmux$8052.
    dead port 1/2 on $mux $procmux$8049.
    dead port 2/2 on $mux $procmux$8049.
    dead port 1/2 on $mux $procmux$8046.
    dead port 2/2 on $mux $procmux$8046.
    dead port 1/2 on $mux $procmux$8039.
    dead port 2/2 on $mux $procmux$8039.
    dead port 1/2 on $mux $procmux$8036.
    dead port 2/2 on $mux $procmux$8036.
    dead port 1/2 on $mux $procmux$8034.
    dead port 2/2 on $mux $procmux$8034.
    dead port 1/2 on $mux $procmux$8031.
    dead port 2/2 on $mux $procmux$8031.
    dead port 1/2 on $mux $procmux$8028.
    dead port 2/2 on $mux $procmux$8028.
    dead port 1/2 on $mux $procmux$8025.
    dead port 2/2 on $mux $procmux$8025.
    dead port 1/2 on $mux $procmux$8018.
    dead port 2/2 on $mux $procmux$8018.
    dead port 1/2 on $mux $procmux$8015.
    dead port 2/2 on $mux $procmux$8015.
    dead port 1/2 on $mux $procmux$8013.
    dead port 2/2 on $mux $procmux$8013.
    dead port 1/2 on $mux $procmux$8010.
    dead port 2/2 on $mux $procmux$8010.
    dead port 1/2 on $mux $procmux$8007.
    dead port 2/2 on $mux $procmux$8007.
    dead port 1/2 on $mux $procmux$8004.
    dead port 2/2 on $mux $procmux$8004.
    dead port 1/2 on $mux $procmux$7997.
    dead port 2/2 on $mux $procmux$7997.
    dead port 1/2 on $mux $procmux$7994.
    dead port 2/2 on $mux $procmux$7994.
    dead port 1/2 on $mux $procmux$7992.
    dead port 2/2 on $mux $procmux$7992.
    dead port 1/2 on $mux $procmux$7989.
    dead port 2/2 on $mux $procmux$7989.
    dead port 1/2 on $mux $procmux$7986.
    dead port 2/2 on $mux $procmux$7986.
    dead port 1/2 on $mux $procmux$7983.
    dead port 2/2 on $mux $procmux$7983.
    dead port 1/2 on $mux $procmux$7972.
    dead port 2/2 on $mux $procmux$7972.
    dead port 1/2 on $mux $procmux$7969.
    dead port 2/2 on $mux $procmux$7969.
    dead port 1/2 on $mux $procmux$7967.
    dead port 2/2 on $mux $procmux$7967.
    dead port 1/2 on $mux $procmux$7964.
    dead port 2/2 on $mux $procmux$7964.
    dead port 1/2 on $mux $procmux$7961.
    dead port 2/2 on $mux $procmux$7961.
    dead port 1/2 on $mux $procmux$7958.
    dead port 2/2 on $mux $procmux$7958.
    dead port 1/2 on $mux $ternary$rtl/arch_a/wire_itch_decoder.sv:182$4099.
    dead port 1/2 on $mux $ternary$rtl/arch_a/wire_itch_decoder.sv:181$4096.
    dead port 1/2 on $mux $ternary$rtl/arch_a/wire_itch_decoder.sv:180$4093.
    dead port 1/2 on $mux $ternary$rtl/arch_a/wire_itch_decoder.sv:179$4090.
    dead port 1/2 on $mux $ternary$rtl/arch_a/wire_itch_decoder.sv:178$4087.
    dead port 1/2 on $mux $ternary$rtl/arch_a/wire_itch_decoder.sv:177$4084.
    dead port 1/2 on $mux $ternary$rtl/arch_a/wire_itch_decoder.sv:176$4081.
    dead port 1/2 on $mux $ternary$rtl/arch_a/wire_itch_decoder.sv:173$4078.
Running muxtree optimizer on module \wire_mold_message_framer..
  Creating internal representation of mux trees.
  Evaluating internal representation of mux trees.
  Analyzing evaluation results.
Running muxtree optimizer on module \wire_mold_header_seq..
  Creating internal representation of mux trees.
  Evaluating internal representation of mux trees.
      Replacing known input bits on port A of cell $procmux$10581: \body_last_q -> 1'0
  Analyzing evaluation results.
    dead port 1/2 on $mux $procmux$10485.
    dead port 2/2 on $mux $procmux$10485.
    dead port 1/2 on $mux $procmux$10479.
    dead port 2/2 on $mux $procmux$10479.
    dead port 1/2 on $mux $procmux$10476.
    dead port 2/2 on $mux $procmux$10476.
    dead port 1/2 on $mux $procmux$10473.
    dead port 1/2 on $mux $procmux$10467.
    dead port 2/2 on $mux $procmux$10467.
    dead port 1/2 on $mux $procmux$10464.
    dead port 2/2 on $mux $procmux$10464.
    dead port 1/2 on $mux $procmux$10462.
    dead port 2/2 on $mux $procmux$10462.
    dead port 1/2 on $mux $procmux$10456.
    dead port 2/2 on $mux $procmux$10453.
    dead port 1/2 on $mux $procmux$10445.
    dead port 2/2 on $mux $procmux$10445.
    dead port 1/2 on $mux $procmux$10442.
    dead port 2/2 on $mux $procmux$10442.
    dead port 1/2 on $mux $procmux$10440.
    dead port 2/2 on $mux $procmux$10440.
    dead port 1/2 on $mux $procmux$10438.
    dead port 2/2 on $mux $procmux$10438.
    dead port 1/2 on $mux $procmux$10431.
    dead port 2/2 on $mux $procmux$10428.
    dead port 2/2 on $mux $procmux$10426.
    dead port 1/2 on $mux $procmux$10417.
    dead port 2/2 on $mux $procmux$10417.
    dead port 1/2 on $mux $procmux$10414.
    dead port 2/2 on $mux $procmux$10414.
    dead port 1/2 on $mux $procmux$10412.
    dead port 2/2 on $mux $procmux$10412.
    dead port 1/2 on $mux $procmux$10410.
    dead port 2/2 on $mux $procmux$10410.
    dead port 1/2 on $mux $procmux$10408.
    dead port 2/2 on $mux $procmux$10408.
    dead port 1/2 on $mux $procmux$10400.
    dead port 2/2 on $mux $procmux$10397.
    dead port 2/2 on $mux $procmux$10395.
    dead port 2/2 on $mux $procmux$10393.
Running muxtree optimizer on module \wire_udp_parser..
  Creating internal representation of mux trees.
  Evaluating internal representation of mux trees.
      Replacing known input bits on port A of cell $procmux$11342: \payload_last_q -> 1'0
  Analyzing evaluation results.
    dead port 1/2 on $mux $procmux$11056.
    dead port 2/2 on $mux $procmux$11056.
    dead port 1/2 on $mux $procmux$11050.
    dead port 2/2 on $mux $procmux$11050.
    dead port 1/2 on $mux $procmux$11047.
    dead port 2/2 on $mux $procmux$11047.
    dead port 1/2 on $mux $procmux$11044.
    dead port 1/2 on $mux $procmux$11038.
    dead port 2/2 on $mux $procmux$11038.
    dead port 1/2 on $mux $procmux$11035.
    dead port 2/2 on $mux $procmux$11035.
    dead port 1/2 on $mux $procmux$11033.
    dead port 2/2 on $mux $procmux$11033.
    dead port 1/2 on $mux $procmux$11027.
    dead port 2/2 on $mux $procmux$11024.
    dead port 1/2 on $mux $procmux$11016.
    dead port 2/2 on $mux $procmux$11016.
    dead port 1/2 on $mux $procmux$11013.
    dead port 2/2 on $mux $procmux$11013.
    dead port 1/2 on $mux $procmux$11011.
    dead port 2/2 on $mux $procmux$11011.
    dead port 1/2 on $mux $procmux$11009.
    dead port 2/2 on $mux $procmux$11009.
    dead port 1/2 on $mux $procmux$11002.
    dead port 2/2 on $mux $procmux$10999.
    dead port 2/2 on $mux $procmux$10997.
    dead port 1/2 on $mux $procmux$10988.
    dead port 2/2 on $mux $procmux$10988.
    dead port 1/2 on $mux $procmux$10985.
    dead port 2/2 on $mux $procmux$10985.
    dead port 1/2 on $mux $procmux$10983.
    dead port 2/2 on $mux $procmux$10983.
    dead port 1/2 on $mux $procmux$10981.
    dead port 2/2 on $mux $procmux$10981.
    dead port 1/2 on $mux $procmux$10978.
    dead port 2/2 on $mux $procmux$10978.
    dead port 1/2 on $mux $procmux$10971.
    dead port 2/2 on $mux $procmux$10968.
    dead port 2/2 on $mux $procmux$10966.
    dead port 1/2 on $mux $procmux$10964.
Running muxtree optimizer on module \wire_ipv4_parser..
  Creating internal representation of mux trees.
  Evaluating internal representation of mux trees.
      Replacing known input bits on port A of cell $procmux$11984: \payload_last_q -> 1'0
  Analyzing evaluation results.
    dead port 1/2 on $mux $procmux$11856.
    dead port 2/2 on $mux $procmux$11856.
    dead port 1/2 on $mux $procmux$11853.
    dead port 2/2 on $mux $procmux$11853.
    dead port 1/2 on $mux $procmux$11850.
    dead port 2/2 on $mux $procmux$11850.
    dead port 1/2 on $mux $procmux$11844.
    dead port 2/2 on $mux $procmux$11844.
    dead port 1/2 on $mux $procmux$11841.
    dead port 2/2 on $mux $procmux$11841.
    dead port 1/2 on $mux $procmux$11838.
    dead port 2/2 on $mux $procmux$11838.
    dead port 1/2 on $mux $procmux$11835.
    dead port 2/2 on $mux $procmux$11835.
    dead port 1/2 on $mux $procmux$11832.
    dead port 2/2 on $mux $procmux$11832.
    dead port 1/2 on $mux $procmux$11829.
    dead port 2/2 on $mux $procmux$11829.
    dead port 1/2 on $mux $procmux$11826.
    dead port 1/2 on $mux $procmux$11820.
    dead port 2/2 on $mux $procmux$11820.
    dead port 1/2 on $mux $procmux$11817.
    dead port 2/2 on $mux $procmux$11817.
    dead port 1/2 on $mux $procmux$11815.
    dead port 2/2 on $mux $procmux$11815.
    dead port 1/2 on $mux $procmux$11808.
    dead port 2/2 on $mux $procmux$11808.
    dead port 1/2 on $mux $procmux$11805.
    dead port 2/2 on $mux $procmux$11805.
    dead port 1/2 on $mux $procmux$11803.
    dead port 2/2 on $mux $procmux$11803.
    dead port 1/2 on $mux $procmux$11796.
    dead port 2/2 on $mux $procmux$11796.
    dead port 1/2 on $mux $procmux$11793.
    dead port 2/2 on $mux $procmux$11793.
    dead port 1/2 on $mux $procmux$11791.
    dead port 2/2 on $mux $procmux$11791.
    dead port 1/2 on $mux $procmux$11784.
    dead port 2/2 on $mux $procmux$11781.
    dead port 1/2 on $mux $procmux$11772.
    dead port 2/2 on $mux $procmux$11772.
    dead port 1/2 on $mux $procmux$11769.
    dead port 2/2 on $mux $procmux$11769.
    dead port 1/2 on $mux $procmux$11767.
    dead port 2/2 on $mux $procmux$11767.
    dead port 1/2 on $mux $procmux$11765.
    dead port 2/2 on $mux $procmux$11765.
    dead port 1/2 on $mux $procmux$11757.
    dead port 2/2 on $mux $procmux$11757.
    dead port 1/2 on $mux $procmux$11754.
    dead port 2/2 on $mux $procmux$11754.
    dead port 1/2 on $mux $procmux$11752.
    dead port 2/2 on $mux $procmux$11752.
    dead port 1/2 on $mux $procmux$11750.
    dead port 2/2 on $mux $procmux$11750.
    dead port 1/2 on $mux $procmux$11742.
    dead port 2/2 on $mux $procmux$11742.
    dead port 1/2 on $mux $procmux$11739.
    dead port 2/2 on $mux $procmux$11739.
    dead port 1/2 on $mux $procmux$11737.
    dead port 2/2 on $mux $procmux$11737.
    dead port 1/2 on $mux $procmux$11735.
    dead port 2/2 on $mux $procmux$11735.
    dead port 1/2 on $mux $procmux$11727.
    dead port 2/2 on $mux $procmux$11724.
    dead port 2/2 on $mux $procmux$11722.
    dead port 1/2 on $mux $procmux$11712.
    dead port 2/2 on $mux $procmux$11712.
    dead port 1/2 on $mux $procmux$11709.
    dead port 2/2 on $mux $procmux$11709.
    dead port 1/2 on $mux $procmux$11707.
    dead port 2/2 on $mux $procmux$11707.
    dead port 1/2 on $mux $procmux$11705.
    dead port 2/2 on $mux $procmux$11705.
    dead port 1/2 on $mux $procmux$11702.
    dead port 2/2 on $mux $procmux$11702.
    dead port 1/2 on $mux $procmux$11694.
    dead port 2/2 on $mux $procmux$11694.
    dead port 1/2 on $mux $procmux$11691.
    dead port 2/2 on $mux $procmux$11691.
    dead port 1/2 on $mux $procmux$11689.
    dead port 2/2 on $mux $procmux$11689.
    dead port 1/2 on $mux $procmux$11687.
    dead port 2/2 on $mux $procmux$11687.
    dead port 1/2 on $mux $procmux$11684.
    dead port 2/2 on $mux $procmux$11684.
    dead port 1/2 on $mux $procmux$11676.
    dead port 2/2 on $mux $procmux$11676.
    dead port 1/2 on $mux $procmux$11673.
    dead port 2/2 on $mux $procmux$11673.
    dead port 1/2 on $mux $procmux$11671.
    dead port 2/2 on $mux $procmux$11671.
    dead port 1/2 on $mux $procmux$11669.
    dead port 2/2 on $mux $procmux$11669.
    dead port 1/2 on $mux $procmux$11666.
    dead port 2/2 on $mux $procmux$11666.
    dead port 1/2 on $mux $procmux$11658.
    dead port 2/2 on $mux $procmux$11655.
    dead port 2/2 on $mux $procmux$11653.
    dead port 1/2 on $mux $procmux$11651.
    dead port 1/2 on $mux $procmux$11640.
    dead port 2/2 on $mux $procmux$11640.
    dead port 1/2 on $mux $procmux$11637.
    dead port 2/2 on $mux $procmux$11637.
    dead port 1/2 on $mux $procmux$11635.
    dead port 2/2 on $mux $procmux$11635.
    dead port 1/2 on $mux $procmux$11633.
    dead port 2/2 on $mux $procmux$11633.
    dead port 1/2 on $mux $procmux$11630.
    dead port 2/2 on $mux $procmux$11630.
    dead port 1/2 on $mux $procmux$11627.
    dead port 2/2 on $mux $procmux$11627.
    dead port 1/2 on $mux $procmux$11619.
    dead port 2/2 on $mux $procmux$11619.
    dead port 1/2 on $mux $procmux$11616.
    dead port 2/2 on $mux $procmux$11616.
    dead port 1/2 on $mux $procmux$11614.
    dead port 2/2 on $mux $procmux$11614.
    dead port 1/2 on $mux $procmux$11612.
    dead port 2/2 on $mux $procmux$11612.
    dead port 1/2 on $mux $procmux$11609.
    dead port 2/2 on $mux $procmux$11609.
    dead port 1/2 on $mux $procmux$11606.
    dead port 2/2 on $mux $procmux$11606.
    dead port 1/2 on $mux $procmux$11598.
    dead port 2/2 on $mux $procmux$11598.
    dead port 1/2 on $mux $procmux$11595.
    dead port 2/2 on $mux $procmux$11595.
    dead port 1/2 on $mux $procmux$11592.
    dead port 2/2 on $mux $procmux$11592.
    dead port 1/2 on $mux $procmux$11586.
    dead port 2/2 on $mux $procmux$11586.
    dead port 1/2 on $mux $procmux$11583.
    dead port 2/2 on $mux $procmux$11583.
    dead port 1/2 on $mux $procmux$11580.
    dead port 2/2 on $mux $procmux$11580.
    dead port 1/2 on $mux $procmux$11577.
    dead port 2/2 on $mux $procmux$11577.
    dead port 1/2 on $mux $procmux$11574.
    dead port 2/2 on $mux $procmux$11574.
    dead port 1/2 on $mux $procmux$11571.
    dead port 2/2 on $mux $procmux$11571.
    dead port 1/2 on $mux $procmux$11568.
    dead port 1/2 on $mux $procmux$11562.
    dead port 2/2 on $mux $procmux$11562.
    dead port 1/2 on $mux $procmux$11559.
    dead port 2/2 on $mux $procmux$11559.
    dead port 1/2 on $mux $procmux$11556.
    dead port 2/2 on $mux $procmux$11556.
    dead port 1/2 on $mux $procmux$11553.
    dead port 2/2 on $mux $procmux$11553.
    dead port 1/2 on $mux $procmux$11550.
    dead port 2/2 on $mux $procmux$11550.
    dead port 1/2 on $mux $procmux$11547.
    dead port 2/2 on $mux $procmux$11547.
    dead port 1/2 on $mux $procmux$11544.
    dead port 2/2 on $mux $procmux$11544.
    dead port 1/2 on $mux $procmux$11541.
    dead port 2/2 on $mux $procmux$11541.
    dead port 1/2 on $mux $procmux$11538.
    dead port 2/2 on $mux $procmux$11538.
    dead port 1/2 on $mux $procmux$11535.
    dead port 1/2 on $mux $procmux$11532.
    dead port 1/2 on $mux $procmux$11526.
    dead port 1/2 on $mux $procmux$11523.
    dead port 1/2 on $mux $procmux$11520.
    dead port 1/2 on $mux $procmux$11514.
    dead port 1/2 on $mux $procmux$11511.
    dead port 1/2 on $mux $procmux$11508.
    dead port 2/2 on $mux $procmux$11505.
    dead port 1/2 on $mux $procmux$11499.
    dead port 1/2 on $mux $procmux$11496.
    dead port 1/2 on $mux $procmux$11493.
    dead port 2/2 on $mux $procmux$11490.
    dead port 1/2 on $mux $procmux$11487.
    dead port 1/2 on $mux $procmux$11481.
    dead port 1/2 on $mux $procmux$11478.
    dead port 1/2 on $mux $procmux$11475.
    dead port 2/2 on $mux $procmux$11472.
    dead port 1/2 on $mux $procmux$11469.
    dead port 1/2 on $mux $procmux$11466.
Running muxtree optimizer on module \wire_eth_parser..
  Creating internal representation of mux trees.
  Evaluating internal representation of mux trees.
      Replacing known input bits on port A of cell $procmux$12143: \payload_last_q -> 1'0
  Analyzing evaluation results.
Running muxtree optimizer on module \wire_gearbox_64to8..
  Creating internal representation of mux trees.
  Evaluating internal representation of mux trees.
  Analyzing evaluation results.
    dead port 1/2 on $mux $procmux$12264.
    dead port 2/2 on $mux $procmux$12264.
    dead port 1/2 on $mux $procmux$12261.
    dead port 2/2 on $mux $procmux$12261.
    dead port 1/2 on $mux $procmux$12258.
    dead port 2/2 on $mux $procmux$12258.
    dead port 1/2 on $mux $procmux$12255.
    dead port 2/2 on $mux $procmux$12255.
    dead port 1/2 on $mux $procmux$12252.
    dead port 2/2 on $mux $procmux$12252.
    dead port 1/2 on $mux $procmux$12249.
    dead port 2/2 on $mux $procmux$12249.
    dead port 1/2 on $mux $procmux$12246.
    dead port 2/2 on $mux $procmux$12243.
Running muxtree optimizer on module $paramod\wire_order_book\NUM_SETS=s32'00000000000000000000001000000000..
  Creating internal representation of mux trees.
  Evaluating internal representation of mux trees.
      Replacing known input bits on port B of cell $procmux$16821: $1\eval_error[0:0] -> 1'1
      Replacing known input bits on port A of cell $procmux$16795: $1\eval_error[0:0] -> 1'0
      Replacing known input bits on port A of cell $procmux$16761: \state_q -> 1'0
      Replacing known input bits on port A of cell $procmux$16763: \state_q -> 1'0
  Analyzing evaluation results.
    dead port 1/2 on $mux $procmux$17366.
    dead port 2/2 on $mux $procmux$17366.
    dead port 2/2 on $mux $procmux$17363.
    dead port 2/2 on $mux $procmux$17357.
    dead port 2/2 on $mux $procmux$17351.
    dead port 2/2 on $mux $procmux$17345.
    dead port 2/2 on $mux $procmux$17339.
    dead port 2/2 on $mux $procmux$17333.
    dead port 1/2 on $mux $procmux$17315.
    dead port 2/2 on $mux $procmux$17315.
    dead port 2/2 on $mux $procmux$17306.
    dead port 2/2 on $mux $procmux$17300.
    dead port 1/2 on $mux $procmux$17293.
    dead port 2/2 on $mux $procmux$17293.
    dead port 1/2 on $mux $procmux$17290.
    dead port 2/2 on $mux $procmux$17290.
    dead port 2/2 on $mux $procmux$17287.
    dead port 2/2 on $mux $procmux$17279.
    dead port 2/2 on $mux $procmux$17271.
    dead port 2/2 on $mux $procmux$17263.
    dead port 2/2 on $mux $procmux$17255.
    dead port 2/2 on $mux $procmux$17252.
    dead port 2/2 on $mux $procmux$17244.
    dead port 2/2 on $mux $procmux$17241.
    dead port 2/2 on $mux $procmux$17233.
    dead port 2/2 on $mux $procmux$17230.
    dead port 2/2 on $mux $procmux$17222.
    dead port 2/2 on $mux $procmux$17219.
    dead port 2/2 on $mux $procmux$17211.
    dead port 2/2 on $mux $procmux$17208.
    dead port 1/2 on $mux $procmux$17206.
    dead port 2/2 on $mux $procmux$17197.
    dead port 2/2 on $mux $procmux$17194.
    dead port 1/2 on $mux $procmux$17192.
    dead port 2/2 on $mux $procmux$17183.
    dead port 2/2 on $mux $procmux$17180.
    dead port 1/2 on $mux $procmux$17178.
    dead port 2/2 on $mux $procmux$17169.
    dead port 2/2 on $mux $procmux$17166.
    dead port 1/2 on $mux $procmux$17164.
    dead port 2/2 on $mux $procmux$17155.
    dead port 2/2 on $mux $procmux$17152.
    dead port 2/2 on $mux $procmux$17145.
    dead port 2/2 on $mux $procmux$17142.
    dead port 2/2 on $mux $procmux$17135.
    dead port 2/2 on $mux $procmux$17132.
    dead port 2/2 on $mux $procmux$17125.
    dead port 2/2 on $mux $procmux$17122.
    dead port 2/2 on $mux $procmux$17115.
    dead port 2/2 on $mux $procmux$17112.
    dead port 2/2 on $mux $procmux$17105.
    dead port 2/2 on $mux $procmux$17102.
    dead port 2/2 on $mux $procmux$17100.
    dead port 2/2 on $mux $procmux$17092.
    dead port 2/2 on $mux $procmux$17089.
    dead port 2/2 on $mux $procmux$17087.
    dead port 2/2 on $mux $procmux$17079.
    dead port 2/2 on $mux $procmux$17076.
    dead port 2/2 on $mux $procmux$17074.
    dead port 2/2 on $mux $procmux$17066.
    dead port 2/2 on $mux $procmux$17063.
    dead port 2/2 on $mux $procmux$17061.
    dead port 2/2 on $mux $procmux$17053.
    dead port 2/2 on $mux $procmux$17050.
    dead port 2/2 on $mux $procmux$17048.
    dead port 2/2 on $mux $procmux$17040.
    dead port 2/2 on $mux $procmux$17037.
    dead port 2/2 on $mux $procmux$17031.
    dead port 2/2 on $mux $procmux$17028.
    dead port 2/2 on $mux $procmux$17022.
    dead port 2/2 on $mux $procmux$17019.
    dead port 1/2 on $mux $procmux$17013.
    dead port 2/2 on $mux $procmux$17013.
    dead port 1/2 on $mux $procmux$17010.
    dead port 2/2 on $mux $procmux$17010.
    dead port 1/2 on $mux $procmux$17008.
    dead port 2/2 on $mux $procmux$17008.
    dead port 2/2 on $mux $procmux$17004.
    dead port 2/2 on $mux $procmux$17001.
    dead port 2/2 on $mux $procmux$16995.
    dead port 2/2 on $mux $procmux$16992.
    dead port 2/2 on $mux $procmux$16986.
    dead port 2/2 on $mux $procmux$16983.
    dead port 2/2 on $mux $procmux$16981.
    dead port 2/2 on $mux $procmux$16974.
    dead port 2/2 on $mux $procmux$16971.
    dead port 2/2 on $mux $procmux$16969.
    dead port 2/2 on $mux $procmux$16962.
    dead port 2/2 on $mux $procmux$16959.
    dead port 2/2 on $mux $procmux$16957.
    dead port 1/2 on $mux $procmux$16950.
    dead port 2/2 on $mux $procmux$16950.
    dead port 1/2 on $mux $procmux$16947.
    dead port 2/2 on $mux $procmux$16947.
    dead port 1/2 on $mux $procmux$16945.
    dead port 2/2 on $mux $procmux$16945.
    dead port 1/2 on $mux $procmux$16942.
    dead port 2/2 on $mux $procmux$16942.
    dead port 2/2 on $mux $procmux$16938.
    dead port 2/2 on $mux $procmux$16935.
    dead port 2/2 on $mux $procmux$16933.
    dead port 2/2 on $mux $procmux$16926.
    dead port 2/2 on $mux $procmux$16923.
    dead port 2/2 on $mux $procmux$16921.
    dead port 2/2 on $mux $procmux$16884.
    dead port 2/2 on $mux $procmux$16881.
    dead port 2/2 on $mux $procmux$16879.
    dead port 1/2 on $mux $procmux$16876.
    dead port 2/2 on $mux $procmux$16869.
    dead port 2/2 on $mux $procmux$16866.
    dead port 2/2 on $mux $procmux$16864.
    dead port 1/2 on $mux $procmux$16861.
    dead port 2/2 on $mux $procmux$16854.
    dead port 2/2 on $mux $procmux$16851.
    dead port 2/2 on $mux $procmux$16849.
    dead port 1/2 on $mux $procmux$16846.
    dead port 2/2 on $mux $procmux$16839.
    dead port 2/2 on $mux $procmux$16836.
    dead port 2/2 on $mux $procmux$16834.
    dead port 1/2 on $mux $procmux$16831.
    dead port 1/2 on $mux $procmux$16824.
    dead port 2/2 on $mux $procmux$16824.
    dead port 1/2 on $mux $procmux$16809.
    dead port 1/2 on $mux $procmux$16803.
    dead port 1/2 on $mux $procmux$16797.
    dead port 1/2 on $mux $procmux$16791.
    dead port 1/2 on $mux $procmux$16785.
    dead port 1/2 on $mux $procmux$16783.
    dead port 1/2 on $mux $procmux$16776.
    dead port 1/2 on $mux $procmux$16774.
    dead port 1/2 on $mux $procmux$13381.
    dead port 1/2 on $mux $procmux$13376.
    dead port 1/2 on $mux $procmux$13371.
    dead port 1/2 on $mux $procmux$13365.
    dead port 1/2 on $mux $procmux$13360.
    dead port 1/2 on $mux $procmux$13355.
    dead port 1/2 on $mux $procmux$13349.
    dead port 1/2 on $mux $procmux$13344.
    dead port 1/2 on $mux $procmux$13339.
    dead port 1/2 on $mux $procmux$13333.
    dead port 1/2 on $mux $procmux$13328.
    dead port 1/2 on $mux $procmux$13323.
    dead port 1/2 on $mux $procmux$13317.
    dead port 1/2 on $mux $procmux$13312.
    dead port 1/2 on $mux $procmux$13306.
    dead port 1/2 on $mux $procmux$13301.
    dead port 1/2 on $mux $procmux$13295.
    dead port 1/2 on $mux $procmux$13290.
    dead port 1/2 on $mux $procmux$13285.
    dead port 1/2 on $mux $procmux$13279.
    dead port 1/2 on $mux $procmux$13274.
    dead port 1/2 on $mux $procmux$13268.
    dead port 1/2 on $mux $procmux$13263.
    dead port 1/2 on $mux $procmux$13257.
    dead port 1/2 on $mux $procmux$13252.
    dead port 1/2 on $mux $procmux$13247.
    dead port 1/2 on $mux $procmux$13241.
    dead port 1/2 on $mux $procmux$13236.
    dead port 1/2 on $mux $procmux$13231.
    dead port 1/2 on $mux $procmux$13225.
    dead port 1/2 on $mux $procmux$13220.
    dead port 1/2 on $mux $procmux$13215.
    dead port 1/2 on $mux $procmux$13209.
    dead port 1/2 on $mux $procmux$13204.
    dead port 1/2 on $mux $procmux$13199.
    dead port 1/2 on $mux $procmux$13193.
    dead port 1/2 on $mux $procmux$13188.
    dead port 1/2 on $mux $procmux$13182.
    dead port 2/2 on $mux $procmux$13179.
    dead port 1/2 on $mux $procmux$13174.
    dead port 2/2 on $mux $procmux$13171.
    dead port 1/2 on $mux $procmux$13166.
    dead port 2/2 on $mux $procmux$13163.
    dead port 1/2 on $mux $procmux$13158.
    dead port 2/2 on $mux $procmux$13155.
    dead port 1/2 on $mux $procmux$13150.
    dead port 2/2 on $mux $procmux$13147.
    dead port 1/2 on $mux $procmux$13142.
    dead port 2/2 on $mux $procmux$13139.
    dead port 1/2 on $mux $procmux$13134.
    dead port 2/2 on $mux $procmux$13131.
    dead port 1/2 on $mux $procmux$13126.
    dead port 2/2 on $mux $procmux$13123.
    dead port 1/2 on $mux $procmux$13118.
    dead port 2/2 on $mux $procmux$13115.
    dead port 1/2 on $mux $procmux$13110.
    dead port 2/2 on $mux $procmux$13107.
    dead port 1/2 on $mux $procmux$13102.
    dead port 2/2 on $mux $procmux$13099.
    dead port 1/2 on $mux $procmux$13094.
    dead port 2/2 on $mux $procmux$13091.
    dead port 1/2 on $mux $procmux$13086.
    dead port 2/2 on $mux $procmux$13083.
    dead port 1/2 on $mux $procmux$13078.
    dead port 2/2 on $mux $procmux$13075.
    dead port 1/2 on $mux $procmux$13070.
    dead port 2/2 on $mux $procmux$13067.
    dead port 1/2 on $mux $procmux$13062.
    dead port 2/2 on $mux $procmux$13059.
    dead port 1/2 on $mux $procmux$13054.
    dead port 2/2 on $mux $procmux$13051.
    dead port 1/2 on $mux $procmux$13046.
    dead port 2/2 on $mux $procmux$13043.
    dead port 1/2 on $mux $procmux$13038.
    dead port 2/2 on $mux $procmux$13035.
    dead port 1/2 on $mux $procmux$13030.
    dead port 2/2 on $mux $procmux$13027.
    dead port 1/2 on $mux $procmux$13022.
    dead port 2/2 on $mux $procmux$13019.
    dead port 1/2 on $mux $procmux$13014.
    dead port 2/2 on $mux $procmux$13011.
    dead port 1/2 on $mux $procmux$13006.
    dead port 2/2 on $mux $procmux$13003.
    dead port 1/2 on $mux $procmux$12998.
    dead port 2/2 on $mux $procmux$12995.
    dead port 1/2 on $mux $procmux$12990.
    dead port 2/2 on $mux $procmux$12987.
    dead port 1/2 on $mux $procmux$12982.
    dead port 2/2 on $mux $procmux$12979.
    dead port 1/2 on $mux $procmux$12974.
    dead port 2/2 on $mux $procmux$12971.
    dead port 1/2 on $mux $procmux$12966.
    dead port 2/2 on $mux $procmux$12963.
    dead port 1/2 on $mux $procmux$12958.
    dead port 2/2 on $mux $procmux$12955.
    dead port 1/2 on $mux $procmux$12950.
    dead port 2/2 on $mux $procmux$12947.
    dead port 1/2 on $mux $procmux$12942.
    dead port 2/2 on $mux $procmux$12939.
    dead port 1/2 on $mux $procmux$12934.
    dead port 2/2 on $mux $procmux$12931.
    dead port 1/2 on $mux $procmux$12926.
    dead port 2/2 on $mux $procmux$12923.
    dead port 1/2 on $mux $procmux$12918.
    dead port 2/2 on $mux $procmux$12915.
    dead port 1/2 on $mux $procmux$12910.
    dead port 2/2 on $mux $procmux$12907.
    dead port 1/2 on $mux $procmux$12902.
    dead port 2/2 on $mux $procmux$12899.
    dead port 1/2 on $mux $procmux$12894.
    dead port 2/2 on $mux $procmux$12891.
    dead port 1/2 on $mux $procmux$12886.
    dead port 2/2 on $mux $procmux$12883.
    dead port 1/2 on $mux $procmux$12881.
    dead port 1/2 on $mux $procmux$12873.
    dead port 2/2 on $mux $procmux$12870.
    dead port 1/2 on $mux $procmux$12868.
    dead port 1/2 on $mux $procmux$12860.
    dead port 2/2 on $mux $procmux$12857.
    dead port 1/2 on $mux $procmux$12855.
    dead port 1/2 on $mux $procmux$12847.
    dead port 2/2 on $mux $procmux$12844.
    dead port 1/2 on $mux $procmux$12842.
    dead port 1/2 on $mux $procmux$12834.
    dead port 2/2 on $mux $procmux$12831.
    dead port 1/2 on $mux $procmux$12829.
    dead port 1/2 on $mux $procmux$12821.
    dead port 2/2 on $mux $procmux$12818.
    dead port 1/2 on $mux $procmux$12816.
    dead port 1/2 on $mux $procmux$12809.
    dead port 2/2 on $mux $procmux$12806.
    dead port 1/2 on $mux $procmux$12804.
    dead port 1/2 on $mux $procmux$12797.
    dead port 2/2 on $mux $procmux$12794.
    dead port 1/2 on $mux $procmux$12792.
    dead port 1/2 on $mux $procmux$12786.
    dead port 2/2 on $mux $procmux$12783.
    dead port 1/2 on $mux $procmux$12781.
    dead port 1/2 on $mux $procmux$12775.
    dead port 2/2 on $mux $procmux$12772.
    dead port 1/2 on $mux $procmux$12770.
    dead port 1/2 on $mux $procmux$12764.
    dead port 2/2 on $mux $procmux$12761.
    dead port 1/2 on $mux $procmux$12759.
    dead port 1/2 on $mux $procmux$12753.
    dead port 2/2 on $mux $procmux$12750.
    dead port 1/2 on $mux $procmux$12748.
    dead port 1/2 on $mux $procmux$12742.
    dead port 2/2 on $mux $procmux$12739.
    dead port 1/2 on $mux $procmux$12737.
    dead port 1/2 on $mux $procmux$12731.
    dead port 2/2 on $mux $procmux$12728.
    dead port 1/2 on $mux $procmux$12726.
    dead port 1/2 on $mux $procmux$12720.
    dead port 2/2 on $mux $procmux$12717.
    dead port 1/2 on $mux $procmux$12715.
    dead port 1/2 on $mux $procmux$12709.
    dead port 2/2 on $mux $procmux$12706.
    dead port 1/2 on $mux $procmux$12704.
    dead port 1/2 on $mux $procmux$12698.
    dead port 2/2 on $mux $procmux$12695.
    dead port 1/2 on $mux $procmux$12693.
    dead port 1/2 on $mux $procmux$12687.
    dead port 2/2 on $mux $procmux$12684.
    dead port 1/2 on $mux $procmux$12682.
    dead port 1/2 on $mux $procmux$12676.
    dead port 2/2 on $mux $procmux$12673.
    dead port 1/2 on $mux $procmux$12671.
    dead port 1/2 on $mux $procmux$12665.
    dead port 2/2 on $mux $procmux$12662.
    dead port 1/2 on $mux $procmux$12660.
    dead port 1/2 on $mux $procmux$12654.
    dead port 2/2 on $mux $procmux$12651.
    dead port 1/2 on $mux $procmux$12649.
    dead port 1/2 on $mux $procmux$12643.
    dead port 2/2 on $mux $procmux$12640.
    dead port 1/2 on $mux $procmux$12638.
    dead port 1/2 on $mux $procmux$12632.
    dead port 2/2 on $mux $procmux$12629.
    dead port 1/2 on $mux $procmux$12627.
    dead port 1/2 on $mux $procmux$12621.
    dead port 2/2 on $mux $procmux$12618.
    dead port 1/2 on $mux $procmux$12616.
    dead port 1/2 on $mux $procmux$12607.
    dead port 2/2 on $mux $procmux$12604.
    dead port 1/2 on $mux $procmux$12602.
    dead port 1/2 on $mux $procmux$12593.
    dead port 2/2 on $mux $procmux$12590.
    dead port 1/2 on $mux $procmux$12588.
    dead port 1/2 on $mux $procmux$12579.
    dead port 2/2 on $mux $procmux$12576.
    dead port 1/2 on $mux $procmux$12574.
    dead port 1/2 on $mux $procmux$12565.
    dead port 2/2 on $mux $procmux$12562.
    dead port 1/2 on $mux $procmux$12560.
    dead port 1/2 on $mux $procmux$12551.
    dead port 2/2 on $mux $procmux$12548.
    dead port 1/2 on $mux $procmux$12546.
    dead port 1/2 on $mux $procmux$12537.
    dead port 2/2 on $mux $procmux$12534.
    dead port 1/2 on $mux $procmux$12532.
    dead port 1/2 on $mux $procmux$12523.
    dead port 2/2 on $mux $procmux$12520.
    dead port 1/2 on $mux $procmux$12518.
    dead port 1/2 on $mux $procmux$12509.
    dead port 2/2 on $mux $procmux$12506.
    dead port 1/2 on $mux $procmux$12504.
    dead port 1/2 on $mux $procmux$12495.
    dead port 2/2 on $mux $procmux$12492.
    dead port 1/2 on $mux $procmux$12490.
    dead port 1/2 on $mux $procmux$12481.
    dead port 2/2 on $mux $procmux$12478.
    dead port 1/2 on $mux $procmux$12476.
    dead port 1/2 on $mux $procmux$12467.
    dead port 2/2 on $mux $procmux$12464.
    dead port 1/2 on $mux $procmux$12462.
    dead port 1/2 on $mux $procmux$12453.
    dead port 2/2 on $mux $procmux$12450.
    dead port 1/2 on $mux $procmux$12448.
    dead port 1/2 on $mux $procmux$12439.
    dead port 2/2 on $mux $procmux$12436.
    dead port 1/2 on $mux $procmux$12434.
    dead port 1/2 on $mux $procmux$12425.
    dead port 2/2 on $mux $procmux$12422.
    dead port 1/2 on $mux $procmux$12420.
    dead port 2/2 on $mux $procmux$12417.
    dead port 1/2 on $mux $procmux$12409.
    dead port 2/2 on $mux $procmux$12406.
    dead port 1/2 on $mux $procmux$12404.
    dead port 2/2 on $mux $procmux$12401.
    dead port 1/2 on $mux $procmux$12393.
    dead port 2/2 on $mux $procmux$12390.
    dead port 1/2 on $mux $procmux$12388.
    dead port 2/2 on $mux $procmux$12385.
    dead port 1/2 on $mux $procmux$12377.
    dead port 2/2 on $mux $procmux$12374.
    dead port 1/2 on $mux $procmux$12372.
    dead port 2/2 on $mux $procmux$12369.
    dead port 1/2 on $mux $procmux$12361.
    dead port 2/2 on $mux $procmux$12358.
    dead port 1/2 on $mux $procmux$12356.
    dead port 2/2 on $mux $procmux$12353.
    dead port 1/2 on $mux $procmux$12345.
    dead port 2/2 on $mux $procmux$12342.
    dead port 1/2 on $mux $procmux$12340.
    dead port 2/2 on $mux $procmux$12337.
    dead port 1/2 on $mux $procmux$12331.
    dead port 2/2 on $mux $procmux$12328.
    dead port 1/2 on $mux $procmux$12326.
    dead port 2/2 on $mux $procmux$12323.
Running muxtree optimizer on module \wire_ingress_buffer..
  Creating internal representation of mux trees.
  Evaluating internal representation of mux trees.
  Analyzing evaluation results.
    dead port 1/2 on $mux $procmux$17476.
    dead port 1/2 on $mux $procmux$17470.
    dead port 1/2 on $mux $procmux$17464.
    dead port 1/2 on $mux $procmux$17458.
    dead port 1/2 on $mux $procmux$17452.
    dead port 1/2 on $mux $procmux$17446.
    dead port 1/2 on $mux $procmux$17440.
    dead port 1/2 on $mux $procmux$17434.
    dead port 1/2 on $mux $procmux$17428.
Removed 1344 multiplexer ports.
<suppressed ~5211 debug messages>

14.4. Executing OPT_REDUCE pass (consolidate $*mux and $reduce_* inputs).
  Optimizing cells in module \wire_arch_a_parser_book_top.
  Optimizing cells in module \wire_arch_a_parser_top.
  Optimizing cells in module \wire_itch_decoder.
    New ctrl vector for $pmux cell $procmux$9471: $auto$opt_reduce.cc:137:opt_pmux$19790
    New ctrl vector for $pmux cell $procmux$9899: $auto$opt_reduce.cc:137:opt_pmux$19792
    New ctrl vector for $pmux cell $procmux$9419: $auto$opt_reduce.cc:137:opt_pmux$19794
    New ctrl vector for $pmux cell $procmux$9827: { $procmux$9900_CMP $auto$opt_reduce.cc:137:opt_pmux$19796 }
    New ctrl vector for $pmux cell $procmux$9362: $auto$opt_reduce.cc:137:opt_pmux$19798
    Consolidated identical input bits for $mux cell $procmux$8983:
      Old ports: A=8'00000000, B=8'11111111, Y=$procmux$8983_Y
      New ports: A=1'0, B=1'1, Y=$procmux$8983_Y [0]
      New connections: $procmux$8983_Y [7:1] = { $procmux$8983_Y [0] $procmux$8983_Y [0] $procmux$8983_Y [0] $procmux$8983_Y [0] $procmux$8983_Y [0] $procmux$8983_Y [0] $procmux$8983_Y [0] }
    New ctrl vector for $pmux cell $procmux$7940: { $procmux$10001_CMP $procmux$10006_CMP $procmux$10011_CMP $procmux$10016_CMP $auto$opt_reduce.cc:137:opt_pmux$19800 $procmux$10021_CMP $procmux$10026_CMP }
    New ctrl vector for $pmux cell $procmux$7930: { $procmux$10001_CMP $procmux$10006_CMP $procmux$10011_CMP $procmux$10016_CMP $auto$opt_reduce.cc:137:opt_pmux$19802 $procmux$10021_CMP $procmux$10026_CMP }
  Optimizing cells in module \wire_itch_decoder.
    Consolidated identical input bits for $mux cell $procmux$9030:
      Old ports: A=8'00000000, B=$4$memwr$\bytes_q$rtl/arch_a/wire_itch_decoder.sv:167$3969_EN[7:0]$4060, Y=$procmux$9030_Y
      New ports: A=1'0, B=$procmux$8983_Y [0], Y=$procmux$9030_Y [0]
      New connections: $procmux$9030_Y [7:1] = { $procmux$9030_Y [0] $procmux$9030_Y [0] $procmux$9030_Y [0] $procmux$9030_Y [0] $procmux$9030_Y [0] $procmux$9030_Y [0] $procmux$9030_Y [0] }
  Optimizing cells in module \wire_itch_decoder.
    Consolidated identical input bits for $mux cell $procmux$9068:
      Old ports: A=8'00000000, B=$3$memwr$\bytes_q$rtl/arch_a/wire_itch_decoder.sv:167$3969_EN[7:0]$4056, Y=$procmux$9068_Y
      New ports: A=1'0, B=$procmux$9030_Y [0], Y=$procmux$9068_Y [0]
      New connections: $procmux$9068_Y [7:1] = { $procmux$9068_Y [0] $procmux$9068_Y [0] $procmux$9068_Y [0] $procmux$9068_Y [0] $procmux$9068_Y [0] $procmux$9068_Y [0] $procmux$9068_Y [0] }
  Optimizing cells in module \wire_itch_decoder.
    Consolidated identical input bits for $mux cell $procmux$9247:
      Old ports: A=$2$memwr$\bytes_q$rtl/arch_a/wire_itch_decoder.sv:167$3969_EN[7:0]$4050, B=8'00000000, Y=$procmux$9247_Y
      New ports: A=$procmux$9068_Y [0], B=1'0, Y=$procmux$9247_Y [0]
      New connections: $procmux$9247_Y [7:1] = { $procmux$9247_Y [0] $procmux$9247_Y [0] $procmux$9247_Y [0] $procmux$9247_Y [0] $procmux$9247_Y [0] $procmux$9247_Y [0] $procmux$9247_Y [0] }
  Optimizing cells in module \wire_itch_decoder.
  Optimizing cells in module \wire_mold_message_framer.
    New ctrl vector for $pmux cell $procmux$10328: { $auto$opt_reduce.cc:137:opt_pmux$19804 $procmux$10331_CMP $procmux$10332_CMP }
    New ctrl vector for $pmux cell $procmux$10111: $auto$opt_reduce.cc:137:opt_pmux$19806
    New ctrl vector for $pmux cell $procmux$10065: $auto$opt_reduce.cc:137:opt_pmux$19808
  Optimizing cells in module \wire_mold_message_framer.
  Optimizing cells in module \wire_mold_header_seq.
  Optimizing cells in module \wire_mold_header_seq.
  Optimizing cells in module \wire_udp_parser.
  Optimizing cells in module \wire_udp_parser.
  Optimizing cells in module \wire_ipv4_parser.
  Optimizing cells in module \wire_ipv4_parser.
  Optimizing cells in module \wire_eth_parser.
  Optimizing cells in module \wire_eth_parser.
  Optimizing cells in module \wire_gearbox_64to8.
  Optimizing cells in module $paramod\wire_order_book\NUM_SETS=s32'00000000000000000000001000000000.
    New ctrl vector for $pmux cell $procmux$16761: $procmux$16765_CMP
  Optimizing cells in module $paramod\wire_order_book\NUM_SETS=s32'00000000000000000000001000000000.
  Optimizing cells in module \wire_ingress_buffer.
    Consolidated identical input bits for $mux cell $procmux$17461:
      Old ports: A=64'0000000000000000000000000000000000000000000000000000000000000000, B=64'1111111111111111111111111111111111111111111111111111111111111111, Y=$procmux$17461_Y
      New ports: A=1'0, B=1'1, Y=$procmux$17461_Y [0]
      New connections: $procmux$17461_Y [63:1] = { $procmux$17461_Y [0] $procmux$17461_Y [0] $procmux$17461_Y [0] $procmux$17461_Y [0] $procmux$17461_Y [0] $procmux$17461_Y [0] $procmux$17461_Y [0] $procmux$17461_Y [0] $procmux$17461_Y [0] $procmux$17461_Y [0] $procmux$17461_Y [0] $procmux$17461_Y [0] $procmux$17461_Y [0] $procmux$17461_Y [0] $procmux$17461_Y [0] $procmux$17461_Y [0] $procmux$17461_Y [0] $procmux$17461_Y [0] $procmux$17461_Y [0] $procmux$17461_Y [0] $procmux$17461_Y [0] $procmux$17461_Y [0] $procmux$17461_Y [0] $procmux$17461_Y [0] $procmux$17461_Y [0] $procmux$17461_Y [0] $procmux$17461_Y [0] $procmux$17461_Y [0] $procmux$17461_Y [0] $procmux$17461_Y [0] $procmux$17461_Y [0] $procmux$17461_Y [0] $procmux$17461_Y [0] $procmux$17461_Y [0] $procmux$17461_Y [0] $procmux$17461_Y [0] $procmux$17461_Y [0] $procmux$17461_Y [0] $procmux$17461_Y [0] $procmux$17461_Y [0] $procmux$17461_Y [0] $procmux$17461_Y [0] $procmux$17461_Y [0] $procmux$17461_Y [0] $procmux$17461_Y [0] $procmux$17461_Y [0] $procmux$17461_Y [0] $procmux$17461_Y [0] $procmux$17461_Y [0] $procmux$17461_Y [0] $procmux$17461_Y [0] $procmux$17461_Y [0] $procmux$17461_Y [0] $procmux$17461_Y [0] $procmux$17461_Y [0] $procmux$17461_Y [0] $procmux$17461_Y [0] $procmux$17461_Y [0] $procmux$17461_Y [0] $procmux$17461_Y [0] $procmux$17461_Y [0] $procmux$17461_Y [0] $procmux$17461_Y [0] }
    Consolidated identical input bits for $mux cell $procmux$17443:
      Old ports: A=8'00000000, B=8'11111111, Y=$procmux$17443_Y
      New ports: A=1'0, B=1'1, Y=$procmux$17443_Y [0]
      New connections: $procmux$17443_Y [7:1] = { $procmux$17443_Y [0] $procmux$17443_Y [0] $procmux$17443_Y [0] $procmux$17443_Y [0] $procmux$17443_Y [0] $procmux$17443_Y [0] $procmux$17443_Y [0] }
  Optimizing cells in module \wire_ingress_buffer.
    Consolidated identical input bits for $mux cell $procmux$17504:
      Old ports: A=$2$memwr$\data_q$rtl/common/wire_ingress_buffer.sv:44$1_EN[63:0]$33, B=64'0000000000000000000000000000000000000000000000000000000000000000, Y=$procmux$17504_Y
      New ports: A=$procmux$17461_Y [0], B=1'0, Y=$procmux$17504_Y [0]
      New connections: $procmux$17504_Y [63:1] = { $procmux$17504_Y [0] $procmux$17504_Y [0] $procmux$17504_Y [0] $procmux$17504_Y [0] $procmux$17504_Y [0] $procmux$17504_Y [0] $procmux$17504_Y [0] $procmux$17504_Y [0] $procmux$17504_Y [0] $procmux$17504_Y [0] $procmux$17504_Y [0] $procmux$17504_Y [0] $procmux$17504_Y [0] $procmux$17504_Y [0] $procmux$17504_Y [0] $procmux$17504_Y [0] $procmux$17504_Y [0] $procmux$17504_Y [0] $procmux$17504_Y [0] $procmux$17504_Y [0] $procmux$17504_Y [0] $procmux$17504_Y [0] $procmux$17504_Y [0] $procmux$17504_Y [0] $procmux$17504_Y [0] $procmux$17504_Y [0] $procmux$17504_Y [0] $procmux$17504_Y [0] $procmux$17504_Y [0] $procmux$17504_Y [0] $procmux$17504_Y [0] $procmux$17504_Y [0] $procmux$17504_Y [0] $procmux$17504_Y [0] $procmux$17504_Y [0] $procmux$17504_Y [0] $procmux$17504_Y [0] $procmux$17504_Y [0] $procmux$17504_Y [0] $procmux$17504_Y [0] $procmux$17504_Y [0] $procmux$17504_Y [0] $procmux$17504_Y [0] $procmux$17504_Y [0] $procmux$17504_Y [0] $procmux$17504_Y [0] $procmux$17504_Y [0] $procmux$17504_Y [0] $procmux$17504_Y [0] $procmux$17504_Y [0] $procmux$17504_Y [0] $procmux$17504_Y [0] $procmux$17504_Y [0] $procmux$17504_Y [0] $procmux$17504_Y [0] $procmux$17504_Y [0] $procmux$17504_Y [0] $procmux$17504_Y [0] $procmux$17504_Y [0] $procmux$17504_Y [0] $procmux$17504_Y [0] $procmux$17504_Y [0] $procmux$17504_Y [0] }
    Consolidated identical input bits for $mux cell $procmux$17495:
      Old ports: A=$2$memwr$\keep_q$rtl/common/wire_ingress_buffer.sv:45$2_EN[7:0]$36, B=8'00000000, Y=$procmux$17495_Y
      New ports: A=$procmux$17443_Y [0], B=1'0, Y=$procmux$17495_Y [0]
      New connections: $procmux$17495_Y [7:1] = { $procmux$17495_Y [0] $procmux$17495_Y [0] $procmux$17495_Y [0] $procmux$17495_Y [0] $procmux$17495_Y [0] $procmux$17495_Y [0] $procmux$17495_Y [0] }
  Optimizing cells in module \wire_ingress_buffer.
Performed a total of 34 changes.

14.5. Executing OPT_MERGE pass (detect identical cells).
Finding identical cells in module `\wire_arch_a_parser_book_top'.
Computing hashes of 2 cells of `\wire_arch_a_parser_book_top'.
Finding duplicate cells in `\wire_arch_a_parser_book_top'.
Finding identical cells in module `\wire_arch_a_parser_top'.
Computing hashes of 51 cells of `\wire_arch_a_parser_top'.
Finding duplicate cells in `\wire_arch_a_parser_top'.
Finding identical cells in module `\wire_itch_decoder'.
Computing hashes of 393 cells of `\wire_itch_decoder'.
Finding duplicate cells in `\wire_itch_decoder'.
Computing hashes of 369 cells of `\wire_itch_decoder'.
Finding duplicate cells in `\wire_itch_decoder'.
Computing hashes of 365 cells of `\wire_itch_decoder'.
Finding duplicate cells in `\wire_itch_decoder'.
Computing hashes of 364 cells of `\wire_itch_decoder'.
Finding duplicate cells in `\wire_itch_decoder'.
Computing hashes of 363 cells of `\wire_itch_decoder'.
Finding duplicate cells in `\wire_itch_decoder'.
Computing hashes of 362 cells of `\wire_itch_decoder'.
Finding duplicate cells in `\wire_itch_decoder'.
<suppressed ~93 debug messages>
Finding identical cells in module `\wire_mold_message_framer'.
Computing hashes of 180 cells of `\wire_mold_message_framer'.
Finding duplicate cells in `\wire_mold_message_framer'.
Computing hashes of 176 cells of `\wire_mold_message_framer'.
Finding duplicate cells in `\wire_mold_message_framer'.
<suppressed ~12 debug messages>
Finding identical cells in module `\wire_mold_header_seq'.
Computing hashes of 215 cells of `\wire_mold_header_seq'.
Finding duplicate cells in `\wire_mold_header_seq'.
Computing hashes of 205 cells of `\wire_mold_header_seq'.
Finding duplicate cells in `\wire_mold_header_seq'.
<suppressed ~30 debug messages>
Finding identical cells in module `\wire_udp_parser'.
Computing hashes of 190 cells of `\wire_udp_parser'.
Finding duplicate cells in `\wire_udp_parser'.
Computing hashes of 182 cells of `\wire_udp_parser'.
Finding duplicate cells in `\wire_udp_parser'.
<suppressed ~24 debug messages>
Finding identical cells in module `\wire_ipv4_parser'.
Computing hashes of 165 cells of `\wire_ipv4_parser'.
Finding duplicate cells in `\wire_ipv4_parser'.
Finding identical cells in module `\wire_eth_parser'.
Computing hashes of 84 cells of `\wire_eth_parser'.
Finding duplicate cells in `\wire_eth_parser'.
Computing hashes of 82 cells of `\wire_eth_parser'.
Finding duplicate cells in `\wire_eth_parser'.
<suppressed ~6 debug messages>
Finding identical cells in module `\wire_gearbox_64to8'.
Computing hashes of 45 cells of `\wire_gearbox_64to8'.
Finding duplicate cells in `\wire_gearbox_64to8'.
Finding identical cells in module `$paramod\wire_order_book\NUM_SETS=s32'00000000000000000000001000000000'.
Computing hashes of 3647 cells of `$paramod\wire_order_book\NUM_SETS=s32'00000000000000000000001000000000'.
Finding duplicate cells in `$paramod\wire_order_book\NUM_SETS=s32'00000000000000000000001000000000'.
Computing hashes of 2612 cells of `$paramod\wire_order_book\NUM_SETS=s32'00000000000000000000001000000000'.
Finding duplicate cells in `$paramod\wire_order_book\NUM_SETS=s32'00000000000000000000001000000000'.
Computing hashes of 1577 cells of `$paramod\wire_order_book\NUM_SETS=s32'00000000000000000000001000000000'.
Finding duplicate cells in `$paramod\wire_order_book\NUM_SETS=s32'00000000000000000000001000000000'.
Computing hashes of 1565 cells of `$paramod\wire_order_book\NUM_SETS=s32'00000000000000000000001000000000'.
Finding duplicate cells in `$paramod\wire_order_book\NUM_SETS=s32'00000000000000000000001000000000'.
Computing hashes of 1553 cells of `$paramod\wire_order_book\NUM_SETS=s32'00000000000000000000001000000000'.
Finding duplicate cells in `$paramod\wire_order_book\NUM_SETS=s32'00000000000000000000001000000000'.
Computing hashes of 1541 cells of `$paramod\wire_order_book\NUM_SETS=s32'00000000000000000000001000000000'.
Finding duplicate cells in `$paramod\wire_order_book\NUM_SETS=s32'00000000000000000000001000000000'.
<suppressed ~6318 debug messages>
Finding identical cells in module `\wire_ingress_buffer'.
Computing hashes of 53 cells of `\wire_ingress_buffer'.
Finding duplicate cells in `\wire_ingress_buffer'.
Computing hashes of 49 cells of `\wire_ingress_buffer'.
Finding duplicate cells in `\wire_ingress_buffer'.
Computing hashes of 45 cells of `\wire_ingress_buffer'.
Finding duplicate cells in `\wire_ingress_buffer'.
Computing hashes of 43 cells of `\wire_ingress_buffer'.
Finding duplicate cells in `\wire_ingress_buffer'.
<suppressed ~30 debug messages>
Removed a total of 2171 cells.

14.6. Executing OPT_DFF pass (perform DFF optimizations).
Adding SRST signal on $procdff$17523 ($dff) from module wire_arch_a_parser_top (D = $procmux$7924_Y, Q = \parser_recovery_q, rval = 1'0).
Adding EN signal on $auto$ff.cc:337:slice$19809 ($sdff) from module wire_arch_a_parser_top (D = 1'1, Q = \parser_recovery_q).
Adding SRST signal on $procdff$17524 ($dff) from module wire_arch_a_parser_top (D = $procmux$7919_Y, Q = \recovery_stage_q, rval = 4'0000).
Adding EN signal on $auto$ff.cc:337:slice$19811 ($sdff) from module wire_arch_a_parser_top (D = $procmux$7917_Y, Q = \recovery_stage_q).
Adding SRST signal on $procdff$17525 ($dff) from module wire_arch_a_parser_top (D = $procmux$7899_Y, Q = \frame_open_q, rval = 1'0).
Adding EN signal on $auto$ff.cc:337:slice$19813 ($sdff) from module wire_arch_a_parser_top (D = $logic_not$rtl/arch_a/wire_arch_a_parser_top.sv:143$4330_Y, Q = \frame_open_q).
Adding SRST signal on $procdff$17544 ($dff) from module wire_itch_decoder (D = $procmux$9486_Y, Q = \old_ref_q, rval = 64'0000000000000000000000000000000000000000000000000000000000000000).
Adding EN signal on $auto$ff.cc:337:slice$19815 ($sdff) from module wire_itch_decoder (D = $procmux$9484_Y, Q = \old_ref_q).
Adding SRST signal on $procdff$17549 ($dff) from module wire_itch_decoder (D = $procmux$9352_Y, Q = \price_valid_q, rval = 1'0).
Adding EN signal on $auto$ff.cc:337:slice$19817 ($sdff) from module wire_itch_decoder (D = $procmux$9350_Y, Q = \price_valid_q).
Adding SRST signal on $procdff$17545 ($dff) from module wire_itch_decoder (D = $procmux$9461_Y, Q = \new_ref_q, rval = 64'0000000000000000000000000000000000000000000000000000000000000000).
Adding EN signal on $auto$ff.cc:337:slice$19819 ($sdff) from module wire_itch_decoder (D = $procmux$9459_Y, Q = \new_ref_q).
Adding SRST signal on $procdff$17542 ($dff) from module wire_itch_decoder (D = $procmux$9504_Y, Q = \timestamp_q, rval = 48'000000000000000000000000000000000000000000000000).
Adding EN signal on $auto$ff.cc:337:slice$19821 ($sdff) from module wire_itch_decoder (D = { $memrd$\bytes_q$rtl/arch_a/wire_itch_decoder.sv:91$4110_DATA $memrd$\bytes_q$rtl/arch_a/wire_itch_decoder.sv:91$4109_DATA $memrd$\bytes_q$rtl/arch_a/wire_itch_decoder.sv:91$4108_DATA $memrd$\bytes_q$rtl/arch_a/wire_itch_decoder.sv:92$4107_DATA $memrd$\bytes_q$rtl/arch_a/wire_itch_decoder.sv:92$4106_DATA $memrd$\bytes_q$rtl/arch_a/wire_itch_decoder.sv:92$4105_DATA }, Q = \timestamp_q).
Adding SRST signal on $procdff$17526 ($dff) from module wire_itch_decoder (D = $procmux$9993_Y, Q = \recovery_required, rval = 1'0).
Adding EN signal on $auto$ff.cc:337:slice$19823 ($sdff) from module wire_itch_decoder (D = $procmux$9993_Y, Q = \recovery_required).
Adding SRST signal on $procdff$17527 ($dff) from module wire_itch_decoder (D = $procmux$9890_Y, Q = \state_q, rval = 3'000).
Adding EN signal on $auto$ff.cc:337:slice$19843 ($sdff) from module wire_itch_decoder (D = $procmux$9890_Y, Q = \state_q).
Adding SRST signal on $procdff$17528 ($dff) from module wire_itch_decoder (D = $procmux$9878_Y, Q = \event_kind_q, rval = 3'000).
Adding EN signal on $auto$ff.cc:337:slice$19877 ($sdff) from module wire_itch_decoder (D = $procmux$9870_Y, Q = \event_kind_q).
Adding SRST signal on $procdff$17548 ($dff) from module wire_itch_decoder (D = $procmux$9382_Y, Q = \quantity_valid_q, rval = 1'0).
Adding EN signal on $auto$ff.cc:337:slice$19891 ($sdff) from module wire_itch_decoder (D = $procmux$9380_Y, Q = \quantity_valid_q).
Adding SRST signal on $procdff$17529 ($dff) from module wire_itch_decoder (D = $procmux$9847_Y, Q = \quantity_q, rval = 0).
Adding EN signal on $auto$ff.cc:337:slice$19893 ($sdff) from module wire_itch_decoder (D = $procmux$9845_Y, Q = \quantity_q).
Adding SRST signal on $procdff$17530 ($dff) from module wire_itch_decoder (D = $procmux$9817_Y, Q = \price_q, rval = 0).
Adding EN signal on $auto$ff.cc:337:slice$19895 ($sdff) from module wire_itch_decoder (D = $procmux$9815_Y, Q = \price_q).
Adding SRST signal on $procdff$17531 ($dff) from module wire_itch_decoder (D = $procmux$9790_Y, Q = \side_q, rval = 1'0).
Adding EN signal on $auto$ff.cc:337:slice$19897 ($sdff) from module wire_itch_decoder (D = $procmux$9788_Y, Q = \side_q).
Adding SRST signal on $procdff$17532 ($dff) from module wire_itch_decoder (D = $procmux$9700_Y, Q = \reject_code_q, rval = 3'000).
Adding EN signal on $auto$ff.cc:337:slice$19899 ($sdff) from module wire_itch_decoder (D = $procmux$9700_Y, Q = \reject_code_q).
Adding SRST signal on $procdff$17533 ($dff) from module wire_itch_decoder (D = $procmux$9672_Y, Q = \declared_length_q, rval = 16'0000000000000000).
Adding EN signal on $auto$ff.cc:337:slice$19925 ($sdff) from module wire_itch_decoder (D = \message_length, Q = \declared_length_q).
Adding SRST signal on $procdff$17546 ($dff) from module wire_itch_decoder (D = $procmux$9434_Y, Q = \old_valid_q, rval = 1'0).
Adding EN signal on $auto$ff.cc:337:slice$19929 ($sdff) from module wire_itch_decoder (D = $procmux$9432_Y, Q = \old_valid_q).
Adding SRST signal on $procdff$17550 ($dff) from module wire_itch_decoder (D = $procmux$9325_Y, Q = \side_valid_q, rval = 1'0).
Adding EN signal on $auto$ff.cc:337:slice$19931 ($sdff) from module wire_itch_decoder (D = $procmux$9323_Y, Q = \side_valid_q).
Adding SRST signal on $procdff$17534 ($dff) from module wire_itch_decoder (D = $procmux$9593_Y, Q = \reject_pending_q, rval = 1'0).
Adding SRST signal on $procdff$17535 ($dff) from module wire_itch_decoder (D = $procmux$9560_Y, Q = \byte_index_q, rval = 6'000000).
Adding EN signal on $auto$ff.cc:337:slice$19934 ($sdff) from module wire_itch_decoder (D = $procmux$9560_Y, Q = \byte_index_q).
Adding SRST signal on $procdff$17547 ($dff) from module wire_itch_decoder (D = $procmux$9409_Y, Q = \new_valid_q, rval = 1'0).
Adding EN signal on $auto$ff.cc:337:slice$19946 ($sdff) from module wire_itch_decoder (D = $procmux$9407_Y, Q = \new_valid_q).
Adding SRST signal on $procdff$17536 ($dff) from module wire_itch_decoder (D = $procmux$9544_Y, Q = \message_sequence_q, rval = 64'0000000000000000000000000000000000000000000000000000000000000000).
Adding EN signal on $auto$ff.cc:337:slice$19948 ($sdff) from module wire_itch_decoder (D = \message_sequence, Q = \message_sequence_q).
Adding EN signal on $procdff$17537 ($dff) from module wire_itch_decoder (D = \cfg_tracked_stock_locate, Q = \tracked_locate_q).
Adding EN signal on $procdff$17538 ($dff) from module wire_itch_decoder (D = \cfg_symbol_check_enable, Q = \symbol_enable_q).
Adding EN signal on $procdff$17539 ($dff) from module wire_itch_decoder (D = \cfg_expected_stock_symbol, Q = \expected_symbol_q).
Adding SRST signal on $procdff$17543 ($dff) from module wire_itch_decoder (D = $procmux$9495_Y, Q = \stock_locate_q, rval = 16'0000000000000000).
Adding EN signal on $auto$ff.cc:337:slice$19955 ($sdff) from module wire_itch_decoder (D = { $memrd$\bytes_q$rtl/arch_a/wire_itch_decoder.sv:81$4112_DATA $memrd$\bytes_q$rtl/arch_a/wire_itch_decoder.sv:81$4111_DATA }, Q = \stock_locate_q).
Adding SRST signal on $procdff$17540 ($dff) from module wire_itch_decoder (D = $procmux$9522_Y, Q = \source_type_q, rval = 8'00000000).
Adding EN signal on $auto$ff.cc:337:slice$19957 ($sdff) from module wire_itch_decoder (D = $memrd$\bytes_q$rtl/arch_a/wire_itch_decoder.sv:197$4104_DATA, Q = \source_type_q).
Adding SRST signal on $procdff$17541 ($dff) from module wire_itch_decoder (D = $procmux$9513_Y, Q = \mold_sequence_q, rval = 64'0000000000000000000000000000000000000000000000000000000000000000).
Adding EN signal on $auto$ff.cc:337:slice$19959 ($sdff) from module wire_itch_decoder (D = \message_sequence_q, Q = \mold_sequence_q).
Setting constant 0-bit at position 0 on $procdff$17567 ($dff) from module wire_itch_decoder.
Setting constant 0-bit at position 1 on $procdff$17567 ($dff) from module wire_itch_decoder.
Setting constant 0-bit at position 2 on $procdff$17567 ($dff) from module wire_itch_decoder.
Setting constant 0-bit at position 3 on $procdff$17567 ($dff) from module wire_itch_decoder.
Setting constant 0-bit at position 4 on $procdff$17567 ($dff) from module wire_itch_decoder.
Setting constant 0-bit at position 5 on $procdff$17567 ($dff) from module wire_itch_decoder.
Setting constant 0-bit at position 6 on $procdff$17567 ($dff) from module wire_itch_decoder.
Setting constant 0-bit at position 7 on $procdff$17567 ($dff) from module wire_itch_decoder.
Setting constant 0-bit at position 8 on $procdff$17567 ($dff) from module wire_itch_decoder.
Setting constant 0-bit at position 9 on $procdff$17567 ($dff) from module wire_itch_decoder.
Setting constant 0-bit at position 10 on $procdff$17567 ($dff) from module wire_itch_decoder.
Setting constant 0-bit at position 11 on $procdff$17567 ($dff) from module wire_itch_decoder.
Setting constant 0-bit at position 12 on $procdff$17567 ($dff) from module wire_itch_decoder.
Setting constant 0-bit at position 13 on $procdff$17567 ($dff) from module wire_itch_decoder.
Setting constant 0-bit at position 14 on $procdff$17567 ($dff) from module wire_itch_decoder.
Setting constant 0-bit at position 15 on $procdff$17567 ($dff) from module wire_itch_decoder.
Setting constant 0-bit at position 16 on $procdff$17567 ($dff) from module wire_itch_decoder.
Setting constant 0-bit at position 17 on $procdff$17567 ($dff) from module wire_itch_decoder.
Setting constant 0-bit at position 18 on $procdff$17567 ($dff) from module wire_itch_decoder.
Setting constant 0-bit at position 19 on $procdff$17567 ($dff) from module wire_itch_decoder.
Setting constant 0-bit at position 20 on $procdff$17567 ($dff) from module wire_itch_decoder.
Setting constant 0-bit at position 21 on $procdff$17567 ($dff) from module wire_itch_decoder.
Setting constant 0-bit at position 22 on $procdff$17567 ($dff) from module wire_itch_decoder.
Setting constant 0-bit at position 23 on $procdff$17567 ($dff) from module wire_itch_decoder.
Setting constant 0-bit at position 24 on $procdff$17567 ($dff) from module wire_itch_decoder.
Setting constant 0-bit at position 25 on $procdff$17567 ($dff) from module wire_itch_decoder.
Setting constant 0-bit at position 26 on $procdff$17567 ($dff) from module wire_itch_decoder.
Setting constant 0-bit at position 27 on $procdff$17567 ($dff) from module wire_itch_decoder.
Setting constant 0-bit at position 28 on $procdff$17567 ($dff) from module wire_itch_decoder.
Setting constant 0-bit at position 29 on $procdff$17567 ($dff) from module wire_itch_decoder.
Setting constant 0-bit at position 30 on $procdff$17567 ($dff) from module wire_itch_decoder.
Setting constant 0-bit at position 31 on $procdff$17567 ($dff) from module wire_itch_decoder.
Setting constant 0-bit at position 0 on $procdff$17553 ($dff) from module wire_itch_decoder.
Setting constant 0-bit at position 1 on $procdff$17553 ($dff) from module wire_itch_decoder.
Setting constant 0-bit at position 2 on $procdff$17553 ($dff) from module wire_itch_decoder.
Setting constant 0-bit at position 3 on $procdff$17553 ($dff) from module wire_itch_decoder.
Setting constant 0-bit at position 4 on $procdff$17553 ($dff) from module wire_itch_decoder.
Setting constant 0-bit at position 5 on $procdff$17553 ($dff) from module wire_itch_decoder.
Setting constant 0-bit at position 6 on $procdff$17553 ($dff) from module wire_itch_decoder.
Setting constant 0-bit at position 7 on $procdff$17553 ($dff) from module wire_itch_decoder.
Setting constant 0-bit at position 8 on $procdff$17553 ($dff) from module wire_itch_decoder.
Setting constant 0-bit at position 9 on $procdff$17553 ($dff) from module wire_itch_decoder.
Setting constant 0-bit at position 10 on $procdff$17553 ($dff) from module wire_itch_decoder.
Setting constant 0-bit at position 11 on $procdff$17553 ($dff) from module wire_itch_decoder.
Setting constant 0-bit at position 12 on $procdff$17553 ($dff) from module wire_itch_decoder.
Setting constant 0-bit at position 13 on $procdff$17553 ($dff) from module wire_itch_decoder.
Setting constant 0-bit at position 14 on $procdff$17553 ($dff) from module wire_itch_decoder.
Setting constant 0-bit at position 15 on $procdff$17553 ($dff) from module wire_itch_decoder.
Setting constant 0-bit at position 0 on $procdff$17565 ($dff) from module wire_itch_decoder.
Setting constant 0-bit at position 1 on $procdff$17565 ($dff) from module wire_itch_decoder.
Setting constant 0-bit at position 2 on $procdff$17565 ($dff) from module wire_itch_decoder.
Setting constant 0-bit at position 3 on $procdff$17565 ($dff) from module wire_itch_decoder.
Setting constant 0-bit at position 4 on $procdff$17565 ($dff) from module wire_itch_decoder.
Setting constant 0-bit at position 5 on $procdff$17565 ($dff) from module wire_itch_decoder.
Setting constant 0-bit at position 6 on $procdff$17565 ($dff) from module wire_itch_decoder.
Setting constant 0-bit at position 7 on $procdff$17565 ($dff) from module wire_itch_decoder.
Setting constant 0-bit at position 8 on $procdff$17565 ($dff) from module wire_itch_decoder.
Setting constant 0-bit at position 9 on $procdff$17565 ($dff) from module wire_itch_decoder.
Setting constant 0-bit at position 10 on $procdff$17565 ($dff) from module wire_itch_decoder.
Setting constant 0-bit at position 11 on $procdff$17565 ($dff) from module wire_itch_decoder.
Setting constant 0-bit at position 12 on $procdff$17565 ($dff) from module wire_itch_decoder.
Setting constant 0-bit at position 13 on $procdff$17565 ($dff) from module wire_itch_decoder.
Setting constant 0-bit at position 14 on $procdff$17565 ($dff) from module wire_itch_decoder.
Setting constant 0-bit at position 15 on $procdff$17565 ($dff) from module wire_itch_decoder.
Setting constant 0-bit at position 16 on $procdff$17565 ($dff) from module wire_itch_decoder.
Setting constant 0-bit at position 17 on $procdff$17565 ($dff) from module wire_itch_decoder.
Setting constant 0-bit at position 18 on $procdff$17565 ($dff) from module wire_itch_decoder.
Setting constant 0-bit at position 19 on $procdff$17565 ($dff) from module wire_itch_decoder.
Setting constant 0-bit at position 20 on $procdff$17565 ($dff) from module wire_itch_decoder.
Setting constant 0-bit at position 21 on $procdff$17565 ($dff) from module wire_itch_decoder.
Setting constant 0-bit at position 22 on $procdff$17565 ($dff) from module wire_itch_decoder.
Setting constant 0-bit at position 23 on $procdff$17565 ($dff) from module wire_itch_decoder.
Setting constant 0-bit at position 24 on $procdff$17565 ($dff) from module wire_itch_decoder.
Setting constant 0-bit at position 25 on $procdff$17565 ($dff) from module wire_itch_decoder.
Setting constant 0-bit at position 26 on $procdff$17565 ($dff) from module wire_itch_decoder.
Setting constant 0-bit at position 27 on $procdff$17565 ($dff) from module wire_itch_decoder.
Setting constant 0-bit at position 28 on $procdff$17565 ($dff) from module wire_itch_decoder.
Setting constant 0-bit at position 29 on $procdff$17565 ($dff) from module wire_itch_decoder.
Setting constant 0-bit at position 30 on $procdff$17565 ($dff) from module wire_itch_decoder.
Setting constant 0-bit at position 31 on $procdff$17565 ($dff) from module wire_itch_decoder.
Setting constant 0-bit at position 32 on $procdff$17565 ($dff) from module wire_itch_decoder.
Setting constant 0-bit at position 33 on $procdff$17565 ($dff) from module wire_itch_decoder.
Setting constant 0-bit at position 34 on $procdff$17565 ($dff) from module wire_itch_decoder.
Setting constant 0-bit at position 35 on $procdff$17565 ($dff) from module wire_itch_decoder.
Setting constant 0-bit at position 36 on $procdff$17565 ($dff) from module wire_itch_decoder.
Setting constant 0-bit at position 37 on $procdff$17565 ($dff) from module wire_itch_decoder.
Setting constant 0-bit at position 38 on $procdff$17565 ($dff) from module wire_itch_decoder.
Setting constant 0-bit at position 39 on $procdff$17565 ($dff) from module wire_itch_decoder.
Setting constant 0-bit at position 40 on $procdff$17565 ($dff) from module wire_itch_decoder.
Setting constant 0-bit at position 41 on $procdff$17565 ($dff) from module wire_itch_decoder.
Setting constant 0-bit at position 42 on $procdff$17565 ($dff) from module wire_itch_decoder.
Setting constant 0-bit at position 43 on $procdff$17565 ($dff) from module wire_itch_decoder.
Setting constant 0-bit at position 44 on $procdff$17565 ($dff) from module wire_itch_decoder.
Setting constant 0-bit at position 45 on $procdff$17565 ($dff) from module wire_itch_decoder.
Setting constant 0-bit at position 46 on $procdff$17565 ($dff) from module wire_itch_decoder.
Setting constant 0-bit at position 47 on $procdff$17565 ($dff) from module wire_itch_decoder.
Setting constant 0-bit at position 48 on $procdff$17565 ($dff) from module wire_itch_decoder.
Setting constant 0-bit at position 49 on $procdff$17565 ($dff) from module wire_itch_decoder.
Setting constant 0-bit at position 50 on $procdff$17565 ($dff) from module wire_itch_decoder.
Setting constant 0-bit at position 51 on $procdff$17565 ($dff) from module wire_itch_decoder.
Setting constant 0-bit at position 52 on $procdff$17565 ($dff) from module wire_itch_decoder.
Setting constant 0-bit at position 53 on $procdff$17565 ($dff) from module wire_itch_decoder.
Setting constant 0-bit at position 54 on $procdff$17565 ($dff) from module wire_itch_decoder.
Setting constant 0-bit at position 55 on $procdff$17565 ($dff) from module wire_itch_decoder.
Setting constant 0-bit at position 56 on $procdff$17565 ($dff) from module wire_itch_decoder.
Setting constant 0-bit at position 57 on $procdff$17565 ($dff) from module wire_itch_decoder.
Setting constant 0-bit at position 58 on $procdff$17565 ($dff) from module wire_itch_decoder.
Setting constant 0-bit at position 59 on $procdff$17565 ($dff) from module wire_itch_decoder.
Setting constant 0-bit at position 60 on $procdff$17565 ($dff) from module wire_itch_decoder.
Setting constant 0-bit at position 61 on $procdff$17565 ($dff) from module wire_itch_decoder.
Setting constant 0-bit at position 62 on $procdff$17565 ($dff) from module wire_itch_decoder.
Setting constant 0-bit at position 63 on $procdff$17565 ($dff) from module wire_itch_decoder.
Setting constant 0-bit at position 0 on $procdff$17551 ($dff) from module wire_itch_decoder.
Setting constant 0-bit at position 1 on $procdff$17551 ($dff) from module wire_itch_decoder.
Setting constant 0-bit at position 2 on $procdff$17551 ($dff) from module wire_itch_decoder.
Setting constant 0-bit at position 3 on $procdff$17551 ($dff) from module wire_itch_decoder.
Setting constant 0-bit at position 4 on $procdff$17551 ($dff) from module wire_itch_decoder.
Setting constant 0-bit at position 5 on $procdff$17551 ($dff) from module wire_itch_decoder.
Setting constant 0-bit at position 6 on $procdff$17551 ($dff) from module wire_itch_decoder.
Setting constant 0-bit at position 7 on $procdff$17551 ($dff) from module wire_itch_decoder.
Setting constant 0-bit at position 8 on $procdff$17551 ($dff) from module wire_itch_decoder.
Setting constant 0-bit at position 9 on $procdff$17551 ($dff) from module wire_itch_decoder.
Setting constant 0-bit at position 10 on $procdff$17551 ($dff) from module wire_itch_decoder.
Setting constant 0-bit at position 11 on $procdff$17551 ($dff) from module wire_itch_decoder.
Setting constant 0-bit at position 12 on $procdff$17551 ($dff) from module wire_itch_decoder.
Setting constant 0-bit at position 13 on $procdff$17551 ($dff) from module wire_itch_decoder.
Setting constant 0-bit at position 14 on $procdff$17551 ($dff) from module wire_itch_decoder.
Setting constant 0-bit at position 15 on $procdff$17551 ($dff) from module wire_itch_decoder.
Setting constant 0-bit at position 16 on $procdff$17551 ($dff) from module wire_itch_decoder.
Setting constant 0-bit at position 17 on $procdff$17551 ($dff) from module wire_itch_decoder.
Setting constant 0-bit at position 18 on $procdff$17551 ($dff) from module wire_itch_decoder.
Setting constant 0-bit at position 19 on $procdff$17551 ($dff) from module wire_itch_decoder.
Setting constant 0-bit at position 20 on $procdff$17551 ($dff) from module wire_itch_decoder.
Setting constant 0-bit at position 21 on $procdff$17551 ($dff) from module wire_itch_decoder.
Setting constant 0-bit at position 22 on $procdff$17551 ($dff) from module wire_itch_decoder.
Setting constant 0-bit at position 23 on $procdff$17551 ($dff) from module wire_itch_decoder.
Setting constant 0-bit at position 24 on $procdff$17551 ($dff) from module wire_itch_decoder.
Setting constant 0-bit at position 25 on $procdff$17551 ($dff) from module wire_itch_decoder.
Setting constant 0-bit at position 26 on $procdff$17551 ($dff) from module wire_itch_decoder.
Setting constant 0-bit at position 27 on $procdff$17551 ($dff) from module wire_itch_decoder.
Setting constant 0-bit at position 28 on $procdff$17551 ($dff) from module wire_itch_decoder.
Setting constant 0-bit at position 29 on $procdff$17551 ($dff) from module wire_itch_decoder.
Setting constant 0-bit at position 30 on $procdff$17551 ($dff) from module wire_itch_decoder.
Setting constant 0-bit at position 31 on $procdff$17551 ($dff) from module wire_itch_decoder.
Setting constant 0-bit at position 32 on $procdff$17551 ($dff) from module wire_itch_decoder.
Setting constant 0-bit at position 33 on $procdff$17551 ($dff) from module wire_itch_decoder.
Setting constant 0-bit at position 34 on $procdff$17551 ($dff) from module wire_itch_decoder.
Setting constant 0-bit at position 35 on $procdff$17551 ($dff) from module wire_itch_decoder.
Setting constant 0-bit at position 36 on $procdff$17551 ($dff) from module wire_itch_decoder.
Setting constant 0-bit at position 37 on $procdff$17551 ($dff) from module wire_itch_decoder.
Setting constant 0-bit at position 38 on $procdff$17551 ($dff) from module wire_itch_decoder.
Setting constant 0-bit at position 39 on $procdff$17551 ($dff) from module wire_itch_decoder.
Setting constant 0-bit at position 40 on $procdff$17551 ($dff) from module wire_itch_decoder.
Setting constant 0-bit at position 41 on $procdff$17551 ($dff) from module wire_itch_decoder.
Setting constant 0-bit at position 42 on $procdff$17551 ($dff) from module wire_itch_decoder.
Setting constant 0-bit at position 43 on $procdff$17551 ($dff) from module wire_itch_decoder.
Setting constant 0-bit at position 44 on $procdff$17551 ($dff) from module wire_itch_decoder.
Setting constant 0-bit at position 45 on $procdff$17551 ($dff) from module wire_itch_decoder.
Setting constant 0-bit at position 46 on $procdff$17551 ($dff) from module wire_itch_decoder.
Setting constant 0-bit at position 47 on $procdff$17551 ($dff) from module wire_itch_decoder.
Adding SRST signal on $procdff$17571 ($dff) from module wire_mold_message_framer (D = $procmux$10380_Y, Q = \state_q, rval = 4'0000).
Adding SRST signal on $procdff$17572 ($dff) from module wire_mold_message_framer (D = $procmux$10322_Y, Q = \payload_data_q, rval = 8'00000000).
Adding EN signal on $auto$ff.cc:337:slice$19966 ($sdff) from module wire_mold_message_framer (D = \in_data, Q = \payload_data_q).
Adding SRST signal on $procdff$17573 ($dff) from module wire_mold_message_framer (D = $procmux$10314_Y, Q = \payload_last_q, rval = 1'0).
Adding SRST signal on $procdff$17574 ($dff) from module wire_mold_message_framer (D = $procmux$10301_Y, Q = \payload_valid_q, rval = 1'0).
Adding SRST signal on $procdff$17575 ($dff) from module wire_mold_message_framer (D = $procmux$10291_Y, Q = \reject_code_q, rval = 2'00).
Adding SRST signal on $procdff$17576 ($dff) from module wire_mold_message_framer (D = $procmux$10251_Y, Q = \packet_sequence_q, rval = 64'0000000000000000000000000000000000000000000000000000000000000000).
Adding EN signal on $auto$ff.cc:337:slice$19973 ($sdff) from module wire_mold_message_framer (D = \packet_sequence, Q = \packet_sequence_q).
Adding SRST signal on $procdff$17577 ($dff) from module wire_mold_message_framer (D = $procmux$10246_Y, Q = \packet_count_q, rval = 16'0000000000000000).
Adding EN signal on $auto$ff.cc:337:slice$19975 ($sdff) from module wire_mold_message_framer (D = \packet_message_count, Q = \packet_count_q).
Adding SRST signal on $procdff$17578 ($dff) from module wire_mold_message_framer (D = $procmux$10241_Y, Q = \payload_action_q, rval = 3'000).
Adding EN signal on $auto$ff.cc:337:slice$19977 ($sdff) from module wire_mold_message_framer (D = $procmux$10237_Y, Q = \payload_action_q).
Adding SRST signal on $procdff$17579 ($dff) from module wire_mold_message_framer (D = $procmux$10219_Y, Q = \messages_done_q, rval = 16'0000000000000000).
Adding SRST signal on $procdff$17580 ($dff) from module wire_mold_message_framer (D = $procmux$10201_Y, Q = \length_hi_q, rval = 8'00000000).
Adding EN signal on $auto$ff.cc:337:slice$19984 ($sdff) from module wire_mold_message_framer (D = \in_data, Q = \length_hi_q).
Adding SRST signal on $procdff$17581 ($dff) from module wire_mold_message_framer (D = $procmux$10188_Y, Q = \message_length_q, rval = 16'0000000000000000).
Adding EN signal on $auto$ff.cc:337:slice$19990 ($sdff) from module wire_mold_message_framer (D = { \length_hi_q \in_data }, Q = \message_length_q).
Adding SRST signal on $procdff$17582 ($dff) from module wire_mold_message_framer (D = $procmux$10179_Y, Q = \payload_remaining_q, rval = 16'0000000000000000).
Adding EN signal on $auto$ff.cc:337:slice$19994 ($sdff) from module wire_mold_message_framer (D = $procmux$10176_Y, Q = \payload_remaining_q).
Adding SRST signal on $procdff$17583 ($dff) from module wire_mold_message_framer (D = $procmux$10167_Y, Q = \message_empty_q, rval = 1'0).
Adding EN signal on $auto$ff.cc:337:slice$20002 ($sdff) from module wire_mold_message_framer (D = $eq$rtl/arch_a/wire_mold_message_framer.sv:216$3935_Y, Q = \message_empty_q).
Adding SRST signal on $procdff$17584 ($dff) from module wire_mold_message_framer (D = $procmux$10158_Y, Q = \header_ended_q, rval = 1'0).
Adding EN signal on $auto$ff.cc:337:slice$20006 ($sdff) from module wire_mold_message_framer (D = \in_last, Q = \header_ended_q).
Adding SRST signal on $procdff$17585 ($dff) from module wire_mold_message_framer (D = $procmux$10149_Y, Q = \reject_pending_q, rval = 1'0).
Adding SRST signal on $procdff$17586 ($dff) from module wire_mold_message_framer (D = $procmux$10105_Y, Q = \result_pending_q, rval = 1'0).
Adding SRST signal on $procdff$17587 ($dff) from module wire_mold_header_seq (D = $procmux$10951_Y, Q = \state_q, rval = 3'000).
Adding SRST signal on $procdff$17588 ($dff) from module wire_mold_header_seq (D = $procmux$10892_Y, Q = \header_index_q, rval = 5'00000).
Adding SRST signal on $procdff$17589 ($dff) from module wire_mold_header_seq (D = $procmux$10870_Y, Q = \reject_fatal_q, rval = 1'1).
Adding EN signal on $auto$ff.cc:337:slice$20014 ($sdff) from module wire_mold_header_seq (D = $procmux$10840_Y, Q = \reject_fatal_q).
Adding SRST signal on $procdff$17590 ($dff) from module wire_mold_header_seq (D = $procmux$10830_Y, Q = \reject_code_q, rval = 3'000).
Adding EN signal on $auto$ff.cc:337:slice$20026 ($sdff) from module wire_mold_header_seq (D = $procmux$10800_Y, Q = \reject_code_q).
Adding SRST signal on $procdff$17591 ($dff) from module wire_mold_header_seq (D = $2$lookahead\header_q$3868[151:0]$3877, Q = \header_q, rval = 152'00000000000000000000000000000000000000000000000000000000000000000000000000000000000000000000000000000000000000000000000000000000000000000000000000000000).
Adding SRST signal on $procdff$17592 ($dff) from module wire_mold_header_seq (D = $procmux$10790_Y, Q = \pending_code_q, rval = 3'011).
Adding EN signal on $auto$ff.cc:337:slice$20047 ($sdff) from module wire_mold_header_seq (D = $procmux$10783_Y, Q = \pending_code_q).
Adding SRST signal on $procdff$17604 ($dff) from module wire_mold_header_seq (D = $procmux$10529_Y, Q = \recovery_required_q, rval = 1'0).
Adding SRST signal on $procdff$17593 ($dff) from module wire_mold_header_seq (D = $procmux$10758_Y, Q = \pending_fatal_q, rval = 1'1).
Adding EN signal on $auto$ff.cc:337:slice$20056 ($sdff) from module wire_mold_header_seq (D = $procmux$10751_Y, Q = \pending_fatal_q).
Adding EN signal on $procdff$17594 ($dff) from module wire_mold_header_seq (D = \cfg_active_session, Q = \active_session_q).
Adding EN signal on $procdff$17595 ($dff) from module wire_mold_header_seq (D = $procmux$10726_Y, Q = \expected_sequence_q).
Adding SRST signal on $procdff$17596 ($dff) from module wire_mold_header_seq (D = $procmux$10715_Y, Q = \packet_sequence_q, rval = 64'0000000000000000000000000000000000000000000000000000000000000000).
Adding EN signal on $auto$ff.cc:337:slice$20072 ($sdff) from module wire_mold_header_seq (D = \header_q [71:8], Q = \packet_sequence_q).
Adding SRST signal on $procdff$17597 ($dff) from module wire_mold_header_seq (D = $procmux$10689_Y, Q = \packet_count_q, rval = 16'0000000000000000).
Adding EN signal on $auto$ff.cc:337:slice$20086 ($sdff) from module wire_mold_header_seq (D = { \header_q [7:0] \in_data }, Q = \packet_count_q).
Adding SRST signal on $procdff$17598 ($dff) from module wire_mold_header_seq (D = $procmux$10663_Y, Q = \packet_empty_q, rval = 1'0).
Adding EN signal on $auto$ff.cc:337:slice$20100 ($sdff) from module wire_mold_header_seq (D = \in_last, Q = \packet_empty_q).
Adding SRST signal on $procdff$17599 ($dff) from module wire_mold_header_seq (D = $procmux$10637_Y, Q = \packet_valid_q, rval = 1'0).
Adding SRST signal on $procdff$17600 ($dff) from module wire_mold_header_seq (D = $procmux$10609_Y, Q = \body_data_q, rval = 8'00000000).
Adding EN signal on $auto$ff.cc:337:slice$20115 ($sdff) from module wire_mold_header_seq (D = \in_data, Q = \body_data_q).
Adding SRST signal on $procdff$17601 ($dff) from module wire_mold_header_seq (D = $procmux$10600_Y, Q = \body_valid_q, rval = 1'0).
Adding SRST signal on $procdff$17602 ($dff) from module wire_mold_header_seq (D = $procmux$10589_Y, Q = \body_last_q, rval = 1'0).
Adding SRST signal on $procdff$17603 ($dff) from module wire_mold_header_seq (D = $procmux$10576_Y, Q = \controller_valid_q, rval = 1'1).
Setting constant 0-bit at position 0 on $procdff$17605 ($dff) from module wire_mold_header_seq.
Setting constant 0-bit at position 1 on $procdff$17605 ($dff) from module wire_mold_header_seq.
Setting constant 0-bit at position 2 on $procdff$17605 ($dff) from module wire_mold_header_seq.
Setting constant 0-bit at position 3 on $procdff$17605 ($dff) from module wire_mold_header_seq.
Setting constant 0-bit at position 4 on $procdff$17605 ($dff) from module wire_mold_header_seq.
Setting constant 0-bit at position 5 on $procdff$17605 ($dff) from module wire_mold_header_seq.
Setting constant 0-bit at position 6 on $procdff$17605 ($dff) from module wire_mold_header_seq.
Setting constant 0-bit at position 7 on $procdff$17605 ($dff) from module wire_mold_header_seq.
Setting constant 0-bit at position 8 on $procdff$17605 ($dff) from module wire_mold_header_seq.
Setting constant 0-bit at position 9 on $procdff$17605 ($dff) from module wire_mold_header_seq.
Setting constant 0-bit at position 10 on $procdff$17605 ($dff) from module wire_mold_header_seq.
Setting constant 0-bit at position 11 on $procdff$17605 ($dff) from module wire_mold_header_seq.
Setting constant 0-bit at position 12 on $procdff$17605 ($dff) from module wire_mold_header_seq.
Setting constant 0-bit at position 13 on $procdff$17605 ($dff) from module wire_mold_header_seq.
Setting constant 0-bit at position 14 on $procdff$17605 ($dff) from module wire_mold_header_seq.
Setting constant 0-bit at position 15 on $procdff$17605 ($dff) from module wire_mold_header_seq.
Setting constant 0-bit at position 16 on $procdff$17605 ($dff) from module wire_mold_header_seq.
Setting constant 0-bit at position 17 on $procdff$17605 ($dff) from module wire_mold_header_seq.
Setting constant 0-bit at position 18 on $procdff$17605 ($dff) from module wire_mold_header_seq.
Setting constant 0-bit at position 19 on $procdff$17605 ($dff) from module wire_mold_header_seq.
Setting constant 0-bit at position 20 on $procdff$17605 ($dff) from module wire_mold_header_seq.
Setting constant 0-bit at position 21 on $procdff$17605 ($dff) from module wire_mold_header_seq.
Setting constant 0-bit at position 22 on $procdff$17605 ($dff) from module wire_mold_header_seq.
Setting constant 0-bit at position 23 on $procdff$17605 ($dff) from module wire_mold_header_seq.
Setting constant 0-bit at position 24 on $procdff$17605 ($dff) from module wire_mold_header_seq.
Setting constant 0-bit at position 25 on $procdff$17605 ($dff) from module wire_mold_header_seq.
Setting constant 0-bit at position 26 on $procdff$17605 ($dff) from module wire_mold_header_seq.
Setting constant 0-bit at position 27 on $procdff$17605 ($dff) from module wire_mold_header_seq.
Setting constant 0-bit at position 28 on $procdff$17605 ($dff) from module wire_mold_header_seq.
Setting constant 0-bit at position 29 on $procdff$17605 ($dff) from module wire_mold_header_seq.
Setting constant 0-bit at position 30 on $procdff$17605 ($dff) from module wire_mold_header_seq.
Setting constant 0-bit at position 31 on $procdff$17605 ($dff) from module wire_mold_header_seq.
Setting constant 0-bit at position 0 on $procdff$17606 ($dff) from module wire_mold_header_seq.
Setting constant 0-bit at position 1 on $procdff$17606 ($dff) from module wire_mold_header_seq.
Setting constant 0-bit at position 2 on $procdff$17606 ($dff) from module wire_mold_header_seq.
Setting constant 0-bit at position 3 on $procdff$17606 ($dff) from module wire_mold_header_seq.
Setting constant 0-bit at position 4 on $procdff$17606 ($dff) from module wire_mold_header_seq.
Setting constant 0-bit at position 5 on $procdff$17606 ($dff) from module wire_mold_header_seq.
Setting constant 0-bit at position 6 on $procdff$17606 ($dff) from module wire_mold_header_seq.
Setting constant 0-bit at position 7 on $procdff$17606 ($dff) from module wire_mold_header_seq.
Setting constant 0-bit at position 8 on $procdff$17606 ($dff) from module wire_mold_header_seq.
Setting constant 0-bit at position 9 on $procdff$17606 ($dff) from module wire_mold_header_seq.
Setting constant 0-bit at position 10 on $procdff$17606 ($dff) from module wire_mold_header_seq.
Setting constant 0-bit at position 11 on $procdff$17606 ($dff) from module wire_mold_header_seq.
Setting constant 0-bit at position 12 on $procdff$17606 ($dff) from module wire_mold_header_seq.
Setting constant 0-bit at position 13 on $procdff$17606 ($dff) from module wire_mold_header_seq.
Setting constant 0-bit at position 14 on $procdff$17606 ($dff) from module wire_mold_header_seq.
Setting constant 0-bit at position 15 on $procdff$17606 ($dff) from module wire_mold_header_seq.
Setting constant 0-bit at position 16 on $procdff$17606 ($dff) from module wire_mold_header_seq.
Setting constant 0-bit at position 17 on $procdff$17606 ($dff) from module wire_mold_header_seq.
Setting constant 0-bit at position 18 on $procdff$17606 ($dff) from module wire_mold_header_seq.
Setting constant 0-bit at position 19 on $procdff$17606 ($dff) from module wire_mold_header_seq.
Setting constant 0-bit at position 20 on $procdff$17606 ($dff) from module wire_mold_header_seq.
Setting constant 0-bit at position 21 on $procdff$17606 ($dff) from module wire_mold_header_seq.
Setting constant 0-bit at position 22 on $procdff$17606 ($dff) from module wire_mold_header_seq.
Setting constant 0-bit at position 23 on $procdff$17606 ($dff) from module wire_mold_header_seq.
Setting constant 0-bit at position 24 on $procdff$17606 ($dff) from module wire_mold_header_seq.
Setting constant 0-bit at position 25 on $procdff$17606 ($dff) from module wire_mold_header_seq.
Setting constant 0-bit at position 26 on $procdff$17606 ($dff) from module wire_mold_header_seq.
Setting constant 0-bit at position 27 on $procdff$17606 ($dff) from module wire_mold_header_seq.
Setting constant 0-bit at position 28 on $procdff$17606 ($dff) from module wire_mold_header_seq.
Setting constant 0-bit at position 29 on $procdff$17606 ($dff) from module wire_mold_header_seq.
Setting constant 0-bit at position 30 on $procdff$17606 ($dff) from module wire_mold_header_seq.
Setting constant 0-bit at position 31 on $procdff$17606 ($dff) from module wire_mold_header_seq.
Setting constant 0-bit at position 32 on $procdff$17606 ($dff) from module wire_mold_header_seq.
Setting constant 0-bit at position 33 on $procdff$17606 ($dff) from module wire_mold_header_seq.
Setting constant 0-bit at position 34 on $procdff$17606 ($dff) from module wire_mold_header_seq.
Setting constant 0-bit at position 35 on $procdff$17606 ($dff) from module wire_mold_header_seq.
Setting constant 0-bit at position 36 on $procdff$17606 ($dff) from module wire_mold_header_seq.
Setting constant 0-bit at position 37 on $procdff$17606 ($dff) from module wire_mold_header_seq.
Setting constant 0-bit at position 38 on $procdff$17606 ($dff) from module wire_mold_header_seq.
Setting constant 0-bit at position 39 on $procdff$17606 ($dff) from module wire_mold_header_seq.
Setting constant 0-bit at position 40 on $procdff$17606 ($dff) from module wire_mold_header_seq.
Setting constant 0-bit at position 41 on $procdff$17606 ($dff) from module wire_mold_header_seq.
Setting constant 0-bit at position 42 on $procdff$17606 ($dff) from module wire_mold_header_seq.
Setting constant 0-bit at position 43 on $procdff$17606 ($dff) from module wire_mold_header_seq.
Setting constant 0-bit at position 44 on $procdff$17606 ($dff) from module wire_mold_header_seq.
Setting constant 0-bit at position 45 on $procdff$17606 ($dff) from module wire_mold_header_seq.
Setting constant 0-bit at position 46 on $procdff$17606 ($dff) from module wire_mold_header_seq.
Setting constant 0-bit at position 47 on $procdff$17606 ($dff) from module wire_mold_header_seq.
Setting constant 0-bit at position 48 on $procdff$17606 ($dff) from module wire_mold_header_seq.
Setting constant 0-bit at position 49 on $procdff$17606 ($dff) from module wire_mold_header_seq.
Setting constant 0-bit at position 50 on $procdff$17606 ($dff) from module wire_mold_header_seq.
Setting constant 0-bit at position 51 on $procdff$17606 ($dff) from module wire_mold_header_seq.
Setting constant 0-bit at position 52 on $procdff$17606 ($dff) from module wire_mold_header_seq.
Setting constant 0-bit at position 53 on $procdff$17606 ($dff) from module wire_mold_header_seq.
Setting constant 0-bit at position 54 on $procdff$17606 ($dff) from module wire_mold_header_seq.
Setting constant 0-bit at position 55 on $procdff$17606 ($dff) from module wire_mold_header_seq.
Setting constant 0-bit at position 56 on $procdff$17606 ($dff) from module wire_mold_header_seq.
Setting constant 0-bit at position 57 on $procdff$17606 ($dff) from module wire_mold_header_seq.
Setting constant 0-bit at position 58 on $procdff$17606 ($dff) from module wire_mold_header_seq.
Setting constant 0-bit at position 59 on $procdff$17606 ($dff) from module wire_mold_header_seq.
Setting constant 0-bit at position 60 on $procdff$17606 ($dff) from module wire_mold_header_seq.
Setting constant 0-bit at position 61 on $procdff$17606 ($dff) from module wire_mold_header_seq.
Setting constant 0-bit at position 62 on $procdff$17606 ($dff) from module wire_mold_header_seq.
Setting constant 0-bit at position 63 on $procdff$17606 ($dff) from module wire_mold_header_seq.
Setting constant 0-bit at position 64 on $procdff$17606 ($dff) from module wire_mold_header_seq.
Setting constant 0-bit at position 65 on $procdff$17606 ($dff) from module wire_mold_header_seq.
Setting constant 0-bit at position 66 on $procdff$17606 ($dff) from module wire_mold_header_seq.
Setting constant 0-bit at position 67 on $procdff$17606 ($dff) from module wire_mold_header_seq.
Setting constant 0-bit at position 68 on $procdff$17606 ($dff) from module wire_mold_header_seq.
Setting constant 0-bit at position 69 on $procdff$17606 ($dff) from module wire_mold_header_seq.
Setting constant 0-bit at position 70 on $procdff$17606 ($dff) from module wire_mold_header_seq.
Setting constant 0-bit at position 71 on $procdff$17606 ($dff) from module wire_mold_header_seq.
Setting constant 0-bit at position 72 on $procdff$17606 ($dff) from module wire_mold_header_seq.
Setting constant 0-bit at position 73 on $procdff$17606 ($dff) from module wire_mold_header_seq.
Setting constant 0-bit at position 74 on $procdff$17606 ($dff) from module wire_mold_header_seq.
Setting constant 0-bit at position 75 on $procdff$17606 ($dff) from module wire_mold_header_seq.
Setting constant 0-bit at position 76 on $procdff$17606 ($dff) from module wire_mold_header_seq.
Setting constant 0-bit at position 77 on $procdff$17606 ($dff) from module wire_mold_header_seq.
Setting constant 0-bit at position 78 on $procdff$17606 ($dff) from module wire_mold_header_seq.
Setting constant 0-bit at position 79 on $procdff$17606 ($dff) from module wire_mold_header_seq.
Setting constant 0-bit at position 80 on $procdff$17606 ($dff) from module wire_mold_header_seq.
Setting constant 0-bit at position 81 on $procdff$17606 ($dff) from module wire_mold_header_seq.
Setting constant 0-bit at position 82 on $procdff$17606 ($dff) from module wire_mold_header_seq.
Setting constant 0-bit at position 83 on $procdff$17606 ($dff) from module wire_mold_header_seq.
Setting constant 0-bit at position 84 on $procdff$17606 ($dff) from module wire_mold_header_seq.
Setting constant 0-bit at position 85 on $procdff$17606 ($dff) from module wire_mold_header_seq.
Setting constant 0-bit at position 86 on $procdff$17606 ($dff) from module wire_mold_header_seq.
Setting constant 0-bit at position 87 on $procdff$17606 ($dff) from module wire_mold_header_seq.
Setting constant 0-bit at position 88 on $procdff$17606 ($dff) from module wire_mold_header_seq.
Setting constant 0-bit at position 89 on $procdff$17606 ($dff) from module wire_mold_header_seq.
Setting constant 0-bit at position 90 on $procdff$17606 ($dff) from module wire_mold_header_seq.
Setting constant 0-bit at position 91 on $procdff$17606 ($dff) from module wire_mold_header_seq.
Setting constant 0-bit at position 92 on $procdff$17606 ($dff) from module wire_mold_header_seq.
Setting constant 0-bit at position 93 on $procdff$17606 ($dff) from module wire_mold_header_seq.
Setting constant 0-bit at position 94 on $procdff$17606 ($dff) from module wire_mold_header_seq.
Setting constant 0-bit at position 95 on $procdff$17606 ($dff) from module wire_mold_header_seq.
Setting constant 0-bit at position 96 on $procdff$17606 ($dff) from module wire_mold_header_seq.
Setting constant 0-bit at position 97 on $procdff$17606 ($dff) from module wire_mold_header_seq.
Setting constant 0-bit at position 98 on $procdff$17606 ($dff) from module wire_mold_header_seq.
Setting constant 0-bit at position 99 on $procdff$17606 ($dff) from module wire_mold_header_seq.
Setting constant 0-bit at position 100 on $procdff$17606 ($dff) from module wire_mold_header_seq.
Setting constant 0-bit at position 101 on $procdff$17606 ($dff) from module wire_mold_header_seq.
Setting constant 0-bit at position 102 on $procdff$17606 ($dff) from module wire_mold_header_seq.
Setting constant 0-bit at position 103 on $procdff$17606 ($dff) from module wire_mold_header_seq.
Setting constant 0-bit at position 104 on $procdff$17606 ($dff) from module wire_mold_header_seq.
Setting constant 0-bit at position 105 on $procdff$17606 ($dff) from module wire_mold_header_seq.
Setting constant 0-bit at position 106 on $procdff$17606 ($dff) from module wire_mold_header_seq.
Setting constant 0-bit at position 107 on $procdff$17606 ($dff) from module wire_mold_header_seq.
Setting constant 0-bit at position 108 on $procdff$17606 ($dff) from module wire_mold_header_seq.
Setting constant 0-bit at position 109 on $procdff$17606 ($dff) from module wire_mold_header_seq.
Setting constant 0-bit at position 110 on $procdff$17606 ($dff) from module wire_mold_header_seq.
Setting constant 0-bit at position 111 on $procdff$17606 ($dff) from module wire_mold_header_seq.
Setting constant 0-bit at position 112 on $procdff$17606 ($dff) from module wire_mold_header_seq.
Setting constant 0-bit at position 113 on $procdff$17606 ($dff) from module wire_mold_header_seq.
Setting constant 0-bit at position 114 on $procdff$17606 ($dff) from module wire_mold_header_seq.
Setting constant 0-bit at position 115 on $procdff$17606 ($dff) from module wire_mold_header_seq.
Setting constant 0-bit at position 116 on $procdff$17606 ($dff) from module wire_mold_header_seq.
Setting constant 0-bit at position 117 on $procdff$17606 ($dff) from module wire_mold_header_seq.
Setting constant 0-bit at position 118 on $procdff$17606 ($dff) from module wire_mold_header_seq.
Setting constant 0-bit at position 119 on $procdff$17606 ($dff) from module wire_mold_header_seq.
Setting constant 0-bit at position 120 on $procdff$17606 ($dff) from module wire_mold_header_seq.
Setting constant 0-bit at position 121 on $procdff$17606 ($dff) from module wire_mold_header_seq.
Setting constant 0-bit at position 122 on $procdff$17606 ($dff) from module wire_mold_header_seq.
Setting constant 0-bit at position 123 on $procdff$17606 ($dff) from module wire_mold_header_seq.
Setting constant 0-bit at position 124 on $procdff$17606 ($dff) from module wire_mold_header_seq.
Setting constant 0-bit at position 125 on $procdff$17606 ($dff) from module wire_mold_header_seq.
Setting constant 0-bit at position 126 on $procdff$17606 ($dff) from module wire_mold_header_seq.
Setting constant 0-bit at position 127 on $procdff$17606 ($dff) from module wire_mold_header_seq.
Setting constant 0-bit at position 128 on $procdff$17606 ($dff) from module wire_mold_header_seq.
Setting constant 0-bit at position 129 on $procdff$17606 ($dff) from module wire_mold_header_seq.
Setting constant 0-bit at position 130 on $procdff$17606 ($dff) from module wire_mold_header_seq.
Setting constant 0-bit at position 131 on $procdff$17606 ($dff) from module wire_mold_header_seq.
Setting constant 0-bit at position 132 on $procdff$17606 ($dff) from module wire_mold_header_seq.
Setting constant 0-bit at position 133 on $procdff$17606 ($dff) from module wire_mold_header_seq.
Setting constant 0-bit at position 134 on $procdff$17606 ($dff) from module wire_mold_header_seq.
Setting constant 0-bit at position 135 on $procdff$17606 ($dff) from module wire_mold_header_seq.
Setting constant 0-bit at position 136 on $procdff$17606 ($dff) from module wire_mold_header_seq.
Setting constant 0-bit at position 137 on $procdff$17606 ($dff) from module wire_mold_header_seq.
Setting constant 0-bit at position 138 on $procdff$17606 ($dff) from module wire_mold_header_seq.
Setting constant 0-bit at position 139 on $procdff$17606 ($dff) from module wire_mold_header_seq.
Setting constant 0-bit at position 140 on $procdff$17606 ($dff) from module wire_mold_header_seq.
Setting constant 0-bit at position 141 on $procdff$17606 ($dff) from module wire_mold_header_seq.
Setting constant 0-bit at position 142 on $procdff$17606 ($dff) from module wire_mold_header_seq.
Setting constant 0-bit at position 143 on $procdff$17606 ($dff) from module wire_mold_header_seq.
Setting constant 0-bit at position 144 on $procdff$17606 ($dff) from module wire_mold_header_seq.
Setting constant 0-bit at position 145 on $procdff$17606 ($dff) from module wire_mold_header_seq.
Setting constant 0-bit at position 146 on $procdff$17606 ($dff) from module wire_mold_header_seq.
Setting constant 0-bit at position 147 on $procdff$17606 ($dff) from module wire_mold_header_seq.
Setting constant 0-bit at position 148 on $procdff$17606 ($dff) from module wire_mold_header_seq.
Setting constant 0-bit at position 149 on $procdff$17606 ($dff) from module wire_mold_header_seq.
Setting constant 0-bit at position 150 on $procdff$17606 ($dff) from module wire_mold_header_seq.
Setting constant 0-bit at position 151 on $procdff$17606 ($dff) from module wire_mold_header_seq.
Adding SRST signal on $procdff$17618 ($dff) from module wire_udp_parser (D = $procmux$11134_Y, Q = \pending_code_q, rval = 3'001).
Adding EN signal on $auto$ff.cc:337:slice$20124 ($sdff) from module wire_udp_parser (D = $procmux$11110_Y, Q = \pending_code_q).
Adding SRST signal on $procdff$17619 ($dff) from module wire_udp_parser (D = $procmux$11093_Y, Q = \pending_fatal_q, rval = 1'1).
Adding EN signal on $auto$ff.cc:337:slice$20140 ($sdff) from module wire_udp_parser (D = $procmux$11070_Y, Q = \pending_fatal_q).
Adding SRST signal on $procdff$17617 ($dff) from module wire_udp_parser (D = $procmux$11160_Y, Q = \actual_count_q, rval = 16'0000000000000000).
Adding EN signal on $auto$ff.cc:337:slice$20156 ($sdff) from module wire_udp_parser (D = $procmux$11141_Y, Q = \actual_count_q).
Adding SRST signal on $procdff$17607 ($dff) from module wire_udp_parser (D = $procmux$11457_Y, Q = \state_q, rval = 2'00).
Adding SRST signal on $procdff$17608 ($dff) from module wire_udp_parser (D = $procmux$11402_Y, Q = \header_index_q, rval = 4'0000).
Adding SRST signal on $procdff$17609 ($dff) from module wire_udp_parser (D = $procmux$11379_Y, Q = \payload_data_q, rval = 8'00000000).
Adding EN signal on $auto$ff.cc:337:slice$20174 ($sdff) from module wire_udp_parser (D = $procmux$11372_Y, Q = \payload_data_q).
Adding SRST signal on $procdff$17610 ($dff) from module wire_udp_parser (D = $procmux$11360_Y, Q = \payload_last_q, rval = 1'0).
Adding SRST signal on $procdff$17611 ($dff) from module wire_udp_parser (D = $procmux$11337_Y, Q = \payload_valid_q, rval = 1'0).
Adding SRST signal on $procdff$17612 ($dff) from module wire_udp_parser (D = $procmux$11316_Y, Q = \reject_fatal_q, rval = 1'0).
Adding EN signal on $auto$ff.cc:337:slice$20184 ($sdff) from module wire_udp_parser (D = $procmux$11276_Y, Q = \reject_fatal_q).
Adding SRST signal on $procdff$17613 ($dff) from module wire_udp_parser (D = $procmux$11264_Y, Q = \reject_code_q, rval = 3'001).
Adding EN signal on $auto$ff.cc:337:slice$20198 ($sdff) from module wire_udp_parser (D = $procmux$11224_Y, Q = \reject_code_q).
Adding SRST signal on $procdff$17614 ($dff) from module wire_udp_parser (D = $2$lookahead\header_q$3800[55:0]$3811, Q = \header_q, rval = 56'00000000000000000000000000000000000000000000000000000000).
Adding SRST signal on $procdff$17615 ($dff) from module wire_udp_parser (D = $procmux$11212_Y, Q = \remaining_q, rval = 16'0000000000000000).
Adding EN signal on $auto$ff.cc:337:slice$20213 ($sdff) from module wire_udp_parser (D = $procmux$11191_Y, Q = \remaining_q).
Adding SRST signal on $procdff$17616 ($dff) from module wire_udp_parser (D = $procmux$11177_Y, Q = \declared_length_q, rval = 16'0000000000000000).
Adding EN signal on $auto$ff.cc:337:slice$20233 ($sdff) from module wire_udp_parser (D = \header_q [23:8], Q = \declared_length_q).
Setting constant 0-bit at position 0 on $procdff$17620 ($dff) from module wire_udp_parser.
Setting constant 0-bit at position 1 on $procdff$17620 ($dff) from module wire_udp_parser.
Setting constant 0-bit at position 2 on $procdff$17620 ($dff) from module wire_udp_parser.
Setting constant 0-bit at position 3 on $procdff$17620 ($dff) from module wire_udp_parser.
Setting constant 0-bit at position 4 on $procdff$17620 ($dff) from module wire_udp_parser.
Setting constant 0-bit at position 5 on $procdff$17620 ($dff) from module wire_udp_parser.
Setting constant 0-bit at position 6 on $procdff$17620 ($dff) from module wire_udp_parser.
Setting constant 0-bit at position 7 on $procdff$17620 ($dff) from module wire_udp_parser.
Setting constant 0-bit at position 8 on $procdff$17620 ($dff) from module wire_udp_parser.
Setting constant 0-bit at position 9 on $procdff$17620 ($dff) from module wire_udp_parser.
Setting constant 0-bit at position 10 on $procdff$17620 ($dff) from module wire_udp_parser.
Setting constant 0-bit at position 11 on $procdff$17620 ($dff) from module wire_udp_parser.
Setting constant 0-bit at position 12 on $procdff$17620 ($dff) from module wire_udp_parser.
Setting constant 0-bit at position 13 on $procdff$17620 ($dff) from module wire_udp_parser.
Setting constant 0-bit at position 14 on $procdff$17620 ($dff) from module wire_udp_parser.
Setting constant 0-bit at position 15 on $procdff$17620 ($dff) from module wire_udp_parser.
Setting constant 0-bit at position 16 on $procdff$17620 ($dff) from module wire_udp_parser.
Setting constant 0-bit at position 17 on $procdff$17620 ($dff) from module wire_udp_parser.
Setting constant 0-bit at position 18 on $procdff$17620 ($dff) from module wire_udp_parser.
Setting constant 0-bit at position 19 on $procdff$17620 ($dff) from module wire_udp_parser.
Setting constant 0-bit at position 20 on $procdff$17620 ($dff) from module wire_udp_parser.
Setting constant 0-bit at position 21 on $procdff$17620 ($dff) from module wire_udp_parser.
Setting constant 0-bit at position 22 on $procdff$17620 ($dff) from module wire_udp_parser.
Setting constant 0-bit at position 23 on $procdff$17620 ($dff) from module wire_udp_parser.
Setting constant 0-bit at position 24 on $procdff$17620 ($dff) from module wire_udp_parser.
Setting constant 0-bit at position 25 on $procdff$17620 ($dff) from module wire_udp_parser.
Setting constant 0-bit at position 26 on $procdff$17620 ($dff) from module wire_udp_parser.
Setting constant 0-bit at position 27 on $procdff$17620 ($dff) from module wire_udp_parser.
Setting constant 0-bit at position 28 on $procdff$17620 ($dff) from module wire_udp_parser.
Setting constant 0-bit at position 29 on $procdff$17620 ($dff) from module wire_udp_parser.
Setting constant 0-bit at position 30 on $procdff$17620 ($dff) from module wire_udp_parser.
Setting constant 0-bit at position 31 on $procdff$17620 ($dff) from module wire_udp_parser.
Setting constant 0-bit at position 0 on $procdff$17621 ($dff) from module wire_udp_parser.
Setting constant 0-bit at position 1 on $procdff$17621 ($dff) from module wire_udp_parser.
Setting constant 0-bit at position 2 on $procdff$17621 ($dff) from module wire_udp_parser.
Setting constant 0-bit at position 3 on $procdff$17621 ($dff) from module wire_udp_parser.
Setting constant 0-bit at position 4 on $procdff$17621 ($dff) from module wire_udp_parser.
Setting constant 0-bit at position 5 on $procdff$17621 ($dff) from module wire_udp_parser.
Setting constant 0-bit at position 6 on $procdff$17621 ($dff) from module wire_udp_parser.
Setting constant 0-bit at position 7 on $procdff$17621 ($dff) from module wire_udp_parser.
Setting constant 0-bit at position 8 on $procdff$17621 ($dff) from module wire_udp_parser.
Setting constant 0-bit at position 9 on $procdff$17621 ($dff) from module wire_udp_parser.
Setting constant 0-bit at position 10 on $procdff$17621 ($dff) from module wire_udp_parser.
Setting constant 0-bit at position 11 on $procdff$17621 ($dff) from module wire_udp_parser.
Setting constant 0-bit at position 12 on $procdff$17621 ($dff) from module wire_udp_parser.
Setting constant 0-bit at position 13 on $procdff$17621 ($dff) from module wire_udp_parser.
Setting constant 0-bit at position 14 on $procdff$17621 ($dff) from module wire_udp_parser.
Setting constant 0-bit at position 15 on $procdff$17621 ($dff) from module wire_udp_parser.
Setting constant 0-bit at position 16 on $procdff$17621 ($dff) from module wire_udp_parser.
Setting constant 0-bit at position 17 on $procdff$17621 ($dff) from module wire_udp_parser.
Setting constant 0-bit at position 18 on $procdff$17621 ($dff) from module wire_udp_parser.
Setting constant 0-bit at position 19 on $procdff$17621 ($dff) from module wire_udp_parser.
Setting constant 0-bit at position 20 on $procdff$17621 ($dff) from module wire_udp_parser.
Setting constant 0-bit at position 21 on $procdff$17621 ($dff) from module wire_udp_parser.
Setting constant 0-bit at position 22 on $procdff$17621 ($dff) from module wire_udp_parser.
Setting constant 0-bit at position 23 on $procdff$17621 ($dff) from module wire_udp_parser.
Setting constant 0-bit at position 24 on $procdff$17621 ($dff) from module wire_udp_parser.
Setting constant 0-bit at position 25 on $procdff$17621 ($dff) from module wire_udp_parser.
Setting constant 0-bit at position 26 on $procdff$17621 ($dff) from module wire_udp_parser.
Setting constant 0-bit at position 27 on $procdff$17621 ($dff) from module wire_udp_parser.
Setting constant 0-bit at position 28 on $procdff$17621 ($dff) from module wire_udp_parser.
Setting constant 0-bit at position 29 on $procdff$17621 ($dff) from module wire_udp_parser.
Setting constant 0-bit at position 30 on $procdff$17621 ($dff) from module wire_udp_parser.
Setting constant 0-bit at position 31 on $procdff$17621 ($dff) from module wire_udp_parser.
Setting constant 0-bit at position 32 on $procdff$17621 ($dff) from module wire_udp_parser.
Setting constant 0-bit at position 33 on $procdff$17621 ($dff) from module wire_udp_parser.
Setting constant 0-bit at position 34 on $procdff$17621 ($dff) from module wire_udp_parser.
Setting constant 0-bit at position 35 on $procdff$17621 ($dff) from module wire_udp_parser.
Setting constant 0-bit at position 36 on $procdff$17621 ($dff) from module wire_udp_parser.
Setting constant 0-bit at position 37 on $procdff$17621 ($dff) from module wire_udp_parser.
Setting constant 0-bit at position 38 on $procdff$17621 ($dff) from module wire_udp_parser.
Setting constant 0-bit at position 39 on $procdff$17621 ($dff) from module wire_udp_parser.
Setting constant 0-bit at position 40 on $procdff$17621 ($dff) from module wire_udp_parser.
Setting constant 0-bit at position 41 on $procdff$17621 ($dff) from module wire_udp_parser.
Setting constant 0-bit at position 42 on $procdff$17621 ($dff) from module wire_udp_parser.
Setting constant 0-bit at position 43 on $procdff$17621 ($dff) from module wire_udp_parser.
Setting constant 0-bit at position 44 on $procdff$17621 ($dff) from module wire_udp_parser.
Setting constant 0-bit at position 45 on $procdff$17621 ($dff) from module wire_udp_parser.
Setting constant 0-bit at position 46 on $procdff$17621 ($dff) from module wire_udp_parser.
Setting constant 0-bit at position 47 on $procdff$17621 ($dff) from module wire_udp_parser.
Setting constant 0-bit at position 48 on $procdff$17621 ($dff) from module wire_udp_parser.
Setting constant 0-bit at position 49 on $procdff$17621 ($dff) from module wire_udp_parser.
Setting constant 0-bit at position 50 on $procdff$17621 ($dff) from module wire_udp_parser.
Setting constant 0-bit at position 51 on $procdff$17621 ($dff) from module wire_udp_parser.
Setting constant 0-bit at position 52 on $procdff$17621 ($dff) from module wire_udp_parser.
Setting constant 0-bit at position 53 on $procdff$17621 ($dff) from module wire_udp_parser.
Setting constant 0-bit at position 54 on $procdff$17621 ($dff) from module wire_udp_parser.
Setting constant 0-bit at position 55 on $procdff$17621 ($dff) from module wire_udp_parser.
Adding SRST signal on $procdff$17630 ($dff) from module wire_ipv4_parser (D = $procmux$11903_Y, Q = \remaining_q, rval = 16'0000000000000000).
Adding EN signal on $auto$ff.cc:337:slice$20243 ($sdff) from module wire_ipv4_parser (D = $procmux$11885_Y, Q = \remaining_q).
Adding SRST signal on $procdff$17631 ($dff) from module wire_ipv4_parser (D = $procmux$11871_Y, Q = \payload_physical_last_q, rval = 1'0).
Adding SRST signal on $procdff$17622 ($dff) from module wire_ipv4_parser (D = $procmux$12078_Y, Q = \state_q, rval = 3'000).
Adding SRST signal on $procdff$17623 ($dff) from module wire_ipv4_parser (D = $procmux$12035_Y, Q = \header_index_q, rval = 5'00000).
Adding SRST signal on $procdff$17624 ($dff) from module wire_ipv4_parser (D = $procmux$12011_Y, Q = \payload_data_q, rval = 8'00000000).
Adding EN signal on $auto$ff.cc:337:slice$20266 ($sdff) from module wire_ipv4_parser (D = \in_data, Q = \payload_data_q).
Adding SRST signal on $procdff$17625 ($dff) from module wire_ipv4_parser (D = $procmux$11997_Y, Q = \payload_last_q, rval = 1'0).
Adding SRST signal on $procdff$17626 ($dff) from module wire_ipv4_parser (D = $procmux$11979_Y, Q = \payload_valid_q, rval = 1'0).
Adding SRST signal on $procdff$17627 ($dff) from module wire_ipv4_parser (D = $procmux$11963_Y, Q = \reject_fatal_q, rval = 1'0).
Adding EN signal on $auto$ff.cc:337:slice$20274 ($sdff) from module wire_ipv4_parser (D = $procmux$11945_Y, Q = \reject_fatal_q).
Adding SRST signal on $procdff$17628 ($dff) from module wire_ipv4_parser (D = $procmux$11933_Y, Q = \reject_code_q, rval = 4'0000).
Adding EN signal on $auto$ff.cc:337:slice$20286 ($sdff) from module wire_ipv4_parser (D = $procmux$11915_Y, Q = \reject_code_q).
Adding SRST signal on $procdff$17629 ($dff) from module wire_ipv4_parser (D = $2$lookahead\header_q$3672[151:0]$3690, Q = \header_q, rval = 152'00000000000000000000000000000000000000000000000000000000000000000000000000000000000000000000000000000000000000000000000000000000000000000000000000000000).
Setting constant 0-bit at position 0 on $procdff$17634 ($dff) from module wire_ipv4_parser.
Setting constant 0-bit at position 1 on $procdff$17634 ($dff) from module wire_ipv4_parser.
Setting constant 0-bit at position 2 on $procdff$17634 ($dff) from module wire_ipv4_parser.
Setting constant 0-bit at position 3 on $procdff$17634 ($dff) from module wire_ipv4_parser.
Setting constant 0-bit at position 0 on $procdff$17633 ($dff) from module wire_ipv4_parser.
Setting constant 0-bit at position 0 on $procdff$17632 ($dff) from module wire_ipv4_parser.
Setting constant 0-bit at position 1 on $procdff$17632 ($dff) from module wire_ipv4_parser.
Setting constant 0-bit at position 2 on $procdff$17632 ($dff) from module wire_ipv4_parser.
Setting constant 0-bit at position 3 on $procdff$17632 ($dff) from module wire_ipv4_parser.
Setting constant 0-bit at position 4 on $procdff$17632 ($dff) from module wire_ipv4_parser.
Setting constant 0-bit at position 5 on $procdff$17632 ($dff) from module wire_ipv4_parser.
Setting constant 0-bit at position 6 on $procdff$17632 ($dff) from module wire_ipv4_parser.
Setting constant 0-bit at position 7 on $procdff$17632 ($dff) from module wire_ipv4_parser.
Setting constant 0-bit at position 8 on $procdff$17632 ($dff) from module wire_ipv4_parser.
Setting constant 0-bit at position 9 on $procdff$17632 ($dff) from module wire_ipv4_parser.
Setting constant 0-bit at position 10 on $procdff$17632 ($dff) from module wire_ipv4_parser.
Setting constant 0-bit at position 11 on $procdff$17632 ($dff) from module wire_ipv4_parser.
Setting constant 0-bit at position 12 on $procdff$17632 ($dff) from module wire_ipv4_parser.
Setting constant 0-bit at position 13 on $procdff$17632 ($dff) from module wire_ipv4_parser.
Setting constant 0-bit at position 14 on $procdff$17632 ($dff) from module wire_ipv4_parser.
Setting constant 0-bit at position 15 on $procdff$17632 ($dff) from module wire_ipv4_parser.
Setting constant 0-bit at position 16 on $procdff$17632 ($dff) from module wire_ipv4_parser.
Setting constant 0-bit at position 17 on $procdff$17632 ($dff) from module wire_ipv4_parser.
Setting constant 0-bit at position 18 on $procdff$17632 ($dff) from module wire_ipv4_parser.
Setting constant 0-bit at position 19 on $procdff$17632 ($dff) from module wire_ipv4_parser.
Setting constant 0-bit at position 20 on $procdff$17632 ($dff) from module wire_ipv4_parser.
Setting constant 0-bit at position 21 on $procdff$17632 ($dff) from module wire_ipv4_parser.
Setting constant 0-bit at position 22 on $procdff$17632 ($dff) from module wire_ipv4_parser.
Setting constant 0-bit at position 23 on $procdff$17632 ($dff) from module wire_ipv4_parser.
Setting constant 0-bit at position 24 on $procdff$17632 ($dff) from module wire_ipv4_parser.
Setting constant 0-bit at position 25 on $procdff$17632 ($dff) from module wire_ipv4_parser.
Setting constant 0-bit at position 26 on $procdff$17632 ($dff) from module wire_ipv4_parser.
Setting constant 0-bit at position 27 on $procdff$17632 ($dff) from module wire_ipv4_parser.
Setting constant 0-bit at position 28 on $procdff$17632 ($dff) from module wire_ipv4_parser.
Setting constant 0-bit at position 29 on $procdff$17632 ($dff) from module wire_ipv4_parser.
Setting constant 0-bit at position 30 on $procdff$17632 ($dff) from module wire_ipv4_parser.
Setting constant 0-bit at position 31 on $procdff$17632 ($dff) from module wire_ipv4_parser.
Setting constant 0-bit at position 0 on $procdff$17635 ($dff) from module wire_ipv4_parser.
Setting constant 0-bit at position 1 on $procdff$17635 ($dff) from module wire_ipv4_parser.
Setting constant 0-bit at position 2 on $procdff$17635 ($dff) from module wire_ipv4_parser.
Setting constant 0-bit at position 3 on $procdff$17635 ($dff) from module wire_ipv4_parser.
Setting constant 0-bit at position 4 on $procdff$17635 ($dff) from module wire_ipv4_parser.
Setting constant 0-bit at position 5 on $procdff$17635 ($dff) from module wire_ipv4_parser.
Setting constant 0-bit at position 6 on $procdff$17635 ($dff) from module wire_ipv4_parser.
Setting constant 0-bit at position 7 on $procdff$17635 ($dff) from module wire_ipv4_parser.
Setting constant 0-bit at position 8 on $procdff$17635 ($dff) from module wire_ipv4_parser.
Setting constant 0-bit at position 9 on $procdff$17635 ($dff) from module wire_ipv4_parser.
Setting constant 0-bit at position 10 on $procdff$17635 ($dff) from module wire_ipv4_parser.
Setting constant 0-bit at position 11 on $procdff$17635 ($dff) from module wire_ipv4_parser.
Setting constant 0-bit at position 12 on $procdff$17635 ($dff) from module wire_ipv4_parser.
Setting constant 0-bit at position 13 on $procdff$17635 ($dff) from module wire_ipv4_parser.
Setting constant 0-bit at position 14 on $procdff$17635 ($dff) from module wire_ipv4_parser.
Setting constant 0-bit at position 15 on $procdff$17635 ($dff) from module wire_ipv4_parser.
Setting constant 0-bit at position 16 on $procdff$17635 ($dff) from module wire_ipv4_parser.
Setting constant 0-bit at position 17 on $procdff$17635 ($dff) from module wire_ipv4_parser.
Setting constant 0-bit at position 18 on $procdff$17635 ($dff) from module wire_ipv4_parser.
Setting constant 0-bit at position 19 on $procdff$17635 ($dff) from module wire_ipv4_parser.
Setting constant 0-bit at position 20 on $procdff$17635 ($dff) from module wire_ipv4_parser.
Setting constant 0-bit at position 21 on $procdff$17635 ($dff) from module wire_ipv4_parser.
Setting constant 0-bit at position 22 on $procdff$17635 ($dff) from module wire_ipv4_parser.
Setting constant 0-bit at position 23 on $procdff$17635 ($dff) from module wire_ipv4_parser.
Setting constant 0-bit at position 24 on $procdff$17635 ($dff) from module wire_ipv4_parser.
Setting constant 0-bit at position 25 on $procdff$17635 ($dff) from module wire_ipv4_parser.
Setting constant 0-bit at position 26 on $procdff$17635 ($dff) from module wire_ipv4_parser.
Setting constant 0-bit at position 27 on $procdff$17635 ($dff) from module wire_ipv4_parser.
Setting constant 0-bit at position 28 on $procdff$17635 ($dff) from module wire_ipv4_parser.
Setting constant 0-bit at position 29 on $procdff$17635 ($dff) from module wire_ipv4_parser.
Setting constant 0-bit at position 30 on $procdff$17635 ($dff) from module wire_ipv4_parser.
Setting constant 0-bit at position 31 on $procdff$17635 ($dff) from module wire_ipv4_parser.
Setting constant 0-bit at position 32 on $procdff$17635 ($dff) from module wire_ipv4_parser.
Setting constant 0-bit at position 33 on $procdff$17635 ($dff) from module wire_ipv4_parser.
Setting constant 0-bit at position 34 on $procdff$17635 ($dff) from module wire_ipv4_parser.
Setting constant 0-bit at position 35 on $procdff$17635 ($dff) from module wire_ipv4_parser.
Setting constant 0-bit at position 36 on $procdff$17635 ($dff) from module wire_ipv4_parser.
Setting constant 0-bit at position 37 on $procdff$17635 ($dff) from module wire_ipv4_parser.
Setting constant 0-bit at position 38 on $procdff$17635 ($dff) from module wire_ipv4_parser.
Setting constant 0-bit at position 39 on $procdff$17635 ($dff) from module wire_ipv4_parser.
Setting constant 0-bit at position 40 on $procdff$17635 ($dff) from module wire_ipv4_parser.
Setting constant 0-bit at position 41 on $procdff$17635 ($dff) from module wire_ipv4_parser.
Setting constant 0-bit at position 42 on $procdff$17635 ($dff) from module wire_ipv4_parser.
Setting constant 0-bit at position 43 on $procdff$17635 ($dff) from module wire_ipv4_parser.
Setting constant 0-bit at position 44 on $procdff$17635 ($dff) from module wire_ipv4_parser.
Setting constant 0-bit at position 45 on $procdff$17635 ($dff) from module wire_ipv4_parser.
Setting constant 0-bit at position 46 on $procdff$17635 ($dff) from module wire_ipv4_parser.
Setting constant 0-bit at position 47 on $procdff$17635 ($dff) from module wire_ipv4_parser.
Setting constant 0-bit at position 48 on $procdff$17635 ($dff) from module wire_ipv4_parser.
Setting constant 0-bit at position 49 on $procdff$17635 ($dff) from module wire_ipv4_parser.
Setting constant 0-bit at position 50 on $procdff$17635 ($dff) from module wire_ipv4_parser.
Setting constant 0-bit at position 51 on $procdff$17635 ($dff) from module wire_ipv4_parser.
Setting constant 0-bit at position 52 on $procdff$17635 ($dff) from module wire_ipv4_parser.
Setting constant 0-bit at position 53 on $procdff$17635 ($dff) from module wire_ipv4_parser.
Setting constant 0-bit at position 54 on $procdff$17635 ($dff) from module wire_ipv4_parser.
Setting constant 0-bit at position 55 on $procdff$17635 ($dff) from module wire_ipv4_parser.
Setting constant 0-bit at position 56 on $procdff$17635 ($dff) from module wire_ipv4_parser.
Setting constant 0-bit at position 57 on $procdff$17635 ($dff) from module wire_ipv4_parser.
Setting constant 0-bit at position 58 on $procdff$17635 ($dff) from module wire_ipv4_parser.
Setting constant 0-bit at position 59 on $procdff$17635 ($dff) from module wire_ipv4_parser.
Setting constant 0-bit at position 60 on $procdff$17635 ($dff) from module wire_ipv4_parser.
Setting constant 0-bit at position 61 on $procdff$17635 ($dff) from module wire_ipv4_parser.
Setting constant 0-bit at position 62 on $procdff$17635 ($dff) from module wire_ipv4_parser.
Setting constant 0-bit at position 63 on $procdff$17635 ($dff) from module wire_ipv4_parser.
Setting constant 0-bit at position 64 on $procdff$17635 ($dff) from module wire_ipv4_parser.
Setting constant 0-bit at position 65 on $procdff$17635 ($dff) from module wire_ipv4_parser.
Setting constant 0-bit at position 66 on $procdff$17635 ($dff) from module wire_ipv4_parser.
Setting constant 0-bit at position 67 on $procdff$17635 ($dff) from module wire_ipv4_parser.
Setting constant 0-bit at position 68 on $procdff$17635 ($dff) from module wire_ipv4_parser.
Setting constant 0-bit at position 69 on $procdff$17635 ($dff) from module wire_ipv4_parser.
Setting constant 0-bit at position 70 on $procdff$17635 ($dff) from module wire_ipv4_parser.
Setting constant 0-bit at position 71 on $procdff$17635 ($dff) from module wire_ipv4_parser.
Setting constant 0-bit at position 72 on $procdff$17635 ($dff) from module wire_ipv4_parser.
Setting constant 0-bit at position 73 on $procdff$17635 ($dff) from module wire_ipv4_parser.
Setting constant 0-bit at position 74 on $procdff$17635 ($dff) from module wire_ipv4_parser.
Setting constant 0-bit at position 75 on $procdff$17635 ($dff) from module wire_ipv4_parser.
Setting constant 0-bit at position 76 on $procdff$17635 ($dff) from module wire_ipv4_parser.
Setting constant 0-bit at position 77 on $procdff$17635 ($dff) from module wire_ipv4_parser.
Setting constant 0-bit at position 78 on $procdff$17635 ($dff) from module wire_ipv4_parser.
Setting constant 0-bit at position 79 on $procdff$17635 ($dff) from module wire_ipv4_parser.
Setting constant 0-bit at position 80 on $procdff$17635 ($dff) from module wire_ipv4_parser.
Setting constant 0-bit at position 81 on $procdff$17635 ($dff) from module wire_ipv4_parser.
Setting constant 0-bit at position 82 on $procdff$17635 ($dff) from module wire_ipv4_parser.
Setting constant 0-bit at position 83 on $procdff$17635 ($dff) from module wire_ipv4_parser.
Setting constant 0-bit at position 84 on $procdff$17635 ($dff) from module wire_ipv4_parser.
Setting constant 0-bit at position 85 on $procdff$17635 ($dff) from module wire_ipv4_parser.
Setting constant 0-bit at position 86 on $procdff$17635 ($dff) from module wire_ipv4_parser.
Setting constant 0-bit at position 87 on $procdff$17635 ($dff) from module wire_ipv4_parser.
Setting constant 0-bit at position 88 on $procdff$17635 ($dff) from module wire_ipv4_parser.
Setting constant 0-bit at position 89 on $procdff$17635 ($dff) from module wire_ipv4_parser.
Setting constant 0-bit at position 90 on $procdff$17635 ($dff) from module wire_ipv4_parser.
Setting constant 0-bit at position 91 on $procdff$17635 ($dff) from module wire_ipv4_parser.
Setting constant 0-bit at position 92 on $procdff$17635 ($dff) from module wire_ipv4_parser.
Setting constant 0-bit at position 93 on $procdff$17635 ($dff) from module wire_ipv4_parser.
Setting constant 0-bit at position 94 on $procdff$17635 ($dff) from module wire_ipv4_parser.
Setting constant 0-bit at position 95 on $procdff$17635 ($dff) from module wire_ipv4_parser.
Setting constant 0-bit at position 96 on $procdff$17635 ($dff) from module wire_ipv4_parser.
Setting constant 0-bit at position 97 on $procdff$17635 ($dff) from module wire_ipv4_parser.
Setting constant 0-bit at position 98 on $procdff$17635 ($dff) from module wire_ipv4_parser.
Setting constant 0-bit at position 99 on $procdff$17635 ($dff) from module wire_ipv4_parser.
Setting constant 0-bit at position 100 on $procdff$17635 ($dff) from module wire_ipv4_parser.
Setting constant 0-bit at position 101 on $procdff$17635 ($dff) from module wire_ipv4_parser.
Setting constant 0-bit at position 102 on $procdff$17635 ($dff) from module wire_ipv4_parser.
Setting constant 0-bit at position 103 on $procdff$17635 ($dff) from module wire_ipv4_parser.
Setting constant 0-bit at position 104 on $procdff$17635 ($dff) from module wire_ipv4_parser.
Setting constant 0-bit at position 105 on $procdff$17635 ($dff) from module wire_ipv4_parser.
Setting constant 0-bit at position 106 on $procdff$17635 ($dff) from module wire_ipv4_parser.
Setting constant 0-bit at position 107 on $procdff$17635 ($dff) from module wire_ipv4_parser.
Setting constant 0-bit at position 108 on $procdff$17635 ($dff) from module wire_ipv4_parser.
Setting constant 0-bit at position 109 on $procdff$17635 ($dff) from module wire_ipv4_parser.
Setting constant 0-bit at position 110 on $procdff$17635 ($dff) from module wire_ipv4_parser.
Setting constant 0-bit at position 111 on $procdff$17635 ($dff) from module wire_ipv4_parser.
Setting constant 0-bit at position 112 on $procdff$17635 ($dff) from module wire_ipv4_parser.
Setting constant 0-bit at position 113 on $procdff$17635 ($dff) from module wire_ipv4_parser.
Setting constant 0-bit at position 114 on $procdff$17635 ($dff) from module wire_ipv4_parser.
Setting constant 0-bit at position 115 on $procdff$17635 ($dff) from module wire_ipv4_parser.
Setting constant 0-bit at position 116 on $procdff$17635 ($dff) from module wire_ipv4_parser.
Setting constant 0-bit at position 117 on $procdff$17635 ($dff) from module wire_ipv4_parser.
Setting constant 0-bit at position 118 on $procdff$17635 ($dff) from module wire_ipv4_parser.
Setting constant 0-bit at position 119 on $procdff$17635 ($dff) from module wire_ipv4_parser.
Setting constant 0-bit at position 120 on $procdff$17635 ($dff) from module wire_ipv4_parser.
Setting constant 0-bit at position 121 on $procdff$17635 ($dff) from module wire_ipv4_parser.
Setting constant 0-bit at position 122 on $procdff$17635 ($dff) from module wire_ipv4_parser.
Setting constant 0-bit at position 123 on $procdff$17635 ($dff) from module wire_ipv4_parser.
Setting constant 0-bit at position 124 on $procdff$17635 ($dff) from module wire_ipv4_parser.
Setting constant 0-bit at position 125 on $procdff$17635 ($dff) from module wire_ipv4_parser.
Setting constant 0-bit at position 126 on $procdff$17635 ($dff) from module wire_ipv4_parser.
Setting constant 0-bit at position 127 on $procdff$17635 ($dff) from module wire_ipv4_parser.
Setting constant 0-bit at position 128 on $procdff$17635 ($dff) from module wire_ipv4_parser.
Setting constant 0-bit at position 129 on $procdff$17635 ($dff) from module wire_ipv4_parser.
Setting constant 0-bit at position 130 on $procdff$17635 ($dff) from module wire_ipv4_parser.
Setting constant 0-bit at position 131 on $procdff$17635 ($dff) from module wire_ipv4_parser.
Setting constant 0-bit at position 132 on $procdff$17635 ($dff) from module wire_ipv4_parser.
Setting constant 0-bit at position 133 on $procdff$17635 ($dff) from module wire_ipv4_parser.
Setting constant 0-bit at position 134 on $procdff$17635 ($dff) from module wire_ipv4_parser.
Setting constant 0-bit at position 135 on $procdff$17635 ($dff) from module wire_ipv4_parser.
Setting constant 0-bit at position 136 on $procdff$17635 ($dff) from module wire_ipv4_parser.
Setting constant 0-bit at position 137 on $procdff$17635 ($dff) from module wire_ipv4_parser.
Setting constant 0-bit at position 138 on $procdff$17635 ($dff) from module wire_ipv4_parser.
Setting constant 0-bit at position 139 on $procdff$17635 ($dff) from module wire_ipv4_parser.
Setting constant 0-bit at position 140 on $procdff$17635 ($dff) from module wire_ipv4_parser.
Setting constant 0-bit at position 141 on $procdff$17635 ($dff) from module wire_ipv4_parser.
Setting constant 0-bit at position 142 on $procdff$17635 ($dff) from module wire_ipv4_parser.
Setting constant 0-bit at position 143 on $procdff$17635 ($dff) from module wire_ipv4_parser.
Setting constant 0-bit at position 144 on $procdff$17635 ($dff) from module wire_ipv4_parser.
Setting constant 0-bit at position 145 on $procdff$17635 ($dff) from module wire_ipv4_parser.
Setting constant 0-bit at position 146 on $procdff$17635 ($dff) from module wire_ipv4_parser.
Setting constant 0-bit at position 147 on $procdff$17635 ($dff) from module wire_ipv4_parser.
Setting constant 0-bit at position 148 on $procdff$17635 ($dff) from module wire_ipv4_parser.
Setting constant 0-bit at position 149 on $procdff$17635 ($dff) from module wire_ipv4_parser.
Setting constant 0-bit at position 150 on $procdff$17635 ($dff) from module wire_ipv4_parser.
Setting constant 0-bit at position 151 on $procdff$17635 ($dff) from module wire_ipv4_parser.
Adding SRST signal on $procdff$17636 ($dff) from module wire_eth_parser (D = $procmux$12227_Y, Q = \state_q, rval = 2'00).
Adding SRST signal on $procdff$17637 ($dff) from module wire_eth_parser (D = $procmux$12196_Y, Q = \header_index_q, rval = 4'0000).
Adding SRST signal on $procdff$17638 ($dff) from module wire_eth_parser (D = $procmux$12174_Y, Q = \ethertype_high_q, rval = 8'00000000).
Adding EN signal on $auto$ff.cc:337:slice$20305 ($sdff) from module wire_eth_parser (D = \in_data, Q = \ethertype_high_q).
Adding SRST signal on $procdff$17639 ($dff) from module wire_eth_parser (D = $procmux$12158_Y, Q = \payload_data_q, rval = 8'00000000).
Adding EN signal on $auto$ff.cc:337:slice$20311 ($sdff) from module wire_eth_parser (D = \in_data, Q = \payload_data_q).
Adding SRST signal on $procdff$17640 ($dff) from module wire_eth_parser (D = $procmux$12150_Y, Q = \payload_last_q, rval = 1'0).
Adding SRST signal on $procdff$17641 ($dff) from module wire_eth_parser (D = $procmux$12138_Y, Q = \payload_valid_q, rval = 1'0).
Adding SRST signal on $procdff$17642 ($dff) from module wire_eth_parser (D = $procmux$12128_Y, Q = \reject_fatal_q, rval = 1'0).
Adding EN signal on $auto$ff.cc:337:slice$20317 ($sdff) from module wire_eth_parser (D = $procmux$12110_Y, Q = \reject_fatal_q).
Adding SRST signal on $procdff$17643 ($dff) from module wire_eth_parser (D = $procmux$12103_Y, Q = \reject_code_q, rval = 2'00).
Adding EN signal on $auto$ff.cc:337:slice$20327 ($sdff) from module wire_eth_parser (D = $procmux$12085_Y, Q = \reject_code_q).
Adding SRST signal on $procdff$17644 ($dff) from module wire_gearbox_64to8 (D = $procmux$12306_Y, Q = \data_q, rval = 64'0000000000000000000000000000000000000000000000000000000000000000).
Adding EN signal on $auto$ff.cc:337:slice$20337 ($sdff) from module wire_gearbox_64to8 (D = \in_data, Q = \data_q).
Adding SRST signal on $procdff$17645 ($dff) from module wire_gearbox_64to8 (D = $procmux$12300_Y, Q = \last_q, rval = 1'0).
Adding EN signal on $auto$ff.cc:337:slice$20339 ($sdff) from module wire_gearbox_64to8 (D = $procmux$12300_Y, Q = \last_q).
Adding SRST signal on $procdff$17646 ($dff) from module wire_gearbox_64to8 (D = $procmux$12289_Y, Q = \count_q, rval = 4'0000).
Adding EN signal on $auto$ff.cc:337:slice$20347 ($sdff) from module wire_gearbox_64to8 (D = $3\keep_count$func$rtl/arch_a/wire_gearbox_64to8.sv:58$3604.$result[3:0]$3625, Q = \count_q).
Adding SRST signal on $procdff$17647 ($dff) from module wire_gearbox_64to8 (D = $procmux$12280_Y, Q = \index_q, rval = 3'000).
Adding EN signal on $auto$ff.cc:337:slice$20349 ($sdff) from module wire_gearbox_64to8 (D = $procmux$12278_Y, Q = \index_q).
Adding SRST signal on $procdff$17648 ($dff) from module wire_gearbox_64to8 (D = $procmux$12272_Y, Q = \valid_q, rval = 1'0).
Adding EN signal on $auto$ff.cc:337:slice$20353 ($sdff) from module wire_gearbox_64to8 (D = $procmux$12272_Y, Q = \valid_q).
Setting constant 0-bit at position 0 on $procdff$17649 ($dff) from module wire_gearbox_64to8.
Setting constant 0-bit at position 1 on $procdff$17649 ($dff) from module wire_gearbox_64to8.
Setting constant 0-bit at position 2 on $procdff$17649 ($dff) from module wire_gearbox_64to8.
Setting constant 0-bit at position 3 on $procdff$17649 ($dff) from module wire_gearbox_64to8.
Setting constant 0-bit at position 0 on $procdff$17650 ($dff) from module wire_gearbox_64to8.
Setting constant 0-bit at position 1 on $procdff$17650 ($dff) from module wire_gearbox_64to8.
Setting constant 0-bit at position 2 on $procdff$17650 ($dff) from module wire_gearbox_64to8.
Setting constant 0-bit at position 3 on $procdff$17650 ($dff) from module wire_gearbox_64to8.
Setting constant 0-bit at position 4 on $procdff$17650 ($dff) from module wire_gearbox_64to8.
Setting constant 0-bit at position 5 on $procdff$17650 ($dff) from module wire_gearbox_64to8.
Setting constant 0-bit at position 6 on $procdff$17650 ($dff) from module wire_gearbox_64to8.
Setting constant 0-bit at position 7 on $procdff$17650 ($dff) from module wire_gearbox_64to8.
Adding EN signal on $procdff$17672 ($dff) from module $paramod\wire_order_book\NUM_SETS=s32'00000000000000000000001000000000 (D = \event_fields_valid$func$rtl/common/wire_order_book.sv:143$4347.$result, Q = \event_contract_q).
Adding EN signal on $procdff$17673 ($dff) from module $paramod\wire_order_book\NUM_SETS=s32'00000000000000000000001000000000 (D = 1024, Q = $fordecl_block$50.i).
Adding SRST signal on $procdff$17651 ($dff) from module $paramod\wire_order_book\NUM_SETS=s32'00000000000000000000001000000000 (D = $procmux$16763_Y, Q = \state_q, rval = 1'0).
Adding SRST signal on $procdff$17652 ($dff) from module $paramod\wire_order_book\NUM_SETS=s32'00000000000000000000001000000000 (D = $procmux$16756_Y, Q = \bid_total_q, rval = 48'000000000000000000000000000000000000000000000000).
Adding EN signal on $auto$ff.cc:337:slice$20376 ($sdff) from module $paramod\wire_order_book\NUM_SETS=s32'00000000000000000000001000000000 (D = \next_bid_total, Q = \bid_total_q).
Adding SRST signal on $procdff$17653 ($dff) from module $paramod\wire_order_book\NUM_SETS=s32'00000000000000000000001000000000 (D = $procmux$16748_Y, Q = \ask_total_q, rval = 48'000000000000000000000000000000000000000000000000).
Adding EN signal on $auto$ff.cc:337:slice$20382 ($sdff) from module $paramod\wire_order_book\NUM_SETS=s32'00000000000000000000001000000000 (D = \next_ask_total, Q = \ask_total_q).
Adding SRST signal on $procdff$17654 ($dff) from module $paramod\wire_order_book\NUM_SETS=s32'00000000000000000000001000000000 (D = $procmux$16740_Y, Q = \book_valid_q, rval = 1'1).
Adding SRST signal on $procdff$17655 ($dff) from module $paramod\wire_order_book\NUM_SETS=s32'00000000000000000000001000000000 (D = $procmux$16728_Y, Q = \recovery_q, rval = 1'0).
Adding SRST signal on $procdff$17656 ($dff) from module $paramod\wire_order_book\NUM_SETS=s32'00000000000000000000001000000000 (D = $procmux$16716_Y, Q = \commit_valid_q, rval = 1'0).
Adding SRST signal on $procdff$17657 ($dff) from module $paramod\wire_order_book\NUM_SETS=s32'00000000000000000000001000000000 (D = $procmux$16706_Y, Q = \error_valid_q, rval = 1'0).
Adding SRST signal on $procdff$17658 ($dff) from module $paramod\wire_order_book\NUM_SETS=s32'00000000000000000000001000000000 (D = $procmux$16690_Y, Q = \error_code_q, rval = 4'0000).
Adding SRST signal on $procdff$17659 ($dff) from module $paramod\wire_order_book\NUM_SETS=s32'00000000000000000000001000000000 (D = $procmux$16676_Y, Q = \commit_sequence_q, rval = 64'0000000000000000000000000000000000000000000000000000000000000000).
Adding EN signal on $auto$ff.cc:337:slice$20393 ($sdff) from module $paramod\wire_order_book\NUM_SETS=s32'00000000000000000000001000000000 (D = \event_sequence_q, Q = \commit_sequence_q).
Adding SRST signal on $procdff$17660 ($dff) from module $paramod\wire_order_book\NUM_SETS=s32'00000000000000000000001000000000 (D = $procmux$16668_Y, Q = \commit_timestamp_q, rval = 48'000000000000000000000000000000000000000000000000).
Adding EN signal on $auto$ff.cc:337:slice$20399 ($sdff) from module $paramod\wire_order_book\NUM_SETS=s32'00000000000000000000001000000000 (D = \event_timestamp_q, Q = \commit_timestamp_q).
Adding SRST signal on $procdff$17661 ($dff) from module $paramod\wire_order_book\NUM_SETS=s32'00000000000000000000001000000000 (D = $procmux$16660_Y, Q = \commit_bid_q, rval = 48'000000000000000000000000000000000000000000000000).
Adding EN signal on $auto$ff.cc:337:slice$20405 ($sdff) from module $paramod\wire_order_book\NUM_SETS=s32'00000000000000000000001000000000 (D = \next_bid_total, Q = \commit_bid_q).
Adding SRST signal on $procdff$17662 ($dff) from module $paramod\wire_order_book\NUM_SETS=s32'00000000000000000000001000000000 (D = $procmux$16652_Y, Q = \commit_ask_q, rval = 48'000000000000000000000000000000000000000000000000).
Adding EN signal on $auto$ff.cc:337:slice$20411 ($sdff) from module $paramod\wire_order_book\NUM_SETS=s32'00000000000000000000001000000000 (D = \next_ask_total, Q = \commit_ask_q).
Adding SRST signal on $procdff$17663 ($dff) from module $paramod\wire_order_book\NUM_SETS=s32'00000000000000000000001000000000 (D = $procmux$16644_Y, Q = \accepted_stock_locate_q, rval = 16'0000000000000000).
Adding EN signal on $auto$ff.cc:337:slice$20417 ($sdff) from module $paramod\wire_order_book\NUM_SETS=s32'00000000000000000000001000000000 (D = \stock_locate, Q = \accepted_stock_locate_q).
Adding EN signal on $procdff$17664 ($dff) from module $paramod\wire_order_book\NUM_SETS=s32'00000000000000000000001000000000 (D = \event_kind, Q = \event_kind_q).
Adding EN signal on $procdff$17665 ($dff) from module $paramod\wire_order_book\NUM_SETS=s32'00000000000000000000001000000000 (D = \mold_sequence, Q = \event_sequence_q).
Adding EN signal on $procdff$17666 ($dff) from module $paramod\wire_order_book\NUM_SETS=s32'00000000000000000000001000000000 (D = \itch_timestamp, Q = \event_timestamp_q).
Adding EN signal on $procdff$17667 ($dff) from module $paramod\wire_order_book\NUM_SETS=s32'00000000000000000000001000000000 (D = \old_order_reference, Q = \old_reference_q).
Adding EN signal on $procdff$17668 ($dff) from module $paramod\wire_order_book\NUM_SETS=s32'00000000000000000000001000000000 (D = \new_order_reference, Q = \new_reference_q).
Adding EN signal on $procdff$17669 ($dff) from module $paramod\wire_order_book\NUM_SETS=s32'00000000000000000000001000000000 (D = \quantity, Q = \quantity_q).
Adding EN signal on $procdff$17670 ($dff) from module $paramod\wire_order_book\NUM_SETS=s32'00000000000000000000001000000000 (D = \price, Q = \price_q).
Adding EN signal on $procdff$17671 ($dff) from module $paramod\wire_order_book\NUM_SETS=s32'00000000000000000000001000000000 (D = \side, Q = \side_q).
Setting constant 0-bit at position 0 on $auto$ff.cc:337:slice$20370 ($dffe) from module $paramod\wire_order_book\NUM_SETS=s32'00000000000000000000001000000000.
Setting constant 0-bit at position 1 on $auto$ff.cc:337:slice$20370 ($dffe) from module $paramod\wire_order_book\NUM_SETS=s32'00000000000000000000001000000000.
Setting constant 0-bit at position 2 on $auto$ff.cc:337:slice$20370 ($dffe) from module $paramod\wire_order_book\NUM_SETS=s32'00000000000000000000001000000000.
Setting constant 0-bit at position 3 on $auto$ff.cc:337:slice$20370 ($dffe) from module $paramod\wire_order_book\NUM_SETS=s32'00000000000000000000001000000000.
Setting constant 0-bit at position 4 on $auto$ff.cc:337:slice$20370 ($dffe) from module $paramod\wire_order_book\NUM_SETS=s32'00000000000000000000001000000000.
Setting constant 0-bit at position 5 on $auto$ff.cc:337:slice$20370 ($dffe) from module $paramod\wire_order_book\NUM_SETS=s32'00000000000000000000001000000000.
Setting constant 0-bit at position 6 on $auto$ff.cc:337:slice$20370 ($dffe) from module $paramod\wire_order_book\NUM_SETS=s32'00000000000000000000001000000000.
Setting constant 0-bit at position 7 on $auto$ff.cc:337:slice$20370 ($dffe) from module $paramod\wire_order_book\NUM_SETS=s32'00000000000000000000001000000000.
Setting constant 0-bit at position 8 on $auto$ff.cc:337:slice$20370 ($dffe) from module $paramod\wire_order_book\NUM_SETS=s32'00000000000000000000001000000000.
Setting constant 0-bit at position 9 on $auto$ff.cc:337:slice$20370 ($dffe) from module $paramod\wire_order_book\NUM_SETS=s32'00000000000000000000001000000000.
Setting constant 1-bit at position 10 on $auto$ff.cc:337:slice$20370 ($dffe) from module $paramod\wire_order_book\NUM_SETS=s32'00000000000000000000001000000000.
Setting constant 0-bit at position 11 on $auto$ff.cc:337:slice$20370 ($dffe) from module $paramod\wire_order_book\NUM_SETS=s32'00000000000000000000001000000000.
Setting constant 0-bit at position 12 on $auto$ff.cc:337:slice$20370 ($dffe) from module $paramod\wire_order_book\NUM_SETS=s32'00000000000000000000001000000000.
Setting constant 0-bit at position 13 on $auto$ff.cc:337:slice$20370 ($dffe) from module $paramod\wire_order_book\NUM_SETS=s32'00000000000000000000001000000000.
Setting constant 0-bit at position 14 on $auto$ff.cc:337:slice$20370 ($dffe) from module $paramod\wire_order_book\NUM_SETS=s32'00000000000000000000001000000000.
Setting constant 0-bit at position 15 on $auto$ff.cc:337:slice$20370 ($dffe) from module $paramod\wire_order_book\NUM_SETS=s32'00000000000000000000001000000000.
Setting constant 0-bit at position 16 on $auto$ff.cc:337:slice$20370 ($dffe) from module $paramod\wire_order_book\NUM_SETS=s32'00000000000000000000001000000000.
Setting constant 0-bit at position 17 on $auto$ff.cc:337:slice$20370 ($dffe) from module $paramod\wire_order_book\NUM_SETS=s32'00000000000000000000001000000000.
Setting constant 0-bit at position 18 on $auto$ff.cc:337:slice$20370 ($dffe) from module $paramod\wire_order_book\NUM_SETS=s32'00000000000000000000001000000000.
Setting constant 0-bit at position 19 on $auto$ff.cc:337:slice$20370 ($dffe) from module $paramod\wire_order_book\NUM_SETS=s32'00000000000000000000001000000000.
Setting constant 0-bit at position 20 on $auto$ff.cc:337:slice$20370 ($dffe) from module $paramod\wire_order_book\NUM_SETS=s32'00000000000000000000001000000000.
Setting constant 0-bit at position 21 on $auto$ff.cc:337:slice$20370 ($dffe) from module $paramod\wire_order_book\NUM_SETS=s32'00000000000000000000001000000000.
Setting constant 0-bit at position 22 on $auto$ff.cc:337:slice$20370 ($dffe) from module $paramod\wire_order_book\NUM_SETS=s32'00000000000000000000001000000000.
Setting constant 0-bit at position 23 on $auto$ff.cc:337:slice$20370 ($dffe) from module $paramod\wire_order_book\NUM_SETS=s32'00000000000000000000001000000000.
Setting constant 0-bit at position 24 on $auto$ff.cc:337:slice$20370 ($dffe) from module $paramod\wire_order_book\NUM_SETS=s32'00000000000000000000001000000000.
Setting constant 0-bit at position 25 on $auto$ff.cc:337:slice$20370 ($dffe) from module $paramod\wire_order_book\NUM_SETS=s32'00000000000000000000001000000000.
Setting constant 0-bit at position 26 on $auto$ff.cc:337:slice$20370 ($dffe) from module $paramod\wire_order_book\NUM_SETS=s32'00000000000000000000001000000000.
Setting constant 0-bit at position 27 on $auto$ff.cc:337:slice$20370 ($dffe) from module $paramod\wire_order_book\NUM_SETS=s32'00000000000000000000001000000000.
Setting constant 0-bit at position 28 on $auto$ff.cc:337:slice$20370 ($dffe) from module $paramod\wire_order_book\NUM_SETS=s32'00000000000000000000001000000000.
Setting constant 0-bit at position 29 on $auto$ff.cc:337:slice$20370 ($dffe) from module $paramod\wire_order_book\NUM_SETS=s32'00000000000000000000001000000000.
Setting constant 0-bit at position 30 on $auto$ff.cc:337:slice$20370 ($dffe) from module $paramod\wire_order_book\NUM_SETS=s32'00000000000000000000001000000000.
Setting constant 0-bit at position 31 on $auto$ff.cc:337:slice$20370 ($dffe) from module $paramod\wire_order_book\NUM_SETS=s32'00000000000000000000001000000000.
Adding SRST signal on $procdff$18737 ($dff) from module wire_ingress_buffer (D = $procmux$17479_Y, Q = \count_q, rval = 2'00).
Adding EN signal on $auto$ff.cc:337:slice$20480 ($sdff) from module wire_ingress_buffer (D = $procmux$17479_Y, Q = \count_q).
Adding SRST signal on $procdff$18735 ($dff) from module wire_ingress_buffer (D = $procmux$17518_Y, Q = \read_ptr_q, rval = 1'0).
Adding EN signal on $auto$ff.cc:337:slice$20484 ($sdff) from module wire_ingress_buffer (D = $add$rtl/common/wire_ingress_buffer.sv:51$41_Y, Q = \read_ptr_q).
Adding SRST signal on $procdff$18736 ($dff) from module wire_ingress_buffer (D = $procmux$17513_Y, Q = \write_ptr_q, rval = 1'0).
Adding EN signal on $auto$ff.cc:337:slice$20486 ($sdff) from module wire_ingress_buffer (D = $add$rtl/common/wire_ingress_buffer.sv:47$40_Y, Q = \write_ptr_q).

14.7. Executing OPT_CLEAN pass (remove unused cells and wires).
Finding unused cells or wires in module \wire_arch_a_parser_book_top..
Finding unused cells or wires in module \wire_arch_a_parser_top..
Finding unused cells or wires in module \wire_itch_decoder..
Finding unused cells or wires in module \wire_mold_message_framer..
Finding unused cells or wires in module \wire_mold_header_seq..
Finding unused cells or wires in module \wire_udp_parser..
Finding unused cells or wires in module \wire_ipv4_parser..
Finding unused cells or wires in module \wire_eth_parser..
Finding unused cells or wires in module \wire_gearbox_64to8..
Finding unused cells or wires in module $paramod\wire_order_book\NUM_SETS=s32'00000000000000000000001000000000..
Finding unused cells or wires in module \wire_ingress_buffer..
Removed 300 unused cells and 9684 unused wires.
<suppressed ~315 debug messages>

14.8. Executing OPT_EXPR pass (perform const folding).
Optimizing module wire_arch_a_parser_book_top.
Optimizing module wire_arch_a_parser_top.
Optimizing module wire_itch_decoder.
<suppressed ~4 debug messages>
Optimizing module wire_mold_message_framer.
<suppressed ~3 debug messages>
Optimizing module wire_mold_header_seq.
<suppressed ~6 debug messages>
Optimizing module wire_udp_parser.
<suppressed ~8 debug messages>
Optimizing module wire_ipv4_parser.
<suppressed ~3 debug messages>
Optimizing module wire_eth_parser.
<suppressed ~2 debug messages>
Optimizing module wire_gearbox_64to8.
<suppressed ~4 debug messages>
Optimizing module $paramod\wire_order_book\NUM_SETS=s32'00000000000000000000001000000000.
<suppressed ~1 debug messages>
Optimizing module wire_ingress_buffer.
<suppressed ~1 debug messages>

14.9. Rerunning OPT passes. (Maybe there is more to do..)

14.10. Executing OPT_MUXTREE pass (detect dead branches in mux trees).
Running muxtree optimizer on module \wire_arch_a_parser_book_top..
  Creating internal representation of mux trees.
  No muxes found in this module.
Running muxtree optimizer on module \wire_arch_a_parser_top..
  Creating internal representation of mux trees.
  Evaluating internal representation of mux trees.
  Analyzing evaluation results.
Running muxtree optimizer on module \wire_itch_decoder..
  Creating internal representation of mux trees.
  Evaluating internal representation of mux trees.
  Analyzing evaluation results.
Running muxtree optimizer on module \wire_mold_message_framer..
  Creating internal representation of mux trees.
  Evaluating internal representation of mux trees.
  Analyzing evaluation results.
Running muxtree optimizer on module \wire_mold_header_seq..
  Creating internal representation of mux trees.
  Evaluating internal representation of mux trees.
  Analyzing evaluation results.
Running muxtree optimizer on module \wire_udp_parser..
  Creating internal representation of mux trees.
  Evaluating internal representation of mux trees.
  Analyzing evaluation results.
Running muxtree optimizer on module \wire_ipv4_parser..
  Creating internal representation of mux trees.
  Evaluating internal representation of mux trees.
  Analyzing evaluation results.
Running muxtree optimizer on module \wire_eth_parser..
  Creating internal representation of mux trees.
  Evaluating internal representation of mux trees.
  Analyzing evaluation results.
Running muxtree optimizer on module \wire_gearbox_64to8..
  Creating internal representation of mux trees.
  Evaluating internal representation of mux trees.
  Analyzing evaluation results.
Running muxtree optimizer on module $paramod\wire_order_book\NUM_SETS=s32'00000000000000000000001000000000..
  Creating internal representation of mux trees.
  Evaluating internal representation of mux trees.
  Analyzing evaluation results.
Running muxtree optimizer on module \wire_ingress_buffer..
  Creating internal representation of mux trees.
  Evaluating internal representation of mux trees.
  Analyzing evaluation results.
Removed 0 multiplexer ports.
<suppressed ~2045 debug messages>

14.11. Executing OPT_REDUCE pass (consolidate $*mux and $reduce_* inputs).
  Optimizing cells in module \wire_arch_a_parser_book_top.
  Optimizing cells in module \wire_arch_a_parser_top.
  Optimizing cells in module \wire_itch_decoder.
  Optimizing cells in module \wire_mold_message_framer.
    New ctrl vector for $pmux cell $procmux$10139: $auto$opt_reduce.cc:137:opt_pmux$20489
    New ctrl vector for $pmux cell $procmux$10093: $auto$opt_reduce.cc:137:opt_pmux$20491
  Optimizing cells in module \wire_mold_message_framer.
  Optimizing cells in module \wire_mold_header_seq.
  Optimizing cells in module \wire_udp_parser.
  Optimizing cells in module \wire_ipv4_parser.
  Optimizing cells in module \wire_eth_parser.
  Optimizing cells in module \wire_gearbox_64to8.
  Optimizing cells in module $paramod\wire_order_book\NUM_SETS=s32'00000000000000000000001000000000.
  Optimizing cells in module \wire_ingress_buffer.
Performed a total of 2 changes.

14.12. Executing OPT_MERGE pass (detect identical cells).
Finding identical cells in module `\wire_arch_a_parser_book_top'.
Computing hashes of 2 cells of `\wire_arch_a_parser_book_top'.
Finding duplicate cells in `\wire_arch_a_parser_book_top'.
Finding identical cells in module `\wire_arch_a_parser_top'.
Computing hashes of 45 cells of `\wire_arch_a_parser_top'.
Finding duplicate cells in `\wire_arch_a_parser_top'.
Finding identical cells in module `\wire_itch_decoder'.
Computing hashes of 359 cells of `\wire_itch_decoder'.
Finding duplicate cells in `\wire_itch_decoder'.
Computing hashes of 345 cells of `\wire_itch_decoder'.
Finding duplicate cells in `\wire_itch_decoder'.
<suppressed ~42 debug messages>
Finding identical cells in module `\wire_mold_message_framer'.
Computing hashes of 156 cells of `\wire_mold_message_framer'.
Finding duplicate cells in `\wire_mold_message_framer'.
Computing hashes of 153 cells of `\wire_mold_message_framer'.
Finding duplicate cells in `\wire_mold_message_framer'.
<suppressed ~9 debug messages>
Finding identical cells in module `\wire_mold_header_seq'.
Computing hashes of 197 cells of `\wire_mold_header_seq'.
Finding duplicate cells in `\wire_mold_header_seq'.
Computing hashes of 180 cells of `\wire_mold_header_seq'.
Finding duplicate cells in `\wire_mold_header_seq'.
Computing hashes of 177 cells of `\wire_mold_header_seq'.
Finding duplicate cells in `\wire_mold_header_seq'.
<suppressed ~60 debug messages>
Finding identical cells in module `\wire_udp_parser'.
Computing hashes of 200 cells of `\wire_udp_parser'.
Finding duplicate cells in `\wire_udp_parser'.
Computing hashes of 180 cells of `\wire_udp_parser'.
Finding duplicate cells in `\wire_udp_parser'.
Computing hashes of 178 cells of `\wire_udp_parser'.
Finding duplicate cells in `\wire_udp_parser'.
<suppressed ~66 debug messages>
Finding identical cells in module `\wire_ipv4_parser'.
Computing hashes of 165 cells of `\wire_ipv4_parser'.
Finding duplicate cells in `\wire_ipv4_parser'.
Computing hashes of 160 cells of `\wire_ipv4_parser'.
Finding duplicate cells in `\wire_ipv4_parser'.
Computing hashes of 159 cells of `\wire_ipv4_parser'.
Finding duplicate cells in `\wire_ipv4_parser'.
<suppressed ~18 debug messages>
Finding identical cells in module `\wire_eth_parser'.
Computing hashes of 77 cells of `\wire_eth_parser'.
Finding duplicate cells in `\wire_eth_parser'.
Computing hashes of 74 cells of `\wire_eth_parser'.
Finding duplicate cells in `\wire_eth_parser'.
Computing hashes of 73 cells of `\wire_eth_parser'.
Finding duplicate cells in `\wire_eth_parser'.
<suppressed ~12 debug messages>
Finding identical cells in module `\wire_gearbox_64to8'.
Computing hashes of 40 cells of `\wire_gearbox_64to8'.
Finding duplicate cells in `\wire_gearbox_64to8'.
Computing hashes of 37 cells of `\wire_gearbox_64to8'.
Finding duplicate cells in `\wire_gearbox_64to8'.
Computing hashes of 35 cells of `\wire_gearbox_64to8'.
Finding duplicate cells in `\wire_gearbox_64to8'.
<suppressed ~15 debug messages>
Finding identical cells in module `$paramod\wire_order_book\NUM_SETS=s32'00000000000000000000001000000000'.
Computing hashes of 1494 cells of `$paramod\wire_order_book\NUM_SETS=s32'00000000000000000000001000000000'.
Finding duplicate cells in `$paramod\wire_order_book\NUM_SETS=s32'00000000000000000000001000000000'.
Computing hashes of 1471 cells of `$paramod\wire_order_book\NUM_SETS=s32'00000000000000000000001000000000'.
Finding duplicate cells in `$paramod\wire_order_book\NUM_SETS=s32'00000000000000000000001000000000'.
Computing hashes of 1458 cells of `$paramod\wire_order_book\NUM_SETS=s32'00000000000000000000001000000000'.
Finding duplicate cells in `$paramod\wire_order_book\NUM_SETS=s32'00000000000000000000001000000000'.
Computing hashes of 1456 cells of `$paramod\wire_order_book\NUM_SETS=s32'00000000000000000000001000000000'.
Finding duplicate cells in `$paramod\wire_order_book\NUM_SETS=s32'00000000000000000000001000000000'.
<suppressed ~114 debug messages>
Finding identical cells in module `\wire_ingress_buffer'.
Computing hashes of 32 cells of `\wire_ingress_buffer'.
Finding duplicate cells in `\wire_ingress_buffer'.
Removed a total of 112 cells.

14.13. Executing OPT_DFF pass (perform DFF optimizations).
Adding EN signal on $auto$ff.cc:337:slice$20046 ($sdff) from module wire_mold_header_seq (D = $or$rtl/arch_a/wire_mold_header_seq.sv:180$3895_Y, Q = \header_q).
Adding EN signal on $auto$ff.cc:337:slice$20212 ($sdff) from module wire_udp_parser (D = $or$rtl/arch_a/wire_udp_parser.sv:104$3831_Y, Q = \header_q).
Adding EN signal on $auto$ff.cc:337:slice$20298 ($sdff) from module wire_ipv4_parser (D = $or$rtl/arch_a/wire_ipv4_parser.sv:155$3716_Y, Q = \header_q).
Adding EN signal on $auto$ff.cc:337:slice$20383 ($sdffe) from module $paramod\wire_order_book\NUM_SETS=s32'00000000000000000000001000000000 (D = $add$rtl/common/wire_order_book.sv:289$5568_Y [47:0], Q = \ask_total_q).
Adding EN signal on $auto$ff.cc:337:slice$20377 ($sdffe) from module $paramod\wire_order_book\NUM_SETS=s32'00000000000000000000001000000000 (D = $add$rtl/common/wire_order_book.sv:289$5568_Y [47:0], Q = \bid_total_q).

14.14. Executing OPT_CLEAN pass (remove unused cells and wires).
Finding unused cells or wires in module \wire_arch_a_parser_book_top..
Finding unused cells or wires in module \wire_arch_a_parser_top..
Finding unused cells or wires in module \wire_itch_decoder..
Finding unused cells or wires in module \wire_mold_message_framer..
Finding unused cells or wires in module \wire_mold_header_seq..
Finding unused cells or wires in module \wire_udp_parser..
Finding unused cells or wires in module \wire_ipv4_parser..
Finding unused cells or wires in module \wire_eth_parser..
Finding unused cells or wires in module \wire_gearbox_64to8..
Finding unused cells or wires in module $paramod\wire_order_book\NUM_SETS=s32'00000000000000000000001000000000..
Finding unused cells or wires in module \wire_ingress_buffer..
Removed 18 unused cells and 131 unused wires.
<suppressed ~28 debug messages>

14.15. Executing OPT_EXPR pass (perform const folding).
Optimizing module wire_arch_a_parser_book_top.
Optimizing module wire_arch_a_parser_top.
Optimizing module wire_itch_decoder.
Optimizing module wire_mold_message_framer.
Optimizing module wire_mold_header_seq.
Optimizing module wire_udp_parser.
Optimizing module wire_ipv4_parser.
Optimizing module wire_eth_parser.
Optimizing module wire_gearbox_64to8.
Optimizing module $paramod\wire_order_book\NUM_SETS=s32'00000000000000000000001000000000.
Optimizing module wire_ingress_buffer.

14.16. Rerunning OPT passes. (Maybe there is more to do..)

14.17. Executing OPT_MUXTREE pass (detect dead branches in mux trees).
Running muxtree optimizer on module \wire_arch_a_parser_book_top..
  Creating internal representation of mux trees.
  No muxes found in this module.
Running muxtree optimizer on module \wire_arch_a_parser_top..
  Creating internal representation of mux trees.
  Evaluating internal representation of mux trees.
  Analyzing evaluation results.
Running muxtree optimizer on module \wire_itch_decoder..
  Creating internal representation of mux trees.
  Evaluating internal representation of mux trees.
  Analyzing evaluation results.
Running muxtree optimizer on module \wire_mold_message_framer..
  Creating internal representation of mux trees.
  Evaluating internal representation of mux trees.
  Analyzing evaluation results.
Running muxtree optimizer on module \wire_mold_header_seq..
  Creating internal representation of mux trees.
  Evaluating internal representation of mux trees.
  Analyzing evaluation results.
Running muxtree optimizer on module \wire_udp_parser..
  Creating internal representation of mux trees.
  Evaluating internal representation of mux trees.
  Analyzing evaluation results.
Running muxtree optimizer on module \wire_ipv4_parser..
  Creating internal representation of mux trees.
  Evaluating internal representation of mux trees.
  Analyzing evaluation results.
Running muxtree optimizer on module \wire_eth_parser..
  Creating internal representation of mux trees.
  Evaluating internal representation of mux trees.
  Analyzing evaluation results.
Running muxtree optimizer on module \wire_gearbox_64to8..
  Creating internal representation of mux trees.
  Evaluating internal representation of mux trees.
  Analyzing evaluation results.
Running muxtree optimizer on module $paramod\wire_order_book\NUM_SETS=s32'00000000000000000000001000000000..
  Creating internal representation of mux trees.
  Evaluating internal representation of mux trees.
  Analyzing evaluation results.
Running muxtree optimizer on module \wire_ingress_buffer..
  Creating internal representation of mux trees.
  Evaluating internal representation of mux trees.
  Analyzing evaluation results.
Removed 0 multiplexer ports.
<suppressed ~2121 debug messages>

14.18. Executing OPT_REDUCE pass (consolidate $*mux and $reduce_* inputs).
  Optimizing cells in module \wire_arch_a_parser_book_top.
  Optimizing cells in module \wire_arch_a_parser_top.
  Optimizing cells in module \wire_itch_decoder.
  Optimizing cells in module \wire_mold_message_framer.
  Optimizing cells in module \wire_mold_header_seq.
  Optimizing cells in module \wire_udp_parser.
  Optimizing cells in module \wire_ipv4_parser.
  Optimizing cells in module \wire_eth_parser.
  Optimizing cells in module \wire_gearbox_64to8.
  Optimizing cells in module $paramod\wire_order_book\NUM_SETS=s32'00000000000000000000001000000000.
    New input vector for $reduce_and cell $auto$simple.cc:211:make_patterns_logic$20522: { \aggregate_on_bid \state_q $auto$rtlil.cc:3234:Not$20379 $auto$rtlil.cc:3234:Not$20518 $auto$rtlil.cc:3234:Not$20520 }
    New input vector for $reduce_and cell $auto$simple.cc:211:make_patterns_logic$20515: { \state_q $auto$rtlil.cc:3234:Not$20379 $auto$rtlil.cc:3234:Not$20509 $auto$rtlil.cc:3234:Not$20511 $auto$rtlil.cc:3234:Not$20513 }
  Optimizing cells in module $paramod\wire_order_book\NUM_SETS=s32'00000000000000000000001000000000.
  Optimizing cells in module \wire_ingress_buffer.
Performed a total of 2 changes.

14.19. Executing OPT_MERGE pass (detect identical cells).
Finding identical cells in module `\wire_arch_a_parser_book_top'.
Computing hashes of 2 cells of `\wire_arch_a_parser_book_top'.
Finding duplicate cells in `\wire_arch_a_parser_book_top'.
Finding identical cells in module `\wire_arch_a_parser_top'.
Computing hashes of 45 cells of `\wire_arch_a_parser_top'.
Finding duplicate cells in `\wire_arch_a_parser_top'.
Finding identical cells in module `\wire_itch_decoder'.
Computing hashes of 345 cells of `\wire_itch_decoder'.
Finding duplicate cells in `\wire_itch_decoder'.
Finding identical cells in module `\wire_mold_message_framer'.
Computing hashes of 153 cells of `\wire_mold_message_framer'.
Finding duplicate cells in `\wire_mold_message_framer'.
Finding identical cells in module `\wire_mold_header_seq'.
Computing hashes of 175 cells of `\wire_mold_header_seq'.
Finding duplicate cells in `\wire_mold_header_seq'.
Finding identical cells in module `\wire_udp_parser'.
Computing hashes of 176 cells of `\wire_udp_parser'.
Finding duplicate cells in `\wire_udp_parser'.
Computing hashes of 175 cells of `\wire_udp_parser'.
Finding duplicate cells in `\wire_udp_parser'.
<suppressed ~3 debug messages>
Finding identical cells in module `\wire_ipv4_parser'.
Computing hashes of 157 cells of `\wire_ipv4_parser'.
Finding duplicate cells in `\wire_ipv4_parser'.
Finding identical cells in module `\wire_eth_parser'.
Computing hashes of 73 cells of `\wire_eth_parser'.
Finding duplicate cells in `\wire_eth_parser'.
Finding identical cells in module `\wire_gearbox_64to8'.
Computing hashes of 35 cells of `\wire_gearbox_64to8'.
Finding duplicate cells in `\wire_gearbox_64to8'.
Finding identical cells in module `$paramod\wire_order_book\NUM_SETS=s32'00000000000000000000001000000000'.
Computing hashes of 1457 cells of `$paramod\wire_order_book\NUM_SETS=s32'00000000000000000000001000000000'.
Finding duplicate cells in `$paramod\wire_order_book\NUM_SETS=s32'00000000000000000000001000000000'.
Computing hashes of 1455 cells of `$paramod\wire_order_book\NUM_SETS=s32'00000000000000000000001000000000'.
Finding duplicate cells in `$paramod\wire_order_book\NUM_SETS=s32'00000000000000000000001000000000'.
<suppressed ~6 debug messages>
Finding identical cells in module `\wire_ingress_buffer'.
Computing hashes of 32 cells of `\wire_ingress_buffer'.
Finding duplicate cells in `\wire_ingress_buffer'.
Removed a total of 3 cells.

14.20. Executing OPT_DFF pass (perform DFF optimizations).

14.21. Executing OPT_CLEAN pass (remove unused cells and wires).
Finding unused cells or wires in module \wire_arch_a_parser_book_top..
Finding unused cells or wires in module \wire_arch_a_parser_top..
Finding unused cells or wires in module \wire_itch_decoder..
Finding unused cells or wires in module \wire_mold_message_framer..
Finding unused cells or wires in module \wire_mold_header_seq..
Finding unused cells or wires in module \wire_udp_parser..
Finding unused cells or wires in module \wire_ipv4_parser..
Finding unused cells or wires in module \wire_eth_parser..
Finding unused cells or wires in module \wire_gearbox_64to8..
Finding unused cells or wires in module $paramod\wire_order_book\NUM_SETS=s32'00000000000000000000001000000000..
Finding unused cells or wires in module \wire_ingress_buffer..
Removed 0 unused cells and 3 unused wires.
<suppressed ~2 debug messages>

14.22. Executing OPT_EXPR pass (perform const folding).
Optimizing module wire_arch_a_parser_book_top.
Optimizing module wire_arch_a_parser_top.
Optimizing module wire_itch_decoder.
Optimizing module wire_mold_message_framer.
Optimizing module wire_mold_header_seq.
Optimizing module wire_udp_parser.
Optimizing module wire_ipv4_parser.
Optimizing module wire_eth_parser.
Optimizing module wire_gearbox_64to8.
Optimizing module $paramod\wire_order_book\NUM_SETS=s32'00000000000000000000001000000000.
Optimizing module wire_ingress_buffer.

14.23. Rerunning OPT passes. (Maybe there is more to do..)

14.24. Executing OPT_MUXTREE pass (detect dead branches in mux trees).
Running muxtree optimizer on module \wire_arch_a_parser_book_top..
  Creating internal representation of mux trees.
  No muxes found in this module.
Running muxtree optimizer on module \wire_arch_a_parser_top..
  Creating internal representation of mux trees.
  Evaluating internal representation of mux trees.
  Analyzing evaluation results.
Running muxtree optimizer on module \wire_itch_decoder..
  Creating internal representation of mux trees.
  Evaluating internal representation of mux trees.
  Analyzing evaluation results.
Running muxtree optimizer on module \wire_mold_message_framer..
  Creating internal representation of mux trees.
  Evaluating internal representation of mux trees.
  Analyzing evaluation results.
Running muxtree optimizer on module \wire_mold_header_seq..
  Creating internal representation of mux trees.
  Evaluating internal representation of mux trees.
  Analyzing evaluation results.
Running muxtree optimizer on module \wire_udp_parser..
  Creating internal representation of mux trees.
  Evaluating internal representation of mux trees.
  Analyzing evaluation results.
Running muxtree optimizer on module \wire_ipv4_parser..
  Creating internal representation of mux trees.
  Evaluating internal representation of mux trees.
  Analyzing evaluation results.
Running muxtree optimizer on module \wire_eth_parser..
  Creating internal representation of mux trees.
  Evaluating internal representation of mux trees.
  Analyzing evaluation results.
Running muxtree optimizer on module \wire_gearbox_64to8..
  Creating internal representation of mux trees.
  Evaluating internal representation of mux trees.
  Analyzing evaluation results.
Running muxtree optimizer on module $paramod\wire_order_book\NUM_SETS=s32'00000000000000000000001000000000..
  Creating internal representation of mux trees.
  Evaluating internal representation of mux trees.
  Analyzing evaluation results.
Running muxtree optimizer on module \wire_ingress_buffer..
  Creating internal representation of mux trees.
  Evaluating internal representation of mux trees.
  Analyzing evaluation results.
Removed 0 multiplexer ports.
<suppressed ~2121 debug messages>

14.25. Executing OPT_REDUCE pass (consolidate $*mux and $reduce_* inputs).
  Optimizing cells in module \wire_arch_a_parser_book_top.
  Optimizing cells in module \wire_arch_a_parser_top.
  Optimizing cells in module \wire_itch_decoder.
  Optimizing cells in module \wire_mold_message_framer.
  Optimizing cells in module \wire_mold_header_seq.
  Optimizing cells in module \wire_udp_parser.
  Optimizing cells in module \wire_ipv4_parser.
  Optimizing cells in module \wire_eth_parser.
  Optimizing cells in module \wire_gearbox_64to8.
  Optimizing cells in module $paramod\wire_order_book\NUM_SETS=s32'00000000000000000000001000000000.
  Optimizing cells in module \wire_ingress_buffer.
Performed a total of 0 changes.

14.26. Executing OPT_MERGE pass (detect identical cells).
Finding identical cells in module `\wire_arch_a_parser_book_top'.
Computing hashes of 2 cells of `\wire_arch_a_parser_book_top'.
Finding duplicate cells in `\wire_arch_a_parser_book_top'.
Finding identical cells in module `\wire_arch_a_parser_top'.
Computing hashes of 45 cells of `\wire_arch_a_parser_top'.
Finding duplicate cells in `\wire_arch_a_parser_top'.
Finding identical cells in module `\wire_itch_decoder'.
Computing hashes of 345 cells of `\wire_itch_decoder'.
Finding duplicate cells in `\wire_itch_decoder'.
Finding identical cells in module `\wire_mold_message_framer'.
Computing hashes of 153 cells of `\wire_mold_message_framer'.
Finding duplicate cells in `\wire_mold_message_framer'.
Finding identical cells in module `\wire_mold_header_seq'.
Computing hashes of 175 cells of `\wire_mold_header_seq'.
Finding duplicate cells in `\wire_mold_header_seq'.
Finding identical cells in module `\wire_udp_parser'.
Computing hashes of 175 cells of `\wire_udp_parser'.
Finding duplicate cells in `\wire_udp_parser'.
Finding identical cells in module `\wire_ipv4_parser'.
Computing hashes of 157 cells of `\wire_ipv4_parser'.
Finding duplicate cells in `\wire_ipv4_parser'.
Finding identical cells in module `\wire_eth_parser'.
Computing hashes of 73 cells of `\wire_eth_parser'.
Finding duplicate cells in `\wire_eth_parser'.
Finding identical cells in module `\wire_gearbox_64to8'.
Computing hashes of 35 cells of `\wire_gearbox_64to8'.
Finding duplicate cells in `\wire_gearbox_64to8'.
Finding identical cells in module `$paramod\wire_order_book\NUM_SETS=s32'00000000000000000000001000000000'.
Computing hashes of 1455 cells of `$paramod\wire_order_book\NUM_SETS=s32'00000000000000000000001000000000'.
Finding duplicate cells in `$paramod\wire_order_book\NUM_SETS=s32'00000000000000000000001000000000'.
Finding identical cells in module `\wire_ingress_buffer'.
Computing hashes of 32 cells of `\wire_ingress_buffer'.
Finding duplicate cells in `\wire_ingress_buffer'.
Removed a total of 0 cells.

14.27. Executing OPT_DFF pass (perform DFF optimizations).

14.28. Executing OPT_CLEAN pass (remove unused cells and wires).
Finding unused cells or wires in module \wire_arch_a_parser_book_top..
Finding unused cells or wires in module \wire_arch_a_parser_top..
Finding unused cells or wires in module \wire_itch_decoder..
Finding unused cells or wires in module \wire_mold_message_framer..
Finding unused cells or wires in module \wire_mold_header_seq..
Finding unused cells or wires in module \wire_udp_parser..
Finding unused cells or wires in module \wire_ipv4_parser..
Finding unused cells or wires in module \wire_eth_parser..
Finding unused cells or wires in module \wire_gearbox_64to8..
Finding unused cells or wires in module $paramod\wire_order_book\NUM_SETS=s32'00000000000000000000001000000000..
Finding unused cells or wires in module \wire_ingress_buffer..

14.29. Executing OPT_EXPR pass (perform const folding).
Optimizing module wire_arch_a_parser_book_top.
Optimizing module wire_arch_a_parser_top.
Optimizing module wire_itch_decoder.
Optimizing module wire_mold_message_framer.
Optimizing module wire_mold_header_seq.
Optimizing module wire_udp_parser.
Optimizing module wire_ipv4_parser.
Optimizing module wire_eth_parser.
Optimizing module wire_gearbox_64to8.
Optimizing module $paramod\wire_order_book\NUM_SETS=s32'00000000000000000000001000000000.
Optimizing module wire_ingress_buffer.

14.30. Finished fast OPT passes. (There is nothing left to do.)

15. Executing CHECK pass (checking for obvious problems).
Checking module wire_arch_a_parser_book_top...
Checking module wire_arch_a_parser_top...
Checking module wire_itch_decoder...
Checking module wire_mold_message_framer...
Checking module wire_mold_header_seq...
Checking module wire_udp_parser...
Checking module wire_ipv4_parser...
Checking module wire_eth_parser...
Checking module wire_gearbox_64to8...
Checking module $paramod\wire_order_book\NUM_SETS=s32'00000000000000000000001000000000...
Checking module wire_ingress_buffer...
Found and reported 0 problems.

16. Printing statistics.

=== wire_arch_a_parser_book_top ===

        +----------Local Count, excluding submodules.
        | 
       79 wires
     1354 wire bits
       79 public wires
     1354 public wire bits
       47 ports
      989 port bits
        2 submodules
        1   $paramod\wire_order_book\NUM_SETS=s32'00000000000000000000001000000000
        1   wire_arch_a_parser_top

=== wire_arch_a_parser_top ===

        +----------Local Count, excluding submodules.
        | 
      144 wires
     1230 wire bits
      116 public wires
     1187 public wire bits
       51 ports
      786 port bits
       37 cells
       17   $logic_and
        3   $logic_not
        8   $logic_or
        5   $mux
        1   $or
        3   $sdffe
        8 submodules
        1   wire_eth_parser
        1   wire_gearbox_64to8
        1   wire_ingress_buffer
        1   wire_ipv4_parser
        1   wire_itch_decoder
        1   wire_mold_header_seq
        1   wire_mold_message_framer
        1   wire_udp_parser

=== wire_itch_decoder ===

        +----------Local Count, excluding submodules.
        | 
      379 wires
     2859 wire bits
       69 public wires
     1072 public wire bits
       38 ports
      525 port bits
        1 memories
      352 memory bits
      345 cells
        2   $add
        3   $dffe
       22   $eq
       16   $logic_and
        6   $logic_not
        7   $logic_or
        1   $lt
       34   $memrd
        1   $memwr_v2
      157   $mux
       47   $ne
        2   $not
       12   $pmux
        6   $reduce_and
        4   $reduce_bool
        4   $reduce_or
        1   $sdff
       20   $sdffe

=== wire_mold_message_framer ===

        +----------Local Count, excluding submodules.
        | 
      173 wires
      721 wire bits
       51 public wires
      380 public wire bits
       28 ports
      199 port bits
      153 cells
        2   $add
       13   $eq
       13   $logic_and
        6   $logic_not
        8   $logic_or
       77   $mux
        1   $ne
        1   $not
        5   $pmux
        5   $reduce_and
        2   $reduce_bool
        3   $reduce_or
        7   $sdff
        9   $sdffe
        1   $sub

=== wire_mold_header_seq ===

        +----------Local Count, excluding submodules.
        | 
      202 wires
     2431 wire bits
       55 public wires
     1058 public wire bits
       28 ports
      327 port bits
      175 cells
        3   $add
        1   $and
        2   $dffe
        5   $eq
       11   $logic_and
        4   $logic_not
        4   $logic_or
        1   $lt
       88   $mux
       11   $ne
        1   $neg
        7   $not
        1   $or
        5   $pmux
        7   $reduce_and
        4   $reduce_bool
        7   $sdff
        9   $sdffe
        2   $shift
        2   $sub

=== wire_udp_parser ===

        +----------Local Count, excluding submodules.
        | 
      191 wires
     1213 wire bits
       36 public wires
      290 public wire bits
       15 ports
       46 port bits
      175 cells
        3   $add
        1   $and
        5   $eq
        1   $gt
        9   $logic_and
        3   $logic_not
        4   $logic_or
        2   $lt
       88   $mux
       17   $ne
        1   $neg
        4   $not
        1   $or
        7   $pmux
        7   $reduce_and
        3   $reduce_bool
        4   $sdff
        9   $sdffe
        2   $shift
        4   $sub

=== wire_ipv4_parser ===

        +----------Local Count, excluding submodules.
        | 
      177 wires
     2284 wire bits
       36 public wires
      825 public wire bits
       15 ports
       63 port bits
      157 cells
       13   $add
        1   $and
       13   $eq
        1   $gt
        9   $logic_and
        3   $logic_not
        9   $logic_or
        2   $lt
       60   $mux
       14   $ne
        1   $neg
        3   $not
        1   $or
        4   $pmux
        4   $reduce_and
        3   $reduce_bool
        5   $sdff
        5   $sdffe
        2   $shift
        4   $sub

=== wire_eth_parser ===

        +----------Local Count, excluding submodules.
        | 
       84 wires
      159 wire bits
       24 public wires
       58 public wire bits
       14 ports
       29 port bits
       73 cells
        1   $add
        6   $eq
        8   $logic_and
        3   $logic_not
        3   $logic_or
        1   $lt
       32   $mux
        2   $ne
        1   $not
        4   $pmux
        3   $reduce_and
        1   $reduce_bool
        4   $sdff
        4   $sdffe

=== wire_gearbox_64to8 ===

        +----------Local Count, excluding submodules.
        | 
       45 wires
      214 wire bits
       19 public wires
      171 public wire bits
       11 ports
       88 port bits
       35 cells
        1   $add
        9   $eq
        5   $logic_and
        1   $logic_not
        1   $logic_or
        6   $mux
        1   $pmux
        1   $reduce_and
        2   $reduce_bool
        1   $reduce_or
        5   $sdffe
        1   $shiftx
        1   $sub

=== $paramod\wire_order_book\NUM_SETS=s32'00000000000000000000001000000000 ===

        +----------Local Count, excluding submodules.
        | 
      471 wires
     7606 wire bits
       96 public wires
     2004 public wire bits
       42 ports
      813 port bits
        5 memories
   133120 memory bits
     1455 cells
        4   $add
        9   $dffe
       30   $eq
        2   $gt
       56   $logic_and
       14   $logic_not
        5   $logic_or
        1   $lt
       22   $memrd
     1038   $memwr_v2
      203   $mux
        3   $ne
        2   $neg
        8   $not
       15   $pmux
        5   $reduce_and
        1   $reduce_bool
        3   $reduce_or
        6   $sdff
        5   $sdffe
        2   $sub
       21   $xor

=== wire_ingress_buffer ===

        +----------Local Count, excluding submodules.
        | 
       36 wires
      446 wire bits
       17 public wires
      158 public wire bits
       12 ports
      152 port bits
        3 memories
      146 memory bits
       32 cells
        3   $add
        2   $eq
        2   $logic_and
        1   $logic_or
        3   $memrd
        3   $memwr_v2
       10   $mux
        1   $ne
        1   $pmux
        2   $reduce_bool
        3   $sdffe
        1   $sub

=== design hierarchy ===

        +----------Count including submodules.
        | 
     2637 wire_arch_a_parser_book_top
     1455 $paramod\wire_order_book\NUM_SETS=s32'00000000000000000000001000000000
       37 wire_arch_a_parser_top
       73   wire_eth_parser
       35   wire_gearbox_64to8
       32   wire_ingress_buffer
      157   wire_ipv4_parser
      345   wire_itch_decoder
      175   wire_mold_header_seq
      153   wire_mold_message_framer
      175   wire_udp_parser

        +----------Count including submodules.
        | 
     1981 wires
    20517 wire bits
      598 public wires
     8557 public wire bits
      301 ports
     4017 port bits
        9 memories
   133618 memory bits
        - processes
     2637 cells
       32   $add
        3   $and
       14   $dffe
      105   $eq
        4   $gt
      146   $logic_and
       43   $logic_not
       50   $logic_or
        8   $lt
       59   $memrd
     1042   $memwr_v2
      726   $mux
       96   $ne
        5   $neg
       26   $not
        4   $or
       54   $pmux
       38   $reduce_and
       22   $reduce_bool
       11   $reduce_or
       34   $sdff
       72   $sdffe
        6   $shift
        1   $shiftx
       15   $sub
       21   $xor
        2 submodules
        1   $paramod\wire_order_book\NUM_SETS=s32'00000000000000000000001000000000
        1   wire_arch_a_parser_top

End of script. Logfile hash: 19edea0f91, time: 1.33s, user: 1.29s, system: 0.04s, MEM: 70.88 MB peak
Yosys 0.69+154 (git sha1 30d62572e-dirty, Release, Clang /usr/local/osxcross/target/bin/aarch64-apple-darwin25.5-clang++ 21.1.8)
Time spent: 39% 1x proc_mux (0 sec), 14% 12x read_verilog (0 sec), ...
