
 /----------------------------------------------------------------------------\
 |  yosys -- Yosys Open SYnthesis Suite                                       |
 |  Copyright (C) 2012 - 2026  Claire Xenia Wolf <claire@yosyshq.com>         |
 |  Distributed under an ISC-like license, type "license" to see terms        |
 \----------------------------------------------------------------------------/
 Yosys 0.69+154 (git sha1 30d62572e-dirty, Release, Clang /usr/local/osxcross/target/bin/aarch64-apple-darwin25.5-clang++ 21.1.8)

-- Running command `read_verilog -sv rtl/common/wire_order_book.sv; hierarchy -top wire_order_book; proc; opt; check; stat' --

1. Executing Verilog-2005 frontend: rtl/common/wire_order_book.sv
Parsing SystemVerilog input from `rtl/common/wire_order_book.sv' to AST representation.
Generating RTLIL representation for module `\wire_order_book'.
Successfully finished Verilog frontend.

2. Executing HIERARCHY pass (managing design hierarchy).

2.1. Analyzing design hierarchy..
Top module:  \wire_order_book

2.2. Analyzing design hierarchy..
Top module:  \wire_order_book
Removed 0 unused modules.

3. Executing PROC pass (convert processes to netlists).

3.1. Executing PROC_CLEAN pass (remove empty switches from decision trees).
Cleaned up 0 empty switches.

3.2. Executing PROC_RMDEAD pass (remove dead branches from decision trees).
Marked 1 switch rules as full_case in process $proc$rtl/common/wire_order_book.sv:143$3486 in module wire_order_book.
Removed 1 dead cases from process $proc$rtl/common/wire_order_book.sv:302$1234 in module wire_order_book.
Marked 6 switch rules as full_case in process $proc$rtl/common/wire_order_book.sv:302$1234 in module wire_order_book.
Marked 25 switch rules as full_case in process $proc$rtl/common/wire_order_book.sv:164$1062 in module wire_order_book.
Removed a total of 1 dead cases.

3.3. Executing PROC_PRUNE pass (remove redundant assignments in processes).
Removed 0 redundant assignments.
Promoted 1108 assignments to connections.

3.4. Executing PROC_INIT pass (extract init attributes).

3.5. Executing PROC_ARST pass (detect async resets in processes).

3.6. Executing PROC_ROM pass (convert switches to ROMs).
Converted 0 switches.
<suppressed ~38 debug messages>

3.7. Executing PROC_MUX pass (convert decision trees to multiplexers).
Creating decoders for process `\wire_order_book.$proc$rtl/common/wire_order_book.sv:143$3486'.
     1/1: $1\event_fields_valid$func$rtl/common/wire_order_book.sv:143$13.$result[0:0]$3497
Creating decoders for process `\wire_order_book.$proc$rtl/common/wire_order_book.sv:302$1234'.
     1/1202: $5$memwr$\order_valid_q$rtl/common/wire_order_book.sv:375$1046_EN[0:0]$3485
     2/1202: $5$memwr$\order_valid_q$rtl/common/wire_order_book.sv:375$1046_ADDR[31:0]$3484
     3/1202: $5$memwr$\order_valid_q$rtl/common/wire_order_book.sv:368$1043_EN[0:0]$3479
     4/1202: $5$memwr$\order_valid_q$rtl/common/wire_order_book.sv:368$1043_ADDR[31:0]$3478
     5/1202: $5$memwr$\order_quantity_q$rtl/common/wire_order_book.sv:370$1044_EN[31:0]$3482
     6/1202: $5$memwr$\order_quantity_q$rtl/common/wire_order_book.sv:370$1044_DATA[31:0]$3481
     7/1202: $5$memwr$\order_quantity_q$rtl/common/wire_order_book.sv:370$1044_ADDR[31:0]$3480
     8/1202: $4$memwr$\order_valid_q$rtl/common/wire_order_book.sv:364$1042_EN[0:0]$3453
     9/1202: $4$memwr$\order_valid_q$rtl/common/wire_order_book.sv:364$1042_ADDR[31:0]$3452
    10/1202: $4$memwr$\order_side_q$rtl/common/wire_order_book.sv:363$1041_EN[0:0]$3451
    11/1202: $4$memwr$\order_side_q$rtl/common/wire_order_book.sv:363$1041_DATA[0:0]$3450
    12/1202: $4$memwr$\order_side_q$rtl/common/wire_order_book.sv:363$1041_ADDR[31:0]$3449
    13/1202: $4$memwr$\order_quantity_q$rtl/common/wire_order_book.sv:362$1040_EN[31:0]$3448
    14/1202: $4$memwr$\order_quantity_q$rtl/common/wire_order_book.sv:362$1040_DATA[31:0]$3447
    15/1202: $4$memwr$\order_quantity_q$rtl/common/wire_order_book.sv:362$1040_ADDR[31:0]$3446
    16/1202: $4$memwr$\order_price_q$rtl/common/wire_order_book.sv:361$1039_EN[31:0]$3445
    17/1202: $4$memwr$\order_price_q$rtl/common/wire_order_book.sv:361$1039_DATA[31:0]$3444
    18/1202: $4$memwr$\order_price_q$rtl/common/wire_order_book.sv:361$1039_ADDR[31:0]$3443
    19/1202: $4$memwr$\order_reference_q$rtl/common/wire_order_book.sv:360$1038_EN[63:0]$3442
    20/1202: $4$memwr$\order_reference_q$rtl/common/wire_order_book.sv:360$1038_DATA[63:0]$3441
    21/1202: $4$memwr$\order_reference_q$rtl/common/wire_order_book.sv:360$1038_ADDR[31:0]$3440
    22/1202: $4$memwr$\order_valid_q$rtl/common/wire_order_book.sv:380$1051_EN[0:0]$3476
    23/1202: $4$memwr$\order_valid_q$rtl/common/wire_order_book.sv:380$1051_ADDR[31:0]$3475
    24/1202: $4$memwr$\order_side_q$rtl/common/wire_order_book.sv:379$1050_EN[0:0]$3474
    25/1202: $4$memwr$\order_side_q$rtl/common/wire_order_book.sv:379$1050_DATA[0:0]$3473
    26/1202: $4$memwr$\order_side_q$rtl/common/wire_order_book.sv:379$1050_ADDR[31:0]$3472
    27/1202: $4$memwr$\order_quantity_q$rtl/common/wire_order_book.sv:378$1049_EN[31:0]$3471
    28/1202: $4$memwr$\order_quantity_q$rtl/common/wire_order_book.sv:378$1049_DATA[31:0]$3470
    29/1202: $4$memwr$\order_quantity_q$rtl/common/wire_order_book.sv:378$1049_ADDR[31:0]$3469
    30/1202: $4$memwr$\order_price_q$rtl/common/wire_order_book.sv:377$1048_EN[31:0]$3468
    31/1202: $4$memwr$\order_price_q$rtl/common/wire_order_book.sv:377$1048_DATA[31:0]$3467
    32/1202: $4$memwr$\order_price_q$rtl/common/wire_order_book.sv:377$1048_ADDR[31:0]$3466
    33/1202: $4$memwr$\order_reference_q$rtl/common/wire_order_book.sv:376$1047_EN[63:0]$3465
    34/1202: $4$memwr$\order_reference_q$rtl/common/wire_order_book.sv:376$1047_DATA[63:0]$3464
    35/1202: $4$memwr$\order_reference_q$rtl/common/wire_order_book.sv:376$1047_ADDR[31:0]$3463
    36/1202: $4$memwr$\order_valid_q$rtl/common/wire_order_book.sv:375$1046_EN[0:0]$3462
    37/1202: $4$memwr$\order_valid_q$rtl/common/wire_order_book.sv:375$1046_ADDR[31:0]$3461
    38/1202: $4$memwr$\order_valid_q$rtl/common/wire_order_book.sv:372$1045_EN[0:0]$3460
    39/1202: $4$memwr$\order_valid_q$rtl/common/wire_order_book.sv:372$1045_ADDR[31:0]$3459
    40/1202: $4$memwr$\order_quantity_q$rtl/common/wire_order_book.sv:370$1044_EN[31:0]$3458
    41/1202: $4$memwr$\order_quantity_q$rtl/common/wire_order_book.sv:370$1044_DATA[31:0]$3457
    42/1202: $4$memwr$\order_quantity_q$rtl/common/wire_order_book.sv:370$1044_ADDR[31:0]$3456
    43/1202: $4$memwr$\order_valid_q$rtl/common/wire_order_book.sv:368$1043_EN[0:0]$3455
    44/1202: $4$memwr$\order_valid_q$rtl/common/wire_order_book.sv:368$1043_ADDR[31:0]$3454
    45/1202: $3$memwr$\order_valid_q$rtl/common/wire_order_book.sv:380$1051_EN[0:0]$3439
    46/1202: $3$memwr$\order_valid_q$rtl/common/wire_order_book.sv:380$1051_ADDR[31:0]$3438
    47/1202: $3$memwr$\order_side_q$rtl/common/wire_order_book.sv:379$1050_EN[0:0]$3437
    48/1202: $3$memwr$\order_side_q$rtl/common/wire_order_book.sv:379$1050_DATA[0:0]$3436
    49/1202: $3$memwr$\order_side_q$rtl/common/wire_order_book.sv:379$1050_ADDR[31:0]$3435
    50/1202: $3$memwr$\order_quantity_q$rtl/common/wire_order_book.sv:378$1049_EN[31:0]$3434
    51/1202: $3$memwr$\order_quantity_q$rtl/common/wire_order_book.sv:378$1049_DATA[31:0]$3433
    52/1202: $3$memwr$\order_quantity_q$rtl/common/wire_order_book.sv:378$1049_ADDR[31:0]$3432
    53/1202: $3$memwr$\order_price_q$rtl/common/wire_order_book.sv:377$1048_EN[31:0]$3431
    54/1202: $3$memwr$\order_price_q$rtl/common/wire_order_book.sv:377$1048_DATA[31:0]$3430
    55/1202: $3$memwr$\order_price_q$rtl/common/wire_order_book.sv:377$1048_ADDR[31:0]$3429
    56/1202: $3$memwr$\order_reference_q$rtl/common/wire_order_book.sv:376$1047_EN[63:0]$3428
    57/1202: $3$memwr$\order_reference_q$rtl/common/wire_order_book.sv:376$1047_DATA[63:0]$3427
    58/1202: $3$memwr$\order_reference_q$rtl/common/wire_order_book.sv:376$1047_ADDR[31:0]$3426
    59/1202: $3$memwr$\order_valid_q$rtl/common/wire_order_book.sv:375$1046_EN[0:0]$3425
    60/1202: $3$memwr$\order_valid_q$rtl/common/wire_order_book.sv:375$1046_ADDR[31:0]$3424
    61/1202: $3$memwr$\order_valid_q$rtl/common/wire_order_book.sv:372$1045_EN[0:0]$3423
    62/1202: $3$memwr$\order_valid_q$rtl/common/wire_order_book.sv:372$1045_ADDR[31:0]$3422
    63/1202: $3$memwr$\order_quantity_q$rtl/common/wire_order_book.sv:370$1044_EN[31:0]$3421
    64/1202: $3$memwr$\order_quantity_q$rtl/common/wire_order_book.sv:370$1044_DATA[31:0]$3420
    65/1202: $3$memwr$\order_quantity_q$rtl/common/wire_order_book.sv:370$1044_ADDR[31:0]$3419
    66/1202: $3$memwr$\order_valid_q$rtl/common/wire_order_book.sv:368$1043_EN[0:0]$3418
    67/1202: $3$memwr$\order_valid_q$rtl/common/wire_order_book.sv:368$1043_ADDR[31:0]$3417
    68/1202: $3$memwr$\order_valid_q$rtl/common/wire_order_book.sv:364$1042_EN[0:0]$3416
    69/1202: $3$memwr$\order_valid_q$rtl/common/wire_order_book.sv:364$1042_ADDR[31:0]$3415
    70/1202: $3$memwr$\order_side_q$rtl/common/wire_order_book.sv:363$1041_EN[0:0]$3414
    71/1202: $3$memwr$\order_side_q$rtl/common/wire_order_book.sv:363$1041_DATA[0:0]$3413
    72/1202: $3$memwr$\order_side_q$rtl/common/wire_order_book.sv:363$1041_ADDR[31:0]$3412
    73/1202: $3$memwr$\order_quantity_q$rtl/common/wire_order_book.sv:362$1040_EN[31:0]$3411
    74/1202: $3$memwr$\order_quantity_q$rtl/common/wire_order_book.sv:362$1040_DATA[31:0]$3410
    75/1202: $3$memwr$\order_quantity_q$rtl/common/wire_order_book.sv:362$1040_ADDR[31:0]$3409
    76/1202: $3$memwr$\order_price_q$rtl/common/wire_order_book.sv:361$1039_EN[31:0]$3408
    77/1202: $3$memwr$\order_price_q$rtl/common/wire_order_book.sv:361$1039_DATA[31:0]$3407
    78/1202: $3$memwr$\order_price_q$rtl/common/wire_order_book.sv:361$1039_ADDR[31:0]$3406
    79/1202: $3$memwr$\order_reference_q$rtl/common/wire_order_book.sv:360$1038_EN[63:0]$3405
    80/1202: $3$memwr$\order_reference_q$rtl/common/wire_order_book.sv:360$1038_DATA[63:0]$3404
    81/1202: $3$memwr$\order_reference_q$rtl/common/wire_order_book.sv:360$1038_ADDR[31:0]$3403
    82/1202: $2$memwr$\order_valid_q$rtl/common/wire_order_book.sv:380$1051_EN[0:0]$3401
    83/1202: $2$memwr$\order_valid_q$rtl/common/wire_order_book.sv:380$1051_ADDR[31:0]$3400
    84/1202: $2$memwr$\order_side_q$rtl/common/wire_order_book.sv:379$1050_EN[0:0]$3399
    85/1202: $2$memwr$\order_side_q$rtl/common/wire_order_book.sv:379$1050_DATA[0:0]$3398
    86/1202: $2$memwr$\order_side_q$rtl/common/wire_order_book.sv:379$1050_ADDR[31:0]$3397
    87/1202: $2$memwr$\order_quantity_q$rtl/common/wire_order_book.sv:378$1049_EN[31:0]$3396
    88/1202: $2$memwr$\order_quantity_q$rtl/common/wire_order_book.sv:378$1049_DATA[31:0]$3395
    89/1202: $2$memwr$\order_quantity_q$rtl/common/wire_order_book.sv:378$1049_ADDR[31:0]$3394
    90/1202: $2$memwr$\order_price_q$rtl/common/wire_order_book.sv:377$1048_EN[31:0]$3393
    91/1202: $2$memwr$\order_price_q$rtl/common/wire_order_book.sv:377$1048_DATA[31:0]$3392
    92/1202: $2$memwr$\order_price_q$rtl/common/wire_order_book.sv:377$1048_ADDR[31:0]$3391
    93/1202: $2$memwr$\order_reference_q$rtl/common/wire_order_book.sv:376$1047_EN[63:0]$3390
    94/1202: $2$memwr$\order_reference_q$rtl/common/wire_order_book.sv:376$1047_DATA[63:0]$3389
    95/1202: $2$memwr$\order_reference_q$rtl/common/wire_order_book.sv:376$1047_ADDR[31:0]$3388
    96/1202: $2$memwr$\order_valid_q$rtl/common/wire_order_book.sv:375$1046_EN[0:0]$3387
    97/1202: $2$memwr$\order_valid_q$rtl/common/wire_order_book.sv:375$1046_ADDR[31:0]$3386
    98/1202: $2$memwr$\order_valid_q$rtl/common/wire_order_book.sv:372$1045_EN[0:0]$3385
    99/1202: $2$memwr$\order_valid_q$rtl/common/wire_order_book.sv:372$1045_ADDR[31:0]$3384
   100/1202: $2$memwr$\order_quantity_q$rtl/common/wire_order_book.sv:370$1044_EN[31:0]$3383
   101/1202: $2$memwr$\order_quantity_q$rtl/common/wire_order_book.sv:370$1044_DATA[31:0]$3382
   102/1202: $2$memwr$\order_quantity_q$rtl/common/wire_order_book.sv:370$1044_ADDR[31:0]$3381
   103/1202: $2$memwr$\order_valid_q$rtl/common/wire_order_book.sv:368$1043_EN[0:0]$3380
   104/1202: $2$memwr$\order_valid_q$rtl/common/wire_order_book.sv:368$1043_ADDR[31:0]$3379
   105/1202: $2$memwr$\order_valid_q$rtl/common/wire_order_book.sv:364$1042_EN[0:0]$3378
   106/1202: $2$memwr$\order_valid_q$rtl/common/wire_order_book.sv:364$1042_ADDR[31:0]$3377
   107/1202: $2$memwr$\order_side_q$rtl/common/wire_order_book.sv:363$1041_EN[0:0]$3376
   108/1202: $2$memwr$\order_side_q$rtl/common/wire_order_book.sv:363$1041_DATA[0:0]$3375
   109/1202: $2$memwr$\order_side_q$rtl/common/wire_order_book.sv:363$1041_ADDR[31:0]$3374
   110/1202: $2$memwr$\order_quantity_q$rtl/common/wire_order_book.sv:362$1040_EN[31:0]$3373
   111/1202: $2$memwr$\order_quantity_q$rtl/common/wire_order_book.sv:362$1040_DATA[31:0]$3372
   112/1202: $2$memwr$\order_quantity_q$rtl/common/wire_order_book.sv:362$1040_ADDR[31:0]$3371
   113/1202: $2$memwr$\order_price_q$rtl/common/wire_order_book.sv:361$1039_EN[31:0]$3370
   114/1202: $2$memwr$\order_price_q$rtl/common/wire_order_book.sv:361$1039_DATA[31:0]$3369
   115/1202: $2$memwr$\order_price_q$rtl/common/wire_order_book.sv:361$1039_ADDR[31:0]$3368
   116/1202: $2$memwr$\order_reference_q$rtl/common/wire_order_book.sv:360$1038_EN[63:0]$3367
   117/1202: $2$memwr$\order_reference_q$rtl/common/wire_order_book.sv:360$1038_DATA[63:0]$3366
   118/1202: $2$memwr$\order_reference_q$rtl/common/wire_order_book.sv:360$1038_ADDR[31:0]$3365
   119/1202: $1$fordecl_block$7.i[31:0]$2298
   120/1202: $1$memwr$\order_valid_q$rtl/common/wire_order_book.sv:318$1037_EN[0:0]$3322
   121/1202: $1$memwr$\order_valid_q$rtl/common/wire_order_book.sv:318$1036_EN[0:0]$3321
   122/1202: $1$memwr$\order_valid_q$rtl/common/wire_order_book.sv:318$1035_EN[0:0]$3320
   123/1202: $1$memwr$\order_valid_q$rtl/common/wire_order_book.sv:318$1034_EN[0:0]$3319
   124/1202: $1$memwr$\order_valid_q$rtl/common/wire_order_book.sv:318$1033_EN[0:0]$3318
   125/1202: $1$memwr$\order_valid_q$rtl/common/wire_order_book.sv:318$1032_EN[0:0]$3317
   126/1202: $1$memwr$\order_valid_q$rtl/common/wire_order_book.sv:318$1031_EN[0:0]$3316
   127/1202: $1$memwr$\order_valid_q$rtl/common/wire_order_book.sv:318$1030_EN[0:0]$3315
   128/1202: $1$memwr$\order_valid_q$rtl/common/wire_order_book.sv:318$1029_EN[0:0]$3314
   129/1202: $1$memwr$\order_valid_q$rtl/common/wire_order_book.sv:318$1028_EN[0:0]$3313
   130/1202: $1$memwr$\order_valid_q$rtl/common/wire_order_book.sv:318$1027_EN[0:0]$3312
   131/1202: $1$memwr$\order_valid_q$rtl/common/wire_order_book.sv:318$1026_EN[0:0]$3311
   132/1202: $1$memwr$\order_valid_q$rtl/common/wire_order_book.sv:318$1025_EN[0:0]$3310
   133/1202: $1$memwr$\order_valid_q$rtl/common/wire_order_book.sv:318$1024_EN[0:0]$3309
   134/1202: $1$memwr$\order_valid_q$rtl/common/wire_order_book.sv:318$1023_EN[0:0]$3308
   135/1202: $1$memwr$\order_valid_q$rtl/common/wire_order_book.sv:318$1022_EN[0:0]$3307
   136/1202: $1$memwr$\order_valid_q$rtl/common/wire_order_book.sv:318$1021_EN[0:0]$3306
   137/1202: $1$memwr$\order_valid_q$rtl/common/wire_order_book.sv:318$1020_EN[0:0]$3305
   138/1202: $1$memwr$\order_valid_q$rtl/common/wire_order_book.sv:318$1019_EN[0:0]$3304
   139/1202: $1$memwr$\order_valid_q$rtl/common/wire_order_book.sv:318$1018_EN[0:0]$3303
   140/1202: $1$memwr$\order_valid_q$rtl/common/wire_order_book.sv:318$1017_EN[0:0]$3302
   141/1202: $1$memwr$\order_valid_q$rtl/common/wire_order_book.sv:318$1016_EN[0:0]$3301
   142/1202: $1$memwr$\order_valid_q$rtl/common/wire_order_book.sv:318$1015_EN[0:0]$3300
   143/1202: $1$memwr$\order_valid_q$rtl/common/wire_order_book.sv:318$1014_EN[0:0]$3299
   144/1202: $1$memwr$\order_valid_q$rtl/common/wire_order_book.sv:318$1013_EN[0:0]$3298
   145/1202: $1$memwr$\order_valid_q$rtl/common/wire_order_book.sv:318$1012_EN[0:0]$3297
   146/1202: $1$memwr$\order_valid_q$rtl/common/wire_order_book.sv:318$1011_EN[0:0]$3296
   147/1202: $1$memwr$\order_valid_q$rtl/common/wire_order_book.sv:318$1010_EN[0:0]$3295
   148/1202: $1$memwr$\order_valid_q$rtl/common/wire_order_book.sv:318$1009_EN[0:0]$3294
   149/1202: $1$memwr$\order_valid_q$rtl/common/wire_order_book.sv:318$1008_EN[0:0]$3293
   150/1202: $1$memwr$\order_valid_q$rtl/common/wire_order_book.sv:318$1007_EN[0:0]$3292
   151/1202: $1$memwr$\order_valid_q$rtl/common/wire_order_book.sv:318$1006_EN[0:0]$3291
   152/1202: $1$memwr$\order_valid_q$rtl/common/wire_order_book.sv:318$1005_EN[0:0]$3290
   153/1202: $1$memwr$\order_valid_q$rtl/common/wire_order_book.sv:318$1004_EN[0:0]$3289
   154/1202: $1$memwr$\order_valid_q$rtl/common/wire_order_book.sv:318$1003_EN[0:0]$3288
   155/1202: $1$memwr$\order_valid_q$rtl/common/wire_order_book.sv:318$1002_EN[0:0]$3287
   156/1202: $1$memwr$\order_valid_q$rtl/common/wire_order_book.sv:318$1001_EN[0:0]$3286
   157/1202: $1$memwr$\order_valid_q$rtl/common/wire_order_book.sv:318$1000_EN[0:0]$3285
   158/1202: $1$memwr$\order_valid_q$rtl/common/wire_order_book.sv:318$999_EN[0:0]$3284
   159/1202: $1$memwr$\order_valid_q$rtl/common/wire_order_book.sv:318$998_EN[0:0]$3283
   160/1202: $1$memwr$\order_valid_q$rtl/common/wire_order_book.sv:318$997_EN[0:0]$3282
   161/1202: $1$memwr$\order_valid_q$rtl/common/wire_order_book.sv:318$996_EN[0:0]$3281
   162/1202: $1$memwr$\order_valid_q$rtl/common/wire_order_book.sv:318$995_EN[0:0]$3280
   163/1202: $1$memwr$\order_valid_q$rtl/common/wire_order_book.sv:318$994_EN[0:0]$3279
   164/1202: $1$memwr$\order_valid_q$rtl/common/wire_order_book.sv:318$993_EN[0:0]$3278
   165/1202: $1$memwr$\order_valid_q$rtl/common/wire_order_book.sv:318$992_EN[0:0]$3277
   166/1202: $1$memwr$\order_valid_q$rtl/common/wire_order_book.sv:318$991_EN[0:0]$3276
   167/1202: $1$memwr$\order_valid_q$rtl/common/wire_order_book.sv:318$990_EN[0:0]$3275
   168/1202: $1$memwr$\order_valid_q$rtl/common/wire_order_book.sv:318$989_EN[0:0]$3274
   169/1202: $1$memwr$\order_valid_q$rtl/common/wire_order_book.sv:318$988_EN[0:0]$3273
   170/1202: $1$memwr$\order_valid_q$rtl/common/wire_order_book.sv:318$987_EN[0:0]$3272
   171/1202: $1$memwr$\order_valid_q$rtl/common/wire_order_book.sv:318$986_EN[0:0]$3271
   172/1202: $1$memwr$\order_valid_q$rtl/common/wire_order_book.sv:318$985_EN[0:0]$3270
   173/1202: $1$memwr$\order_valid_q$rtl/common/wire_order_book.sv:318$984_EN[0:0]$3269
   174/1202: $1$memwr$\order_valid_q$rtl/common/wire_order_book.sv:318$983_EN[0:0]$3268
   175/1202: $1$memwr$\order_valid_q$rtl/common/wire_order_book.sv:318$982_EN[0:0]$3267
   176/1202: $1$memwr$\order_valid_q$rtl/common/wire_order_book.sv:318$981_EN[0:0]$3266
   177/1202: $1$memwr$\order_valid_q$rtl/common/wire_order_book.sv:318$980_EN[0:0]$3265
   178/1202: $1$memwr$\order_valid_q$rtl/common/wire_order_book.sv:318$979_EN[0:0]$3264
   179/1202: $1$memwr$\order_valid_q$rtl/common/wire_order_book.sv:318$978_EN[0:0]$3263
   180/1202: $1$memwr$\order_valid_q$rtl/common/wire_order_book.sv:318$977_EN[0:0]$3262
   181/1202: $1$memwr$\order_valid_q$rtl/common/wire_order_book.sv:318$976_EN[0:0]$3261
   182/1202: $1$memwr$\order_valid_q$rtl/common/wire_order_book.sv:318$975_EN[0:0]$3260
   183/1202: $1$memwr$\order_valid_q$rtl/common/wire_order_book.sv:318$974_EN[0:0]$3259
   184/1202: $1$memwr$\order_valid_q$rtl/common/wire_order_book.sv:318$973_EN[0:0]$3258
   185/1202: $1$memwr$\order_valid_q$rtl/common/wire_order_book.sv:318$972_EN[0:0]$3257
   186/1202: $1$memwr$\order_valid_q$rtl/common/wire_order_book.sv:318$971_EN[0:0]$3256
   187/1202: $1$memwr$\order_valid_q$rtl/common/wire_order_book.sv:318$970_EN[0:0]$3255
   188/1202: $1$memwr$\order_valid_q$rtl/common/wire_order_book.sv:318$969_EN[0:0]$3254
   189/1202: $1$memwr$\order_valid_q$rtl/common/wire_order_book.sv:318$968_EN[0:0]$3253
   190/1202: $1$memwr$\order_valid_q$rtl/common/wire_order_book.sv:318$967_EN[0:0]$3252
   191/1202: $1$memwr$\order_valid_q$rtl/common/wire_order_book.sv:318$966_EN[0:0]$3251
   192/1202: $1$memwr$\order_valid_q$rtl/common/wire_order_book.sv:318$965_EN[0:0]$3250
   193/1202: $1$memwr$\order_valid_q$rtl/common/wire_order_book.sv:318$964_EN[0:0]$3249
   194/1202: $1$memwr$\order_valid_q$rtl/common/wire_order_book.sv:318$963_EN[0:0]$3248
   195/1202: $1$memwr$\order_valid_q$rtl/common/wire_order_book.sv:318$962_EN[0:0]$3247
   196/1202: $1$memwr$\order_valid_q$rtl/common/wire_order_book.sv:318$961_EN[0:0]$3246
   197/1202: $1$memwr$\order_valid_q$rtl/common/wire_order_book.sv:318$960_EN[0:0]$3245
   198/1202: $1$memwr$\order_valid_q$rtl/common/wire_order_book.sv:318$959_EN[0:0]$3244
   199/1202: $1$memwr$\order_valid_q$rtl/common/wire_order_book.sv:318$958_EN[0:0]$3243
   200/1202: $1$memwr$\order_valid_q$rtl/common/wire_order_book.sv:318$957_EN[0:0]$3242
   201/1202: $1$memwr$\order_valid_q$rtl/common/wire_order_book.sv:318$956_EN[0:0]$3241
   202/1202: $1$memwr$\order_valid_q$rtl/common/wire_order_book.sv:318$955_EN[0:0]$3240
   203/1202: $1$memwr$\order_valid_q$rtl/common/wire_order_book.sv:318$954_EN[0:0]$3239
   204/1202: $1$memwr$\order_valid_q$rtl/common/wire_order_book.sv:318$953_EN[0:0]$3238
   205/1202: $1$memwr$\order_valid_q$rtl/common/wire_order_book.sv:318$952_EN[0:0]$3237
   206/1202: $1$memwr$\order_valid_q$rtl/common/wire_order_book.sv:318$951_EN[0:0]$3236
   207/1202: $1$memwr$\order_valid_q$rtl/common/wire_order_book.sv:318$950_EN[0:0]$3235
   208/1202: $1$memwr$\order_valid_q$rtl/common/wire_order_book.sv:318$949_EN[0:0]$3234
   209/1202: $1$memwr$\order_valid_q$rtl/common/wire_order_book.sv:318$948_EN[0:0]$3233
   210/1202: $1$memwr$\order_valid_q$rtl/common/wire_order_book.sv:318$947_EN[0:0]$3232
   211/1202: $1$memwr$\order_valid_q$rtl/common/wire_order_book.sv:318$946_EN[0:0]$3231
   212/1202: $1$memwr$\order_valid_q$rtl/common/wire_order_book.sv:318$945_EN[0:0]$3230
   213/1202: $1$memwr$\order_valid_q$rtl/common/wire_order_book.sv:318$944_EN[0:0]$3229
   214/1202: $1$memwr$\order_valid_q$rtl/common/wire_order_book.sv:318$943_EN[0:0]$3228
   215/1202: $1$memwr$\order_valid_q$rtl/common/wire_order_book.sv:318$942_EN[0:0]$3227
   216/1202: $1$memwr$\order_valid_q$rtl/common/wire_order_book.sv:318$941_EN[0:0]$3226
   217/1202: $1$memwr$\order_valid_q$rtl/common/wire_order_book.sv:318$940_EN[0:0]$3225
   218/1202: $1$memwr$\order_valid_q$rtl/common/wire_order_book.sv:318$939_EN[0:0]$3224
   219/1202: $1$memwr$\order_valid_q$rtl/common/wire_order_book.sv:318$938_EN[0:0]$3223
   220/1202: $1$memwr$\order_valid_q$rtl/common/wire_order_book.sv:318$937_EN[0:0]$3222
   221/1202: $1$memwr$\order_valid_q$rtl/common/wire_order_book.sv:318$936_EN[0:0]$3221
   222/1202: $1$memwr$\order_valid_q$rtl/common/wire_order_book.sv:318$935_EN[0:0]$3220
   223/1202: $1$memwr$\order_valid_q$rtl/common/wire_order_book.sv:318$934_EN[0:0]$3219
   224/1202: $1$memwr$\order_valid_q$rtl/common/wire_order_book.sv:318$933_EN[0:0]$3218
   225/1202: $1$memwr$\order_valid_q$rtl/common/wire_order_book.sv:318$932_EN[0:0]$3217
   226/1202: $1$memwr$\order_valid_q$rtl/common/wire_order_book.sv:318$931_EN[0:0]$3216
   227/1202: $1$memwr$\order_valid_q$rtl/common/wire_order_book.sv:318$930_EN[0:0]$3215
   228/1202: $1$memwr$\order_valid_q$rtl/common/wire_order_book.sv:318$929_EN[0:0]$3214
   229/1202: $1$memwr$\order_valid_q$rtl/common/wire_order_book.sv:318$928_EN[0:0]$3213
   230/1202: $1$memwr$\order_valid_q$rtl/common/wire_order_book.sv:318$927_EN[0:0]$3212
   231/1202: $1$memwr$\order_valid_q$rtl/common/wire_order_book.sv:318$926_EN[0:0]$3211
   232/1202: $1$memwr$\order_valid_q$rtl/common/wire_order_book.sv:318$925_EN[0:0]$3210
   233/1202: $1$memwr$\order_valid_q$rtl/common/wire_order_book.sv:318$924_EN[0:0]$3209
   234/1202: $1$memwr$\order_valid_q$rtl/common/wire_order_book.sv:318$923_EN[0:0]$3208
   235/1202: $1$memwr$\order_valid_q$rtl/common/wire_order_book.sv:318$922_EN[0:0]$3207
   236/1202: $1$memwr$\order_valid_q$rtl/common/wire_order_book.sv:318$921_EN[0:0]$3206
   237/1202: $1$memwr$\order_valid_q$rtl/common/wire_order_book.sv:318$920_EN[0:0]$3205
   238/1202: $1$memwr$\order_valid_q$rtl/common/wire_order_book.sv:318$919_EN[0:0]$3204
   239/1202: $1$memwr$\order_valid_q$rtl/common/wire_order_book.sv:318$918_EN[0:0]$3203
   240/1202: $1$memwr$\order_valid_q$rtl/common/wire_order_book.sv:318$917_EN[0:0]$3202
   241/1202: $1$memwr$\order_valid_q$rtl/common/wire_order_book.sv:318$916_EN[0:0]$3201
   242/1202: $1$memwr$\order_valid_q$rtl/common/wire_order_book.sv:318$915_EN[0:0]$3200
   243/1202: $1$memwr$\order_valid_q$rtl/common/wire_order_book.sv:318$914_EN[0:0]$3199
   244/1202: $1$memwr$\order_valid_q$rtl/common/wire_order_book.sv:318$913_EN[0:0]$3198
   245/1202: $1$memwr$\order_valid_q$rtl/common/wire_order_book.sv:318$912_EN[0:0]$3197
   246/1202: $1$memwr$\order_valid_q$rtl/common/wire_order_book.sv:318$911_EN[0:0]$3196
   247/1202: $1$memwr$\order_valid_q$rtl/common/wire_order_book.sv:318$910_EN[0:0]$3195
   248/1202: $1$memwr$\order_valid_q$rtl/common/wire_order_book.sv:318$909_EN[0:0]$3194
   249/1202: $1$memwr$\order_valid_q$rtl/common/wire_order_book.sv:318$908_EN[0:0]$3193
   250/1202: $1$memwr$\order_valid_q$rtl/common/wire_order_book.sv:318$907_EN[0:0]$3192
   251/1202: $1$memwr$\order_valid_q$rtl/common/wire_order_book.sv:318$906_EN[0:0]$3191
   252/1202: $1$memwr$\order_valid_q$rtl/common/wire_order_book.sv:318$905_EN[0:0]$3190
   253/1202: $1$memwr$\order_valid_q$rtl/common/wire_order_book.sv:318$904_EN[0:0]$3189
   254/1202: $1$memwr$\order_valid_q$rtl/common/wire_order_book.sv:318$903_EN[0:0]$3188
   255/1202: $1$memwr$\order_valid_q$rtl/common/wire_order_book.sv:318$902_EN[0:0]$3187
   256/1202: $1$memwr$\order_valid_q$rtl/common/wire_order_book.sv:318$901_EN[0:0]$3186
   257/1202: $1$memwr$\order_valid_q$rtl/common/wire_order_book.sv:318$900_EN[0:0]$3185
   258/1202: $1$memwr$\order_valid_q$rtl/common/wire_order_book.sv:318$899_EN[0:0]$3184
   259/1202: $1$memwr$\order_valid_q$rtl/common/wire_order_book.sv:318$898_EN[0:0]$3183
   260/1202: $1$memwr$\order_valid_q$rtl/common/wire_order_book.sv:318$897_EN[0:0]$3182
   261/1202: $1$memwr$\order_valid_q$rtl/common/wire_order_book.sv:318$896_EN[0:0]$3181
   262/1202: $1$memwr$\order_valid_q$rtl/common/wire_order_book.sv:318$895_EN[0:0]$3180
   263/1202: $1$memwr$\order_valid_q$rtl/common/wire_order_book.sv:318$894_EN[0:0]$3179
   264/1202: $1$memwr$\order_valid_q$rtl/common/wire_order_book.sv:318$893_EN[0:0]$3178
   265/1202: $1$memwr$\order_valid_q$rtl/common/wire_order_book.sv:318$892_EN[0:0]$3177
   266/1202: $1$memwr$\order_valid_q$rtl/common/wire_order_book.sv:318$891_EN[0:0]$3176
   267/1202: $1$memwr$\order_valid_q$rtl/common/wire_order_book.sv:318$890_EN[0:0]$3175
   268/1202: $1$memwr$\order_valid_q$rtl/common/wire_order_book.sv:318$889_EN[0:0]$3174
   269/1202: $1$memwr$\order_valid_q$rtl/common/wire_order_book.sv:318$888_EN[0:0]$3173
   270/1202: $1$memwr$\order_valid_q$rtl/common/wire_order_book.sv:318$887_EN[0:0]$3172
   271/1202: $1$memwr$\order_valid_q$rtl/common/wire_order_book.sv:318$886_EN[0:0]$3171
   272/1202: $1$memwr$\order_valid_q$rtl/common/wire_order_book.sv:318$885_EN[0:0]$3170
   273/1202: $1$memwr$\order_valid_q$rtl/common/wire_order_book.sv:318$884_EN[0:0]$3169
   274/1202: $1$memwr$\order_valid_q$rtl/common/wire_order_book.sv:318$883_EN[0:0]$3168
   275/1202: $1$memwr$\order_valid_q$rtl/common/wire_order_book.sv:318$882_EN[0:0]$3167
   276/1202: $1$memwr$\order_valid_q$rtl/common/wire_order_book.sv:318$881_EN[0:0]$3166
   277/1202: $1$memwr$\order_valid_q$rtl/common/wire_order_book.sv:318$880_EN[0:0]$3165
   278/1202: $1$memwr$\order_valid_q$rtl/common/wire_order_book.sv:318$879_EN[0:0]$3164
   279/1202: $1$memwr$\order_valid_q$rtl/common/wire_order_book.sv:318$878_EN[0:0]$3163
   280/1202: $1$memwr$\order_valid_q$rtl/common/wire_order_book.sv:318$877_EN[0:0]$3162
   281/1202: $1$memwr$\order_valid_q$rtl/common/wire_order_book.sv:318$876_EN[0:0]$3161
   282/1202: $1$memwr$\order_valid_q$rtl/common/wire_order_book.sv:318$875_EN[0:0]$3160
   283/1202: $1$memwr$\order_valid_q$rtl/common/wire_order_book.sv:318$874_EN[0:0]$3159
   284/1202: $1$memwr$\order_valid_q$rtl/common/wire_order_book.sv:318$873_EN[0:0]$3158
   285/1202: $1$memwr$\order_valid_q$rtl/common/wire_order_book.sv:318$872_EN[0:0]$3157
   286/1202: $1$memwr$\order_valid_q$rtl/common/wire_order_book.sv:318$871_EN[0:0]$3156
   287/1202: $1$memwr$\order_valid_q$rtl/common/wire_order_book.sv:318$870_EN[0:0]$3155
   288/1202: $1$memwr$\order_valid_q$rtl/common/wire_order_book.sv:318$869_EN[0:0]$3154
   289/1202: $1$memwr$\order_valid_q$rtl/common/wire_order_book.sv:318$868_EN[0:0]$3153
   290/1202: $1$memwr$\order_valid_q$rtl/common/wire_order_book.sv:318$867_EN[0:0]$3152
   291/1202: $1$memwr$\order_valid_q$rtl/common/wire_order_book.sv:318$866_EN[0:0]$3151
   292/1202: $1$memwr$\order_valid_q$rtl/common/wire_order_book.sv:318$865_EN[0:0]$3150
   293/1202: $1$memwr$\order_valid_q$rtl/common/wire_order_book.sv:318$864_EN[0:0]$3149
   294/1202: $1$memwr$\order_valid_q$rtl/common/wire_order_book.sv:318$863_EN[0:0]$3148
   295/1202: $1$memwr$\order_valid_q$rtl/common/wire_order_book.sv:318$862_EN[0:0]$3147
   296/1202: $1$memwr$\order_valid_q$rtl/common/wire_order_book.sv:318$861_EN[0:0]$3146
   297/1202: $1$memwr$\order_valid_q$rtl/common/wire_order_book.sv:318$860_EN[0:0]$3145
   298/1202: $1$memwr$\order_valid_q$rtl/common/wire_order_book.sv:318$859_EN[0:0]$3144
   299/1202: $1$memwr$\order_valid_q$rtl/common/wire_order_book.sv:318$858_EN[0:0]$3143
   300/1202: $1$memwr$\order_valid_q$rtl/common/wire_order_book.sv:318$857_EN[0:0]$3142
   301/1202: $1$memwr$\order_valid_q$rtl/common/wire_order_book.sv:318$856_EN[0:0]$3141
   302/1202: $1$memwr$\order_valid_q$rtl/common/wire_order_book.sv:318$855_EN[0:0]$3140
   303/1202: $1$memwr$\order_valid_q$rtl/common/wire_order_book.sv:318$854_EN[0:0]$3139
   304/1202: $1$memwr$\order_valid_q$rtl/common/wire_order_book.sv:318$853_EN[0:0]$3138
   305/1202: $1$memwr$\order_valid_q$rtl/common/wire_order_book.sv:318$852_EN[0:0]$3137
   306/1202: $1$memwr$\order_valid_q$rtl/common/wire_order_book.sv:318$851_EN[0:0]$3136
   307/1202: $1$memwr$\order_valid_q$rtl/common/wire_order_book.sv:318$850_EN[0:0]$3135
   308/1202: $1$memwr$\order_valid_q$rtl/common/wire_order_book.sv:318$849_EN[0:0]$3134
   309/1202: $1$memwr$\order_valid_q$rtl/common/wire_order_book.sv:318$848_EN[0:0]$3133
   310/1202: $1$memwr$\order_valid_q$rtl/common/wire_order_book.sv:318$847_EN[0:0]$3132
   311/1202: $1$memwr$\order_valid_q$rtl/common/wire_order_book.sv:318$846_EN[0:0]$3131
   312/1202: $1$memwr$\order_valid_q$rtl/common/wire_order_book.sv:318$845_EN[0:0]$3130
   313/1202: $1$memwr$\order_valid_q$rtl/common/wire_order_book.sv:318$844_EN[0:0]$3129
   314/1202: $1$memwr$\order_valid_q$rtl/common/wire_order_book.sv:318$843_EN[0:0]$3128
   315/1202: $1$memwr$\order_valid_q$rtl/common/wire_order_book.sv:318$842_EN[0:0]$3127
   316/1202: $1$memwr$\order_valid_q$rtl/common/wire_order_book.sv:318$841_EN[0:0]$3126
   317/1202: $1$memwr$\order_valid_q$rtl/common/wire_order_book.sv:318$840_EN[0:0]$3125
   318/1202: $1$memwr$\order_valid_q$rtl/common/wire_order_book.sv:318$839_EN[0:0]$3124
   319/1202: $1$memwr$\order_valid_q$rtl/common/wire_order_book.sv:318$838_EN[0:0]$3123
   320/1202: $1$memwr$\order_valid_q$rtl/common/wire_order_book.sv:318$837_EN[0:0]$3122
   321/1202: $1$memwr$\order_valid_q$rtl/common/wire_order_book.sv:318$836_EN[0:0]$3121
   322/1202: $1$memwr$\order_valid_q$rtl/common/wire_order_book.sv:318$835_EN[0:0]$3120
   323/1202: $1$memwr$\order_valid_q$rtl/common/wire_order_book.sv:318$834_EN[0:0]$3119
   324/1202: $1$memwr$\order_valid_q$rtl/common/wire_order_book.sv:318$833_EN[0:0]$3118
   325/1202: $1$memwr$\order_valid_q$rtl/common/wire_order_book.sv:318$832_EN[0:0]$3117
   326/1202: $1$memwr$\order_valid_q$rtl/common/wire_order_book.sv:318$831_EN[0:0]$3116
   327/1202: $1$memwr$\order_valid_q$rtl/common/wire_order_book.sv:318$830_EN[0:0]$3115
   328/1202: $1$memwr$\order_valid_q$rtl/common/wire_order_book.sv:318$829_EN[0:0]$3114
   329/1202: $1$memwr$\order_valid_q$rtl/common/wire_order_book.sv:318$828_EN[0:0]$3113
   330/1202: $1$memwr$\order_valid_q$rtl/common/wire_order_book.sv:318$827_EN[0:0]$3112
   331/1202: $1$memwr$\order_valid_q$rtl/common/wire_order_book.sv:318$826_EN[0:0]$3111
   332/1202: $1$memwr$\order_valid_q$rtl/common/wire_order_book.sv:318$825_EN[0:0]$3110
   333/1202: $1$memwr$\order_valid_q$rtl/common/wire_order_book.sv:318$824_EN[0:0]$3109
   334/1202: $1$memwr$\order_valid_q$rtl/common/wire_order_book.sv:318$823_EN[0:0]$3108
   335/1202: $1$memwr$\order_valid_q$rtl/common/wire_order_book.sv:318$822_EN[0:0]$3107
   336/1202: $1$memwr$\order_valid_q$rtl/common/wire_order_book.sv:318$821_EN[0:0]$3106
   337/1202: $1$memwr$\order_valid_q$rtl/common/wire_order_book.sv:318$820_EN[0:0]$3105
   338/1202: $1$memwr$\order_valid_q$rtl/common/wire_order_book.sv:318$819_EN[0:0]$3104
   339/1202: $1$memwr$\order_valid_q$rtl/common/wire_order_book.sv:318$818_EN[0:0]$3103
   340/1202: $1$memwr$\order_valid_q$rtl/common/wire_order_book.sv:318$817_EN[0:0]$3102
   341/1202: $1$memwr$\order_valid_q$rtl/common/wire_order_book.sv:318$816_EN[0:0]$3101
   342/1202: $1$memwr$\order_valid_q$rtl/common/wire_order_book.sv:318$815_EN[0:0]$3100
   343/1202: $1$memwr$\order_valid_q$rtl/common/wire_order_book.sv:318$814_EN[0:0]$3099
   344/1202: $1$memwr$\order_valid_q$rtl/common/wire_order_book.sv:318$813_EN[0:0]$3098
   345/1202: $1$memwr$\order_valid_q$rtl/common/wire_order_book.sv:318$812_EN[0:0]$3097
   346/1202: $1$memwr$\order_valid_q$rtl/common/wire_order_book.sv:318$811_EN[0:0]$3096
   347/1202: $1$memwr$\order_valid_q$rtl/common/wire_order_book.sv:318$810_EN[0:0]$3095
   348/1202: $1$memwr$\order_valid_q$rtl/common/wire_order_book.sv:318$809_EN[0:0]$3094
   349/1202: $1$memwr$\order_valid_q$rtl/common/wire_order_book.sv:318$808_EN[0:0]$3093
   350/1202: $1$memwr$\order_valid_q$rtl/common/wire_order_book.sv:318$807_EN[0:0]$3092
   351/1202: $1$memwr$\order_valid_q$rtl/common/wire_order_book.sv:318$806_EN[0:0]$3091
   352/1202: $1$memwr$\order_valid_q$rtl/common/wire_order_book.sv:318$805_EN[0:0]$3090
   353/1202: $1$memwr$\order_valid_q$rtl/common/wire_order_book.sv:318$804_EN[0:0]$3089
   354/1202: $1$memwr$\order_valid_q$rtl/common/wire_order_book.sv:318$803_EN[0:0]$3088
   355/1202: $1$memwr$\order_valid_q$rtl/common/wire_order_book.sv:318$802_EN[0:0]$3087
   356/1202: $1$memwr$\order_valid_q$rtl/common/wire_order_book.sv:318$801_EN[0:0]$3086
   357/1202: $1$memwr$\order_valid_q$rtl/common/wire_order_book.sv:318$800_EN[0:0]$3085
   358/1202: $1$memwr$\order_valid_q$rtl/common/wire_order_book.sv:318$799_EN[0:0]$3084
   359/1202: $1$memwr$\order_valid_q$rtl/common/wire_order_book.sv:318$798_EN[0:0]$3083
   360/1202: $1$memwr$\order_valid_q$rtl/common/wire_order_book.sv:318$797_EN[0:0]$3082
   361/1202: $1$memwr$\order_valid_q$rtl/common/wire_order_book.sv:318$796_EN[0:0]$3081
   362/1202: $1$memwr$\order_valid_q$rtl/common/wire_order_book.sv:318$795_EN[0:0]$3080
   363/1202: $1$memwr$\order_valid_q$rtl/common/wire_order_book.sv:318$794_EN[0:0]$3079
   364/1202: $1$memwr$\order_valid_q$rtl/common/wire_order_book.sv:318$793_EN[0:0]$3078
   365/1202: $1$memwr$\order_valid_q$rtl/common/wire_order_book.sv:318$792_EN[0:0]$3077
   366/1202: $1$memwr$\order_valid_q$rtl/common/wire_order_book.sv:318$791_EN[0:0]$3076
   367/1202: $1$memwr$\order_valid_q$rtl/common/wire_order_book.sv:318$790_EN[0:0]$3075
   368/1202: $1$memwr$\order_valid_q$rtl/common/wire_order_book.sv:318$789_EN[0:0]$3074
   369/1202: $1$memwr$\order_valid_q$rtl/common/wire_order_book.sv:318$788_EN[0:0]$3073
   370/1202: $1$memwr$\order_valid_q$rtl/common/wire_order_book.sv:318$787_EN[0:0]$3072
   371/1202: $1$memwr$\order_valid_q$rtl/common/wire_order_book.sv:318$786_EN[0:0]$3071
   372/1202: $1$memwr$\order_valid_q$rtl/common/wire_order_book.sv:318$785_EN[0:0]$3070
   373/1202: $1$memwr$\order_valid_q$rtl/common/wire_order_book.sv:318$784_EN[0:0]$3069
   374/1202: $1$memwr$\order_valid_q$rtl/common/wire_order_book.sv:318$783_EN[0:0]$3068
   375/1202: $1$memwr$\order_valid_q$rtl/common/wire_order_book.sv:318$782_EN[0:0]$3067
   376/1202: $1$memwr$\order_valid_q$rtl/common/wire_order_book.sv:318$781_EN[0:0]$3066
   377/1202: $1$memwr$\order_valid_q$rtl/common/wire_order_book.sv:318$780_EN[0:0]$3065
   378/1202: $1$memwr$\order_valid_q$rtl/common/wire_order_book.sv:318$779_EN[0:0]$3064
   379/1202: $1$memwr$\order_valid_q$rtl/common/wire_order_book.sv:318$778_EN[0:0]$3063
   380/1202: $1$memwr$\order_valid_q$rtl/common/wire_order_book.sv:318$777_EN[0:0]$3062
   381/1202: $1$memwr$\order_valid_q$rtl/common/wire_order_book.sv:318$776_EN[0:0]$3061
   382/1202: $1$memwr$\order_valid_q$rtl/common/wire_order_book.sv:318$775_EN[0:0]$3060
   383/1202: $1$memwr$\order_valid_q$rtl/common/wire_order_book.sv:318$774_EN[0:0]$3059
   384/1202: $1$memwr$\order_valid_q$rtl/common/wire_order_book.sv:318$773_EN[0:0]$3058
   385/1202: $1$memwr$\order_valid_q$rtl/common/wire_order_book.sv:318$772_EN[0:0]$3057
   386/1202: $1$memwr$\order_valid_q$rtl/common/wire_order_book.sv:318$771_EN[0:0]$3056
   387/1202: $1$memwr$\order_valid_q$rtl/common/wire_order_book.sv:318$770_EN[0:0]$3055
   388/1202: $1$memwr$\order_valid_q$rtl/common/wire_order_book.sv:318$769_EN[0:0]$3054
   389/1202: $1$memwr$\order_valid_q$rtl/common/wire_order_book.sv:318$768_EN[0:0]$3053
   390/1202: $1$memwr$\order_valid_q$rtl/common/wire_order_book.sv:318$767_EN[0:0]$3052
   391/1202: $1$memwr$\order_valid_q$rtl/common/wire_order_book.sv:318$766_EN[0:0]$3051
   392/1202: $1$memwr$\order_valid_q$rtl/common/wire_order_book.sv:318$765_EN[0:0]$3050
   393/1202: $1$memwr$\order_valid_q$rtl/common/wire_order_book.sv:318$764_EN[0:0]$3049
   394/1202: $1$memwr$\order_valid_q$rtl/common/wire_order_book.sv:318$763_EN[0:0]$3048
   395/1202: $1$memwr$\order_valid_q$rtl/common/wire_order_book.sv:318$762_EN[0:0]$3047
   396/1202: $1$memwr$\order_valid_q$rtl/common/wire_order_book.sv:318$761_EN[0:0]$3046
   397/1202: $1$memwr$\order_valid_q$rtl/common/wire_order_book.sv:318$760_EN[0:0]$3045
   398/1202: $1$memwr$\order_valid_q$rtl/common/wire_order_book.sv:318$759_EN[0:0]$3044
   399/1202: $1$memwr$\order_valid_q$rtl/common/wire_order_book.sv:318$758_EN[0:0]$3043
   400/1202: $1$memwr$\order_valid_q$rtl/common/wire_order_book.sv:318$757_EN[0:0]$3042
   401/1202: $1$memwr$\order_valid_q$rtl/common/wire_order_book.sv:318$756_EN[0:0]$3041
   402/1202: $1$memwr$\order_valid_q$rtl/common/wire_order_book.sv:318$755_EN[0:0]$3040
   403/1202: $1$memwr$\order_valid_q$rtl/common/wire_order_book.sv:318$754_EN[0:0]$3039
   404/1202: $1$memwr$\order_valid_q$rtl/common/wire_order_book.sv:318$753_EN[0:0]$3038
   405/1202: $1$memwr$\order_valid_q$rtl/common/wire_order_book.sv:318$752_EN[0:0]$3037
   406/1202: $1$memwr$\order_valid_q$rtl/common/wire_order_book.sv:318$751_EN[0:0]$3036
   407/1202: $1$memwr$\order_valid_q$rtl/common/wire_order_book.sv:318$750_EN[0:0]$3035
   408/1202: $1$memwr$\order_valid_q$rtl/common/wire_order_book.sv:318$749_EN[0:0]$3034
   409/1202: $1$memwr$\order_valid_q$rtl/common/wire_order_book.sv:318$748_EN[0:0]$3033
   410/1202: $1$memwr$\order_valid_q$rtl/common/wire_order_book.sv:318$747_EN[0:0]$3032
   411/1202: $1$memwr$\order_valid_q$rtl/common/wire_order_book.sv:318$746_EN[0:0]$3031
   412/1202: $1$memwr$\order_valid_q$rtl/common/wire_order_book.sv:318$745_EN[0:0]$3030
   413/1202: $1$memwr$\order_valid_q$rtl/common/wire_order_book.sv:318$744_EN[0:0]$3029
   414/1202: $1$memwr$\order_valid_q$rtl/common/wire_order_book.sv:318$743_EN[0:0]$3028
   415/1202: $1$memwr$\order_valid_q$rtl/common/wire_order_book.sv:318$742_EN[0:0]$3027
   416/1202: $1$memwr$\order_valid_q$rtl/common/wire_order_book.sv:318$741_EN[0:0]$3026
   417/1202: $1$memwr$\order_valid_q$rtl/common/wire_order_book.sv:318$740_EN[0:0]$3025
   418/1202: $1$memwr$\order_valid_q$rtl/common/wire_order_book.sv:318$739_EN[0:0]$3024
   419/1202: $1$memwr$\order_valid_q$rtl/common/wire_order_book.sv:318$738_EN[0:0]$3023
   420/1202: $1$memwr$\order_valid_q$rtl/common/wire_order_book.sv:318$737_EN[0:0]$3022
   421/1202: $1$memwr$\order_valid_q$rtl/common/wire_order_book.sv:318$736_EN[0:0]$3021
   422/1202: $1$memwr$\order_valid_q$rtl/common/wire_order_book.sv:318$735_EN[0:0]$3020
   423/1202: $1$memwr$\order_valid_q$rtl/common/wire_order_book.sv:318$734_EN[0:0]$3019
   424/1202: $1$memwr$\order_valid_q$rtl/common/wire_order_book.sv:318$733_EN[0:0]$3018
   425/1202: $1$memwr$\order_valid_q$rtl/common/wire_order_book.sv:318$732_EN[0:0]$3017
   426/1202: $1$memwr$\order_valid_q$rtl/common/wire_order_book.sv:318$731_EN[0:0]$3016
   427/1202: $1$memwr$\order_valid_q$rtl/common/wire_order_book.sv:318$730_EN[0:0]$3015
   428/1202: $1$memwr$\order_valid_q$rtl/common/wire_order_book.sv:318$729_EN[0:0]$3014
   429/1202: $1$memwr$\order_valid_q$rtl/common/wire_order_book.sv:318$728_EN[0:0]$3013
   430/1202: $1$memwr$\order_valid_q$rtl/common/wire_order_book.sv:318$727_EN[0:0]$3012
   431/1202: $1$memwr$\order_valid_q$rtl/common/wire_order_book.sv:318$726_EN[0:0]$3011
   432/1202: $1$memwr$\order_valid_q$rtl/common/wire_order_book.sv:318$725_EN[0:0]$3010
   433/1202: $1$memwr$\order_valid_q$rtl/common/wire_order_book.sv:318$724_EN[0:0]$3009
   434/1202: $1$memwr$\order_valid_q$rtl/common/wire_order_book.sv:318$723_EN[0:0]$3008
   435/1202: $1$memwr$\order_valid_q$rtl/common/wire_order_book.sv:318$722_EN[0:0]$3007
   436/1202: $1$memwr$\order_valid_q$rtl/common/wire_order_book.sv:318$721_EN[0:0]$3006
   437/1202: $1$memwr$\order_valid_q$rtl/common/wire_order_book.sv:318$720_EN[0:0]$3005
   438/1202: $1$memwr$\order_valid_q$rtl/common/wire_order_book.sv:318$719_EN[0:0]$3004
   439/1202: $1$memwr$\order_valid_q$rtl/common/wire_order_book.sv:318$718_EN[0:0]$3003
   440/1202: $1$memwr$\order_valid_q$rtl/common/wire_order_book.sv:318$717_EN[0:0]$3002
   441/1202: $1$memwr$\order_valid_q$rtl/common/wire_order_book.sv:318$716_EN[0:0]$3001
   442/1202: $1$memwr$\order_valid_q$rtl/common/wire_order_book.sv:318$715_EN[0:0]$3000
   443/1202: $1$memwr$\order_valid_q$rtl/common/wire_order_book.sv:318$714_EN[0:0]$2999
   444/1202: $1$memwr$\order_valid_q$rtl/common/wire_order_book.sv:318$713_EN[0:0]$2998
   445/1202: $1$memwr$\order_valid_q$rtl/common/wire_order_book.sv:318$712_EN[0:0]$2997
   446/1202: $1$memwr$\order_valid_q$rtl/common/wire_order_book.sv:318$711_EN[0:0]$2996
   447/1202: $1$memwr$\order_valid_q$rtl/common/wire_order_book.sv:318$710_EN[0:0]$2995
   448/1202: $1$memwr$\order_valid_q$rtl/common/wire_order_book.sv:318$709_EN[0:0]$2994
   449/1202: $1$memwr$\order_valid_q$rtl/common/wire_order_book.sv:318$708_EN[0:0]$2993
   450/1202: $1$memwr$\order_valid_q$rtl/common/wire_order_book.sv:318$707_EN[0:0]$2992
   451/1202: $1$memwr$\order_valid_q$rtl/common/wire_order_book.sv:318$706_EN[0:0]$2991
   452/1202: $1$memwr$\order_valid_q$rtl/common/wire_order_book.sv:318$705_EN[0:0]$2990
   453/1202: $1$memwr$\order_valid_q$rtl/common/wire_order_book.sv:318$704_EN[0:0]$2989
   454/1202: $1$memwr$\order_valid_q$rtl/common/wire_order_book.sv:318$703_EN[0:0]$2988
   455/1202: $1$memwr$\order_valid_q$rtl/common/wire_order_book.sv:318$702_EN[0:0]$2987
   456/1202: $1$memwr$\order_valid_q$rtl/common/wire_order_book.sv:318$701_EN[0:0]$2986
   457/1202: $1$memwr$\order_valid_q$rtl/common/wire_order_book.sv:318$700_EN[0:0]$2985
   458/1202: $1$memwr$\order_valid_q$rtl/common/wire_order_book.sv:318$699_EN[0:0]$2984
   459/1202: $1$memwr$\order_valid_q$rtl/common/wire_order_book.sv:318$698_EN[0:0]$2983
   460/1202: $1$memwr$\order_valid_q$rtl/common/wire_order_book.sv:318$697_EN[0:0]$2982
   461/1202: $1$memwr$\order_valid_q$rtl/common/wire_order_book.sv:318$696_EN[0:0]$2981
   462/1202: $1$memwr$\order_valid_q$rtl/common/wire_order_book.sv:318$695_EN[0:0]$2980
   463/1202: $1$memwr$\order_valid_q$rtl/common/wire_order_book.sv:318$694_EN[0:0]$2979
   464/1202: $1$memwr$\order_valid_q$rtl/common/wire_order_book.sv:318$693_EN[0:0]$2978
   465/1202: $1$memwr$\order_valid_q$rtl/common/wire_order_book.sv:318$692_EN[0:0]$2977
   466/1202: $1$memwr$\order_valid_q$rtl/common/wire_order_book.sv:318$691_EN[0:0]$2976
   467/1202: $1$memwr$\order_valid_q$rtl/common/wire_order_book.sv:318$690_EN[0:0]$2975
   468/1202: $1$memwr$\order_valid_q$rtl/common/wire_order_book.sv:318$689_EN[0:0]$2974
   469/1202: $1$memwr$\order_valid_q$rtl/common/wire_order_book.sv:318$688_EN[0:0]$2973
   470/1202: $1$memwr$\order_valid_q$rtl/common/wire_order_book.sv:318$687_EN[0:0]$2972
   471/1202: $1$memwr$\order_valid_q$rtl/common/wire_order_book.sv:318$686_EN[0:0]$2971
   472/1202: $1$memwr$\order_valid_q$rtl/common/wire_order_book.sv:318$685_EN[0:0]$2970
   473/1202: $1$memwr$\order_valid_q$rtl/common/wire_order_book.sv:318$684_EN[0:0]$2969
   474/1202: $1$memwr$\order_valid_q$rtl/common/wire_order_book.sv:318$683_EN[0:0]$2968
   475/1202: $1$memwr$\order_valid_q$rtl/common/wire_order_book.sv:318$682_EN[0:0]$2967
   476/1202: $1$memwr$\order_valid_q$rtl/common/wire_order_book.sv:318$681_EN[0:0]$2966
   477/1202: $1$memwr$\order_valid_q$rtl/common/wire_order_book.sv:318$680_EN[0:0]$2965
   478/1202: $1$memwr$\order_valid_q$rtl/common/wire_order_book.sv:318$679_EN[0:0]$2964
   479/1202: $1$memwr$\order_valid_q$rtl/common/wire_order_book.sv:318$678_EN[0:0]$2963
   480/1202: $1$memwr$\order_valid_q$rtl/common/wire_order_book.sv:318$677_EN[0:0]$2962
   481/1202: $1$memwr$\order_valid_q$rtl/common/wire_order_book.sv:318$676_EN[0:0]$2961
   482/1202: $1$memwr$\order_valid_q$rtl/common/wire_order_book.sv:318$675_EN[0:0]$2960
   483/1202: $1$memwr$\order_valid_q$rtl/common/wire_order_book.sv:318$674_EN[0:0]$2959
   484/1202: $1$memwr$\order_valid_q$rtl/common/wire_order_book.sv:318$673_EN[0:0]$2958
   485/1202: $1$memwr$\order_valid_q$rtl/common/wire_order_book.sv:318$672_EN[0:0]$2957
   486/1202: $1$memwr$\order_valid_q$rtl/common/wire_order_book.sv:318$671_EN[0:0]$2956
   487/1202: $1$memwr$\order_valid_q$rtl/common/wire_order_book.sv:318$670_EN[0:0]$2955
   488/1202: $1$memwr$\order_valid_q$rtl/common/wire_order_book.sv:318$669_EN[0:0]$2954
   489/1202: $1$memwr$\order_valid_q$rtl/common/wire_order_book.sv:318$668_EN[0:0]$2953
   490/1202: $1$memwr$\order_valid_q$rtl/common/wire_order_book.sv:318$667_EN[0:0]$2952
   491/1202: $1$memwr$\order_valid_q$rtl/common/wire_order_book.sv:318$666_EN[0:0]$2951
   492/1202: $1$memwr$\order_valid_q$rtl/common/wire_order_book.sv:318$665_EN[0:0]$2950
   493/1202: $1$memwr$\order_valid_q$rtl/common/wire_order_book.sv:318$664_EN[0:0]$2949
   494/1202: $1$memwr$\order_valid_q$rtl/common/wire_order_book.sv:318$663_EN[0:0]$2948
   495/1202: $1$memwr$\order_valid_q$rtl/common/wire_order_book.sv:318$662_EN[0:0]$2947
   496/1202: $1$memwr$\order_valid_q$rtl/common/wire_order_book.sv:318$661_EN[0:0]$2946
   497/1202: $1$memwr$\order_valid_q$rtl/common/wire_order_book.sv:318$660_EN[0:0]$2945
   498/1202: $1$memwr$\order_valid_q$rtl/common/wire_order_book.sv:318$659_EN[0:0]$2944
   499/1202: $1$memwr$\order_valid_q$rtl/common/wire_order_book.sv:318$658_EN[0:0]$2943
   500/1202: $1$memwr$\order_valid_q$rtl/common/wire_order_book.sv:318$657_EN[0:0]$2942
   501/1202: $1$memwr$\order_valid_q$rtl/common/wire_order_book.sv:318$656_EN[0:0]$2941
   502/1202: $1$memwr$\order_valid_q$rtl/common/wire_order_book.sv:318$655_EN[0:0]$2940
   503/1202: $1$memwr$\order_valid_q$rtl/common/wire_order_book.sv:318$654_EN[0:0]$2939
   504/1202: $1$memwr$\order_valid_q$rtl/common/wire_order_book.sv:318$653_EN[0:0]$2938
   505/1202: $1$memwr$\order_valid_q$rtl/common/wire_order_book.sv:318$652_EN[0:0]$2937
   506/1202: $1$memwr$\order_valid_q$rtl/common/wire_order_book.sv:318$651_EN[0:0]$2936
   507/1202: $1$memwr$\order_valid_q$rtl/common/wire_order_book.sv:318$650_EN[0:0]$2935
   508/1202: $1$memwr$\order_valid_q$rtl/common/wire_order_book.sv:318$649_EN[0:0]$2934
   509/1202: $1$memwr$\order_valid_q$rtl/common/wire_order_book.sv:318$648_EN[0:0]$2933
   510/1202: $1$memwr$\order_valid_q$rtl/common/wire_order_book.sv:318$647_EN[0:0]$2932
   511/1202: $1$memwr$\order_valid_q$rtl/common/wire_order_book.sv:318$646_EN[0:0]$2931
   512/1202: $1$memwr$\order_valid_q$rtl/common/wire_order_book.sv:318$645_EN[0:0]$2930
   513/1202: $1$memwr$\order_valid_q$rtl/common/wire_order_book.sv:318$644_EN[0:0]$2929
   514/1202: $1$memwr$\order_valid_q$rtl/common/wire_order_book.sv:318$643_EN[0:0]$2928
   515/1202: $1$memwr$\order_valid_q$rtl/common/wire_order_book.sv:318$642_EN[0:0]$2927
   516/1202: $1$memwr$\order_valid_q$rtl/common/wire_order_book.sv:318$641_EN[0:0]$2926
   517/1202: $1$memwr$\order_valid_q$rtl/common/wire_order_book.sv:318$640_EN[0:0]$2925
   518/1202: $1$memwr$\order_valid_q$rtl/common/wire_order_book.sv:318$639_EN[0:0]$2924
   519/1202: $1$memwr$\order_valid_q$rtl/common/wire_order_book.sv:318$638_EN[0:0]$2923
   520/1202: $1$memwr$\order_valid_q$rtl/common/wire_order_book.sv:318$637_EN[0:0]$2922
   521/1202: $1$memwr$\order_valid_q$rtl/common/wire_order_book.sv:318$636_EN[0:0]$2921
   522/1202: $1$memwr$\order_valid_q$rtl/common/wire_order_book.sv:318$635_EN[0:0]$2920
   523/1202: $1$memwr$\order_valid_q$rtl/common/wire_order_book.sv:318$634_EN[0:0]$2919
   524/1202: $1$memwr$\order_valid_q$rtl/common/wire_order_book.sv:318$633_EN[0:0]$2918
   525/1202: $1$memwr$\order_valid_q$rtl/common/wire_order_book.sv:318$632_EN[0:0]$2917
   526/1202: $1$memwr$\order_valid_q$rtl/common/wire_order_book.sv:318$631_EN[0:0]$2916
   527/1202: $1$memwr$\order_valid_q$rtl/common/wire_order_book.sv:318$630_EN[0:0]$2915
   528/1202: $1$memwr$\order_valid_q$rtl/common/wire_order_book.sv:318$629_EN[0:0]$2914
   529/1202: $1$memwr$\order_valid_q$rtl/common/wire_order_book.sv:318$628_EN[0:0]$2913
   530/1202: $1$memwr$\order_valid_q$rtl/common/wire_order_book.sv:318$627_EN[0:0]$2912
   531/1202: $1$memwr$\order_valid_q$rtl/common/wire_order_book.sv:318$626_EN[0:0]$2911
   532/1202: $1$memwr$\order_valid_q$rtl/common/wire_order_book.sv:318$625_EN[0:0]$2910
   533/1202: $1$memwr$\order_valid_q$rtl/common/wire_order_book.sv:318$624_EN[0:0]$2909
   534/1202: $1$memwr$\order_valid_q$rtl/common/wire_order_book.sv:318$623_EN[0:0]$2908
   535/1202: $1$memwr$\order_valid_q$rtl/common/wire_order_book.sv:318$622_EN[0:0]$2907
   536/1202: $1$memwr$\order_valid_q$rtl/common/wire_order_book.sv:318$621_EN[0:0]$2906
   537/1202: $1$memwr$\order_valid_q$rtl/common/wire_order_book.sv:318$620_EN[0:0]$2905
   538/1202: $1$memwr$\order_valid_q$rtl/common/wire_order_book.sv:318$619_EN[0:0]$2904
   539/1202: $1$memwr$\order_valid_q$rtl/common/wire_order_book.sv:318$618_EN[0:0]$2903
   540/1202: $1$memwr$\order_valid_q$rtl/common/wire_order_book.sv:318$617_EN[0:0]$2902
   541/1202: $1$memwr$\order_valid_q$rtl/common/wire_order_book.sv:318$616_EN[0:0]$2901
   542/1202: $1$memwr$\order_valid_q$rtl/common/wire_order_book.sv:318$615_EN[0:0]$2900
   543/1202: $1$memwr$\order_valid_q$rtl/common/wire_order_book.sv:318$614_EN[0:0]$2899
   544/1202: $1$memwr$\order_valid_q$rtl/common/wire_order_book.sv:318$613_EN[0:0]$2898
   545/1202: $1$memwr$\order_valid_q$rtl/common/wire_order_book.sv:318$612_EN[0:0]$2897
   546/1202: $1$memwr$\order_valid_q$rtl/common/wire_order_book.sv:318$611_EN[0:0]$2896
   547/1202: $1$memwr$\order_valid_q$rtl/common/wire_order_book.sv:318$610_EN[0:0]$2895
   548/1202: $1$memwr$\order_valid_q$rtl/common/wire_order_book.sv:318$609_EN[0:0]$2894
   549/1202: $1$memwr$\order_valid_q$rtl/common/wire_order_book.sv:318$608_EN[0:0]$2893
   550/1202: $1$memwr$\order_valid_q$rtl/common/wire_order_book.sv:318$607_EN[0:0]$2892
   551/1202: $1$memwr$\order_valid_q$rtl/common/wire_order_book.sv:318$606_EN[0:0]$2891
   552/1202: $1$memwr$\order_valid_q$rtl/common/wire_order_book.sv:318$605_EN[0:0]$2890
   553/1202: $1$memwr$\order_valid_q$rtl/common/wire_order_book.sv:318$604_EN[0:0]$2889
   554/1202: $1$memwr$\order_valid_q$rtl/common/wire_order_book.sv:318$603_EN[0:0]$2888
   555/1202: $1$memwr$\order_valid_q$rtl/common/wire_order_book.sv:318$602_EN[0:0]$2887
   556/1202: $1$memwr$\order_valid_q$rtl/common/wire_order_book.sv:318$601_EN[0:0]$2886
   557/1202: $1$memwr$\order_valid_q$rtl/common/wire_order_book.sv:318$600_EN[0:0]$2885
   558/1202: $1$memwr$\order_valid_q$rtl/common/wire_order_book.sv:318$599_EN[0:0]$2884
   559/1202: $1$memwr$\order_valid_q$rtl/common/wire_order_book.sv:318$598_EN[0:0]$2883
   560/1202: $1$memwr$\order_valid_q$rtl/common/wire_order_book.sv:318$597_EN[0:0]$2882
   561/1202: $1$memwr$\order_valid_q$rtl/common/wire_order_book.sv:318$596_EN[0:0]$2881
   562/1202: $1$memwr$\order_valid_q$rtl/common/wire_order_book.sv:318$595_EN[0:0]$2880
   563/1202: $1$memwr$\order_valid_q$rtl/common/wire_order_book.sv:318$594_EN[0:0]$2879
   564/1202: $1$memwr$\order_valid_q$rtl/common/wire_order_book.sv:318$593_EN[0:0]$2878
   565/1202: $1$memwr$\order_valid_q$rtl/common/wire_order_book.sv:318$592_EN[0:0]$2877
   566/1202: $1$memwr$\order_valid_q$rtl/common/wire_order_book.sv:318$591_EN[0:0]$2876
   567/1202: $1$memwr$\order_valid_q$rtl/common/wire_order_book.sv:318$590_EN[0:0]$2875
   568/1202: $1$memwr$\order_valid_q$rtl/common/wire_order_book.sv:318$589_EN[0:0]$2874
   569/1202: $1$memwr$\order_valid_q$rtl/common/wire_order_book.sv:318$588_EN[0:0]$2873
   570/1202: $1$memwr$\order_valid_q$rtl/common/wire_order_book.sv:318$587_EN[0:0]$2872
   571/1202: $1$memwr$\order_valid_q$rtl/common/wire_order_book.sv:318$586_EN[0:0]$2871
   572/1202: $1$memwr$\order_valid_q$rtl/common/wire_order_book.sv:318$585_EN[0:0]$2870
   573/1202: $1$memwr$\order_valid_q$rtl/common/wire_order_book.sv:318$584_EN[0:0]$2869
   574/1202: $1$memwr$\order_valid_q$rtl/common/wire_order_book.sv:318$583_EN[0:0]$2868
   575/1202: $1$memwr$\order_valid_q$rtl/common/wire_order_book.sv:318$582_EN[0:0]$2867
   576/1202: $1$memwr$\order_valid_q$rtl/common/wire_order_book.sv:318$581_EN[0:0]$2866
   577/1202: $1$memwr$\order_valid_q$rtl/common/wire_order_book.sv:318$580_EN[0:0]$2865
   578/1202: $1$memwr$\order_valid_q$rtl/common/wire_order_book.sv:318$579_EN[0:0]$2864
   579/1202: $1$memwr$\order_valid_q$rtl/common/wire_order_book.sv:318$578_EN[0:0]$2863
   580/1202: $1$memwr$\order_valid_q$rtl/common/wire_order_book.sv:318$577_EN[0:0]$2862
   581/1202: $1$memwr$\order_valid_q$rtl/common/wire_order_book.sv:318$576_EN[0:0]$2861
   582/1202: $1$memwr$\order_valid_q$rtl/common/wire_order_book.sv:318$575_EN[0:0]$2860
   583/1202: $1$memwr$\order_valid_q$rtl/common/wire_order_book.sv:318$574_EN[0:0]$2859
   584/1202: $1$memwr$\order_valid_q$rtl/common/wire_order_book.sv:318$573_EN[0:0]$2858
   585/1202: $1$memwr$\order_valid_q$rtl/common/wire_order_book.sv:318$572_EN[0:0]$2857
   586/1202: $1$memwr$\order_valid_q$rtl/common/wire_order_book.sv:318$571_EN[0:0]$2856
   587/1202: $1$memwr$\order_valid_q$rtl/common/wire_order_book.sv:318$570_EN[0:0]$2855
   588/1202: $1$memwr$\order_valid_q$rtl/common/wire_order_book.sv:318$569_EN[0:0]$2854
   589/1202: $1$memwr$\order_valid_q$rtl/common/wire_order_book.sv:318$568_EN[0:0]$2853
   590/1202: $1$memwr$\order_valid_q$rtl/common/wire_order_book.sv:318$567_EN[0:0]$2852
   591/1202: $1$memwr$\order_valid_q$rtl/common/wire_order_book.sv:318$566_EN[0:0]$2851
   592/1202: $1$memwr$\order_valid_q$rtl/common/wire_order_book.sv:318$565_EN[0:0]$2850
   593/1202: $1$memwr$\order_valid_q$rtl/common/wire_order_book.sv:318$564_EN[0:0]$2849
   594/1202: $1$memwr$\order_valid_q$rtl/common/wire_order_book.sv:318$563_EN[0:0]$2848
   595/1202: $1$memwr$\order_valid_q$rtl/common/wire_order_book.sv:318$562_EN[0:0]$2847
   596/1202: $1$memwr$\order_valid_q$rtl/common/wire_order_book.sv:318$561_EN[0:0]$2846
   597/1202: $1$memwr$\order_valid_q$rtl/common/wire_order_book.sv:318$560_EN[0:0]$2845
   598/1202: $1$memwr$\order_valid_q$rtl/common/wire_order_book.sv:318$559_EN[0:0]$2844
   599/1202: $1$memwr$\order_valid_q$rtl/common/wire_order_book.sv:318$558_EN[0:0]$2843
   600/1202: $1$memwr$\order_valid_q$rtl/common/wire_order_book.sv:318$557_EN[0:0]$2842
   601/1202: $1$memwr$\order_valid_q$rtl/common/wire_order_book.sv:318$556_EN[0:0]$2841
   602/1202: $1$memwr$\order_valid_q$rtl/common/wire_order_book.sv:318$555_EN[0:0]$2840
   603/1202: $1$memwr$\order_valid_q$rtl/common/wire_order_book.sv:318$554_EN[0:0]$2839
   604/1202: $1$memwr$\order_valid_q$rtl/common/wire_order_book.sv:318$553_EN[0:0]$2838
   605/1202: $1$memwr$\order_valid_q$rtl/common/wire_order_book.sv:318$552_EN[0:0]$2837
   606/1202: $1$memwr$\order_valid_q$rtl/common/wire_order_book.sv:318$551_EN[0:0]$2836
   607/1202: $1$memwr$\order_valid_q$rtl/common/wire_order_book.sv:318$550_EN[0:0]$2835
   608/1202: $1$memwr$\order_valid_q$rtl/common/wire_order_book.sv:318$549_EN[0:0]$2834
   609/1202: $1$memwr$\order_valid_q$rtl/common/wire_order_book.sv:318$548_EN[0:0]$2833
   610/1202: $1$memwr$\order_valid_q$rtl/common/wire_order_book.sv:318$547_EN[0:0]$2832
   611/1202: $1$memwr$\order_valid_q$rtl/common/wire_order_book.sv:318$546_EN[0:0]$2831
   612/1202: $1$memwr$\order_valid_q$rtl/common/wire_order_book.sv:318$545_EN[0:0]$2830
   613/1202: $1$memwr$\order_valid_q$rtl/common/wire_order_book.sv:318$544_EN[0:0]$2829
   614/1202: $1$memwr$\order_valid_q$rtl/common/wire_order_book.sv:318$543_EN[0:0]$2828
   615/1202: $1$memwr$\order_valid_q$rtl/common/wire_order_book.sv:318$542_EN[0:0]$2827
   616/1202: $1$memwr$\order_valid_q$rtl/common/wire_order_book.sv:318$541_EN[0:0]$2826
   617/1202: $1$memwr$\order_valid_q$rtl/common/wire_order_book.sv:318$540_EN[0:0]$2825
   618/1202: $1$memwr$\order_valid_q$rtl/common/wire_order_book.sv:318$539_EN[0:0]$2824
   619/1202: $1$memwr$\order_valid_q$rtl/common/wire_order_book.sv:318$538_EN[0:0]$2823
   620/1202: $1$memwr$\order_valid_q$rtl/common/wire_order_book.sv:318$537_EN[0:0]$2822
   621/1202: $1$memwr$\order_valid_q$rtl/common/wire_order_book.sv:318$536_EN[0:0]$2821
   622/1202: $1$memwr$\order_valid_q$rtl/common/wire_order_book.sv:318$535_EN[0:0]$2820
   623/1202: $1$memwr$\order_valid_q$rtl/common/wire_order_book.sv:318$534_EN[0:0]$2819
   624/1202: $1$memwr$\order_valid_q$rtl/common/wire_order_book.sv:318$533_EN[0:0]$2818
   625/1202: $1$memwr$\order_valid_q$rtl/common/wire_order_book.sv:318$532_EN[0:0]$2817
   626/1202: $1$memwr$\order_valid_q$rtl/common/wire_order_book.sv:318$531_EN[0:0]$2816
   627/1202: $1$memwr$\order_valid_q$rtl/common/wire_order_book.sv:318$530_EN[0:0]$2815
   628/1202: $1$memwr$\order_valid_q$rtl/common/wire_order_book.sv:318$529_EN[0:0]$2814
   629/1202: $1$memwr$\order_valid_q$rtl/common/wire_order_book.sv:318$528_EN[0:0]$2813
   630/1202: $1$memwr$\order_valid_q$rtl/common/wire_order_book.sv:318$527_EN[0:0]$2812
   631/1202: $1$memwr$\order_valid_q$rtl/common/wire_order_book.sv:318$526_EN[0:0]$2811
   632/1202: $1$memwr$\order_valid_q$rtl/common/wire_order_book.sv:318$525_EN[0:0]$2810
   633/1202: $1$memwr$\order_valid_q$rtl/common/wire_order_book.sv:318$524_EN[0:0]$2809
   634/1202: $1$memwr$\order_valid_q$rtl/common/wire_order_book.sv:318$523_EN[0:0]$2808
   635/1202: $1$memwr$\order_valid_q$rtl/common/wire_order_book.sv:318$522_EN[0:0]$2807
   636/1202: $1$memwr$\order_valid_q$rtl/common/wire_order_book.sv:318$521_EN[0:0]$2806
   637/1202: $1$memwr$\order_valid_q$rtl/common/wire_order_book.sv:318$520_EN[0:0]$2805
   638/1202: $1$memwr$\order_valid_q$rtl/common/wire_order_book.sv:318$519_EN[0:0]$2804
   639/1202: $1$memwr$\order_valid_q$rtl/common/wire_order_book.sv:318$518_EN[0:0]$2803
   640/1202: $1$memwr$\order_valid_q$rtl/common/wire_order_book.sv:318$517_EN[0:0]$2802
   641/1202: $1$memwr$\order_valid_q$rtl/common/wire_order_book.sv:318$516_EN[0:0]$2801
   642/1202: $1$memwr$\order_valid_q$rtl/common/wire_order_book.sv:318$515_EN[0:0]$2800
   643/1202: $1$memwr$\order_valid_q$rtl/common/wire_order_book.sv:318$514_EN[0:0]$2799
   644/1202: $1$memwr$\order_valid_q$rtl/common/wire_order_book.sv:318$513_EN[0:0]$2798
   645/1202: $1$memwr$\order_valid_q$rtl/common/wire_order_book.sv:318$512_EN[0:0]$2797
   646/1202: $1$memwr$\order_valid_q$rtl/common/wire_order_book.sv:318$511_EN[0:0]$2796
   647/1202: $1$memwr$\order_valid_q$rtl/common/wire_order_book.sv:318$510_EN[0:0]$2795
   648/1202: $1$memwr$\order_valid_q$rtl/common/wire_order_book.sv:318$509_EN[0:0]$2794
   649/1202: $1$memwr$\order_valid_q$rtl/common/wire_order_book.sv:318$508_EN[0:0]$2793
   650/1202: $1$memwr$\order_valid_q$rtl/common/wire_order_book.sv:318$507_EN[0:0]$2792
   651/1202: $1$memwr$\order_valid_q$rtl/common/wire_order_book.sv:318$506_EN[0:0]$2791
   652/1202: $1$memwr$\order_valid_q$rtl/common/wire_order_book.sv:318$505_EN[0:0]$2790
   653/1202: $1$memwr$\order_valid_q$rtl/common/wire_order_book.sv:318$504_EN[0:0]$2789
   654/1202: $1$memwr$\order_valid_q$rtl/common/wire_order_book.sv:318$503_EN[0:0]$2788
   655/1202: $1$memwr$\order_valid_q$rtl/common/wire_order_book.sv:318$502_EN[0:0]$2787
   656/1202: $1$memwr$\order_valid_q$rtl/common/wire_order_book.sv:318$501_EN[0:0]$2786
   657/1202: $1$memwr$\order_valid_q$rtl/common/wire_order_book.sv:318$500_EN[0:0]$2785
   658/1202: $1$memwr$\order_valid_q$rtl/common/wire_order_book.sv:318$499_EN[0:0]$2784
   659/1202: $1$memwr$\order_valid_q$rtl/common/wire_order_book.sv:318$498_EN[0:0]$2783
   660/1202: $1$memwr$\order_valid_q$rtl/common/wire_order_book.sv:318$497_EN[0:0]$2782
   661/1202: $1$memwr$\order_valid_q$rtl/common/wire_order_book.sv:318$496_EN[0:0]$2781
   662/1202: $1$memwr$\order_valid_q$rtl/common/wire_order_book.sv:318$495_EN[0:0]$2780
   663/1202: $1$memwr$\order_valid_q$rtl/common/wire_order_book.sv:318$494_EN[0:0]$2779
   664/1202: $1$memwr$\order_valid_q$rtl/common/wire_order_book.sv:318$493_EN[0:0]$2778
   665/1202: $1$memwr$\order_valid_q$rtl/common/wire_order_book.sv:318$492_EN[0:0]$2777
   666/1202: $1$memwr$\order_valid_q$rtl/common/wire_order_book.sv:318$491_EN[0:0]$2776
   667/1202: $1$memwr$\order_valid_q$rtl/common/wire_order_book.sv:318$490_EN[0:0]$2775
   668/1202: $1$memwr$\order_valid_q$rtl/common/wire_order_book.sv:318$489_EN[0:0]$2774
   669/1202: $1$memwr$\order_valid_q$rtl/common/wire_order_book.sv:318$488_EN[0:0]$2773
   670/1202: $1$memwr$\order_valid_q$rtl/common/wire_order_book.sv:318$487_EN[0:0]$2772
   671/1202: $1$memwr$\order_valid_q$rtl/common/wire_order_book.sv:318$486_EN[0:0]$2771
   672/1202: $1$memwr$\order_valid_q$rtl/common/wire_order_book.sv:318$485_EN[0:0]$2770
   673/1202: $1$memwr$\order_valid_q$rtl/common/wire_order_book.sv:318$484_EN[0:0]$2769
   674/1202: $1$memwr$\order_valid_q$rtl/common/wire_order_book.sv:318$483_EN[0:0]$2768
   675/1202: $1$memwr$\order_valid_q$rtl/common/wire_order_book.sv:318$482_EN[0:0]$2767
   676/1202: $1$memwr$\order_valid_q$rtl/common/wire_order_book.sv:318$481_EN[0:0]$2766
   677/1202: $1$memwr$\order_valid_q$rtl/common/wire_order_book.sv:318$480_EN[0:0]$2765
   678/1202: $1$memwr$\order_valid_q$rtl/common/wire_order_book.sv:318$479_EN[0:0]$2764
   679/1202: $1$memwr$\order_valid_q$rtl/common/wire_order_book.sv:318$478_EN[0:0]$2763
   680/1202: $1$memwr$\order_valid_q$rtl/common/wire_order_book.sv:318$477_EN[0:0]$2762
   681/1202: $1$memwr$\order_valid_q$rtl/common/wire_order_book.sv:318$476_EN[0:0]$2761
   682/1202: $1$memwr$\order_valid_q$rtl/common/wire_order_book.sv:318$475_EN[0:0]$2760
   683/1202: $1$memwr$\order_valid_q$rtl/common/wire_order_book.sv:318$474_EN[0:0]$2759
   684/1202: $1$memwr$\order_valid_q$rtl/common/wire_order_book.sv:318$473_EN[0:0]$2758
   685/1202: $1$memwr$\order_valid_q$rtl/common/wire_order_book.sv:318$472_EN[0:0]$2757
   686/1202: $1$memwr$\order_valid_q$rtl/common/wire_order_book.sv:318$471_EN[0:0]$2756
   687/1202: $1$memwr$\order_valid_q$rtl/common/wire_order_book.sv:318$470_EN[0:0]$2755
   688/1202: $1$memwr$\order_valid_q$rtl/common/wire_order_book.sv:318$469_EN[0:0]$2754
   689/1202: $1$memwr$\order_valid_q$rtl/common/wire_order_book.sv:318$468_EN[0:0]$2753
   690/1202: $1$memwr$\order_valid_q$rtl/common/wire_order_book.sv:318$467_EN[0:0]$2752
   691/1202: $1$memwr$\order_valid_q$rtl/common/wire_order_book.sv:318$466_EN[0:0]$2751
   692/1202: $1$memwr$\order_valid_q$rtl/common/wire_order_book.sv:318$465_EN[0:0]$2750
   693/1202: $1$memwr$\order_valid_q$rtl/common/wire_order_book.sv:318$464_EN[0:0]$2749
   694/1202: $1$memwr$\order_valid_q$rtl/common/wire_order_book.sv:318$463_EN[0:0]$2748
   695/1202: $1$memwr$\order_valid_q$rtl/common/wire_order_book.sv:318$462_EN[0:0]$2747
   696/1202: $1$memwr$\order_valid_q$rtl/common/wire_order_book.sv:318$461_EN[0:0]$2746
   697/1202: $1$memwr$\order_valid_q$rtl/common/wire_order_book.sv:318$460_EN[0:0]$2745
   698/1202: $1$memwr$\order_valid_q$rtl/common/wire_order_book.sv:318$459_EN[0:0]$2744
   699/1202: $1$memwr$\order_valid_q$rtl/common/wire_order_book.sv:318$458_EN[0:0]$2743
   700/1202: $1$memwr$\order_valid_q$rtl/common/wire_order_book.sv:318$457_EN[0:0]$2742
   701/1202: $1$memwr$\order_valid_q$rtl/common/wire_order_book.sv:318$456_EN[0:0]$2741
   702/1202: $1$memwr$\order_valid_q$rtl/common/wire_order_book.sv:318$455_EN[0:0]$2740
   703/1202: $1$memwr$\order_valid_q$rtl/common/wire_order_book.sv:318$454_EN[0:0]$2739
   704/1202: $1$memwr$\order_valid_q$rtl/common/wire_order_book.sv:318$453_EN[0:0]$2738
   705/1202: $1$memwr$\order_valid_q$rtl/common/wire_order_book.sv:318$452_EN[0:0]$2737
   706/1202: $1$memwr$\order_valid_q$rtl/common/wire_order_book.sv:318$451_EN[0:0]$2736
   707/1202: $1$memwr$\order_valid_q$rtl/common/wire_order_book.sv:318$450_EN[0:0]$2735
   708/1202: $1$memwr$\order_valid_q$rtl/common/wire_order_book.sv:318$449_EN[0:0]$2734
   709/1202: $1$memwr$\order_valid_q$rtl/common/wire_order_book.sv:318$448_EN[0:0]$2733
   710/1202: $1$memwr$\order_valid_q$rtl/common/wire_order_book.sv:318$447_EN[0:0]$2732
   711/1202: $1$memwr$\order_valid_q$rtl/common/wire_order_book.sv:318$446_EN[0:0]$2731
   712/1202: $1$memwr$\order_valid_q$rtl/common/wire_order_book.sv:318$445_EN[0:0]$2730
   713/1202: $1$memwr$\order_valid_q$rtl/common/wire_order_book.sv:318$444_EN[0:0]$2729
   714/1202: $1$memwr$\order_valid_q$rtl/common/wire_order_book.sv:318$443_EN[0:0]$2728
   715/1202: $1$memwr$\order_valid_q$rtl/common/wire_order_book.sv:318$442_EN[0:0]$2727
   716/1202: $1$memwr$\order_valid_q$rtl/common/wire_order_book.sv:318$441_EN[0:0]$2726
   717/1202: $1$memwr$\order_valid_q$rtl/common/wire_order_book.sv:318$440_EN[0:0]$2725
   718/1202: $1$memwr$\order_valid_q$rtl/common/wire_order_book.sv:318$439_EN[0:0]$2724
   719/1202: $1$memwr$\order_valid_q$rtl/common/wire_order_book.sv:318$438_EN[0:0]$2723
   720/1202: $1$memwr$\order_valid_q$rtl/common/wire_order_book.sv:318$437_EN[0:0]$2722
   721/1202: $1$memwr$\order_valid_q$rtl/common/wire_order_book.sv:318$436_EN[0:0]$2721
   722/1202: $1$memwr$\order_valid_q$rtl/common/wire_order_book.sv:318$435_EN[0:0]$2720
   723/1202: $1$memwr$\order_valid_q$rtl/common/wire_order_book.sv:318$434_EN[0:0]$2719
   724/1202: $1$memwr$\order_valid_q$rtl/common/wire_order_book.sv:318$433_EN[0:0]$2718
   725/1202: $1$memwr$\order_valid_q$rtl/common/wire_order_book.sv:318$432_EN[0:0]$2717
   726/1202: $1$memwr$\order_valid_q$rtl/common/wire_order_book.sv:318$431_EN[0:0]$2716
   727/1202: $1$memwr$\order_valid_q$rtl/common/wire_order_book.sv:318$430_EN[0:0]$2715
   728/1202: $1$memwr$\order_valid_q$rtl/common/wire_order_book.sv:318$429_EN[0:0]$2714
   729/1202: $1$memwr$\order_valid_q$rtl/common/wire_order_book.sv:318$428_EN[0:0]$2713
   730/1202: $1$memwr$\order_valid_q$rtl/common/wire_order_book.sv:318$427_EN[0:0]$2712
   731/1202: $1$memwr$\order_valid_q$rtl/common/wire_order_book.sv:318$426_EN[0:0]$2711
   732/1202: $1$memwr$\order_valid_q$rtl/common/wire_order_book.sv:318$425_EN[0:0]$2710
   733/1202: $1$memwr$\order_valid_q$rtl/common/wire_order_book.sv:318$424_EN[0:0]$2709
   734/1202: $1$memwr$\order_valid_q$rtl/common/wire_order_book.sv:318$423_EN[0:0]$2708
   735/1202: $1$memwr$\order_valid_q$rtl/common/wire_order_book.sv:318$422_EN[0:0]$2707
   736/1202: $1$memwr$\order_valid_q$rtl/common/wire_order_book.sv:318$421_EN[0:0]$2706
   737/1202: $1$memwr$\order_valid_q$rtl/common/wire_order_book.sv:318$420_EN[0:0]$2705
   738/1202: $1$memwr$\order_valid_q$rtl/common/wire_order_book.sv:318$419_EN[0:0]$2704
   739/1202: $1$memwr$\order_valid_q$rtl/common/wire_order_book.sv:318$418_EN[0:0]$2703
   740/1202: $1$memwr$\order_valid_q$rtl/common/wire_order_book.sv:318$417_EN[0:0]$2702
   741/1202: $1$memwr$\order_valid_q$rtl/common/wire_order_book.sv:318$416_EN[0:0]$2701
   742/1202: $1$memwr$\order_valid_q$rtl/common/wire_order_book.sv:318$415_EN[0:0]$2700
   743/1202: $1$memwr$\order_valid_q$rtl/common/wire_order_book.sv:318$414_EN[0:0]$2699
   744/1202: $1$memwr$\order_valid_q$rtl/common/wire_order_book.sv:318$413_EN[0:0]$2698
   745/1202: $1$memwr$\order_valid_q$rtl/common/wire_order_book.sv:318$412_EN[0:0]$2697
   746/1202: $1$memwr$\order_valid_q$rtl/common/wire_order_book.sv:318$411_EN[0:0]$2696
   747/1202: $1$memwr$\order_valid_q$rtl/common/wire_order_book.sv:318$410_EN[0:0]$2695
   748/1202: $1$memwr$\order_valid_q$rtl/common/wire_order_book.sv:318$409_EN[0:0]$2694
   749/1202: $1$memwr$\order_valid_q$rtl/common/wire_order_book.sv:318$408_EN[0:0]$2693
   750/1202: $1$memwr$\order_valid_q$rtl/common/wire_order_book.sv:318$407_EN[0:0]$2692
   751/1202: $1$memwr$\order_valid_q$rtl/common/wire_order_book.sv:318$406_EN[0:0]$2691
   752/1202: $1$memwr$\order_valid_q$rtl/common/wire_order_book.sv:318$405_EN[0:0]$2690
   753/1202: $1$memwr$\order_valid_q$rtl/common/wire_order_book.sv:318$404_EN[0:0]$2689
   754/1202: $1$memwr$\order_valid_q$rtl/common/wire_order_book.sv:318$403_EN[0:0]$2688
   755/1202: $1$memwr$\order_valid_q$rtl/common/wire_order_book.sv:318$402_EN[0:0]$2687
   756/1202: $1$memwr$\order_valid_q$rtl/common/wire_order_book.sv:318$401_EN[0:0]$2686
   757/1202: $1$memwr$\order_valid_q$rtl/common/wire_order_book.sv:318$400_EN[0:0]$2685
   758/1202: $1$memwr$\order_valid_q$rtl/common/wire_order_book.sv:318$399_EN[0:0]$2684
   759/1202: $1$memwr$\order_valid_q$rtl/common/wire_order_book.sv:318$398_EN[0:0]$2683
   760/1202: $1$memwr$\order_valid_q$rtl/common/wire_order_book.sv:318$397_EN[0:0]$2682
   761/1202: $1$memwr$\order_valid_q$rtl/common/wire_order_book.sv:318$396_EN[0:0]$2681
   762/1202: $1$memwr$\order_valid_q$rtl/common/wire_order_book.sv:318$395_EN[0:0]$2680
   763/1202: $1$memwr$\order_valid_q$rtl/common/wire_order_book.sv:318$394_EN[0:0]$2679
   764/1202: $1$memwr$\order_valid_q$rtl/common/wire_order_book.sv:318$393_EN[0:0]$2678
   765/1202: $1$memwr$\order_valid_q$rtl/common/wire_order_book.sv:318$392_EN[0:0]$2677
   766/1202: $1$memwr$\order_valid_q$rtl/common/wire_order_book.sv:318$391_EN[0:0]$2676
   767/1202: $1$memwr$\order_valid_q$rtl/common/wire_order_book.sv:318$390_EN[0:0]$2675
   768/1202: $1$memwr$\order_valid_q$rtl/common/wire_order_book.sv:318$389_EN[0:0]$2674
   769/1202: $1$memwr$\order_valid_q$rtl/common/wire_order_book.sv:318$388_EN[0:0]$2673
   770/1202: $1$memwr$\order_valid_q$rtl/common/wire_order_book.sv:318$387_EN[0:0]$2672
   771/1202: $1$memwr$\order_valid_q$rtl/common/wire_order_book.sv:318$386_EN[0:0]$2671
   772/1202: $1$memwr$\order_valid_q$rtl/common/wire_order_book.sv:318$385_EN[0:0]$2670
   773/1202: $1$memwr$\order_valid_q$rtl/common/wire_order_book.sv:318$384_EN[0:0]$2669
   774/1202: $1$memwr$\order_valid_q$rtl/common/wire_order_book.sv:318$383_EN[0:0]$2668
   775/1202: $1$memwr$\order_valid_q$rtl/common/wire_order_book.sv:318$382_EN[0:0]$2667
   776/1202: $1$memwr$\order_valid_q$rtl/common/wire_order_book.sv:318$381_EN[0:0]$2666
   777/1202: $1$memwr$\order_valid_q$rtl/common/wire_order_book.sv:318$380_EN[0:0]$2665
   778/1202: $1$memwr$\order_valid_q$rtl/common/wire_order_book.sv:318$379_EN[0:0]$2664
   779/1202: $1$memwr$\order_valid_q$rtl/common/wire_order_book.sv:318$378_EN[0:0]$2663
   780/1202: $1$memwr$\order_valid_q$rtl/common/wire_order_book.sv:318$377_EN[0:0]$2662
   781/1202: $1$memwr$\order_valid_q$rtl/common/wire_order_book.sv:318$376_EN[0:0]$2661
   782/1202: $1$memwr$\order_valid_q$rtl/common/wire_order_book.sv:318$375_EN[0:0]$2660
   783/1202: $1$memwr$\order_valid_q$rtl/common/wire_order_book.sv:318$374_EN[0:0]$2659
   784/1202: $1$memwr$\order_valid_q$rtl/common/wire_order_book.sv:318$373_EN[0:0]$2658
   785/1202: $1$memwr$\order_valid_q$rtl/common/wire_order_book.sv:318$372_EN[0:0]$2657
   786/1202: $1$memwr$\order_valid_q$rtl/common/wire_order_book.sv:318$371_EN[0:0]$2656
   787/1202: $1$memwr$\order_valid_q$rtl/common/wire_order_book.sv:318$370_EN[0:0]$2655
   788/1202: $1$memwr$\order_valid_q$rtl/common/wire_order_book.sv:318$369_EN[0:0]$2654
   789/1202: $1$memwr$\order_valid_q$rtl/common/wire_order_book.sv:318$368_EN[0:0]$2653
   790/1202: $1$memwr$\order_valid_q$rtl/common/wire_order_book.sv:318$367_EN[0:0]$2652
   791/1202: $1$memwr$\order_valid_q$rtl/common/wire_order_book.sv:318$366_EN[0:0]$2651
   792/1202: $1$memwr$\order_valid_q$rtl/common/wire_order_book.sv:318$365_EN[0:0]$2650
   793/1202: $1$memwr$\order_valid_q$rtl/common/wire_order_book.sv:318$364_EN[0:0]$2649
   794/1202: $1$memwr$\order_valid_q$rtl/common/wire_order_book.sv:318$363_EN[0:0]$2648
   795/1202: $1$memwr$\order_valid_q$rtl/common/wire_order_book.sv:318$362_EN[0:0]$2647
   796/1202: $1$memwr$\order_valid_q$rtl/common/wire_order_book.sv:318$361_EN[0:0]$2646
   797/1202: $1$memwr$\order_valid_q$rtl/common/wire_order_book.sv:318$360_EN[0:0]$2645
   798/1202: $1$memwr$\order_valid_q$rtl/common/wire_order_book.sv:318$359_EN[0:0]$2644
   799/1202: $1$memwr$\order_valid_q$rtl/common/wire_order_book.sv:318$358_EN[0:0]$2643
   800/1202: $1$memwr$\order_valid_q$rtl/common/wire_order_book.sv:318$357_EN[0:0]$2642
   801/1202: $1$memwr$\order_valid_q$rtl/common/wire_order_book.sv:318$356_EN[0:0]$2641
   802/1202: $1$memwr$\order_valid_q$rtl/common/wire_order_book.sv:318$355_EN[0:0]$2640
   803/1202: $1$memwr$\order_valid_q$rtl/common/wire_order_book.sv:318$354_EN[0:0]$2639
   804/1202: $1$memwr$\order_valid_q$rtl/common/wire_order_book.sv:318$353_EN[0:0]$2638
   805/1202: $1$memwr$\order_valid_q$rtl/common/wire_order_book.sv:318$352_EN[0:0]$2637
   806/1202: $1$memwr$\order_valid_q$rtl/common/wire_order_book.sv:318$351_EN[0:0]$2636
   807/1202: $1$memwr$\order_valid_q$rtl/common/wire_order_book.sv:318$350_EN[0:0]$2635
   808/1202: $1$memwr$\order_valid_q$rtl/common/wire_order_book.sv:318$349_EN[0:0]$2634
   809/1202: $1$memwr$\order_valid_q$rtl/common/wire_order_book.sv:318$348_EN[0:0]$2633
   810/1202: $1$memwr$\order_valid_q$rtl/common/wire_order_book.sv:318$347_EN[0:0]$2632
   811/1202: $1$memwr$\order_valid_q$rtl/common/wire_order_book.sv:318$346_EN[0:0]$2631
   812/1202: $1$memwr$\order_valid_q$rtl/common/wire_order_book.sv:318$345_EN[0:0]$2630
   813/1202: $1$memwr$\order_valid_q$rtl/common/wire_order_book.sv:318$344_EN[0:0]$2629
   814/1202: $1$memwr$\order_valid_q$rtl/common/wire_order_book.sv:318$343_EN[0:0]$2628
   815/1202: $1$memwr$\order_valid_q$rtl/common/wire_order_book.sv:318$342_EN[0:0]$2627
   816/1202: $1$memwr$\order_valid_q$rtl/common/wire_order_book.sv:318$341_EN[0:0]$2626
   817/1202: $1$memwr$\order_valid_q$rtl/common/wire_order_book.sv:318$340_EN[0:0]$2625
   818/1202: $1$memwr$\order_valid_q$rtl/common/wire_order_book.sv:318$339_EN[0:0]$2624
   819/1202: $1$memwr$\order_valid_q$rtl/common/wire_order_book.sv:318$338_EN[0:0]$2623
   820/1202: $1$memwr$\order_valid_q$rtl/common/wire_order_book.sv:318$337_EN[0:0]$2622
   821/1202: $1$memwr$\order_valid_q$rtl/common/wire_order_book.sv:318$336_EN[0:0]$2621
   822/1202: $1$memwr$\order_valid_q$rtl/common/wire_order_book.sv:318$335_EN[0:0]$2620
   823/1202: $1$memwr$\order_valid_q$rtl/common/wire_order_book.sv:318$334_EN[0:0]$2619
   824/1202: $1$memwr$\order_valid_q$rtl/common/wire_order_book.sv:318$333_EN[0:0]$2618
   825/1202: $1$memwr$\order_valid_q$rtl/common/wire_order_book.sv:318$332_EN[0:0]$2617
   826/1202: $1$memwr$\order_valid_q$rtl/common/wire_order_book.sv:318$331_EN[0:0]$2616
   827/1202: $1$memwr$\order_valid_q$rtl/common/wire_order_book.sv:318$330_EN[0:0]$2615
   828/1202: $1$memwr$\order_valid_q$rtl/common/wire_order_book.sv:318$329_EN[0:0]$2614
   829/1202: $1$memwr$\order_valid_q$rtl/common/wire_order_book.sv:318$328_EN[0:0]$2613
   830/1202: $1$memwr$\order_valid_q$rtl/common/wire_order_book.sv:318$327_EN[0:0]$2612
   831/1202: $1$memwr$\order_valid_q$rtl/common/wire_order_book.sv:318$326_EN[0:0]$2611
   832/1202: $1$memwr$\order_valid_q$rtl/common/wire_order_book.sv:318$325_EN[0:0]$2610
   833/1202: $1$memwr$\order_valid_q$rtl/common/wire_order_book.sv:318$324_EN[0:0]$2609
   834/1202: $1$memwr$\order_valid_q$rtl/common/wire_order_book.sv:318$323_EN[0:0]$2608
   835/1202: $1$memwr$\order_valid_q$rtl/common/wire_order_book.sv:318$322_EN[0:0]$2607
   836/1202: $1$memwr$\order_valid_q$rtl/common/wire_order_book.sv:318$321_EN[0:0]$2606
   837/1202: $1$memwr$\order_valid_q$rtl/common/wire_order_book.sv:318$320_EN[0:0]$2605
   838/1202: $1$memwr$\order_valid_q$rtl/common/wire_order_book.sv:318$319_EN[0:0]$2604
   839/1202: $1$memwr$\order_valid_q$rtl/common/wire_order_book.sv:318$318_EN[0:0]$2603
   840/1202: $1$memwr$\order_valid_q$rtl/common/wire_order_book.sv:318$317_EN[0:0]$2602
   841/1202: $1$memwr$\order_valid_q$rtl/common/wire_order_book.sv:318$316_EN[0:0]$2601
   842/1202: $1$memwr$\order_valid_q$rtl/common/wire_order_book.sv:318$315_EN[0:0]$2600
   843/1202: $1$memwr$\order_valid_q$rtl/common/wire_order_book.sv:318$314_EN[0:0]$2599
   844/1202: $1$memwr$\order_valid_q$rtl/common/wire_order_book.sv:318$313_EN[0:0]$2598
   845/1202: $1$memwr$\order_valid_q$rtl/common/wire_order_book.sv:318$312_EN[0:0]$2597
   846/1202: $1$memwr$\order_valid_q$rtl/common/wire_order_book.sv:318$311_EN[0:0]$2596
   847/1202: $1$memwr$\order_valid_q$rtl/common/wire_order_book.sv:318$310_EN[0:0]$2595
   848/1202: $1$memwr$\order_valid_q$rtl/common/wire_order_book.sv:318$309_EN[0:0]$2594
   849/1202: $1$memwr$\order_valid_q$rtl/common/wire_order_book.sv:318$308_EN[0:0]$2593
   850/1202: $1$memwr$\order_valid_q$rtl/common/wire_order_book.sv:318$307_EN[0:0]$2592
   851/1202: $1$memwr$\order_valid_q$rtl/common/wire_order_book.sv:318$306_EN[0:0]$2591
   852/1202: $1$memwr$\order_valid_q$rtl/common/wire_order_book.sv:318$305_EN[0:0]$2590
   853/1202: $1$memwr$\order_valid_q$rtl/common/wire_order_book.sv:318$304_EN[0:0]$2589
   854/1202: $1$memwr$\order_valid_q$rtl/common/wire_order_book.sv:318$303_EN[0:0]$2588
   855/1202: $1$memwr$\order_valid_q$rtl/common/wire_order_book.sv:318$302_EN[0:0]$2587
   856/1202: $1$memwr$\order_valid_q$rtl/common/wire_order_book.sv:318$301_EN[0:0]$2586
   857/1202: $1$memwr$\order_valid_q$rtl/common/wire_order_book.sv:318$300_EN[0:0]$2585
   858/1202: $1$memwr$\order_valid_q$rtl/common/wire_order_book.sv:318$299_EN[0:0]$2584
   859/1202: $1$memwr$\order_valid_q$rtl/common/wire_order_book.sv:318$298_EN[0:0]$2583
   860/1202: $1$memwr$\order_valid_q$rtl/common/wire_order_book.sv:318$297_EN[0:0]$2582
   861/1202: $1$memwr$\order_valid_q$rtl/common/wire_order_book.sv:318$296_EN[0:0]$2581
   862/1202: $1$memwr$\order_valid_q$rtl/common/wire_order_book.sv:318$295_EN[0:0]$2580
   863/1202: $1$memwr$\order_valid_q$rtl/common/wire_order_book.sv:318$294_EN[0:0]$2579
   864/1202: $1$memwr$\order_valid_q$rtl/common/wire_order_book.sv:318$293_EN[0:0]$2578
   865/1202: $1$memwr$\order_valid_q$rtl/common/wire_order_book.sv:318$292_EN[0:0]$2577
   866/1202: $1$memwr$\order_valid_q$rtl/common/wire_order_book.sv:318$291_EN[0:0]$2576
   867/1202: $1$memwr$\order_valid_q$rtl/common/wire_order_book.sv:318$290_EN[0:0]$2575
   868/1202: $1$memwr$\order_valid_q$rtl/common/wire_order_book.sv:318$289_EN[0:0]$2574
   869/1202: $1$memwr$\order_valid_q$rtl/common/wire_order_book.sv:318$288_EN[0:0]$2573
   870/1202: $1$memwr$\order_valid_q$rtl/common/wire_order_book.sv:318$287_EN[0:0]$2572
   871/1202: $1$memwr$\order_valid_q$rtl/common/wire_order_book.sv:318$286_EN[0:0]$2571
   872/1202: $1$memwr$\order_valid_q$rtl/common/wire_order_book.sv:318$285_EN[0:0]$2570
   873/1202: $1$memwr$\order_valid_q$rtl/common/wire_order_book.sv:318$284_EN[0:0]$2569
   874/1202: $1$memwr$\order_valid_q$rtl/common/wire_order_book.sv:318$283_EN[0:0]$2568
   875/1202: $1$memwr$\order_valid_q$rtl/common/wire_order_book.sv:318$282_EN[0:0]$2567
   876/1202: $1$memwr$\order_valid_q$rtl/common/wire_order_book.sv:318$281_EN[0:0]$2566
   877/1202: $1$memwr$\order_valid_q$rtl/common/wire_order_book.sv:318$280_EN[0:0]$2565
   878/1202: $1$memwr$\order_valid_q$rtl/common/wire_order_book.sv:318$279_EN[0:0]$2564
   879/1202: $1$memwr$\order_valid_q$rtl/common/wire_order_book.sv:318$278_EN[0:0]$2563
   880/1202: $1$memwr$\order_valid_q$rtl/common/wire_order_book.sv:318$277_EN[0:0]$2562
   881/1202: $1$memwr$\order_valid_q$rtl/common/wire_order_book.sv:318$276_EN[0:0]$2561
   882/1202: $1$memwr$\order_valid_q$rtl/common/wire_order_book.sv:318$275_EN[0:0]$2560
   883/1202: $1$memwr$\order_valid_q$rtl/common/wire_order_book.sv:318$274_EN[0:0]$2559
   884/1202: $1$memwr$\order_valid_q$rtl/common/wire_order_book.sv:318$273_EN[0:0]$2558
   885/1202: $1$memwr$\order_valid_q$rtl/common/wire_order_book.sv:318$272_EN[0:0]$2557
   886/1202: $1$memwr$\order_valid_q$rtl/common/wire_order_book.sv:318$271_EN[0:0]$2556
   887/1202: $1$memwr$\order_valid_q$rtl/common/wire_order_book.sv:318$270_EN[0:0]$2555
   888/1202: $1$memwr$\order_valid_q$rtl/common/wire_order_book.sv:318$269_EN[0:0]$2554
   889/1202: $1$memwr$\order_valid_q$rtl/common/wire_order_book.sv:318$268_EN[0:0]$2553
   890/1202: $1$memwr$\order_valid_q$rtl/common/wire_order_book.sv:318$267_EN[0:0]$2552
   891/1202: $1$memwr$\order_valid_q$rtl/common/wire_order_book.sv:318$266_EN[0:0]$2551
   892/1202: $1$memwr$\order_valid_q$rtl/common/wire_order_book.sv:318$265_EN[0:0]$2550
   893/1202: $1$memwr$\order_valid_q$rtl/common/wire_order_book.sv:318$264_EN[0:0]$2549
   894/1202: $1$memwr$\order_valid_q$rtl/common/wire_order_book.sv:318$263_EN[0:0]$2548
   895/1202: $1$memwr$\order_valid_q$rtl/common/wire_order_book.sv:318$262_EN[0:0]$2547
   896/1202: $1$memwr$\order_valid_q$rtl/common/wire_order_book.sv:318$261_EN[0:0]$2546
   897/1202: $1$memwr$\order_valid_q$rtl/common/wire_order_book.sv:318$260_EN[0:0]$2545
   898/1202: $1$memwr$\order_valid_q$rtl/common/wire_order_book.sv:318$259_EN[0:0]$2544
   899/1202: $1$memwr$\order_valid_q$rtl/common/wire_order_book.sv:318$258_EN[0:0]$2543
   900/1202: $1$memwr$\order_valid_q$rtl/common/wire_order_book.sv:318$257_EN[0:0]$2542
   901/1202: $1$memwr$\order_valid_q$rtl/common/wire_order_book.sv:318$256_EN[0:0]$2541
   902/1202: $1$memwr$\order_valid_q$rtl/common/wire_order_book.sv:318$255_EN[0:0]$2540
   903/1202: $1$memwr$\order_valid_q$rtl/common/wire_order_book.sv:318$254_EN[0:0]$2539
   904/1202: $1$memwr$\order_valid_q$rtl/common/wire_order_book.sv:318$253_EN[0:0]$2538
   905/1202: $1$memwr$\order_valid_q$rtl/common/wire_order_book.sv:318$252_EN[0:0]$2537
   906/1202: $1$memwr$\order_valid_q$rtl/common/wire_order_book.sv:318$251_EN[0:0]$2536
   907/1202: $1$memwr$\order_valid_q$rtl/common/wire_order_book.sv:318$250_EN[0:0]$2535
   908/1202: $1$memwr$\order_valid_q$rtl/common/wire_order_book.sv:318$249_EN[0:0]$2534
   909/1202: $1$memwr$\order_valid_q$rtl/common/wire_order_book.sv:318$248_EN[0:0]$2533
   910/1202: $1$memwr$\order_valid_q$rtl/common/wire_order_book.sv:318$247_EN[0:0]$2532
   911/1202: $1$memwr$\order_valid_q$rtl/common/wire_order_book.sv:318$246_EN[0:0]$2531
   912/1202: $1$memwr$\order_valid_q$rtl/common/wire_order_book.sv:318$245_EN[0:0]$2530
   913/1202: $1$memwr$\order_valid_q$rtl/common/wire_order_book.sv:318$244_EN[0:0]$2529
   914/1202: $1$memwr$\order_valid_q$rtl/common/wire_order_book.sv:318$243_EN[0:0]$2528
   915/1202: $1$memwr$\order_valid_q$rtl/common/wire_order_book.sv:318$242_EN[0:0]$2527
   916/1202: $1$memwr$\order_valid_q$rtl/common/wire_order_book.sv:318$241_EN[0:0]$2526
   917/1202: $1$memwr$\order_valid_q$rtl/common/wire_order_book.sv:318$240_EN[0:0]$2525
   918/1202: $1$memwr$\order_valid_q$rtl/common/wire_order_book.sv:318$239_EN[0:0]$2524
   919/1202: $1$memwr$\order_valid_q$rtl/common/wire_order_book.sv:318$238_EN[0:0]$2523
   920/1202: $1$memwr$\order_valid_q$rtl/common/wire_order_book.sv:318$237_EN[0:0]$2522
   921/1202: $1$memwr$\order_valid_q$rtl/common/wire_order_book.sv:318$236_EN[0:0]$2521
   922/1202: $1$memwr$\order_valid_q$rtl/common/wire_order_book.sv:318$235_EN[0:0]$2520
   923/1202: $1$memwr$\order_valid_q$rtl/common/wire_order_book.sv:318$234_EN[0:0]$2519
   924/1202: $1$memwr$\order_valid_q$rtl/common/wire_order_book.sv:318$233_EN[0:0]$2518
   925/1202: $1$memwr$\order_valid_q$rtl/common/wire_order_book.sv:318$232_EN[0:0]$2517
   926/1202: $1$memwr$\order_valid_q$rtl/common/wire_order_book.sv:318$231_EN[0:0]$2516
   927/1202: $1$memwr$\order_valid_q$rtl/common/wire_order_book.sv:318$230_EN[0:0]$2515
   928/1202: $1$memwr$\order_valid_q$rtl/common/wire_order_book.sv:318$229_EN[0:0]$2514
   929/1202: $1$memwr$\order_valid_q$rtl/common/wire_order_book.sv:318$228_EN[0:0]$2513
   930/1202: $1$memwr$\order_valid_q$rtl/common/wire_order_book.sv:318$227_EN[0:0]$2512
   931/1202: $1$memwr$\order_valid_q$rtl/common/wire_order_book.sv:318$226_EN[0:0]$2511
   932/1202: $1$memwr$\order_valid_q$rtl/common/wire_order_book.sv:318$225_EN[0:0]$2510
   933/1202: $1$memwr$\order_valid_q$rtl/common/wire_order_book.sv:318$224_EN[0:0]$2509
   934/1202: $1$memwr$\order_valid_q$rtl/common/wire_order_book.sv:318$223_EN[0:0]$2508
   935/1202: $1$memwr$\order_valid_q$rtl/common/wire_order_book.sv:318$222_EN[0:0]$2507
   936/1202: $1$memwr$\order_valid_q$rtl/common/wire_order_book.sv:318$221_EN[0:0]$2506
   937/1202: $1$memwr$\order_valid_q$rtl/common/wire_order_book.sv:318$220_EN[0:0]$2505
   938/1202: $1$memwr$\order_valid_q$rtl/common/wire_order_book.sv:318$219_EN[0:0]$2504
   939/1202: $1$memwr$\order_valid_q$rtl/common/wire_order_book.sv:318$218_EN[0:0]$2503
   940/1202: $1$memwr$\order_valid_q$rtl/common/wire_order_book.sv:318$217_EN[0:0]$2502
   941/1202: $1$memwr$\order_valid_q$rtl/common/wire_order_book.sv:318$216_EN[0:0]$2501
   942/1202: $1$memwr$\order_valid_q$rtl/common/wire_order_book.sv:318$215_EN[0:0]$2500
   943/1202: $1$memwr$\order_valid_q$rtl/common/wire_order_book.sv:318$214_EN[0:0]$2499
   944/1202: $1$memwr$\order_valid_q$rtl/common/wire_order_book.sv:318$213_EN[0:0]$2498
   945/1202: $1$memwr$\order_valid_q$rtl/common/wire_order_book.sv:318$212_EN[0:0]$2497
   946/1202: $1$memwr$\order_valid_q$rtl/common/wire_order_book.sv:318$211_EN[0:0]$2496
   947/1202: $1$memwr$\order_valid_q$rtl/common/wire_order_book.sv:318$210_EN[0:0]$2495
   948/1202: $1$memwr$\order_valid_q$rtl/common/wire_order_book.sv:318$209_EN[0:0]$2494
   949/1202: $1$memwr$\order_valid_q$rtl/common/wire_order_book.sv:318$208_EN[0:0]$2493
   950/1202: $1$memwr$\order_valid_q$rtl/common/wire_order_book.sv:318$207_EN[0:0]$2492
   951/1202: $1$memwr$\order_valid_q$rtl/common/wire_order_book.sv:318$206_EN[0:0]$2491
   952/1202: $1$memwr$\order_valid_q$rtl/common/wire_order_book.sv:318$205_EN[0:0]$2490
   953/1202: $1$memwr$\order_valid_q$rtl/common/wire_order_book.sv:318$204_EN[0:0]$2489
   954/1202: $1$memwr$\order_valid_q$rtl/common/wire_order_book.sv:318$203_EN[0:0]$2488
   955/1202: $1$memwr$\order_valid_q$rtl/common/wire_order_book.sv:318$202_EN[0:0]$2487
   956/1202: $1$memwr$\order_valid_q$rtl/common/wire_order_book.sv:318$201_EN[0:0]$2486
   957/1202: $1$memwr$\order_valid_q$rtl/common/wire_order_book.sv:318$200_EN[0:0]$2485
   958/1202: $1$memwr$\order_valid_q$rtl/common/wire_order_book.sv:318$199_EN[0:0]$2484
   959/1202: $1$memwr$\order_valid_q$rtl/common/wire_order_book.sv:318$198_EN[0:0]$2483
   960/1202: $1$memwr$\order_valid_q$rtl/common/wire_order_book.sv:318$197_EN[0:0]$2482
   961/1202: $1$memwr$\order_valid_q$rtl/common/wire_order_book.sv:318$196_EN[0:0]$2481
   962/1202: $1$memwr$\order_valid_q$rtl/common/wire_order_book.sv:318$195_EN[0:0]$2480
   963/1202: $1$memwr$\order_valid_q$rtl/common/wire_order_book.sv:318$194_EN[0:0]$2479
   964/1202: $1$memwr$\order_valid_q$rtl/common/wire_order_book.sv:318$193_EN[0:0]$2478
   965/1202: $1$memwr$\order_valid_q$rtl/common/wire_order_book.sv:318$192_EN[0:0]$2477
   966/1202: $1$memwr$\order_valid_q$rtl/common/wire_order_book.sv:318$191_EN[0:0]$2476
   967/1202: $1$memwr$\order_valid_q$rtl/common/wire_order_book.sv:318$190_EN[0:0]$2475
   968/1202: $1$memwr$\order_valid_q$rtl/common/wire_order_book.sv:318$189_EN[0:0]$2474
   969/1202: $1$memwr$\order_valid_q$rtl/common/wire_order_book.sv:318$188_EN[0:0]$2473
   970/1202: $1$memwr$\order_valid_q$rtl/common/wire_order_book.sv:318$187_EN[0:0]$2472
   971/1202: $1$memwr$\order_valid_q$rtl/common/wire_order_book.sv:318$186_EN[0:0]$2471
   972/1202: $1$memwr$\order_valid_q$rtl/common/wire_order_book.sv:318$185_EN[0:0]$2470
   973/1202: $1$memwr$\order_valid_q$rtl/common/wire_order_book.sv:318$184_EN[0:0]$2469
   974/1202: $1$memwr$\order_valid_q$rtl/common/wire_order_book.sv:318$183_EN[0:0]$2468
   975/1202: $1$memwr$\order_valid_q$rtl/common/wire_order_book.sv:318$182_EN[0:0]$2467
   976/1202: $1$memwr$\order_valid_q$rtl/common/wire_order_book.sv:318$181_EN[0:0]$2466
   977/1202: $1$memwr$\order_valid_q$rtl/common/wire_order_book.sv:318$180_EN[0:0]$2465
   978/1202: $1$memwr$\order_valid_q$rtl/common/wire_order_book.sv:318$179_EN[0:0]$2464
   979/1202: $1$memwr$\order_valid_q$rtl/common/wire_order_book.sv:318$178_EN[0:0]$2463
   980/1202: $1$memwr$\order_valid_q$rtl/common/wire_order_book.sv:318$177_EN[0:0]$2462
   981/1202: $1$memwr$\order_valid_q$rtl/common/wire_order_book.sv:318$176_EN[0:0]$2461
   982/1202: $1$memwr$\order_valid_q$rtl/common/wire_order_book.sv:318$175_EN[0:0]$2460
   983/1202: $1$memwr$\order_valid_q$rtl/common/wire_order_book.sv:318$174_EN[0:0]$2459
   984/1202: $1$memwr$\order_valid_q$rtl/common/wire_order_book.sv:318$173_EN[0:0]$2458
   985/1202: $1$memwr$\order_valid_q$rtl/common/wire_order_book.sv:318$172_EN[0:0]$2457
   986/1202: $1$memwr$\order_valid_q$rtl/common/wire_order_book.sv:318$171_EN[0:0]$2456
   987/1202: $1$memwr$\order_valid_q$rtl/common/wire_order_book.sv:318$170_EN[0:0]$2455
   988/1202: $1$memwr$\order_valid_q$rtl/common/wire_order_book.sv:318$169_EN[0:0]$2454
   989/1202: $1$memwr$\order_valid_q$rtl/common/wire_order_book.sv:318$168_EN[0:0]$2453
   990/1202: $1$memwr$\order_valid_q$rtl/common/wire_order_book.sv:318$167_EN[0:0]$2452
   991/1202: $1$memwr$\order_valid_q$rtl/common/wire_order_book.sv:318$166_EN[0:0]$2451
   992/1202: $1$memwr$\order_valid_q$rtl/common/wire_order_book.sv:318$165_EN[0:0]$2450
   993/1202: $1$memwr$\order_valid_q$rtl/common/wire_order_book.sv:318$164_EN[0:0]$2449
   994/1202: $1$memwr$\order_valid_q$rtl/common/wire_order_book.sv:318$163_EN[0:0]$2448
   995/1202: $1$memwr$\order_valid_q$rtl/common/wire_order_book.sv:318$162_EN[0:0]$2447
   996/1202: $1$memwr$\order_valid_q$rtl/common/wire_order_book.sv:318$161_EN[0:0]$2446
   997/1202: $1$memwr$\order_valid_q$rtl/common/wire_order_book.sv:318$160_EN[0:0]$2445
   998/1202: $1$memwr$\order_valid_q$rtl/common/wire_order_book.sv:318$159_EN[0:0]$2444
   999/1202: $1$memwr$\order_valid_q$rtl/common/wire_order_book.sv:318$158_EN[0:0]$2443
  1000/1202: $1$memwr$\order_valid_q$rtl/common/wire_order_book.sv:318$157_EN[0:0]$2442
  1001/1202: $1$memwr$\order_valid_q$rtl/common/wire_order_book.sv:318$156_EN[0:0]$2441
  1002/1202: $1$memwr$\order_valid_q$rtl/common/wire_order_book.sv:318$155_EN[0:0]$2440
  1003/1202: $1$memwr$\order_valid_q$rtl/common/wire_order_book.sv:318$154_EN[0:0]$2439
  1004/1202: $1$memwr$\order_valid_q$rtl/common/wire_order_book.sv:318$153_EN[0:0]$2438
  1005/1202: $1$memwr$\order_valid_q$rtl/common/wire_order_book.sv:318$152_EN[0:0]$2437
  1006/1202: $1$memwr$\order_valid_q$rtl/common/wire_order_book.sv:318$151_EN[0:0]$2436
  1007/1202: $1$memwr$\order_valid_q$rtl/common/wire_order_book.sv:318$150_EN[0:0]$2435
  1008/1202: $1$memwr$\order_valid_q$rtl/common/wire_order_book.sv:318$149_EN[0:0]$2434
  1009/1202: $1$memwr$\order_valid_q$rtl/common/wire_order_book.sv:318$148_EN[0:0]$2433
  1010/1202: $1$memwr$\order_valid_q$rtl/common/wire_order_book.sv:318$147_EN[0:0]$2432
  1011/1202: $1$memwr$\order_valid_q$rtl/common/wire_order_book.sv:318$146_EN[0:0]$2431
  1012/1202: $1$memwr$\order_valid_q$rtl/common/wire_order_book.sv:318$145_EN[0:0]$2430
  1013/1202: $1$memwr$\order_valid_q$rtl/common/wire_order_book.sv:318$144_EN[0:0]$2429
  1014/1202: $1$memwr$\order_valid_q$rtl/common/wire_order_book.sv:318$143_EN[0:0]$2428
  1015/1202: $1$memwr$\order_valid_q$rtl/common/wire_order_book.sv:318$142_EN[0:0]$2427
  1016/1202: $1$memwr$\order_valid_q$rtl/common/wire_order_book.sv:318$141_EN[0:0]$2426
  1017/1202: $1$memwr$\order_valid_q$rtl/common/wire_order_book.sv:318$140_EN[0:0]$2425
  1018/1202: $1$memwr$\order_valid_q$rtl/common/wire_order_book.sv:318$139_EN[0:0]$2424
  1019/1202: $1$memwr$\order_valid_q$rtl/common/wire_order_book.sv:318$138_EN[0:0]$2423
  1020/1202: $1$memwr$\order_valid_q$rtl/common/wire_order_book.sv:318$137_EN[0:0]$2422
  1021/1202: $1$memwr$\order_valid_q$rtl/common/wire_order_book.sv:318$136_EN[0:0]$2421
  1022/1202: $1$memwr$\order_valid_q$rtl/common/wire_order_book.sv:318$135_EN[0:0]$2420
  1023/1202: $1$memwr$\order_valid_q$rtl/common/wire_order_book.sv:318$134_EN[0:0]$2419
  1024/1202: $1$memwr$\order_valid_q$rtl/common/wire_order_book.sv:318$133_EN[0:0]$2418
  1025/1202: $1$memwr$\order_valid_q$rtl/common/wire_order_book.sv:318$132_EN[0:0]$2417
  1026/1202: $1$memwr$\order_valid_q$rtl/common/wire_order_book.sv:318$131_EN[0:0]$2416
  1027/1202: $1$memwr$\order_valid_q$rtl/common/wire_order_book.sv:318$130_EN[0:0]$2415
  1028/1202: $1$memwr$\order_valid_q$rtl/common/wire_order_book.sv:318$129_EN[0:0]$2414
  1029/1202: $1$memwr$\order_valid_q$rtl/common/wire_order_book.sv:318$128_EN[0:0]$2413
  1030/1202: $1$memwr$\order_valid_q$rtl/common/wire_order_book.sv:318$127_EN[0:0]$2412
  1031/1202: $1$memwr$\order_valid_q$rtl/common/wire_order_book.sv:318$126_EN[0:0]$2411
  1032/1202: $1$memwr$\order_valid_q$rtl/common/wire_order_book.sv:318$125_EN[0:0]$2410
  1033/1202: $1$memwr$\order_valid_q$rtl/common/wire_order_book.sv:318$124_EN[0:0]$2409
  1034/1202: $1$memwr$\order_valid_q$rtl/common/wire_order_book.sv:318$123_EN[0:0]$2408
  1035/1202: $1$memwr$\order_valid_q$rtl/common/wire_order_book.sv:318$122_EN[0:0]$2407
  1036/1202: $1$memwr$\order_valid_q$rtl/common/wire_order_book.sv:318$121_EN[0:0]$2406
  1037/1202: $1$memwr$\order_valid_q$rtl/common/wire_order_book.sv:318$120_EN[0:0]$2405
  1038/1202: $1$memwr$\order_valid_q$rtl/common/wire_order_book.sv:318$119_EN[0:0]$2404
  1039/1202: $1$memwr$\order_valid_q$rtl/common/wire_order_book.sv:318$118_EN[0:0]$2403
  1040/1202: $1$memwr$\order_valid_q$rtl/common/wire_order_book.sv:318$117_EN[0:0]$2402
  1041/1202: $1$memwr$\order_valid_q$rtl/common/wire_order_book.sv:318$116_EN[0:0]$2401
  1042/1202: $1$memwr$\order_valid_q$rtl/common/wire_order_book.sv:318$115_EN[0:0]$2400
  1043/1202: $1$memwr$\order_valid_q$rtl/common/wire_order_book.sv:318$114_EN[0:0]$2399
  1044/1202: $1$memwr$\order_valid_q$rtl/common/wire_order_book.sv:318$113_EN[0:0]$2398
  1045/1202: $1$memwr$\order_valid_q$rtl/common/wire_order_book.sv:318$112_EN[0:0]$2397
  1046/1202: $1$memwr$\order_valid_q$rtl/common/wire_order_book.sv:318$111_EN[0:0]$2396
  1047/1202: $1$memwr$\order_valid_q$rtl/common/wire_order_book.sv:318$110_EN[0:0]$2395
  1048/1202: $1$memwr$\order_valid_q$rtl/common/wire_order_book.sv:318$109_EN[0:0]$2394
  1049/1202: $1$memwr$\order_valid_q$rtl/common/wire_order_book.sv:318$108_EN[0:0]$2393
  1050/1202: $1$memwr$\order_valid_q$rtl/common/wire_order_book.sv:318$107_EN[0:0]$2392
  1051/1202: $1$memwr$\order_valid_q$rtl/common/wire_order_book.sv:318$106_EN[0:0]$2391
  1052/1202: $1$memwr$\order_valid_q$rtl/common/wire_order_book.sv:318$105_EN[0:0]$2390
  1053/1202: $1$memwr$\order_valid_q$rtl/common/wire_order_book.sv:318$104_EN[0:0]$2389
  1054/1202: $1$memwr$\order_valid_q$rtl/common/wire_order_book.sv:318$103_EN[0:0]$2388
  1055/1202: $1$memwr$\order_valid_q$rtl/common/wire_order_book.sv:318$102_EN[0:0]$2387
  1056/1202: $1$memwr$\order_valid_q$rtl/common/wire_order_book.sv:318$101_EN[0:0]$2386
  1057/1202: $1$memwr$\order_valid_q$rtl/common/wire_order_book.sv:318$100_EN[0:0]$2385
  1058/1202: $1$memwr$\order_valid_q$rtl/common/wire_order_book.sv:318$99_EN[0:0]$2384
  1059/1202: $1$memwr$\order_valid_q$rtl/common/wire_order_book.sv:318$98_EN[0:0]$2383
  1060/1202: $1$memwr$\order_valid_q$rtl/common/wire_order_book.sv:318$97_EN[0:0]$2382
  1061/1202: $1$memwr$\order_valid_q$rtl/common/wire_order_book.sv:318$96_EN[0:0]$2381
  1062/1202: $1$memwr$\order_valid_q$rtl/common/wire_order_book.sv:318$95_EN[0:0]$2380
  1063/1202: $1$memwr$\order_valid_q$rtl/common/wire_order_book.sv:318$94_EN[0:0]$2379
  1064/1202: $1$memwr$\order_valid_q$rtl/common/wire_order_book.sv:318$93_EN[0:0]$2378
  1065/1202: $1$memwr$\order_valid_q$rtl/common/wire_order_book.sv:318$92_EN[0:0]$2377
  1066/1202: $1$memwr$\order_valid_q$rtl/common/wire_order_book.sv:318$91_EN[0:0]$2376
  1067/1202: $1$memwr$\order_valid_q$rtl/common/wire_order_book.sv:318$90_EN[0:0]$2375
  1068/1202: $1$memwr$\order_valid_q$rtl/common/wire_order_book.sv:318$89_EN[0:0]$2374
  1069/1202: $1$memwr$\order_valid_q$rtl/common/wire_order_book.sv:318$88_EN[0:0]$2373
  1070/1202: $1$memwr$\order_valid_q$rtl/common/wire_order_book.sv:318$87_EN[0:0]$2372
  1071/1202: $1$memwr$\order_valid_q$rtl/common/wire_order_book.sv:318$86_EN[0:0]$2371
  1072/1202: $1$memwr$\order_valid_q$rtl/common/wire_order_book.sv:318$85_EN[0:0]$2370
  1073/1202: $1$memwr$\order_valid_q$rtl/common/wire_order_book.sv:318$84_EN[0:0]$2369
  1074/1202: $1$memwr$\order_valid_q$rtl/common/wire_order_book.sv:318$83_EN[0:0]$2368
  1075/1202: $1$memwr$\order_valid_q$rtl/common/wire_order_book.sv:318$82_EN[0:0]$2367
  1076/1202: $1$memwr$\order_valid_q$rtl/common/wire_order_book.sv:318$81_EN[0:0]$2366
  1077/1202: $1$memwr$\order_valid_q$rtl/common/wire_order_book.sv:318$80_EN[0:0]$2365
  1078/1202: $1$memwr$\order_valid_q$rtl/common/wire_order_book.sv:318$79_EN[0:0]$2364
  1079/1202: $1$memwr$\order_valid_q$rtl/common/wire_order_book.sv:318$78_EN[0:0]$2363
  1080/1202: $1$memwr$\order_valid_q$rtl/common/wire_order_book.sv:318$77_EN[0:0]$2362
  1081/1202: $1$memwr$\order_valid_q$rtl/common/wire_order_book.sv:318$76_EN[0:0]$2361
  1082/1202: $1$memwr$\order_valid_q$rtl/common/wire_order_book.sv:318$75_EN[0:0]$2360
  1083/1202: $1$memwr$\order_valid_q$rtl/common/wire_order_book.sv:318$74_EN[0:0]$2359
  1084/1202: $1$memwr$\order_valid_q$rtl/common/wire_order_book.sv:318$73_EN[0:0]$2358
  1085/1202: $1$memwr$\order_valid_q$rtl/common/wire_order_book.sv:318$72_EN[0:0]$2357
  1086/1202: $1$memwr$\order_valid_q$rtl/common/wire_order_book.sv:318$71_EN[0:0]$2356
  1087/1202: $1$memwr$\order_valid_q$rtl/common/wire_order_book.sv:318$70_EN[0:0]$2355
  1088/1202: $1$memwr$\order_valid_q$rtl/common/wire_order_book.sv:318$69_EN[0:0]$2354
  1089/1202: $1$memwr$\order_valid_q$rtl/common/wire_order_book.sv:318$68_EN[0:0]$2353
  1090/1202: $1$memwr$\order_valid_q$rtl/common/wire_order_book.sv:318$67_EN[0:0]$2352
  1091/1202: $1$memwr$\order_valid_q$rtl/common/wire_order_book.sv:318$66_EN[0:0]$2351
  1092/1202: $1$memwr$\order_valid_q$rtl/common/wire_order_book.sv:318$65_EN[0:0]$2350
  1093/1202: $1$memwr$\order_valid_q$rtl/common/wire_order_book.sv:318$64_EN[0:0]$2349
  1094/1202: $1$memwr$\order_valid_q$rtl/common/wire_order_book.sv:318$63_EN[0:0]$2348
  1095/1202: $1$memwr$\order_valid_q$rtl/common/wire_order_book.sv:318$62_EN[0:0]$2347
  1096/1202: $1$memwr$\order_valid_q$rtl/common/wire_order_book.sv:318$61_EN[0:0]$2346
  1097/1202: $1$memwr$\order_valid_q$rtl/common/wire_order_book.sv:318$60_EN[0:0]$2345
  1098/1202: $1$memwr$\order_valid_q$rtl/common/wire_order_book.sv:318$59_EN[0:0]$2344
  1099/1202: $1$memwr$\order_valid_q$rtl/common/wire_order_book.sv:318$58_EN[0:0]$2343
  1100/1202: $1$memwr$\order_valid_q$rtl/common/wire_order_book.sv:318$57_EN[0:0]$2342
  1101/1202: $1$memwr$\order_valid_q$rtl/common/wire_order_book.sv:318$56_EN[0:0]$2341
  1102/1202: $1$memwr$\order_valid_q$rtl/common/wire_order_book.sv:318$55_EN[0:0]$2340
  1103/1202: $1$memwr$\order_valid_q$rtl/common/wire_order_book.sv:318$54_EN[0:0]$2339
  1104/1202: $1$memwr$\order_valid_q$rtl/common/wire_order_book.sv:318$53_EN[0:0]$2338
  1105/1202: $1$memwr$\order_valid_q$rtl/common/wire_order_book.sv:318$52_EN[0:0]$2337
  1106/1202: $1$memwr$\order_valid_q$rtl/common/wire_order_book.sv:318$51_EN[0:0]$2336
  1107/1202: $1$memwr$\order_valid_q$rtl/common/wire_order_book.sv:318$50_EN[0:0]$2335
  1108/1202: $1$memwr$\order_valid_q$rtl/common/wire_order_book.sv:318$49_EN[0:0]$2334
  1109/1202: $1$memwr$\order_valid_q$rtl/common/wire_order_book.sv:318$48_EN[0:0]$2333
  1110/1202: $1$memwr$\order_valid_q$rtl/common/wire_order_book.sv:318$47_EN[0:0]$2332
  1111/1202: $1$memwr$\order_valid_q$rtl/common/wire_order_book.sv:318$46_EN[0:0]$2331
  1112/1202: $1$memwr$\order_valid_q$rtl/common/wire_order_book.sv:318$45_EN[0:0]$2330
  1113/1202: $1$memwr$\order_valid_q$rtl/common/wire_order_book.sv:318$44_EN[0:0]$2329
  1114/1202: $1$memwr$\order_valid_q$rtl/common/wire_order_book.sv:318$43_EN[0:0]$2328
  1115/1202: $1$memwr$\order_valid_q$rtl/common/wire_order_book.sv:318$42_EN[0:0]$2327
  1116/1202: $1$memwr$\order_valid_q$rtl/common/wire_order_book.sv:318$41_EN[0:0]$2326
  1117/1202: $1$memwr$\order_valid_q$rtl/common/wire_order_book.sv:318$40_EN[0:0]$2325
  1118/1202: $1$memwr$\order_valid_q$rtl/common/wire_order_book.sv:318$39_EN[0:0]$2324
  1119/1202: $1$memwr$\order_valid_q$rtl/common/wire_order_book.sv:318$38_EN[0:0]$2323
  1120/1202: $1$memwr$\order_valid_q$rtl/common/wire_order_book.sv:318$37_EN[0:0]$2322
  1121/1202: $1$memwr$\order_valid_q$rtl/common/wire_order_book.sv:318$36_EN[0:0]$2321
  1122/1202: $1$memwr$\order_valid_q$rtl/common/wire_order_book.sv:318$35_EN[0:0]$2320
  1123/1202: $1$memwr$\order_valid_q$rtl/common/wire_order_book.sv:318$34_EN[0:0]$2319
  1124/1202: $1$memwr$\order_valid_q$rtl/common/wire_order_book.sv:318$33_EN[0:0]$2318
  1125/1202: $1$memwr$\order_valid_q$rtl/common/wire_order_book.sv:318$32_EN[0:0]$2317
  1126/1202: $1$memwr$\order_valid_q$rtl/common/wire_order_book.sv:318$31_EN[0:0]$2316
  1127/1202: $1$memwr$\order_valid_q$rtl/common/wire_order_book.sv:318$30_EN[0:0]$2315
  1128/1202: $1$memwr$\order_valid_q$rtl/common/wire_order_book.sv:318$29_EN[0:0]$2314
  1129/1202: $1$memwr$\order_valid_q$rtl/common/wire_order_book.sv:318$28_EN[0:0]$2313
  1130/1202: $1$memwr$\order_valid_q$rtl/common/wire_order_book.sv:318$27_EN[0:0]$2312
  1131/1202: $1$memwr$\order_valid_q$rtl/common/wire_order_book.sv:318$26_EN[0:0]$2311
  1132/1202: $1$memwr$\order_valid_q$rtl/common/wire_order_book.sv:318$25_EN[0:0]$2310
  1133/1202: $1$memwr$\order_valid_q$rtl/common/wire_order_book.sv:318$24_EN[0:0]$2309
  1134/1202: $1$memwr$\order_valid_q$rtl/common/wire_order_book.sv:318$23_EN[0:0]$2308
  1135/1202: $1$memwr$\order_valid_q$rtl/common/wire_order_book.sv:318$22_EN[0:0]$2307
  1136/1202: $1$memwr$\order_valid_q$rtl/common/wire_order_book.sv:318$21_EN[0:0]$2306
  1137/1202: $1$memwr$\order_valid_q$rtl/common/wire_order_book.sv:318$20_EN[0:0]$2305
  1138/1202: $1$memwr$\order_valid_q$rtl/common/wire_order_book.sv:318$19_EN[0:0]$2304
  1139/1202: $1$memwr$\order_valid_q$rtl/common/wire_order_book.sv:318$18_EN[0:0]$2303
  1140/1202: $1$memwr$\order_valid_q$rtl/common/wire_order_book.sv:318$17_EN[0:0]$2302
  1141/1202: $1$memwr$\order_valid_q$rtl/common/wire_order_book.sv:318$16_EN[0:0]$2301
  1142/1202: $1$memwr$\order_valid_q$rtl/common/wire_order_book.sv:318$15_EN[0:0]$2300
  1143/1202: $1$memwr$\order_valid_q$rtl/common/wire_order_book.sv:318$14_EN[0:0]$2299
  1144/1202: $1$memwr$\order_valid_q$rtl/common/wire_order_book.sv:380$1051_EN[0:0]$3359
  1145/1202: $1$memwr$\order_valid_q$rtl/common/wire_order_book.sv:380$1051_ADDR[31:0]$3358
  1146/1202: $1$memwr$\order_side_q$rtl/common/wire_order_book.sv:379$1050_EN[0:0]$3357
  1147/1202: $1$memwr$\order_side_q$rtl/common/wire_order_book.sv:379$1050_DATA[0:0]$3356
  1148/1202: $1$memwr$\order_side_q$rtl/common/wire_order_book.sv:379$1050_ADDR[31:0]$3355
  1149/1202: $1$memwr$\order_quantity_q$rtl/common/wire_order_book.sv:378$1049_EN[31:0]$3354
  1150/1202: $1$memwr$\order_quantity_q$rtl/common/wire_order_book.sv:378$1049_DATA[31:0]$3353
  1151/1202: $1$memwr$\order_quantity_q$rtl/common/wire_order_book.sv:378$1049_ADDR[31:0]$3352
  1152/1202: $1$memwr$\order_price_q$rtl/common/wire_order_book.sv:377$1048_EN[31:0]$3351
  1153/1202: $1$memwr$\order_price_q$rtl/common/wire_order_book.sv:377$1048_DATA[31:0]$3350
  1154/1202: $1$memwr$\order_price_q$rtl/common/wire_order_book.sv:377$1048_ADDR[31:0]$3349
  1155/1202: $1$memwr$\order_reference_q$rtl/common/wire_order_book.sv:376$1047_EN[63:0]$3348
  1156/1202: $1$memwr$\order_reference_q$rtl/common/wire_order_book.sv:376$1047_DATA[63:0]$3347
  1157/1202: $1$memwr$\order_reference_q$rtl/common/wire_order_book.sv:376$1047_ADDR[31:0]$3346
  1158/1202: $1$memwr$\order_valid_q$rtl/common/wire_order_book.sv:375$1046_EN[0:0]$3345
  1159/1202: $1$memwr$\order_valid_q$rtl/common/wire_order_book.sv:375$1046_ADDR[31:0]$3344
  1160/1202: $1$memwr$\order_valid_q$rtl/common/wire_order_book.sv:372$1045_EN[0:0]$3343
  1161/1202: $1$memwr$\order_valid_q$rtl/common/wire_order_book.sv:372$1045_ADDR[31:0]$3342
  1162/1202: $1$memwr$\order_quantity_q$rtl/common/wire_order_book.sv:370$1044_EN[31:0]$3341
  1163/1202: $1$memwr$\order_quantity_q$rtl/common/wire_order_book.sv:370$1044_DATA[31:0]$3340
  1164/1202: $1$memwr$\order_quantity_q$rtl/common/wire_order_book.sv:370$1044_ADDR[31:0]$3339
  1165/1202: $1$memwr$\order_valid_q$rtl/common/wire_order_book.sv:368$1043_EN[0:0]$3338
  1166/1202: $1$memwr$\order_valid_q$rtl/common/wire_order_book.sv:368$1043_ADDR[31:0]$3337
  1167/1202: $1$memwr$\order_valid_q$rtl/common/wire_order_book.sv:364$1042_EN[0:0]$3336
  1168/1202: $1$memwr$\order_valid_q$rtl/common/wire_order_book.sv:364$1042_ADDR[31:0]$3335
  1169/1202: $1$memwr$\order_side_q$rtl/common/wire_order_book.sv:363$1041_EN[0:0]$3334
  1170/1202: $1$memwr$\order_side_q$rtl/common/wire_order_book.sv:363$1041_DATA[0:0]$3333
  1171/1202: $1$memwr$\order_side_q$rtl/common/wire_order_book.sv:363$1041_ADDR[31:0]$3332
  1172/1202: $1$memwr$\order_quantity_q$rtl/common/wire_order_book.sv:362$1040_EN[31:0]$3331
  1173/1202: $1$memwr$\order_quantity_q$rtl/common/wire_order_book.sv:362$1040_DATA[31:0]$3330
  1174/1202: $1$memwr$\order_quantity_q$rtl/common/wire_order_book.sv:362$1040_ADDR[31:0]$3329
  1175/1202: $1$memwr$\order_price_q$rtl/common/wire_order_book.sv:361$1039_EN[31:0]$3328
  1176/1202: $1$memwr$\order_price_q$rtl/common/wire_order_book.sv:361$1039_DATA[31:0]$3327
  1177/1202: $1$memwr$\order_price_q$rtl/common/wire_order_book.sv:361$1039_ADDR[31:0]$3326
  1178/1202: $1$memwr$\order_reference_q$rtl/common/wire_order_book.sv:360$1038_EN[63:0]$3325
  1179/1202: $1$memwr$\order_reference_q$rtl/common/wire_order_book.sv:360$1038_DATA[63:0]$3324
  1180/1202: $1$memwr$\order_reference_q$rtl/common/wire_order_book.sv:360$1038_ADDR[31:0]$3323
  1181/1202: $0\event_contract_q[0:0]
  1182/1202: $0\side_q[0:0]
  1183/1202: $0\price_q[31:0]
  1184/1202: $0\quantity_q[31:0]
  1185/1202: $0\new_reference_q[63:0]
  1186/1202: $0\old_reference_q[63:0]
  1187/1202: $0\event_timestamp_q[47:0]
  1188/1202: $0\event_sequence_q[63:0]
  1189/1202: $0\event_kind_q[2:0]
  1190/1202: $0\accepted_stock_locate_q[15:0]
  1191/1202: $0\commit_ask_q[47:0]
  1192/1202: $0\commit_bid_q[47:0]
  1193/1202: $0\commit_timestamp_q[47:0]
  1194/1202: $0\commit_sequence_q[63:0]
  1195/1202: $0\error_code_q[3:0]
  1196/1202: $0\error_valid_q[0:0]
  1197/1202: $0\commit_valid_q[0:0]
  1198/1202: $0\recovery_q[0:0]
  1199/1202: $0\book_valid_q[0:0]
  1200/1202: $0\ask_total_q[47:0]
  1201/1202: $0\bid_total_q[47:0]
  1202/1202: $0\state_q[0:0]
Creating decoders for process `\wire_order_book.$proc$rtl/common/wire_order_book.sv:164$1062'.
     1/87: $3\next_bid_total[47:0]
     2/87: $3\next_ask_total[47:0]
     3/87: $11\eval_error_code[3:0]
     4/87: $11\eval_error[0:0]
     5/87: $2\next_ask_total[47:0]
     6/87: $2\next_bid_total[47:0]
     7/87: $1\next_ask_total[47:0]
     8/87: $1\next_bid_total[47:0]
     9/87: $10\eval_error_code[3:0]
    10/87: $10\eval_error[0:0]
    11/87: $1\aggregate_candidate[48:0]
    12/87: $9\eval_error_code[3:0]
    13/87: $9\eval_error[0:0]
    14/87: $9\aggregate_on_bid[0:0]
    15/87: $9\aggregate_delta[48:0]
    16/87: $8\free_slot[31:0]
    17/87: $7\free_slot[31:0]
    18/87: $8\eval_error_code[3:0]
    19/87: $8\eval_error[0:0]
    20/87: $4$fordecl_block$5.way[31:0]$1202
    21/87: $8\aggregate_on_bid[0:0]
    22/87: $8\aggregate_delta[48:0]
    23/87: $6\free_slot[31:0]
    24/87: $7\eval_error_code[3:0]
    25/87: $7\eval_error[0:0]
    26/87: $3$fordecl_block$5.way[31:0]$1199
    27/87: $7\aggregate_on_bid[0:0]
    28/87: $7\aggregate_delta[48:0]
    29/87: $5\free_slot[31:0]
    30/87: $6\eval_error_code[3:0]
    31/87: $6\eval_error[0:0]
    32/87: $4\new_remaining[31:0]
    33/87: $6\aggregate_on_bid[0:0]
    34/87: $6\aggregate_delta[48:0]
    35/87: $5\eval_error_code[3:0]
    36/87: $5\eval_error[0:0]
    37/87: $3\new_remaining[31:0]
    38/87: $5\aggregate_on_bid[0:0]
    39/87: $5\aggregate_delta[48:0]
    40/87: $4\eval_error_code[3:0]
    41/87: $4\eval_error[0:0]
    42/87: $4\aggregate_on_bid[0:0]
    43/87: $4\aggregate_delta[48:0]
    44/87: $3\eval_error_code[3:0]
    45/87: $3\eval_error[0:0]
    46/87: $3\aggregate_on_bid[0:0]
    47/87: $3\aggregate_delta[48:0]
    48/87: $2\aggregate_on_bid[0:0]
    49/87: $2\aggregate_delta[48:0]
    50/87: $2\eval_error_code[3:0]
    51/87: $2\eval_error[0:0]
    52/87: $2$fordecl_block$5.way[31:0]$1181
    53/87: $2\new_remaining[31:0]
    54/87: $4\free_slot[31:0]
    55/87: $1\eval_error_code[3:0]
    56/87: $1\eval_error[0:0]
    57/87: $1$fordecl_block$5.way[31:0]$1180
    58/87: $1\new_remaining[31:0]
    59/87: $1\aggregate_on_bid[0:0]
    60/87: $1\aggregate_delta[48:0]
    61/87: $3\free_slot[31:0]
    62/87: $3\debug_side[0:0]
    63/87: $3\debug_remaining_quantity[31:0]
    64/87: $3\debug_price[31:0]
    65/87: $2\debug_side[0:0]
    66/87: $2\debug_remaining_quantity[31:0]
    67/87: $2\debug_price[31:0]
    68/87: $1$fordecl_block$3.way[31:0]$1154
    69/87: $1\debug_side[0:0]
    70/87: $1\debug_remaining_quantity[31:0]
    71/87: $1\debug_price[31:0]
    72/87: $2\debug_way_index[0:0]
    73/87: $2\debug_match[0:0]
    74/87: $2\free_slot[31:0]
    75/87: $2\new_found[0:0]
    76/87: $2\old_side[0:0]
    77/87: $2\old_remaining[31:0]
    78/87: $2\old_slot[31:0]
    79/87: $2\old_found[0:0]
    80/87: $1\debug_way_index[0:0]
    81/87: $1\debug_match[0:0]
    82/87: $1\free_slot[31:0]
    83/87: $1\new_found[0:0]
    84/87: $1\old_side[0:0]
    85/87: $1\old_remaining[31:0]
    86/87: $1\old_slot[31:0]
    87/87: $1\old_found[0:0]

3.8. Executing PROC_DLATCH pass (convert process syncs to latches).
No latch inferred for signal `\wire_order_book.\event_fields_valid$func$rtl/common/wire_order_book.sv:143$9.$result' from process `\wire_order_book.$proc$rtl/common/wire_order_book.sv:143$3486'.
No latch inferred for signal `\wire_order_book.\debug_found' from process `\wire_order_book.$proc$rtl/common/wire_order_book.sv:164$1062'.
No latch inferred for signal `\wire_order_book.\debug_price' from process `\wire_order_book.$proc$rtl/common/wire_order_book.sv:164$1062'.
No latch inferred for signal `\wire_order_book.\debug_remaining_quantity' from process `\wire_order_book.$proc$rtl/common/wire_order_book.sv:164$1062'.
No latch inferred for signal `\wire_order_book.\debug_side' from process `\wire_order_book.$proc$rtl/common/wire_order_book.sv:164$1062'.
No latch inferred for signal `\wire_order_book.\debug_way' from process `\wire_order_book.$proc$rtl/common/wire_order_book.sv:164$1062'.
No latch inferred for signal `\wire_order_book.\old_hash' from process `\wire_order_book.$proc$rtl/common/wire_order_book.sv:164$1062'.
No latch inferred for signal `\wire_order_book.\new_hash' from process `\wire_order_book.$proc$rtl/common/wire_order_book.sv:164$1062'.
No latch inferred for signal `\wire_order_book.\debug_hash' from process `\wire_order_book.$proc$rtl/common/wire_order_book.sv:164$1062'.
No latch inferred for signal `\wire_order_book.\old_base' from process `\wire_order_book.$proc$rtl/common/wire_order_book.sv:164$1062'.
No latch inferred for signal `\wire_order_book.\new_base' from process `\wire_order_book.$proc$rtl/common/wire_order_book.sv:164$1062'.
No latch inferred for signal `\wire_order_book.\debug_base' from process `\wire_order_book.$proc$rtl/common/wire_order_book.sv:164$1062'.
No latch inferred for signal `\wire_order_book.\old_slot' from process `\wire_order_book.$proc$rtl/common/wire_order_book.sv:164$1062'.
No latch inferred for signal `\wire_order_book.\free_slot' from process `\wire_order_book.$proc$rtl/common/wire_order_book.sv:164$1062'.
No latch inferred for signal `\wire_order_book.\old_found' from process `\wire_order_book.$proc$rtl/common/wire_order_book.sv:164$1062'.
No latch inferred for signal `\wire_order_book.\new_found' from process `\wire_order_book.$proc$rtl/common/wire_order_book.sv:164$1062'.
No latch inferred for signal `\wire_order_book.\debug_match' from process `\wire_order_book.$proc$rtl/common/wire_order_book.sv:164$1062'.
No latch inferred for signal `\wire_order_book.\debug_way_index' from process `\wire_order_book.$proc$rtl/common/wire_order_book.sv:164$1062'.
No latch inferred for signal `\wire_order_book.\old_remaining' from process `\wire_order_book.$proc$rtl/common/wire_order_book.sv:164$1062'.
No latch inferred for signal `\wire_order_book.\old_side' from process `\wire_order_book.$proc$rtl/common/wire_order_book.sv:164$1062'.
No latch inferred for signal `\wire_order_book.\eval_error' from process `\wire_order_book.$proc$rtl/common/wire_order_book.sv:164$1062'.
No latch inferred for signal `\wire_order_book.\eval_error_code' from process `\wire_order_book.$proc$rtl/common/wire_order_book.sv:164$1062'.
No latch inferred for signal `\wire_order_book.\next_bid_total' from process `\wire_order_book.$proc$rtl/common/wire_order_book.sv:164$1062'.
No latch inferred for signal `\wire_order_book.\next_ask_total' from process `\wire_order_book.$proc$rtl/common/wire_order_book.sv:164$1062'.
No latch inferred for signal `\wire_order_book.\aggregate_candidate' from process `\wire_order_book.$proc$rtl/common/wire_order_book.sv:164$1062'.
No latch inferred for signal `\wire_order_book.\aggregate_delta' from process `\wire_order_book.$proc$rtl/common/wire_order_book.sv:164$1062'.
No latch inferred for signal `\wire_order_book.\aggregate_on_bid' from process `\wire_order_book.$proc$rtl/common/wire_order_book.sv:164$1062'.
No latch inferred for signal `\wire_order_book.\new_remaining' from process `\wire_order_book.$proc$rtl/common/wire_order_book.sv:164$1062'.

3.9. Executing PROC_DFF pass (convert process syncs to FFs).
Creating register for signal `\wire_order_book.\state_q' using process `\wire_order_book.$proc$rtl/common/wire_order_book.sv:302$1234'.
  created $dff cell `$procdff$8674' with positive edge clock.
Creating register for signal `\wire_order_book.\bid_total_q' using process `\wire_order_book.$proc$rtl/common/wire_order_book.sv:302$1234'.
  created $dff cell `$procdff$8675' with positive edge clock.
Creating register for signal `\wire_order_book.\ask_total_q' using process `\wire_order_book.$proc$rtl/common/wire_order_book.sv:302$1234'.
  created $dff cell `$procdff$8676' with positive edge clock.
Creating register for signal `\wire_order_book.\book_valid_q' using process `\wire_order_book.$proc$rtl/common/wire_order_book.sv:302$1234'.
  created $dff cell `$procdff$8677' with positive edge clock.
Creating register for signal `\wire_order_book.\recovery_q' using process `\wire_order_book.$proc$rtl/common/wire_order_book.sv:302$1234'.
  created $dff cell `$procdff$8678' with positive edge clock.
Creating register for signal `\wire_order_book.\commit_valid_q' using process `\wire_order_book.$proc$rtl/common/wire_order_book.sv:302$1234'.
  created $dff cell `$procdff$8679' with positive edge clock.
Creating register for signal `\wire_order_book.\error_valid_q' using process `\wire_order_book.$proc$rtl/common/wire_order_book.sv:302$1234'.
  created $dff cell `$procdff$8680' with positive edge clock.
Creating register for signal `\wire_order_book.\error_code_q' using process `\wire_order_book.$proc$rtl/common/wire_order_book.sv:302$1234'.
  created $dff cell `$procdff$8681' with positive edge clock.
Creating register for signal `\wire_order_book.\commit_sequence_q' using process `\wire_order_book.$proc$rtl/common/wire_order_book.sv:302$1234'.
  created $dff cell `$procdff$8682' with positive edge clock.
Creating register for signal `\wire_order_book.\commit_timestamp_q' using process `\wire_order_book.$proc$rtl/common/wire_order_book.sv:302$1234'.
  created $dff cell `$procdff$8683' with positive edge clock.
Creating register for signal `\wire_order_book.\commit_bid_q' using process `\wire_order_book.$proc$rtl/common/wire_order_book.sv:302$1234'.
  created $dff cell `$procdff$8684' with positive edge clock.
Creating register for signal `\wire_order_book.\commit_ask_q' using process `\wire_order_book.$proc$rtl/common/wire_order_book.sv:302$1234'.
  created $dff cell `$procdff$8685' with positive edge clock.
Creating register for signal `\wire_order_book.\accepted_stock_locate_q' using process `\wire_order_book.$proc$rtl/common/wire_order_book.sv:302$1234'.
  created $dff cell `$procdff$8686' with positive edge clock.
Creating register for signal `\wire_order_book.\event_kind_q' using process `\wire_order_book.$proc$rtl/common/wire_order_book.sv:302$1234'.
  created $dff cell `$procdff$8687' with positive edge clock.
Creating register for signal `\wire_order_book.\event_sequence_q' using process `\wire_order_book.$proc$rtl/common/wire_order_book.sv:302$1234'.
  created $dff cell `$procdff$8688' with positive edge clock.
Creating register for signal `\wire_order_book.\event_timestamp_q' using process `\wire_order_book.$proc$rtl/common/wire_order_book.sv:302$1234'.
  created $dff cell `$procdff$8689' with positive edge clock.
Creating register for signal `\wire_order_book.\old_reference_q' using process `\wire_order_book.$proc$rtl/common/wire_order_book.sv:302$1234'.
  created $dff cell `$procdff$8690' with positive edge clock.
Creating register for signal `\wire_order_book.\new_reference_q' using process `\wire_order_book.$proc$rtl/common/wire_order_book.sv:302$1234'.
  created $dff cell `$procdff$8691' with positive edge clock.
Creating register for signal `\wire_order_book.\quantity_q' using process `\wire_order_book.$proc$rtl/common/wire_order_book.sv:302$1234'.
  created $dff cell `$procdff$8692' with positive edge clock.
Creating register for signal `\wire_order_book.\price_q' using process `\wire_order_book.$proc$rtl/common/wire_order_book.sv:302$1234'.
  created $dff cell `$procdff$8693' with positive edge clock.
Creating register for signal `\wire_order_book.\side_q' using process `\wire_order_book.$proc$rtl/common/wire_order_book.sv:302$1234'.
  created $dff cell `$procdff$8694' with positive edge clock.
Creating register for signal `\wire_order_book.\event_contract_q' using process `\wire_order_book.$proc$rtl/common/wire_order_book.sv:302$1234'.
  created $dff cell `$procdff$8695' with positive edge clock.
Creating register for signal `\wire_order_book.$fordecl_block$7.i' using process `\wire_order_book.$proc$rtl/common/wire_order_book.sv:302$1234'.
  created $dff cell `$procdff$8696' with positive edge clock.
Creating register for signal `\wire_order_book.$memwr$\order_valid_q$rtl/common/wire_order_book.sv:318$14_EN' using process `\wire_order_book.$proc$rtl/common/wire_order_book.sv:302$1234'.
  created $dff cell `$procdff$8697' with positive edge clock.
Creating register for signal `\wire_order_book.$memwr$\order_valid_q$rtl/common/wire_order_book.sv:318$15_EN' using process `\wire_order_book.$proc$rtl/common/wire_order_book.sv:302$1234'.
  created $dff cell `$procdff$8698' with positive edge clock.
Creating register for signal `\wire_order_book.$memwr$\order_valid_q$rtl/common/wire_order_book.sv:318$16_EN' using process `\wire_order_book.$proc$rtl/common/wire_order_book.sv:302$1234'.
  created $dff cell `$procdff$8699' with positive edge clock.
Creating register for signal `\wire_order_book.$memwr$\order_valid_q$rtl/common/wire_order_book.sv:318$17_EN' using process `\wire_order_book.$proc$rtl/common/wire_order_book.sv:302$1234'.
  created $dff cell `$procdff$8700' with positive edge clock.
Creating register for signal `\wire_order_book.$memwr$\order_valid_q$rtl/common/wire_order_book.sv:318$18_EN' using process `\wire_order_book.$proc$rtl/common/wire_order_book.sv:302$1234'.
  created $dff cell `$procdff$8701' with positive edge clock.
Creating register for signal `\wire_order_book.$memwr$\order_valid_q$rtl/common/wire_order_book.sv:318$19_EN' using process `\wire_order_book.$proc$rtl/common/wire_order_book.sv:302$1234'.
  created $dff cell `$procdff$8702' with positive edge clock.
Creating register for signal `\wire_order_book.$memwr$\order_valid_q$rtl/common/wire_order_book.sv:318$20_EN' using process `\wire_order_book.$proc$rtl/common/wire_order_book.sv:302$1234'.
  created $dff cell `$procdff$8703' with positive edge clock.
Creating register for signal `\wire_order_book.$memwr$\order_valid_q$rtl/common/wire_order_book.sv:318$21_EN' using process `\wire_order_book.$proc$rtl/common/wire_order_book.sv:302$1234'.
  created $dff cell `$procdff$8704' with positive edge clock.
Creating register for signal `\wire_order_book.$memwr$\order_valid_q$rtl/common/wire_order_book.sv:318$22_EN' using process `\wire_order_book.$proc$rtl/common/wire_order_book.sv:302$1234'.
  created $dff cell `$procdff$8705' with positive edge clock.
Creating register for signal `\wire_order_book.$memwr$\order_valid_q$rtl/common/wire_order_book.sv:318$23_EN' using process `\wire_order_book.$proc$rtl/common/wire_order_book.sv:302$1234'.
  created $dff cell `$procdff$8706' with positive edge clock.
Creating register for signal `\wire_order_book.$memwr$\order_valid_q$rtl/common/wire_order_book.sv:318$24_EN' using process `\wire_order_book.$proc$rtl/common/wire_order_book.sv:302$1234'.
  created $dff cell `$procdff$8707' with positive edge clock.
Creating register for signal `\wire_order_book.$memwr$\order_valid_q$rtl/common/wire_order_book.sv:318$25_EN' using process `\wire_order_book.$proc$rtl/common/wire_order_book.sv:302$1234'.
  created $dff cell `$procdff$8708' with positive edge clock.
Creating register for signal `\wire_order_book.$memwr$\order_valid_q$rtl/common/wire_order_book.sv:318$26_EN' using process `\wire_order_book.$proc$rtl/common/wire_order_book.sv:302$1234'.
  created $dff cell `$procdff$8709' with positive edge clock.
Creating register for signal `\wire_order_book.$memwr$\order_valid_q$rtl/common/wire_order_book.sv:318$27_EN' using process `\wire_order_book.$proc$rtl/common/wire_order_book.sv:302$1234'.
  created $dff cell `$procdff$8710' with positive edge clock.
Creating register for signal `\wire_order_book.$memwr$\order_valid_q$rtl/common/wire_order_book.sv:318$28_EN' using process `\wire_order_book.$proc$rtl/common/wire_order_book.sv:302$1234'.
  created $dff cell `$procdff$8711' with positive edge clock.
Creating register for signal `\wire_order_book.$memwr$\order_valid_q$rtl/common/wire_order_book.sv:318$29_EN' using process `\wire_order_book.$proc$rtl/common/wire_order_book.sv:302$1234'.
  created $dff cell `$procdff$8712' with positive edge clock.
Creating register for signal `\wire_order_book.$memwr$\order_valid_q$rtl/common/wire_order_book.sv:318$30_EN' using process `\wire_order_book.$proc$rtl/common/wire_order_book.sv:302$1234'.
  created $dff cell `$procdff$8713' with positive edge clock.
Creating register for signal `\wire_order_book.$memwr$\order_valid_q$rtl/common/wire_order_book.sv:318$31_EN' using process `\wire_order_book.$proc$rtl/common/wire_order_book.sv:302$1234'.
  created $dff cell `$procdff$8714' with positive edge clock.
Creating register for signal `\wire_order_book.$memwr$\order_valid_q$rtl/common/wire_order_book.sv:318$32_EN' using process `\wire_order_book.$proc$rtl/common/wire_order_book.sv:302$1234'.
  created $dff cell `$procdff$8715' with positive edge clock.
Creating register for signal `\wire_order_book.$memwr$\order_valid_q$rtl/common/wire_order_book.sv:318$33_EN' using process `\wire_order_book.$proc$rtl/common/wire_order_book.sv:302$1234'.
  created $dff cell `$procdff$8716' with positive edge clock.
Creating register for signal `\wire_order_book.$memwr$\order_valid_q$rtl/common/wire_order_book.sv:318$34_EN' using process `\wire_order_book.$proc$rtl/common/wire_order_book.sv:302$1234'.
  created $dff cell `$procdff$8717' with positive edge clock.
Creating register for signal `\wire_order_book.$memwr$\order_valid_q$rtl/common/wire_order_book.sv:318$35_EN' using process `\wire_order_book.$proc$rtl/common/wire_order_book.sv:302$1234'.
  created $dff cell `$procdff$8718' with positive edge clock.
Creating register for signal `\wire_order_book.$memwr$\order_valid_q$rtl/common/wire_order_book.sv:318$36_EN' using process `\wire_order_book.$proc$rtl/common/wire_order_book.sv:302$1234'.
  created $dff cell `$procdff$8719' with positive edge clock.
Creating register for signal `\wire_order_book.$memwr$\order_valid_q$rtl/common/wire_order_book.sv:318$37_EN' using process `\wire_order_book.$proc$rtl/common/wire_order_book.sv:302$1234'.
  created $dff cell `$procdff$8720' with positive edge clock.
Creating register for signal `\wire_order_book.$memwr$\order_valid_q$rtl/common/wire_order_book.sv:318$38_EN' using process `\wire_order_book.$proc$rtl/common/wire_order_book.sv:302$1234'.
  created $dff cell `$procdff$8721' with positive edge clock.
Creating register for signal `\wire_order_book.$memwr$\order_valid_q$rtl/common/wire_order_book.sv:318$39_EN' using process `\wire_order_book.$proc$rtl/common/wire_order_book.sv:302$1234'.
  created $dff cell `$procdff$8722' with positive edge clock.
Creating register for signal `\wire_order_book.$memwr$\order_valid_q$rtl/common/wire_order_book.sv:318$40_EN' using process `\wire_order_book.$proc$rtl/common/wire_order_book.sv:302$1234'.
  created $dff cell `$procdff$8723' with positive edge clock.
Creating register for signal `\wire_order_book.$memwr$\order_valid_q$rtl/common/wire_order_book.sv:318$41_EN' using process `\wire_order_book.$proc$rtl/common/wire_order_book.sv:302$1234'.
  created $dff cell `$procdff$8724' with positive edge clock.
Creating register for signal `\wire_order_book.$memwr$\order_valid_q$rtl/common/wire_order_book.sv:318$42_EN' using process `\wire_order_book.$proc$rtl/common/wire_order_book.sv:302$1234'.
  created $dff cell `$procdff$8725' with positive edge clock.
Creating register for signal `\wire_order_book.$memwr$\order_valid_q$rtl/common/wire_order_book.sv:318$43_EN' using process `\wire_order_book.$proc$rtl/common/wire_order_book.sv:302$1234'.
  created $dff cell `$procdff$8726' with positive edge clock.
Creating register for signal `\wire_order_book.$memwr$\order_valid_q$rtl/common/wire_order_book.sv:318$44_EN' using process `\wire_order_book.$proc$rtl/common/wire_order_book.sv:302$1234'.
  created $dff cell `$procdff$8727' with positive edge clock.
Creating register for signal `\wire_order_book.$memwr$\order_valid_q$rtl/common/wire_order_book.sv:318$45_EN' using process `\wire_order_book.$proc$rtl/common/wire_order_book.sv:302$1234'.
  created $dff cell `$procdff$8728' with positive edge clock.
Creating register for signal `\wire_order_book.$memwr$\order_valid_q$rtl/common/wire_order_book.sv:318$46_EN' using process `\wire_order_book.$proc$rtl/common/wire_order_book.sv:302$1234'.
  created $dff cell `$procdff$8729' with positive edge clock.
Creating register for signal `\wire_order_book.$memwr$\order_valid_q$rtl/common/wire_order_book.sv:318$47_EN' using process `\wire_order_book.$proc$rtl/common/wire_order_book.sv:302$1234'.
  created $dff cell `$procdff$8730' with positive edge clock.
Creating register for signal `\wire_order_book.$memwr$\order_valid_q$rtl/common/wire_order_book.sv:318$48_EN' using process `\wire_order_book.$proc$rtl/common/wire_order_book.sv:302$1234'.
  created $dff cell `$procdff$8731' with positive edge clock.
Creating register for signal `\wire_order_book.$memwr$\order_valid_q$rtl/common/wire_order_book.sv:318$49_EN' using process `\wire_order_book.$proc$rtl/common/wire_order_book.sv:302$1234'.
  created $dff cell `$procdff$8732' with positive edge clock.
Creating register for signal `\wire_order_book.$memwr$\order_valid_q$rtl/common/wire_order_book.sv:318$50_EN' using process `\wire_order_book.$proc$rtl/common/wire_order_book.sv:302$1234'.
  created $dff cell `$procdff$8733' with positive edge clock.
Creating register for signal `\wire_order_book.$memwr$\order_valid_q$rtl/common/wire_order_book.sv:318$51_EN' using process `\wire_order_book.$proc$rtl/common/wire_order_book.sv:302$1234'.
  created $dff cell `$procdff$8734' with positive edge clock.
Creating register for signal `\wire_order_book.$memwr$\order_valid_q$rtl/common/wire_order_book.sv:318$52_EN' using process `\wire_order_book.$proc$rtl/common/wire_order_book.sv:302$1234'.
  created $dff cell `$procdff$8735' with positive edge clock.
Creating register for signal `\wire_order_book.$memwr$\order_valid_q$rtl/common/wire_order_book.sv:318$53_EN' using process `\wire_order_book.$proc$rtl/common/wire_order_book.sv:302$1234'.
  created $dff cell `$procdff$8736' with positive edge clock.
Creating register for signal `\wire_order_book.$memwr$\order_valid_q$rtl/common/wire_order_book.sv:318$54_EN' using process `\wire_order_book.$proc$rtl/common/wire_order_book.sv:302$1234'.
  created $dff cell `$procdff$8737' with positive edge clock.
Creating register for signal `\wire_order_book.$memwr$\order_valid_q$rtl/common/wire_order_book.sv:318$55_EN' using process `\wire_order_book.$proc$rtl/common/wire_order_book.sv:302$1234'.
  created $dff cell `$procdff$8738' with positive edge clock.
Creating register for signal `\wire_order_book.$memwr$\order_valid_q$rtl/common/wire_order_book.sv:318$56_EN' using process `\wire_order_book.$proc$rtl/common/wire_order_book.sv:302$1234'.
  created $dff cell `$procdff$8739' with positive edge clock.
Creating register for signal `\wire_order_book.$memwr$\order_valid_q$rtl/common/wire_order_book.sv:318$57_EN' using process `\wire_order_book.$proc$rtl/common/wire_order_book.sv:302$1234'.
  created $dff cell `$procdff$8740' with positive edge clock.
Creating register for signal `\wire_order_book.$memwr$\order_valid_q$rtl/common/wire_order_book.sv:318$58_EN' using process `\wire_order_book.$proc$rtl/common/wire_order_book.sv:302$1234'.
  created $dff cell `$procdff$8741' with positive edge clock.
Creating register for signal `\wire_order_book.$memwr$\order_valid_q$rtl/common/wire_order_book.sv:318$59_EN' using process `\wire_order_book.$proc$rtl/common/wire_order_book.sv:302$1234'.
  created $dff cell `$procdff$8742' with positive edge clock.
Creating register for signal `\wire_order_book.$memwr$\order_valid_q$rtl/common/wire_order_book.sv:318$60_EN' using process `\wire_order_book.$proc$rtl/common/wire_order_book.sv:302$1234'.
  created $dff cell `$procdff$8743' with positive edge clock.
Creating register for signal `\wire_order_book.$memwr$\order_valid_q$rtl/common/wire_order_book.sv:318$61_EN' using process `\wire_order_book.$proc$rtl/common/wire_order_book.sv:302$1234'.
  created $dff cell `$procdff$8744' with positive edge clock.
Creating register for signal `\wire_order_book.$memwr$\order_valid_q$rtl/common/wire_order_book.sv:318$62_EN' using process `\wire_order_book.$proc$rtl/common/wire_order_book.sv:302$1234'.
  created $dff cell `$procdff$8745' with positive edge clock.
Creating register for signal `\wire_order_book.$memwr$\order_valid_q$rtl/common/wire_order_book.sv:318$63_EN' using process `\wire_order_book.$proc$rtl/common/wire_order_book.sv:302$1234'.
  created $dff cell `$procdff$8746' with positive edge clock.
Creating register for signal `\wire_order_book.$memwr$\order_valid_q$rtl/common/wire_order_book.sv:318$64_EN' using process `\wire_order_book.$proc$rtl/common/wire_order_book.sv:302$1234'.
  created $dff cell `$procdff$8747' with positive edge clock.
Creating register for signal `\wire_order_book.$memwr$\order_valid_q$rtl/common/wire_order_book.sv:318$65_EN' using process `\wire_order_book.$proc$rtl/common/wire_order_book.sv:302$1234'.
  created $dff cell `$procdff$8748' with positive edge clock.
Creating register for signal `\wire_order_book.$memwr$\order_valid_q$rtl/common/wire_order_book.sv:318$66_EN' using process `\wire_order_book.$proc$rtl/common/wire_order_book.sv:302$1234'.
  created $dff cell `$procdff$8749' with positive edge clock.
Creating register for signal `\wire_order_book.$memwr$\order_valid_q$rtl/common/wire_order_book.sv:318$67_EN' using process `\wire_order_book.$proc$rtl/common/wire_order_book.sv:302$1234'.
  created $dff cell `$procdff$8750' with positive edge clock.
Creating register for signal `\wire_order_book.$memwr$\order_valid_q$rtl/common/wire_order_book.sv:318$68_EN' using process `\wire_order_book.$proc$rtl/common/wire_order_book.sv:302$1234'.
  created $dff cell `$procdff$8751' with positive edge clock.
Creating register for signal `\wire_order_book.$memwr$\order_valid_q$rtl/common/wire_order_book.sv:318$69_EN' using process `\wire_order_book.$proc$rtl/common/wire_order_book.sv:302$1234'.
  created $dff cell `$procdff$8752' with positive edge clock.
Creating register for signal `\wire_order_book.$memwr$\order_valid_q$rtl/common/wire_order_book.sv:318$70_EN' using process `\wire_order_book.$proc$rtl/common/wire_order_book.sv:302$1234'.
  created $dff cell `$procdff$8753' with positive edge clock.
Creating register for signal `\wire_order_book.$memwr$\order_valid_q$rtl/common/wire_order_book.sv:318$71_EN' using process `\wire_order_book.$proc$rtl/common/wire_order_book.sv:302$1234'.
  created $dff cell `$procdff$8754' with positive edge clock.
Creating register for signal `\wire_order_book.$memwr$\order_valid_q$rtl/common/wire_order_book.sv:318$72_EN' using process `\wire_order_book.$proc$rtl/common/wire_order_book.sv:302$1234'.
  created $dff cell `$procdff$8755' with positive edge clock.
Creating register for signal `\wire_order_book.$memwr$\order_valid_q$rtl/common/wire_order_book.sv:318$73_EN' using process `\wire_order_book.$proc$rtl/common/wire_order_book.sv:302$1234'.
  created $dff cell `$procdff$8756' with positive edge clock.
Creating register for signal `\wire_order_book.$memwr$\order_valid_q$rtl/common/wire_order_book.sv:318$74_EN' using process `\wire_order_book.$proc$rtl/common/wire_order_book.sv:302$1234'.
  created $dff cell `$procdff$8757' with positive edge clock.
Creating register for signal `\wire_order_book.$memwr$\order_valid_q$rtl/common/wire_order_book.sv:318$75_EN' using process `\wire_order_book.$proc$rtl/common/wire_order_book.sv:302$1234'.
  created $dff cell `$procdff$8758' with positive edge clock.
Creating register for signal `\wire_order_book.$memwr$\order_valid_q$rtl/common/wire_order_book.sv:318$76_EN' using process `\wire_order_book.$proc$rtl/common/wire_order_book.sv:302$1234'.
  created $dff cell `$procdff$8759' with positive edge clock.
Creating register for signal `\wire_order_book.$memwr$\order_valid_q$rtl/common/wire_order_book.sv:318$77_EN' using process `\wire_order_book.$proc$rtl/common/wire_order_book.sv:302$1234'.
  created $dff cell `$procdff$8760' with positive edge clock.
Creating register for signal `\wire_order_book.$memwr$\order_valid_q$rtl/common/wire_order_book.sv:318$78_EN' using process `\wire_order_book.$proc$rtl/common/wire_order_book.sv:302$1234'.
  created $dff cell `$procdff$8761' with positive edge clock.
Creating register for signal `\wire_order_book.$memwr$\order_valid_q$rtl/common/wire_order_book.sv:318$79_EN' using process `\wire_order_book.$proc$rtl/common/wire_order_book.sv:302$1234'.
  created $dff cell `$procdff$8762' with positive edge clock.
Creating register for signal `\wire_order_book.$memwr$\order_valid_q$rtl/common/wire_order_book.sv:318$80_EN' using process `\wire_order_book.$proc$rtl/common/wire_order_book.sv:302$1234'.
  created $dff cell `$procdff$8763' with positive edge clock.
Creating register for signal `\wire_order_book.$memwr$\order_valid_q$rtl/common/wire_order_book.sv:318$81_EN' using process `\wire_order_book.$proc$rtl/common/wire_order_book.sv:302$1234'.
  created $dff cell `$procdff$8764' with positive edge clock.
Creating register for signal `\wire_order_book.$memwr$\order_valid_q$rtl/common/wire_order_book.sv:318$82_EN' using process `\wire_order_book.$proc$rtl/common/wire_order_book.sv:302$1234'.
  created $dff cell `$procdff$8765' with positive edge clock.
Creating register for signal `\wire_order_book.$memwr$\order_valid_q$rtl/common/wire_order_book.sv:318$83_EN' using process `\wire_order_book.$proc$rtl/common/wire_order_book.sv:302$1234'.
  created $dff cell `$procdff$8766' with positive edge clock.
Creating register for signal `\wire_order_book.$memwr$\order_valid_q$rtl/common/wire_order_book.sv:318$84_EN' using process `\wire_order_book.$proc$rtl/common/wire_order_book.sv:302$1234'.
  created $dff cell `$procdff$8767' with positive edge clock.
Creating register for signal `\wire_order_book.$memwr$\order_valid_q$rtl/common/wire_order_book.sv:318$85_EN' using process `\wire_order_book.$proc$rtl/common/wire_order_book.sv:302$1234'.
  created $dff cell `$procdff$8768' with positive edge clock.
Creating register for signal `\wire_order_book.$memwr$\order_valid_q$rtl/common/wire_order_book.sv:318$86_EN' using process `\wire_order_book.$proc$rtl/common/wire_order_book.sv:302$1234'.
  created $dff cell `$procdff$8769' with positive edge clock.
Creating register for signal `\wire_order_book.$memwr$\order_valid_q$rtl/common/wire_order_book.sv:318$87_EN' using process `\wire_order_book.$proc$rtl/common/wire_order_book.sv:302$1234'.
  created $dff cell `$procdff$8770' with positive edge clock.
Creating register for signal `\wire_order_book.$memwr$\order_valid_q$rtl/common/wire_order_book.sv:318$88_EN' using process `\wire_order_book.$proc$rtl/common/wire_order_book.sv:302$1234'.
  created $dff cell `$procdff$8771' with positive edge clock.
Creating register for signal `\wire_order_book.$memwr$\order_valid_q$rtl/common/wire_order_book.sv:318$89_EN' using process `\wire_order_book.$proc$rtl/common/wire_order_book.sv:302$1234'.
  created $dff cell `$procdff$8772' with positive edge clock.
Creating register for signal `\wire_order_book.$memwr$\order_valid_q$rtl/common/wire_order_book.sv:318$90_EN' using process `\wire_order_book.$proc$rtl/common/wire_order_book.sv:302$1234'.
  created $dff cell `$procdff$8773' with positive edge clock.
Creating register for signal `\wire_order_book.$memwr$\order_valid_q$rtl/common/wire_order_book.sv:318$91_EN' using process `\wire_order_book.$proc$rtl/common/wire_order_book.sv:302$1234'.
  created $dff cell `$procdff$8774' with positive edge clock.
Creating register for signal `\wire_order_book.$memwr$\order_valid_q$rtl/common/wire_order_book.sv:318$92_EN' using process `\wire_order_book.$proc$rtl/common/wire_order_book.sv:302$1234'.
  created $dff cell `$procdff$8775' with positive edge clock.
Creating register for signal `\wire_order_book.$memwr$\order_valid_q$rtl/common/wire_order_book.sv:318$93_EN' using process `\wire_order_book.$proc$rtl/common/wire_order_book.sv:302$1234'.
  created $dff cell `$procdff$8776' with positive edge clock.
Creating register for signal `\wire_order_book.$memwr$\order_valid_q$rtl/common/wire_order_book.sv:318$94_EN' using process `\wire_order_book.$proc$rtl/common/wire_order_book.sv:302$1234'.
  created $dff cell `$procdff$8777' with positive edge clock.
Creating register for signal `\wire_order_book.$memwr$\order_valid_q$rtl/common/wire_order_book.sv:318$95_EN' using process `\wire_order_book.$proc$rtl/common/wire_order_book.sv:302$1234'.
  created $dff cell `$procdff$8778' with positive edge clock.
Creating register for signal `\wire_order_book.$memwr$\order_valid_q$rtl/common/wire_order_book.sv:318$96_EN' using process `\wire_order_book.$proc$rtl/common/wire_order_book.sv:302$1234'.
  created $dff cell `$procdff$8779' with positive edge clock.
Creating register for signal `\wire_order_book.$memwr$\order_valid_q$rtl/common/wire_order_book.sv:318$97_EN' using process `\wire_order_book.$proc$rtl/common/wire_order_book.sv:302$1234'.
  created $dff cell `$procdff$8780' with positive edge clock.
Creating register for signal `\wire_order_book.$memwr$\order_valid_q$rtl/common/wire_order_book.sv:318$98_EN' using process `\wire_order_book.$proc$rtl/common/wire_order_book.sv:302$1234'.
  created $dff cell `$procdff$8781' with positive edge clock.
Creating register for signal `\wire_order_book.$memwr$\order_valid_q$rtl/common/wire_order_book.sv:318$99_EN' using process `\wire_order_book.$proc$rtl/common/wire_order_book.sv:302$1234'.
  created $dff cell `$procdff$8782' with positive edge clock.
Creating register for signal `\wire_order_book.$memwr$\order_valid_q$rtl/common/wire_order_book.sv:318$100_EN' using process `\wire_order_book.$proc$rtl/common/wire_order_book.sv:302$1234'.
  created $dff cell `$procdff$8783' with positive edge clock.
Creating register for signal `\wire_order_book.$memwr$\order_valid_q$rtl/common/wire_order_book.sv:318$101_EN' using process `\wire_order_book.$proc$rtl/common/wire_order_book.sv:302$1234'.
  created $dff cell `$procdff$8784' with positive edge clock.
Creating register for signal `\wire_order_book.$memwr$\order_valid_q$rtl/common/wire_order_book.sv:318$102_EN' using process `\wire_order_book.$proc$rtl/common/wire_order_book.sv:302$1234'.
  created $dff cell `$procdff$8785' with positive edge clock.
Creating register for signal `\wire_order_book.$memwr$\order_valid_q$rtl/common/wire_order_book.sv:318$103_EN' using process `\wire_order_book.$proc$rtl/common/wire_order_book.sv:302$1234'.
  created $dff cell `$procdff$8786' with positive edge clock.
Creating register for signal `\wire_order_book.$memwr$\order_valid_q$rtl/common/wire_order_book.sv:318$104_EN' using process `\wire_order_book.$proc$rtl/common/wire_order_book.sv:302$1234'.
  created $dff cell `$procdff$8787' with positive edge clock.
Creating register for signal `\wire_order_book.$memwr$\order_valid_q$rtl/common/wire_order_book.sv:318$105_EN' using process `\wire_order_book.$proc$rtl/common/wire_order_book.sv:302$1234'.
  created $dff cell `$procdff$8788' with positive edge clock.
Creating register for signal `\wire_order_book.$memwr$\order_valid_q$rtl/common/wire_order_book.sv:318$106_EN' using process `\wire_order_book.$proc$rtl/common/wire_order_book.sv:302$1234'.
  created $dff cell `$procdff$8789' with positive edge clock.
Creating register for signal `\wire_order_book.$memwr$\order_valid_q$rtl/common/wire_order_book.sv:318$107_EN' using process `\wire_order_book.$proc$rtl/common/wire_order_book.sv:302$1234'.
  created $dff cell `$procdff$8790' with positive edge clock.
Creating register for signal `\wire_order_book.$memwr$\order_valid_q$rtl/common/wire_order_book.sv:318$108_EN' using process `\wire_order_book.$proc$rtl/common/wire_order_book.sv:302$1234'.
  created $dff cell `$procdff$8791' with positive edge clock.
Creating register for signal `\wire_order_book.$memwr$\order_valid_q$rtl/common/wire_order_book.sv:318$109_EN' using process `\wire_order_book.$proc$rtl/common/wire_order_book.sv:302$1234'.
  created $dff cell `$procdff$8792' with positive edge clock.
Creating register for signal `\wire_order_book.$memwr$\order_valid_q$rtl/common/wire_order_book.sv:318$110_EN' using process `\wire_order_book.$proc$rtl/common/wire_order_book.sv:302$1234'.
  created $dff cell `$procdff$8793' with positive edge clock.
Creating register for signal `\wire_order_book.$memwr$\order_valid_q$rtl/common/wire_order_book.sv:318$111_EN' using process `\wire_order_book.$proc$rtl/common/wire_order_book.sv:302$1234'.
  created $dff cell `$procdff$8794' with positive edge clock.
Creating register for signal `\wire_order_book.$memwr$\order_valid_q$rtl/common/wire_order_book.sv:318$112_EN' using process `\wire_order_book.$proc$rtl/common/wire_order_book.sv:302$1234'.
  created $dff cell `$procdff$8795' with positive edge clock.
Creating register for signal `\wire_order_book.$memwr$\order_valid_q$rtl/common/wire_order_book.sv:318$113_EN' using process `\wire_order_book.$proc$rtl/common/wire_order_book.sv:302$1234'.
  created $dff cell `$procdff$8796' with positive edge clock.
Creating register for signal `\wire_order_book.$memwr$\order_valid_q$rtl/common/wire_order_book.sv:318$114_EN' using process `\wire_order_book.$proc$rtl/common/wire_order_book.sv:302$1234'.
  created $dff cell `$procdff$8797' with positive edge clock.
Creating register for signal `\wire_order_book.$memwr$\order_valid_q$rtl/common/wire_order_book.sv:318$115_EN' using process `\wire_order_book.$proc$rtl/common/wire_order_book.sv:302$1234'.
  created $dff cell `$procdff$8798' with positive edge clock.
Creating register for signal `\wire_order_book.$memwr$\order_valid_q$rtl/common/wire_order_book.sv:318$116_EN' using process `\wire_order_book.$proc$rtl/common/wire_order_book.sv:302$1234'.
  created $dff cell `$procdff$8799' with positive edge clock.
Creating register for signal `\wire_order_book.$memwr$\order_valid_q$rtl/common/wire_order_book.sv:318$117_EN' using process `\wire_order_book.$proc$rtl/common/wire_order_book.sv:302$1234'.
  created $dff cell `$procdff$8800' with positive edge clock.
Creating register for signal `\wire_order_book.$memwr$\order_valid_q$rtl/common/wire_order_book.sv:318$118_EN' using process `\wire_order_book.$proc$rtl/common/wire_order_book.sv:302$1234'.
  created $dff cell `$procdff$8801' with positive edge clock.
Creating register for signal `\wire_order_book.$memwr$\order_valid_q$rtl/common/wire_order_book.sv:318$119_EN' using process `\wire_order_book.$proc$rtl/common/wire_order_book.sv:302$1234'.
  created $dff cell `$procdff$8802' with positive edge clock.
Creating register for signal `\wire_order_book.$memwr$\order_valid_q$rtl/common/wire_order_book.sv:318$120_EN' using process `\wire_order_book.$proc$rtl/common/wire_order_book.sv:302$1234'.
  created $dff cell `$procdff$8803' with positive edge clock.
Creating register for signal `\wire_order_book.$memwr$\order_valid_q$rtl/common/wire_order_book.sv:318$121_EN' using process `\wire_order_book.$proc$rtl/common/wire_order_book.sv:302$1234'.
  created $dff cell `$procdff$8804' with positive edge clock.
Creating register for signal `\wire_order_book.$memwr$\order_valid_q$rtl/common/wire_order_book.sv:318$122_EN' using process `\wire_order_book.$proc$rtl/common/wire_order_book.sv:302$1234'.
  created $dff cell `$procdff$8805' with positive edge clock.
Creating register for signal `\wire_order_book.$memwr$\order_valid_q$rtl/common/wire_order_book.sv:318$123_EN' using process `\wire_order_book.$proc$rtl/common/wire_order_book.sv:302$1234'.
  created $dff cell `$procdff$8806' with positive edge clock.
Creating register for signal `\wire_order_book.$memwr$\order_valid_q$rtl/common/wire_order_book.sv:318$124_EN' using process `\wire_order_book.$proc$rtl/common/wire_order_book.sv:302$1234'.
  created $dff cell `$procdff$8807' with positive edge clock.
Creating register for signal `\wire_order_book.$memwr$\order_valid_q$rtl/common/wire_order_book.sv:318$125_EN' using process `\wire_order_book.$proc$rtl/common/wire_order_book.sv:302$1234'.
  created $dff cell `$procdff$8808' with positive edge clock.
Creating register for signal `\wire_order_book.$memwr$\order_valid_q$rtl/common/wire_order_book.sv:318$126_EN' using process `\wire_order_book.$proc$rtl/common/wire_order_book.sv:302$1234'.
  created $dff cell `$procdff$8809' with positive edge clock.
Creating register for signal `\wire_order_book.$memwr$\order_valid_q$rtl/common/wire_order_book.sv:318$127_EN' using process `\wire_order_book.$proc$rtl/common/wire_order_book.sv:302$1234'.
  created $dff cell `$procdff$8810' with positive edge clock.
Creating register for signal `\wire_order_book.$memwr$\order_valid_q$rtl/common/wire_order_book.sv:318$128_EN' using process `\wire_order_book.$proc$rtl/common/wire_order_book.sv:302$1234'.
  created $dff cell `$procdff$8811' with positive edge clock.
Creating register for signal `\wire_order_book.$memwr$\order_valid_q$rtl/common/wire_order_book.sv:318$129_EN' using process `\wire_order_book.$proc$rtl/common/wire_order_book.sv:302$1234'.
  created $dff cell `$procdff$8812' with positive edge clock.
Creating register for signal `\wire_order_book.$memwr$\order_valid_q$rtl/common/wire_order_book.sv:318$130_EN' using process `\wire_order_book.$proc$rtl/common/wire_order_book.sv:302$1234'.
  created $dff cell `$procdff$8813' with positive edge clock.
Creating register for signal `\wire_order_book.$memwr$\order_valid_q$rtl/common/wire_order_book.sv:318$131_EN' using process `\wire_order_book.$proc$rtl/common/wire_order_book.sv:302$1234'.
  created $dff cell `$procdff$8814' with positive edge clock.
Creating register for signal `\wire_order_book.$memwr$\order_valid_q$rtl/common/wire_order_book.sv:318$132_EN' using process `\wire_order_book.$proc$rtl/common/wire_order_book.sv:302$1234'.
  created $dff cell `$procdff$8815' with positive edge clock.
Creating register for signal `\wire_order_book.$memwr$\order_valid_q$rtl/common/wire_order_book.sv:318$133_EN' using process `\wire_order_book.$proc$rtl/common/wire_order_book.sv:302$1234'.
  created $dff cell `$procdff$8816' with positive edge clock.
Creating register for signal `\wire_order_book.$memwr$\order_valid_q$rtl/common/wire_order_book.sv:318$134_EN' using process `\wire_order_book.$proc$rtl/common/wire_order_book.sv:302$1234'.
  created $dff cell `$procdff$8817' with positive edge clock.
Creating register for signal `\wire_order_book.$memwr$\order_valid_q$rtl/common/wire_order_book.sv:318$135_EN' using process `\wire_order_book.$proc$rtl/common/wire_order_book.sv:302$1234'.
  created $dff cell `$procdff$8818' with positive edge clock.
Creating register for signal `\wire_order_book.$memwr$\order_valid_q$rtl/common/wire_order_book.sv:318$136_EN' using process `\wire_order_book.$proc$rtl/common/wire_order_book.sv:302$1234'.
  created $dff cell `$procdff$8819' with positive edge clock.
Creating register for signal `\wire_order_book.$memwr$\order_valid_q$rtl/common/wire_order_book.sv:318$137_EN' using process `\wire_order_book.$proc$rtl/common/wire_order_book.sv:302$1234'.
  created $dff cell `$procdff$8820' with positive edge clock.
Creating register for signal `\wire_order_book.$memwr$\order_valid_q$rtl/common/wire_order_book.sv:318$138_EN' using process `\wire_order_book.$proc$rtl/common/wire_order_book.sv:302$1234'.
  created $dff cell `$procdff$8821' with positive edge clock.
Creating register for signal `\wire_order_book.$memwr$\order_valid_q$rtl/common/wire_order_book.sv:318$139_EN' using process `\wire_order_book.$proc$rtl/common/wire_order_book.sv:302$1234'.
  created $dff cell `$procdff$8822' with positive edge clock.
Creating register for signal `\wire_order_book.$memwr$\order_valid_q$rtl/common/wire_order_book.sv:318$140_EN' using process `\wire_order_book.$proc$rtl/common/wire_order_book.sv:302$1234'.
  created $dff cell `$procdff$8823' with positive edge clock.
Creating register for signal `\wire_order_book.$memwr$\order_valid_q$rtl/common/wire_order_book.sv:318$141_EN' using process `\wire_order_book.$proc$rtl/common/wire_order_book.sv:302$1234'.
  created $dff cell `$procdff$8824' with positive edge clock.
Creating register for signal `\wire_order_book.$memwr$\order_valid_q$rtl/common/wire_order_book.sv:318$142_EN' using process `\wire_order_book.$proc$rtl/common/wire_order_book.sv:302$1234'.
  created $dff cell `$procdff$8825' with positive edge clock.
Creating register for signal `\wire_order_book.$memwr$\order_valid_q$rtl/common/wire_order_book.sv:318$143_EN' using process `\wire_order_book.$proc$rtl/common/wire_order_book.sv:302$1234'.
  created $dff cell `$procdff$8826' with positive edge clock.
Creating register for signal `\wire_order_book.$memwr$\order_valid_q$rtl/common/wire_order_book.sv:318$144_EN' using process `\wire_order_book.$proc$rtl/common/wire_order_book.sv:302$1234'.
  created $dff cell `$procdff$8827' with positive edge clock.
Creating register for signal `\wire_order_book.$memwr$\order_valid_q$rtl/common/wire_order_book.sv:318$145_EN' using process `\wire_order_book.$proc$rtl/common/wire_order_book.sv:302$1234'.
  created $dff cell `$procdff$8828' with positive edge clock.
Creating register for signal `\wire_order_book.$memwr$\order_valid_q$rtl/common/wire_order_book.sv:318$146_EN' using process `\wire_order_book.$proc$rtl/common/wire_order_book.sv:302$1234'.
  created $dff cell `$procdff$8829' with positive edge clock.
Creating register for signal `\wire_order_book.$memwr$\order_valid_q$rtl/common/wire_order_book.sv:318$147_EN' using process `\wire_order_book.$proc$rtl/common/wire_order_book.sv:302$1234'.
  created $dff cell `$procdff$8830' with positive edge clock.
Creating register for signal `\wire_order_book.$memwr$\order_valid_q$rtl/common/wire_order_book.sv:318$148_EN' using process `\wire_order_book.$proc$rtl/common/wire_order_book.sv:302$1234'.
  created $dff cell `$procdff$8831' with positive edge clock.
Creating register for signal `\wire_order_book.$memwr$\order_valid_q$rtl/common/wire_order_book.sv:318$149_EN' using process `\wire_order_book.$proc$rtl/common/wire_order_book.sv:302$1234'.
  created $dff cell `$procdff$8832' with positive edge clock.
Creating register for signal `\wire_order_book.$memwr$\order_valid_q$rtl/common/wire_order_book.sv:318$150_EN' using process `\wire_order_book.$proc$rtl/common/wire_order_book.sv:302$1234'.
  created $dff cell `$procdff$8833' with positive edge clock.
Creating register for signal `\wire_order_book.$memwr$\order_valid_q$rtl/common/wire_order_book.sv:318$151_EN' using process `\wire_order_book.$proc$rtl/common/wire_order_book.sv:302$1234'.
  created $dff cell `$procdff$8834' with positive edge clock.
Creating register for signal `\wire_order_book.$memwr$\order_valid_q$rtl/common/wire_order_book.sv:318$152_EN' using process `\wire_order_book.$proc$rtl/common/wire_order_book.sv:302$1234'.
  created $dff cell `$procdff$8835' with positive edge clock.
Creating register for signal `\wire_order_book.$memwr$\order_valid_q$rtl/common/wire_order_book.sv:318$153_EN' using process `\wire_order_book.$proc$rtl/common/wire_order_book.sv:302$1234'.
  created $dff cell `$procdff$8836' with positive edge clock.
Creating register for signal `\wire_order_book.$memwr$\order_valid_q$rtl/common/wire_order_book.sv:318$154_EN' using process `\wire_order_book.$proc$rtl/common/wire_order_book.sv:302$1234'.
  created $dff cell `$procdff$8837' with positive edge clock.
Creating register for signal `\wire_order_book.$memwr$\order_valid_q$rtl/common/wire_order_book.sv:318$155_EN' using process `\wire_order_book.$proc$rtl/common/wire_order_book.sv:302$1234'.
  created $dff cell `$procdff$8838' with positive edge clock.
Creating register for signal `\wire_order_book.$memwr$\order_valid_q$rtl/common/wire_order_book.sv:318$156_EN' using process `\wire_order_book.$proc$rtl/common/wire_order_book.sv:302$1234'.
  created $dff cell `$procdff$8839' with positive edge clock.
Creating register for signal `\wire_order_book.$memwr$\order_valid_q$rtl/common/wire_order_book.sv:318$157_EN' using process `\wire_order_book.$proc$rtl/common/wire_order_book.sv:302$1234'.
  created $dff cell `$procdff$8840' with positive edge clock.
Creating register for signal `\wire_order_book.$memwr$\order_valid_q$rtl/common/wire_order_book.sv:318$158_EN' using process `\wire_order_book.$proc$rtl/common/wire_order_book.sv:302$1234'.
  created $dff cell `$procdff$8841' with positive edge clock.
Creating register for signal `\wire_order_book.$memwr$\order_valid_q$rtl/common/wire_order_book.sv:318$159_EN' using process `\wire_order_book.$proc$rtl/common/wire_order_book.sv:302$1234'.
  created $dff cell `$procdff$8842' with positive edge clock.
Creating register for signal `\wire_order_book.$memwr$\order_valid_q$rtl/common/wire_order_book.sv:318$160_EN' using process `\wire_order_book.$proc$rtl/common/wire_order_book.sv:302$1234'.
  created $dff cell `$procdff$8843' with positive edge clock.
Creating register for signal `\wire_order_book.$memwr$\order_valid_q$rtl/common/wire_order_book.sv:318$161_EN' using process `\wire_order_book.$proc$rtl/common/wire_order_book.sv:302$1234'.
  created $dff cell `$procdff$8844' with positive edge clock.
Creating register for signal `\wire_order_book.$memwr$\order_valid_q$rtl/common/wire_order_book.sv:318$162_EN' using process `\wire_order_book.$proc$rtl/common/wire_order_book.sv:302$1234'.
  created $dff cell `$procdff$8845' with positive edge clock.
Creating register for signal `\wire_order_book.$memwr$\order_valid_q$rtl/common/wire_order_book.sv:318$163_EN' using process `\wire_order_book.$proc$rtl/common/wire_order_book.sv:302$1234'.
  created $dff cell `$procdff$8846' with positive edge clock.
Creating register for signal `\wire_order_book.$memwr$\order_valid_q$rtl/common/wire_order_book.sv:318$164_EN' using process `\wire_order_book.$proc$rtl/common/wire_order_book.sv:302$1234'.
  created $dff cell `$procdff$8847' with positive edge clock.
Creating register for signal `\wire_order_book.$memwr$\order_valid_q$rtl/common/wire_order_book.sv:318$165_EN' using process `\wire_order_book.$proc$rtl/common/wire_order_book.sv:302$1234'.
  created $dff cell `$procdff$8848' with positive edge clock.
Creating register for signal `\wire_order_book.$memwr$\order_valid_q$rtl/common/wire_order_book.sv:318$166_EN' using process `\wire_order_book.$proc$rtl/common/wire_order_book.sv:302$1234'.
  created $dff cell `$procdff$8849' with positive edge clock.
Creating register for signal `\wire_order_book.$memwr$\order_valid_q$rtl/common/wire_order_book.sv:318$167_EN' using process `\wire_order_book.$proc$rtl/common/wire_order_book.sv:302$1234'.
  created $dff cell `$procdff$8850' with positive edge clock.
Creating register for signal `\wire_order_book.$memwr$\order_valid_q$rtl/common/wire_order_book.sv:318$168_EN' using process `\wire_order_book.$proc$rtl/common/wire_order_book.sv:302$1234'.
  created $dff cell `$procdff$8851' with positive edge clock.
Creating register for signal `\wire_order_book.$memwr$\order_valid_q$rtl/common/wire_order_book.sv:318$169_EN' using process `\wire_order_book.$proc$rtl/common/wire_order_book.sv:302$1234'.
  created $dff cell `$procdff$8852' with positive edge clock.
Creating register for signal `\wire_order_book.$memwr$\order_valid_q$rtl/common/wire_order_book.sv:318$170_EN' using process `\wire_order_book.$proc$rtl/common/wire_order_book.sv:302$1234'.
  created $dff cell `$procdff$8853' with positive edge clock.
Creating register for signal `\wire_order_book.$memwr$\order_valid_q$rtl/common/wire_order_book.sv:318$171_EN' using process `\wire_order_book.$proc$rtl/common/wire_order_book.sv:302$1234'.
  created $dff cell `$procdff$8854' with positive edge clock.
Creating register for signal `\wire_order_book.$memwr$\order_valid_q$rtl/common/wire_order_book.sv:318$172_EN' using process `\wire_order_book.$proc$rtl/common/wire_order_book.sv:302$1234'.
  created $dff cell `$procdff$8855' with positive edge clock.
Creating register for signal `\wire_order_book.$memwr$\order_valid_q$rtl/common/wire_order_book.sv:318$173_EN' using process `\wire_order_book.$proc$rtl/common/wire_order_book.sv:302$1234'.
  created $dff cell `$procdff$8856' with positive edge clock.
Creating register for signal `\wire_order_book.$memwr$\order_valid_q$rtl/common/wire_order_book.sv:318$174_EN' using process `\wire_order_book.$proc$rtl/common/wire_order_book.sv:302$1234'.
  created $dff cell `$procdff$8857' with positive edge clock.
Creating register for signal `\wire_order_book.$memwr$\order_valid_q$rtl/common/wire_order_book.sv:318$175_EN' using process `\wire_order_book.$proc$rtl/common/wire_order_book.sv:302$1234'.
  created $dff cell `$procdff$8858' with positive edge clock.
Creating register for signal `\wire_order_book.$memwr$\order_valid_q$rtl/common/wire_order_book.sv:318$176_EN' using process `\wire_order_book.$proc$rtl/common/wire_order_book.sv:302$1234'.
  created $dff cell `$procdff$8859' with positive edge clock.
Creating register for signal `\wire_order_book.$memwr$\order_valid_q$rtl/common/wire_order_book.sv:318$177_EN' using process `\wire_order_book.$proc$rtl/common/wire_order_book.sv:302$1234'.
  created $dff cell `$procdff$8860' with positive edge clock.
Creating register for signal `\wire_order_book.$memwr$\order_valid_q$rtl/common/wire_order_book.sv:318$178_EN' using process `\wire_order_book.$proc$rtl/common/wire_order_book.sv:302$1234'.
  created $dff cell `$procdff$8861' with positive edge clock.
Creating register for signal `\wire_order_book.$memwr$\order_valid_q$rtl/common/wire_order_book.sv:318$179_EN' using process `\wire_order_book.$proc$rtl/common/wire_order_book.sv:302$1234'.
  created $dff cell `$procdff$8862' with positive edge clock.
Creating register for signal `\wire_order_book.$memwr$\order_valid_q$rtl/common/wire_order_book.sv:318$180_EN' using process `\wire_order_book.$proc$rtl/common/wire_order_book.sv:302$1234'.
  created $dff cell `$procdff$8863' with positive edge clock.
Creating register for signal `\wire_order_book.$memwr$\order_valid_q$rtl/common/wire_order_book.sv:318$181_EN' using process `\wire_order_book.$proc$rtl/common/wire_order_book.sv:302$1234'.
  created $dff cell `$procdff$8864' with positive edge clock.
Creating register for signal `\wire_order_book.$memwr$\order_valid_q$rtl/common/wire_order_book.sv:318$182_EN' using process `\wire_order_book.$proc$rtl/common/wire_order_book.sv:302$1234'.
  created $dff cell `$procdff$8865' with positive edge clock.
Creating register for signal `\wire_order_book.$memwr$\order_valid_q$rtl/common/wire_order_book.sv:318$183_EN' using process `\wire_order_book.$proc$rtl/common/wire_order_book.sv:302$1234'.
  created $dff cell `$procdff$8866' with positive edge clock.
Creating register for signal `\wire_order_book.$memwr$\order_valid_q$rtl/common/wire_order_book.sv:318$184_EN' using process `\wire_order_book.$proc$rtl/common/wire_order_book.sv:302$1234'.
  created $dff cell `$procdff$8867' with positive edge clock.
Creating register for signal `\wire_order_book.$memwr$\order_valid_q$rtl/common/wire_order_book.sv:318$185_EN' using process `\wire_order_book.$proc$rtl/common/wire_order_book.sv:302$1234'.
  created $dff cell `$procdff$8868' with positive edge clock.
Creating register for signal `\wire_order_book.$memwr$\order_valid_q$rtl/common/wire_order_book.sv:318$186_EN' using process `\wire_order_book.$proc$rtl/common/wire_order_book.sv:302$1234'.
  created $dff cell `$procdff$8869' with positive edge clock.
Creating register for signal `\wire_order_book.$memwr$\order_valid_q$rtl/common/wire_order_book.sv:318$187_EN' using process `\wire_order_book.$proc$rtl/common/wire_order_book.sv:302$1234'.
  created $dff cell `$procdff$8870' with positive edge clock.
Creating register for signal `\wire_order_book.$memwr$\order_valid_q$rtl/common/wire_order_book.sv:318$188_EN' using process `\wire_order_book.$proc$rtl/common/wire_order_book.sv:302$1234'.
  created $dff cell `$procdff$8871' with positive edge clock.
Creating register for signal `\wire_order_book.$memwr$\order_valid_q$rtl/common/wire_order_book.sv:318$189_EN' using process `\wire_order_book.$proc$rtl/common/wire_order_book.sv:302$1234'.
  created $dff cell `$procdff$8872' with positive edge clock.
Creating register for signal `\wire_order_book.$memwr$\order_valid_q$rtl/common/wire_order_book.sv:318$190_EN' using process `\wire_order_book.$proc$rtl/common/wire_order_book.sv:302$1234'.
  created $dff cell `$procdff$8873' with positive edge clock.
Creating register for signal `\wire_order_book.$memwr$\order_valid_q$rtl/common/wire_order_book.sv:318$191_EN' using process `\wire_order_book.$proc$rtl/common/wire_order_book.sv:302$1234'.
  created $dff cell `$procdff$8874' with positive edge clock.
Creating register for signal `\wire_order_book.$memwr$\order_valid_q$rtl/common/wire_order_book.sv:318$192_EN' using process `\wire_order_book.$proc$rtl/common/wire_order_book.sv:302$1234'.
  created $dff cell `$procdff$8875' with positive edge clock.
Creating register for signal `\wire_order_book.$memwr$\order_valid_q$rtl/common/wire_order_book.sv:318$193_EN' using process `\wire_order_book.$proc$rtl/common/wire_order_book.sv:302$1234'.
  created $dff cell `$procdff$8876' with positive edge clock.
Creating register for signal `\wire_order_book.$memwr$\order_valid_q$rtl/common/wire_order_book.sv:318$194_EN' using process `\wire_order_book.$proc$rtl/common/wire_order_book.sv:302$1234'.
  created $dff cell `$procdff$8877' with positive edge clock.
Creating register for signal `\wire_order_book.$memwr$\order_valid_q$rtl/common/wire_order_book.sv:318$195_EN' using process `\wire_order_book.$proc$rtl/common/wire_order_book.sv:302$1234'.
  created $dff cell `$procdff$8878' with positive edge clock.
Creating register for signal `\wire_order_book.$memwr$\order_valid_q$rtl/common/wire_order_book.sv:318$196_EN' using process `\wire_order_book.$proc$rtl/common/wire_order_book.sv:302$1234'.
  created $dff cell `$procdff$8879' with positive edge clock.
Creating register for signal `\wire_order_book.$memwr$\order_valid_q$rtl/common/wire_order_book.sv:318$197_EN' using process `\wire_order_book.$proc$rtl/common/wire_order_book.sv:302$1234'.
  created $dff cell `$procdff$8880' with positive edge clock.
Creating register for signal `\wire_order_book.$memwr$\order_valid_q$rtl/common/wire_order_book.sv:318$198_EN' using process `\wire_order_book.$proc$rtl/common/wire_order_book.sv:302$1234'.
  created $dff cell `$procdff$8881' with positive edge clock.
Creating register for signal `\wire_order_book.$memwr$\order_valid_q$rtl/common/wire_order_book.sv:318$199_EN' using process `\wire_order_book.$proc$rtl/common/wire_order_book.sv:302$1234'.
  created $dff cell `$procdff$8882' with positive edge clock.
Creating register for signal `\wire_order_book.$memwr$\order_valid_q$rtl/common/wire_order_book.sv:318$200_EN' using process `\wire_order_book.$proc$rtl/common/wire_order_book.sv:302$1234'.
  created $dff cell `$procdff$8883' with positive edge clock.
Creating register for signal `\wire_order_book.$memwr$\order_valid_q$rtl/common/wire_order_book.sv:318$201_EN' using process `\wire_order_book.$proc$rtl/common/wire_order_book.sv:302$1234'.
  created $dff cell `$procdff$8884' with positive edge clock.
Creating register for signal `\wire_order_book.$memwr$\order_valid_q$rtl/common/wire_order_book.sv:318$202_EN' using process `\wire_order_book.$proc$rtl/common/wire_order_book.sv:302$1234'.
  created $dff cell `$procdff$8885' with positive edge clock.
Creating register for signal `\wire_order_book.$memwr$\order_valid_q$rtl/common/wire_order_book.sv:318$203_EN' using process `\wire_order_book.$proc$rtl/common/wire_order_book.sv:302$1234'.
  created $dff cell `$procdff$8886' with positive edge clock.
Creating register for signal `\wire_order_book.$memwr$\order_valid_q$rtl/common/wire_order_book.sv:318$204_EN' using process `\wire_order_book.$proc$rtl/common/wire_order_book.sv:302$1234'.
  created $dff cell `$procdff$8887' with positive edge clock.
Creating register for signal `\wire_order_book.$memwr$\order_valid_q$rtl/common/wire_order_book.sv:318$205_EN' using process `\wire_order_book.$proc$rtl/common/wire_order_book.sv:302$1234'.
  created $dff cell `$procdff$8888' with positive edge clock.
Creating register for signal `\wire_order_book.$memwr$\order_valid_q$rtl/common/wire_order_book.sv:318$206_EN' using process `\wire_order_book.$proc$rtl/common/wire_order_book.sv:302$1234'.
  created $dff cell `$procdff$8889' with positive edge clock.
Creating register for signal `\wire_order_book.$memwr$\order_valid_q$rtl/common/wire_order_book.sv:318$207_EN' using process `\wire_order_book.$proc$rtl/common/wire_order_book.sv:302$1234'.
  created $dff cell `$procdff$8890' with positive edge clock.
Creating register for signal `\wire_order_book.$memwr$\order_valid_q$rtl/common/wire_order_book.sv:318$208_EN' using process `\wire_order_book.$proc$rtl/common/wire_order_book.sv:302$1234'.
  created $dff cell `$procdff$8891' with positive edge clock.
Creating register for signal `\wire_order_book.$memwr$\order_valid_q$rtl/common/wire_order_book.sv:318$209_EN' using process `\wire_order_book.$proc$rtl/common/wire_order_book.sv:302$1234'.
  created $dff cell `$procdff$8892' with positive edge clock.
Creating register for signal `\wire_order_book.$memwr$\order_valid_q$rtl/common/wire_order_book.sv:318$210_EN' using process `\wire_order_book.$proc$rtl/common/wire_order_book.sv:302$1234'.
  created $dff cell `$procdff$8893' with positive edge clock.
Creating register for signal `\wire_order_book.$memwr$\order_valid_q$rtl/common/wire_order_book.sv:318$211_EN' using process `\wire_order_book.$proc$rtl/common/wire_order_book.sv:302$1234'.
  created $dff cell `$procdff$8894' with positive edge clock.
Creating register for signal `\wire_order_book.$memwr$\order_valid_q$rtl/common/wire_order_book.sv:318$212_EN' using process `\wire_order_book.$proc$rtl/common/wire_order_book.sv:302$1234'.
  created $dff cell `$procdff$8895' with positive edge clock.
Creating register for signal `\wire_order_book.$memwr$\order_valid_q$rtl/common/wire_order_book.sv:318$213_EN' using process `\wire_order_book.$proc$rtl/common/wire_order_book.sv:302$1234'.
  created $dff cell `$procdff$8896' with positive edge clock.
Creating register for signal `\wire_order_book.$memwr$\order_valid_q$rtl/common/wire_order_book.sv:318$214_EN' using process `\wire_order_book.$proc$rtl/common/wire_order_book.sv:302$1234'.
  created $dff cell `$procdff$8897' with positive edge clock.
Creating register for signal `\wire_order_book.$memwr$\order_valid_q$rtl/common/wire_order_book.sv:318$215_EN' using process `\wire_order_book.$proc$rtl/common/wire_order_book.sv:302$1234'.
  created $dff cell `$procdff$8898' with positive edge clock.
Creating register for signal `\wire_order_book.$memwr$\order_valid_q$rtl/common/wire_order_book.sv:318$216_EN' using process `\wire_order_book.$proc$rtl/common/wire_order_book.sv:302$1234'.
  created $dff cell `$procdff$8899' with positive edge clock.
Creating register for signal `\wire_order_book.$memwr$\order_valid_q$rtl/common/wire_order_book.sv:318$217_EN' using process `\wire_order_book.$proc$rtl/common/wire_order_book.sv:302$1234'.
  created $dff cell `$procdff$8900' with positive edge clock.
Creating register for signal `\wire_order_book.$memwr$\order_valid_q$rtl/common/wire_order_book.sv:318$218_EN' using process `\wire_order_book.$proc$rtl/common/wire_order_book.sv:302$1234'.
  created $dff cell `$procdff$8901' with positive edge clock.
Creating register for signal `\wire_order_book.$memwr$\order_valid_q$rtl/common/wire_order_book.sv:318$219_EN' using process `\wire_order_book.$proc$rtl/common/wire_order_book.sv:302$1234'.
  created $dff cell `$procdff$8902' with positive edge clock.
Creating register for signal `\wire_order_book.$memwr$\order_valid_q$rtl/common/wire_order_book.sv:318$220_EN' using process `\wire_order_book.$proc$rtl/common/wire_order_book.sv:302$1234'.
  created $dff cell `$procdff$8903' with positive edge clock.
Creating register for signal `\wire_order_book.$memwr$\order_valid_q$rtl/common/wire_order_book.sv:318$221_EN' using process `\wire_order_book.$proc$rtl/common/wire_order_book.sv:302$1234'.
  created $dff cell `$procdff$8904' with positive edge clock.
Creating register for signal `\wire_order_book.$memwr$\order_valid_q$rtl/common/wire_order_book.sv:318$222_EN' using process `\wire_order_book.$proc$rtl/common/wire_order_book.sv:302$1234'.
  created $dff cell `$procdff$8905' with positive edge clock.
Creating register for signal `\wire_order_book.$memwr$\order_valid_q$rtl/common/wire_order_book.sv:318$223_EN' using process `\wire_order_book.$proc$rtl/common/wire_order_book.sv:302$1234'.
  created $dff cell `$procdff$8906' with positive edge clock.
Creating register for signal `\wire_order_book.$memwr$\order_valid_q$rtl/common/wire_order_book.sv:318$224_EN' using process `\wire_order_book.$proc$rtl/common/wire_order_book.sv:302$1234'.
  created $dff cell `$procdff$8907' with positive edge clock.
Creating register for signal `\wire_order_book.$memwr$\order_valid_q$rtl/common/wire_order_book.sv:318$225_EN' using process `\wire_order_book.$proc$rtl/common/wire_order_book.sv:302$1234'.
  created $dff cell `$procdff$8908' with positive edge clock.
Creating register for signal `\wire_order_book.$memwr$\order_valid_q$rtl/common/wire_order_book.sv:318$226_EN' using process `\wire_order_book.$proc$rtl/common/wire_order_book.sv:302$1234'.
  created $dff cell `$procdff$8909' with positive edge clock.
Creating register for signal `\wire_order_book.$memwr$\order_valid_q$rtl/common/wire_order_book.sv:318$227_EN' using process `\wire_order_book.$proc$rtl/common/wire_order_book.sv:302$1234'.
  created $dff cell `$procdff$8910' with positive edge clock.
Creating register for signal `\wire_order_book.$memwr$\order_valid_q$rtl/common/wire_order_book.sv:318$228_EN' using process `\wire_order_book.$proc$rtl/common/wire_order_book.sv:302$1234'.
  created $dff cell `$procdff$8911' with positive edge clock.
Creating register for signal `\wire_order_book.$memwr$\order_valid_q$rtl/common/wire_order_book.sv:318$229_EN' using process `\wire_order_book.$proc$rtl/common/wire_order_book.sv:302$1234'.
  created $dff cell `$procdff$8912' with positive edge clock.
Creating register for signal `\wire_order_book.$memwr$\order_valid_q$rtl/common/wire_order_book.sv:318$230_EN' using process `\wire_order_book.$proc$rtl/common/wire_order_book.sv:302$1234'.
  created $dff cell `$procdff$8913' with positive edge clock.
Creating register for signal `\wire_order_book.$memwr$\order_valid_q$rtl/common/wire_order_book.sv:318$231_EN' using process `\wire_order_book.$proc$rtl/common/wire_order_book.sv:302$1234'.
  created $dff cell `$procdff$8914' with positive edge clock.
Creating register for signal `\wire_order_book.$memwr$\order_valid_q$rtl/common/wire_order_book.sv:318$232_EN' using process `\wire_order_book.$proc$rtl/common/wire_order_book.sv:302$1234'.
  created $dff cell `$procdff$8915' with positive edge clock.
Creating register for signal `\wire_order_book.$memwr$\order_valid_q$rtl/common/wire_order_book.sv:318$233_EN' using process `\wire_order_book.$proc$rtl/common/wire_order_book.sv:302$1234'.
  created $dff cell `$procdff$8916' with positive edge clock.
Creating register for signal `\wire_order_book.$memwr$\order_valid_q$rtl/common/wire_order_book.sv:318$234_EN' using process `\wire_order_book.$proc$rtl/common/wire_order_book.sv:302$1234'.
  created $dff cell `$procdff$8917' with positive edge clock.
Creating register for signal `\wire_order_book.$memwr$\order_valid_q$rtl/common/wire_order_book.sv:318$235_EN' using process `\wire_order_book.$proc$rtl/common/wire_order_book.sv:302$1234'.
  created $dff cell `$procdff$8918' with positive edge clock.
Creating register for signal `\wire_order_book.$memwr$\order_valid_q$rtl/common/wire_order_book.sv:318$236_EN' using process `\wire_order_book.$proc$rtl/common/wire_order_book.sv:302$1234'.
  created $dff cell `$procdff$8919' with positive edge clock.
Creating register for signal `\wire_order_book.$memwr$\order_valid_q$rtl/common/wire_order_book.sv:318$237_EN' using process `\wire_order_book.$proc$rtl/common/wire_order_book.sv:302$1234'.
  created $dff cell `$procdff$8920' with positive edge clock.
Creating register for signal `\wire_order_book.$memwr$\order_valid_q$rtl/common/wire_order_book.sv:318$238_EN' using process `\wire_order_book.$proc$rtl/common/wire_order_book.sv:302$1234'.
  created $dff cell `$procdff$8921' with positive edge clock.
Creating register for signal `\wire_order_book.$memwr$\order_valid_q$rtl/common/wire_order_book.sv:318$239_EN' using process `\wire_order_book.$proc$rtl/common/wire_order_book.sv:302$1234'.
  created $dff cell `$procdff$8922' with positive edge clock.
Creating register for signal `\wire_order_book.$memwr$\order_valid_q$rtl/common/wire_order_book.sv:318$240_EN' using process `\wire_order_book.$proc$rtl/common/wire_order_book.sv:302$1234'.
  created $dff cell `$procdff$8923' with positive edge clock.
Creating register for signal `\wire_order_book.$memwr$\order_valid_q$rtl/common/wire_order_book.sv:318$241_EN' using process `\wire_order_book.$proc$rtl/common/wire_order_book.sv:302$1234'.
  created $dff cell `$procdff$8924' with positive edge clock.
Creating register for signal `\wire_order_book.$memwr$\order_valid_q$rtl/common/wire_order_book.sv:318$242_EN' using process `\wire_order_book.$proc$rtl/common/wire_order_book.sv:302$1234'.
  created $dff cell `$procdff$8925' with positive edge clock.
Creating register for signal `\wire_order_book.$memwr$\order_valid_q$rtl/common/wire_order_book.sv:318$243_EN' using process `\wire_order_book.$proc$rtl/common/wire_order_book.sv:302$1234'.
  created $dff cell `$procdff$8926' with positive edge clock.
Creating register for signal `\wire_order_book.$memwr$\order_valid_q$rtl/common/wire_order_book.sv:318$244_EN' using process `\wire_order_book.$proc$rtl/common/wire_order_book.sv:302$1234'.
  created $dff cell `$procdff$8927' with positive edge clock.
Creating register for signal `\wire_order_book.$memwr$\order_valid_q$rtl/common/wire_order_book.sv:318$245_EN' using process `\wire_order_book.$proc$rtl/common/wire_order_book.sv:302$1234'.
  created $dff cell `$procdff$8928' with positive edge clock.
Creating register for signal `\wire_order_book.$memwr$\order_valid_q$rtl/common/wire_order_book.sv:318$246_EN' using process `\wire_order_book.$proc$rtl/common/wire_order_book.sv:302$1234'.
  created $dff cell `$procdff$8929' with positive edge clock.
Creating register for signal `\wire_order_book.$memwr$\order_valid_q$rtl/common/wire_order_book.sv:318$247_EN' using process `\wire_order_book.$proc$rtl/common/wire_order_book.sv:302$1234'.
  created $dff cell `$procdff$8930' with positive edge clock.
Creating register for signal `\wire_order_book.$memwr$\order_valid_q$rtl/common/wire_order_book.sv:318$248_EN' using process `\wire_order_book.$proc$rtl/common/wire_order_book.sv:302$1234'.
  created $dff cell `$procdff$8931' with positive edge clock.
Creating register for signal `\wire_order_book.$memwr$\order_valid_q$rtl/common/wire_order_book.sv:318$249_EN' using process `\wire_order_book.$proc$rtl/common/wire_order_book.sv:302$1234'.
  created $dff cell `$procdff$8932' with positive edge clock.
Creating register for signal `\wire_order_book.$memwr$\order_valid_q$rtl/common/wire_order_book.sv:318$250_EN' using process `\wire_order_book.$proc$rtl/common/wire_order_book.sv:302$1234'.
  created $dff cell `$procdff$8933' with positive edge clock.
Creating register for signal `\wire_order_book.$memwr$\order_valid_q$rtl/common/wire_order_book.sv:318$251_EN' using process `\wire_order_book.$proc$rtl/common/wire_order_book.sv:302$1234'.
  created $dff cell `$procdff$8934' with positive edge clock.
Creating register for signal `\wire_order_book.$memwr$\order_valid_q$rtl/common/wire_order_book.sv:318$252_EN' using process `\wire_order_book.$proc$rtl/common/wire_order_book.sv:302$1234'.
  created $dff cell `$procdff$8935' with positive edge clock.
Creating register for signal `\wire_order_book.$memwr$\order_valid_q$rtl/common/wire_order_book.sv:318$253_EN' using process `\wire_order_book.$proc$rtl/common/wire_order_book.sv:302$1234'.
  created $dff cell `$procdff$8936' with positive edge clock.
Creating register for signal `\wire_order_book.$memwr$\order_valid_q$rtl/common/wire_order_book.sv:318$254_EN' using process `\wire_order_book.$proc$rtl/common/wire_order_book.sv:302$1234'.
  created $dff cell `$procdff$8937' with positive edge clock.
Creating register for signal `\wire_order_book.$memwr$\order_valid_q$rtl/common/wire_order_book.sv:318$255_EN' using process `\wire_order_book.$proc$rtl/common/wire_order_book.sv:302$1234'.
  created $dff cell `$procdff$8938' with positive edge clock.
Creating register for signal `\wire_order_book.$memwr$\order_valid_q$rtl/common/wire_order_book.sv:318$256_EN' using process `\wire_order_book.$proc$rtl/common/wire_order_book.sv:302$1234'.
  created $dff cell `$procdff$8939' with positive edge clock.
Creating register for signal `\wire_order_book.$memwr$\order_valid_q$rtl/common/wire_order_book.sv:318$257_EN' using process `\wire_order_book.$proc$rtl/common/wire_order_book.sv:302$1234'.
  created $dff cell `$procdff$8940' with positive edge clock.
Creating register for signal `\wire_order_book.$memwr$\order_valid_q$rtl/common/wire_order_book.sv:318$258_EN' using process `\wire_order_book.$proc$rtl/common/wire_order_book.sv:302$1234'.
  created $dff cell `$procdff$8941' with positive edge clock.
Creating register for signal `\wire_order_book.$memwr$\order_valid_q$rtl/common/wire_order_book.sv:318$259_EN' using process `\wire_order_book.$proc$rtl/common/wire_order_book.sv:302$1234'.
  created $dff cell `$procdff$8942' with positive edge clock.
Creating register for signal `\wire_order_book.$memwr$\order_valid_q$rtl/common/wire_order_book.sv:318$260_EN' using process `\wire_order_book.$proc$rtl/common/wire_order_book.sv:302$1234'.
  created $dff cell `$procdff$8943' with positive edge clock.
Creating register for signal `\wire_order_book.$memwr$\order_valid_q$rtl/common/wire_order_book.sv:318$261_EN' using process `\wire_order_book.$proc$rtl/common/wire_order_book.sv:302$1234'.
  created $dff cell `$procdff$8944' with positive edge clock.
Creating register for signal `\wire_order_book.$memwr$\order_valid_q$rtl/common/wire_order_book.sv:318$262_EN' using process `\wire_order_book.$proc$rtl/common/wire_order_book.sv:302$1234'.
  created $dff cell `$procdff$8945' with positive edge clock.
Creating register for signal `\wire_order_book.$memwr$\order_valid_q$rtl/common/wire_order_book.sv:318$263_EN' using process `\wire_order_book.$proc$rtl/common/wire_order_book.sv:302$1234'.
  created $dff cell `$procdff$8946' with positive edge clock.
Creating register for signal `\wire_order_book.$memwr$\order_valid_q$rtl/common/wire_order_book.sv:318$264_EN' using process `\wire_order_book.$proc$rtl/common/wire_order_book.sv:302$1234'.
  created $dff cell `$procdff$8947' with positive edge clock.
Creating register for signal `\wire_order_book.$memwr$\order_valid_q$rtl/common/wire_order_book.sv:318$265_EN' using process `\wire_order_book.$proc$rtl/common/wire_order_book.sv:302$1234'.
  created $dff cell `$procdff$8948' with positive edge clock.
Creating register for signal `\wire_order_book.$memwr$\order_valid_q$rtl/common/wire_order_book.sv:318$266_EN' using process `\wire_order_book.$proc$rtl/common/wire_order_book.sv:302$1234'.
  created $dff cell `$procdff$8949' with positive edge clock.
Creating register for signal `\wire_order_book.$memwr$\order_valid_q$rtl/common/wire_order_book.sv:318$267_EN' using process `\wire_order_book.$proc$rtl/common/wire_order_book.sv:302$1234'.
  created $dff cell `$procdff$8950' with positive edge clock.
Creating register for signal `\wire_order_book.$memwr$\order_valid_q$rtl/common/wire_order_book.sv:318$268_EN' using process `\wire_order_book.$proc$rtl/common/wire_order_book.sv:302$1234'.
  created $dff cell `$procdff$8951' with positive edge clock.
Creating register for signal `\wire_order_book.$memwr$\order_valid_q$rtl/common/wire_order_book.sv:318$269_EN' using process `\wire_order_book.$proc$rtl/common/wire_order_book.sv:302$1234'.
  created $dff cell `$procdff$8952' with positive edge clock.
Creating register for signal `\wire_order_book.$memwr$\order_valid_q$rtl/common/wire_order_book.sv:318$270_EN' using process `\wire_order_book.$proc$rtl/common/wire_order_book.sv:302$1234'.
  created $dff cell `$procdff$8953' with positive edge clock.
Creating register for signal `\wire_order_book.$memwr$\order_valid_q$rtl/common/wire_order_book.sv:318$271_EN' using process `\wire_order_book.$proc$rtl/common/wire_order_book.sv:302$1234'.
  created $dff cell `$procdff$8954' with positive edge clock.
Creating register for signal `\wire_order_book.$memwr$\order_valid_q$rtl/common/wire_order_book.sv:318$272_EN' using process `\wire_order_book.$proc$rtl/common/wire_order_book.sv:302$1234'.
  created $dff cell `$procdff$8955' with positive edge clock.
Creating register for signal `\wire_order_book.$memwr$\order_valid_q$rtl/common/wire_order_book.sv:318$273_EN' using process `\wire_order_book.$proc$rtl/common/wire_order_book.sv:302$1234'.
  created $dff cell `$procdff$8956' with positive edge clock.
Creating register for signal `\wire_order_book.$memwr$\order_valid_q$rtl/common/wire_order_book.sv:318$274_EN' using process `\wire_order_book.$proc$rtl/common/wire_order_book.sv:302$1234'.
  created $dff cell `$procdff$8957' with positive edge clock.
Creating register for signal `\wire_order_book.$memwr$\order_valid_q$rtl/common/wire_order_book.sv:318$275_EN' using process `\wire_order_book.$proc$rtl/common/wire_order_book.sv:302$1234'.
  created $dff cell `$procdff$8958' with positive edge clock.
Creating register for signal `\wire_order_book.$memwr$\order_valid_q$rtl/common/wire_order_book.sv:318$276_EN' using process `\wire_order_book.$proc$rtl/common/wire_order_book.sv:302$1234'.
  created $dff cell `$procdff$8959' with positive edge clock.
Creating register for signal `\wire_order_book.$memwr$\order_valid_q$rtl/common/wire_order_book.sv:318$277_EN' using process `\wire_order_book.$proc$rtl/common/wire_order_book.sv:302$1234'.
  created $dff cell `$procdff$8960' with positive edge clock.
Creating register for signal `\wire_order_book.$memwr$\order_valid_q$rtl/common/wire_order_book.sv:318$278_EN' using process `\wire_order_book.$proc$rtl/common/wire_order_book.sv:302$1234'.
  created $dff cell `$procdff$8961' with positive edge clock.
Creating register for signal `\wire_order_book.$memwr$\order_valid_q$rtl/common/wire_order_book.sv:318$279_EN' using process `\wire_order_book.$proc$rtl/common/wire_order_book.sv:302$1234'.
  created $dff cell `$procdff$8962' with positive edge clock.
Creating register for signal `\wire_order_book.$memwr$\order_valid_q$rtl/common/wire_order_book.sv:318$280_EN' using process `\wire_order_book.$proc$rtl/common/wire_order_book.sv:302$1234'.
  created $dff cell `$procdff$8963' with positive edge clock.
Creating register for signal `\wire_order_book.$memwr$\order_valid_q$rtl/common/wire_order_book.sv:318$281_EN' using process `\wire_order_book.$proc$rtl/common/wire_order_book.sv:302$1234'.
  created $dff cell `$procdff$8964' with positive edge clock.
Creating register for signal `\wire_order_book.$memwr$\order_valid_q$rtl/common/wire_order_book.sv:318$282_EN' using process `\wire_order_book.$proc$rtl/common/wire_order_book.sv:302$1234'.
  created $dff cell `$procdff$8965' with positive edge clock.
Creating register for signal `\wire_order_book.$memwr$\order_valid_q$rtl/common/wire_order_book.sv:318$283_EN' using process `\wire_order_book.$proc$rtl/common/wire_order_book.sv:302$1234'.
  created $dff cell `$procdff$8966' with positive edge clock.
Creating register for signal `\wire_order_book.$memwr$\order_valid_q$rtl/common/wire_order_book.sv:318$284_EN' using process `\wire_order_book.$proc$rtl/common/wire_order_book.sv:302$1234'.
  created $dff cell `$procdff$8967' with positive edge clock.
Creating register for signal `\wire_order_book.$memwr$\order_valid_q$rtl/common/wire_order_book.sv:318$285_EN' using process `\wire_order_book.$proc$rtl/common/wire_order_book.sv:302$1234'.
  created $dff cell `$procdff$8968' with positive edge clock.
Creating register for signal `\wire_order_book.$memwr$\order_valid_q$rtl/common/wire_order_book.sv:318$286_EN' using process `\wire_order_book.$proc$rtl/common/wire_order_book.sv:302$1234'.
  created $dff cell `$procdff$8969' with positive edge clock.
Creating register for signal `\wire_order_book.$memwr$\order_valid_q$rtl/common/wire_order_book.sv:318$287_EN' using process `\wire_order_book.$proc$rtl/common/wire_order_book.sv:302$1234'.
  created $dff cell `$procdff$8970' with positive edge clock.
Creating register for signal `\wire_order_book.$memwr$\order_valid_q$rtl/common/wire_order_book.sv:318$288_EN' using process `\wire_order_book.$proc$rtl/common/wire_order_book.sv:302$1234'.
  created $dff cell `$procdff$8971' with positive edge clock.
Creating register for signal `\wire_order_book.$memwr$\order_valid_q$rtl/common/wire_order_book.sv:318$289_EN' using process `\wire_order_book.$proc$rtl/common/wire_order_book.sv:302$1234'.
  created $dff cell `$procdff$8972' with positive edge clock.
Creating register for signal `\wire_order_book.$memwr$\order_valid_q$rtl/common/wire_order_book.sv:318$290_EN' using process `\wire_order_book.$proc$rtl/common/wire_order_book.sv:302$1234'.
  created $dff cell `$procdff$8973' with positive edge clock.
Creating register for signal `\wire_order_book.$memwr$\order_valid_q$rtl/common/wire_order_book.sv:318$291_EN' using process `\wire_order_book.$proc$rtl/common/wire_order_book.sv:302$1234'.
  created $dff cell `$procdff$8974' with positive edge clock.
Creating register for signal `\wire_order_book.$memwr$\order_valid_q$rtl/common/wire_order_book.sv:318$292_EN' using process `\wire_order_book.$proc$rtl/common/wire_order_book.sv:302$1234'.
  created $dff cell `$procdff$8975' with positive edge clock.
Creating register for signal `\wire_order_book.$memwr$\order_valid_q$rtl/common/wire_order_book.sv:318$293_EN' using process `\wire_order_book.$proc$rtl/common/wire_order_book.sv:302$1234'.
  created $dff cell `$procdff$8976' with positive edge clock.
Creating register for signal `\wire_order_book.$memwr$\order_valid_q$rtl/common/wire_order_book.sv:318$294_EN' using process `\wire_order_book.$proc$rtl/common/wire_order_book.sv:302$1234'.
  created $dff cell `$procdff$8977' with positive edge clock.
Creating register for signal `\wire_order_book.$memwr$\order_valid_q$rtl/common/wire_order_book.sv:318$295_EN' using process `\wire_order_book.$proc$rtl/common/wire_order_book.sv:302$1234'.
  created $dff cell `$procdff$8978' with positive edge clock.
Creating register for signal `\wire_order_book.$memwr$\order_valid_q$rtl/common/wire_order_book.sv:318$296_EN' using process `\wire_order_book.$proc$rtl/common/wire_order_book.sv:302$1234'.
  created $dff cell `$procdff$8979' with positive edge clock.
Creating register for signal `\wire_order_book.$memwr$\order_valid_q$rtl/common/wire_order_book.sv:318$297_EN' using process `\wire_order_book.$proc$rtl/common/wire_order_book.sv:302$1234'.
  created $dff cell `$procdff$8980' with positive edge clock.
Creating register for signal `\wire_order_book.$memwr$\order_valid_q$rtl/common/wire_order_book.sv:318$298_EN' using process `\wire_order_book.$proc$rtl/common/wire_order_book.sv:302$1234'.
  created $dff cell `$procdff$8981' with positive edge clock.
Creating register for signal `\wire_order_book.$memwr$\order_valid_q$rtl/common/wire_order_book.sv:318$299_EN' using process `\wire_order_book.$proc$rtl/common/wire_order_book.sv:302$1234'.
  created $dff cell `$procdff$8982' with positive edge clock.
Creating register for signal `\wire_order_book.$memwr$\order_valid_q$rtl/common/wire_order_book.sv:318$300_EN' using process `\wire_order_book.$proc$rtl/common/wire_order_book.sv:302$1234'.
  created $dff cell `$procdff$8983' with positive edge clock.
Creating register for signal `\wire_order_book.$memwr$\order_valid_q$rtl/common/wire_order_book.sv:318$301_EN' using process `\wire_order_book.$proc$rtl/common/wire_order_book.sv:302$1234'.
  created $dff cell `$procdff$8984' with positive edge clock.
Creating register for signal `\wire_order_book.$memwr$\order_valid_q$rtl/common/wire_order_book.sv:318$302_EN' using process `\wire_order_book.$proc$rtl/common/wire_order_book.sv:302$1234'.
  created $dff cell `$procdff$8985' with positive edge clock.
Creating register for signal `\wire_order_book.$memwr$\order_valid_q$rtl/common/wire_order_book.sv:318$303_EN' using process `\wire_order_book.$proc$rtl/common/wire_order_book.sv:302$1234'.
  created $dff cell `$procdff$8986' with positive edge clock.
Creating register for signal `\wire_order_book.$memwr$\order_valid_q$rtl/common/wire_order_book.sv:318$304_EN' using process `\wire_order_book.$proc$rtl/common/wire_order_book.sv:302$1234'.
  created $dff cell `$procdff$8987' with positive edge clock.
Creating register for signal `\wire_order_book.$memwr$\order_valid_q$rtl/common/wire_order_book.sv:318$305_EN' using process `\wire_order_book.$proc$rtl/common/wire_order_book.sv:302$1234'.
  created $dff cell `$procdff$8988' with positive edge clock.
Creating register for signal `\wire_order_book.$memwr$\order_valid_q$rtl/common/wire_order_book.sv:318$306_EN' using process `\wire_order_book.$proc$rtl/common/wire_order_book.sv:302$1234'.
  created $dff cell `$procdff$8989' with positive edge clock.
Creating register for signal `\wire_order_book.$memwr$\order_valid_q$rtl/common/wire_order_book.sv:318$307_EN' using process `\wire_order_book.$proc$rtl/common/wire_order_book.sv:302$1234'.
  created $dff cell `$procdff$8990' with positive edge clock.
Creating register for signal `\wire_order_book.$memwr$\order_valid_q$rtl/common/wire_order_book.sv:318$308_EN' using process `\wire_order_book.$proc$rtl/common/wire_order_book.sv:302$1234'.
  created $dff cell `$procdff$8991' with positive edge clock.
Creating register for signal `\wire_order_book.$memwr$\order_valid_q$rtl/common/wire_order_book.sv:318$309_EN' using process `\wire_order_book.$proc$rtl/common/wire_order_book.sv:302$1234'.
  created $dff cell `$procdff$8992' with positive edge clock.
Creating register for signal `\wire_order_book.$memwr$\order_valid_q$rtl/common/wire_order_book.sv:318$310_EN' using process `\wire_order_book.$proc$rtl/common/wire_order_book.sv:302$1234'.
  created $dff cell `$procdff$8993' with positive edge clock.
Creating register for signal `\wire_order_book.$memwr$\order_valid_q$rtl/common/wire_order_book.sv:318$311_EN' using process `\wire_order_book.$proc$rtl/common/wire_order_book.sv:302$1234'.
  created $dff cell `$procdff$8994' with positive edge clock.
Creating register for signal `\wire_order_book.$memwr$\order_valid_q$rtl/common/wire_order_book.sv:318$312_EN' using process `\wire_order_book.$proc$rtl/common/wire_order_book.sv:302$1234'.
  created $dff cell `$procdff$8995' with positive edge clock.
Creating register for signal `\wire_order_book.$memwr$\order_valid_q$rtl/common/wire_order_book.sv:318$313_EN' using process `\wire_order_book.$proc$rtl/common/wire_order_book.sv:302$1234'.
  created $dff cell `$procdff$8996' with positive edge clock.
Creating register for signal `\wire_order_book.$memwr$\order_valid_q$rtl/common/wire_order_book.sv:318$314_EN' using process `\wire_order_book.$proc$rtl/common/wire_order_book.sv:302$1234'.
  created $dff cell `$procdff$8997' with positive edge clock.
Creating register for signal `\wire_order_book.$memwr$\order_valid_q$rtl/common/wire_order_book.sv:318$315_EN' using process `\wire_order_book.$proc$rtl/common/wire_order_book.sv:302$1234'.
  created $dff cell `$procdff$8998' with positive edge clock.
Creating register for signal `\wire_order_book.$memwr$\order_valid_q$rtl/common/wire_order_book.sv:318$316_EN' using process `\wire_order_book.$proc$rtl/common/wire_order_book.sv:302$1234'.
  created $dff cell `$procdff$8999' with positive edge clock.
Creating register for signal `\wire_order_book.$memwr$\order_valid_q$rtl/common/wire_order_book.sv:318$317_EN' using process `\wire_order_book.$proc$rtl/common/wire_order_book.sv:302$1234'.
  created $dff cell `$procdff$9000' with positive edge clock.
Creating register for signal `\wire_order_book.$memwr$\order_valid_q$rtl/common/wire_order_book.sv:318$318_EN' using process `\wire_order_book.$proc$rtl/common/wire_order_book.sv:302$1234'.
  created $dff cell `$procdff$9001' with positive edge clock.
Creating register for signal `\wire_order_book.$memwr$\order_valid_q$rtl/common/wire_order_book.sv:318$319_EN' using process `\wire_order_book.$proc$rtl/common/wire_order_book.sv:302$1234'.
  created $dff cell `$procdff$9002' with positive edge clock.
Creating register for signal `\wire_order_book.$memwr$\order_valid_q$rtl/common/wire_order_book.sv:318$320_EN' using process `\wire_order_book.$proc$rtl/common/wire_order_book.sv:302$1234'.
  created $dff cell `$procdff$9003' with positive edge clock.
Creating register for signal `\wire_order_book.$memwr$\order_valid_q$rtl/common/wire_order_book.sv:318$321_EN' using process `\wire_order_book.$proc$rtl/common/wire_order_book.sv:302$1234'.
  created $dff cell `$procdff$9004' with positive edge clock.
Creating register for signal `\wire_order_book.$memwr$\order_valid_q$rtl/common/wire_order_book.sv:318$322_EN' using process `\wire_order_book.$proc$rtl/common/wire_order_book.sv:302$1234'.
  created $dff cell `$procdff$9005' with positive edge clock.
Creating register for signal `\wire_order_book.$memwr$\order_valid_q$rtl/common/wire_order_book.sv:318$323_EN' using process `\wire_order_book.$proc$rtl/common/wire_order_book.sv:302$1234'.
  created $dff cell `$procdff$9006' with positive edge clock.
Creating register for signal `\wire_order_book.$memwr$\order_valid_q$rtl/common/wire_order_book.sv:318$324_EN' using process `\wire_order_book.$proc$rtl/common/wire_order_book.sv:302$1234'.
  created $dff cell `$procdff$9007' with positive edge clock.
Creating register for signal `\wire_order_book.$memwr$\order_valid_q$rtl/common/wire_order_book.sv:318$325_EN' using process `\wire_order_book.$proc$rtl/common/wire_order_book.sv:302$1234'.
  created $dff cell `$procdff$9008' with positive edge clock.
Creating register for signal `\wire_order_book.$memwr$\order_valid_q$rtl/common/wire_order_book.sv:318$326_EN' using process `\wire_order_book.$proc$rtl/common/wire_order_book.sv:302$1234'.
  created $dff cell `$procdff$9009' with positive edge clock.
Creating register for signal `\wire_order_book.$memwr$\order_valid_q$rtl/common/wire_order_book.sv:318$327_EN' using process `\wire_order_book.$proc$rtl/common/wire_order_book.sv:302$1234'.
  created $dff cell `$procdff$9010' with positive edge clock.
Creating register for signal `\wire_order_book.$memwr$\order_valid_q$rtl/common/wire_order_book.sv:318$328_EN' using process `\wire_order_book.$proc$rtl/common/wire_order_book.sv:302$1234'.
  created $dff cell `$procdff$9011' with positive edge clock.
Creating register for signal `\wire_order_book.$memwr$\order_valid_q$rtl/common/wire_order_book.sv:318$329_EN' using process `\wire_order_book.$proc$rtl/common/wire_order_book.sv:302$1234'.
  created $dff cell `$procdff$9012' with positive edge clock.
Creating register for signal `\wire_order_book.$memwr$\order_valid_q$rtl/common/wire_order_book.sv:318$330_EN' using process `\wire_order_book.$proc$rtl/common/wire_order_book.sv:302$1234'.
  created $dff cell `$procdff$9013' with positive edge clock.
Creating register for signal `\wire_order_book.$memwr$\order_valid_q$rtl/common/wire_order_book.sv:318$331_EN' using process `\wire_order_book.$proc$rtl/common/wire_order_book.sv:302$1234'.
  created $dff cell `$procdff$9014' with positive edge clock.
Creating register for signal `\wire_order_book.$memwr$\order_valid_q$rtl/common/wire_order_book.sv:318$332_EN' using process `\wire_order_book.$proc$rtl/common/wire_order_book.sv:302$1234'.
  created $dff cell `$procdff$9015' with positive edge clock.
Creating register for signal `\wire_order_book.$memwr$\order_valid_q$rtl/common/wire_order_book.sv:318$333_EN' using process `\wire_order_book.$proc$rtl/common/wire_order_book.sv:302$1234'.
  created $dff cell `$procdff$9016' with positive edge clock.
Creating register for signal `\wire_order_book.$memwr$\order_valid_q$rtl/common/wire_order_book.sv:318$334_EN' using process `\wire_order_book.$proc$rtl/common/wire_order_book.sv:302$1234'.
  created $dff cell `$procdff$9017' with positive edge clock.
Creating register for signal `\wire_order_book.$memwr$\order_valid_q$rtl/common/wire_order_book.sv:318$335_EN' using process `\wire_order_book.$proc$rtl/common/wire_order_book.sv:302$1234'.
  created $dff cell `$procdff$9018' with positive edge clock.
Creating register for signal `\wire_order_book.$memwr$\order_valid_q$rtl/common/wire_order_book.sv:318$336_EN' using process `\wire_order_book.$proc$rtl/common/wire_order_book.sv:302$1234'.
  created $dff cell `$procdff$9019' with positive edge clock.
Creating register for signal `\wire_order_book.$memwr$\order_valid_q$rtl/common/wire_order_book.sv:318$337_EN' using process `\wire_order_book.$proc$rtl/common/wire_order_book.sv:302$1234'.
  created $dff cell `$procdff$9020' with positive edge clock.
Creating register for signal `\wire_order_book.$memwr$\order_valid_q$rtl/common/wire_order_book.sv:318$338_EN' using process `\wire_order_book.$proc$rtl/common/wire_order_book.sv:302$1234'.
  created $dff cell `$procdff$9021' with positive edge clock.
Creating register for signal `\wire_order_book.$memwr$\order_valid_q$rtl/common/wire_order_book.sv:318$339_EN' using process `\wire_order_book.$proc$rtl/common/wire_order_book.sv:302$1234'.
  created $dff cell `$procdff$9022' with positive edge clock.
Creating register for signal `\wire_order_book.$memwr$\order_valid_q$rtl/common/wire_order_book.sv:318$340_EN' using process `\wire_order_book.$proc$rtl/common/wire_order_book.sv:302$1234'.
  created $dff cell `$procdff$9023' with positive edge clock.
Creating register for signal `\wire_order_book.$memwr$\order_valid_q$rtl/common/wire_order_book.sv:318$341_EN' using process `\wire_order_book.$proc$rtl/common/wire_order_book.sv:302$1234'.
  created $dff cell `$procdff$9024' with positive edge clock.
Creating register for signal `\wire_order_book.$memwr$\order_valid_q$rtl/common/wire_order_book.sv:318$342_EN' using process `\wire_order_book.$proc$rtl/common/wire_order_book.sv:302$1234'.
  created $dff cell `$procdff$9025' with positive edge clock.
Creating register for signal `\wire_order_book.$memwr$\order_valid_q$rtl/common/wire_order_book.sv:318$343_EN' using process `\wire_order_book.$proc$rtl/common/wire_order_book.sv:302$1234'.
  created $dff cell `$procdff$9026' with positive edge clock.
Creating register for signal `\wire_order_book.$memwr$\order_valid_q$rtl/common/wire_order_book.sv:318$344_EN' using process `\wire_order_book.$proc$rtl/common/wire_order_book.sv:302$1234'.
  created $dff cell `$procdff$9027' with positive edge clock.
Creating register for signal `\wire_order_book.$memwr$\order_valid_q$rtl/common/wire_order_book.sv:318$345_EN' using process `\wire_order_book.$proc$rtl/common/wire_order_book.sv:302$1234'.
  created $dff cell `$procdff$9028' with positive edge clock.
Creating register for signal `\wire_order_book.$memwr$\order_valid_q$rtl/common/wire_order_book.sv:318$346_EN' using process `\wire_order_book.$proc$rtl/common/wire_order_book.sv:302$1234'.
  created $dff cell `$procdff$9029' with positive edge clock.
Creating register for signal `\wire_order_book.$memwr$\order_valid_q$rtl/common/wire_order_book.sv:318$347_EN' using process `\wire_order_book.$proc$rtl/common/wire_order_book.sv:302$1234'.
  created $dff cell `$procdff$9030' with positive edge clock.
Creating register for signal `\wire_order_book.$memwr$\order_valid_q$rtl/common/wire_order_book.sv:318$348_EN' using process `\wire_order_book.$proc$rtl/common/wire_order_book.sv:302$1234'.
  created $dff cell `$procdff$9031' with positive edge clock.
Creating register for signal `\wire_order_book.$memwr$\order_valid_q$rtl/common/wire_order_book.sv:318$349_EN' using process `\wire_order_book.$proc$rtl/common/wire_order_book.sv:302$1234'.
  created $dff cell `$procdff$9032' with positive edge clock.
Creating register for signal `\wire_order_book.$memwr$\order_valid_q$rtl/common/wire_order_book.sv:318$350_EN' using process `\wire_order_book.$proc$rtl/common/wire_order_book.sv:302$1234'.
  created $dff cell `$procdff$9033' with positive edge clock.
Creating register for signal `\wire_order_book.$memwr$\order_valid_q$rtl/common/wire_order_book.sv:318$351_EN' using process `\wire_order_book.$proc$rtl/common/wire_order_book.sv:302$1234'.
  created $dff cell `$procdff$9034' with positive edge clock.
Creating register for signal `\wire_order_book.$memwr$\order_valid_q$rtl/common/wire_order_book.sv:318$352_EN' using process `\wire_order_book.$proc$rtl/common/wire_order_book.sv:302$1234'.
  created $dff cell `$procdff$9035' with positive edge clock.
Creating register for signal `\wire_order_book.$memwr$\order_valid_q$rtl/common/wire_order_book.sv:318$353_EN' using process `\wire_order_book.$proc$rtl/common/wire_order_book.sv:302$1234'.
  created $dff cell `$procdff$9036' with positive edge clock.
Creating register for signal `\wire_order_book.$memwr$\order_valid_q$rtl/common/wire_order_book.sv:318$354_EN' using process `\wire_order_book.$proc$rtl/common/wire_order_book.sv:302$1234'.
  created $dff cell `$procdff$9037' with positive edge clock.
Creating register for signal `\wire_order_book.$memwr$\order_valid_q$rtl/common/wire_order_book.sv:318$355_EN' using process `\wire_order_book.$proc$rtl/common/wire_order_book.sv:302$1234'.
  created $dff cell `$procdff$9038' with positive edge clock.
Creating register for signal `\wire_order_book.$memwr$\order_valid_q$rtl/common/wire_order_book.sv:318$356_EN' using process `\wire_order_book.$proc$rtl/common/wire_order_book.sv:302$1234'.
  created $dff cell `$procdff$9039' with positive edge clock.
Creating register for signal `\wire_order_book.$memwr$\order_valid_q$rtl/common/wire_order_book.sv:318$357_EN' using process `\wire_order_book.$proc$rtl/common/wire_order_book.sv:302$1234'.
  created $dff cell `$procdff$9040' with positive edge clock.
Creating register for signal `\wire_order_book.$memwr$\order_valid_q$rtl/common/wire_order_book.sv:318$358_EN' using process `\wire_order_book.$proc$rtl/common/wire_order_book.sv:302$1234'.
  created $dff cell `$procdff$9041' with positive edge clock.
Creating register for signal `\wire_order_book.$memwr$\order_valid_q$rtl/common/wire_order_book.sv:318$359_EN' using process `\wire_order_book.$proc$rtl/common/wire_order_book.sv:302$1234'.
  created $dff cell `$procdff$9042' with positive edge clock.
Creating register for signal `\wire_order_book.$memwr$\order_valid_q$rtl/common/wire_order_book.sv:318$360_EN' using process `\wire_order_book.$proc$rtl/common/wire_order_book.sv:302$1234'.
  created $dff cell `$procdff$9043' with positive edge clock.
Creating register for signal `\wire_order_book.$memwr$\order_valid_q$rtl/common/wire_order_book.sv:318$361_EN' using process `\wire_order_book.$proc$rtl/common/wire_order_book.sv:302$1234'.
  created $dff cell `$procdff$9044' with positive edge clock.
Creating register for signal `\wire_order_book.$memwr$\order_valid_q$rtl/common/wire_order_book.sv:318$362_EN' using process `\wire_order_book.$proc$rtl/common/wire_order_book.sv:302$1234'.
  created $dff cell `$procdff$9045' with positive edge clock.
Creating register for signal `\wire_order_book.$memwr$\order_valid_q$rtl/common/wire_order_book.sv:318$363_EN' using process `\wire_order_book.$proc$rtl/common/wire_order_book.sv:302$1234'.
  created $dff cell `$procdff$9046' with positive edge clock.
Creating register for signal `\wire_order_book.$memwr$\order_valid_q$rtl/common/wire_order_book.sv:318$364_EN' using process `\wire_order_book.$proc$rtl/common/wire_order_book.sv:302$1234'.
  created $dff cell `$procdff$9047' with positive edge clock.
Creating register for signal `\wire_order_book.$memwr$\order_valid_q$rtl/common/wire_order_book.sv:318$365_EN' using process `\wire_order_book.$proc$rtl/common/wire_order_book.sv:302$1234'.
  created $dff cell `$procdff$9048' with positive edge clock.
Creating register for signal `\wire_order_book.$memwr$\order_valid_q$rtl/common/wire_order_book.sv:318$366_EN' using process `\wire_order_book.$proc$rtl/common/wire_order_book.sv:302$1234'.
  created $dff cell `$procdff$9049' with positive edge clock.
Creating register for signal `\wire_order_book.$memwr$\order_valid_q$rtl/common/wire_order_book.sv:318$367_EN' using process `\wire_order_book.$proc$rtl/common/wire_order_book.sv:302$1234'.
  created $dff cell `$procdff$9050' with positive edge clock.
Creating register for signal `\wire_order_book.$memwr$\order_valid_q$rtl/common/wire_order_book.sv:318$368_EN' using process `\wire_order_book.$proc$rtl/common/wire_order_book.sv:302$1234'.
  created $dff cell `$procdff$9051' with positive edge clock.
Creating register for signal `\wire_order_book.$memwr$\order_valid_q$rtl/common/wire_order_book.sv:318$369_EN' using process `\wire_order_book.$proc$rtl/common/wire_order_book.sv:302$1234'.
  created $dff cell `$procdff$9052' with positive edge clock.
Creating register for signal `\wire_order_book.$memwr$\order_valid_q$rtl/common/wire_order_book.sv:318$370_EN' using process `\wire_order_book.$proc$rtl/common/wire_order_book.sv:302$1234'.
  created $dff cell `$procdff$9053' with positive edge clock.
Creating register for signal `\wire_order_book.$memwr$\order_valid_q$rtl/common/wire_order_book.sv:318$371_EN' using process `\wire_order_book.$proc$rtl/common/wire_order_book.sv:302$1234'.
  created $dff cell `$procdff$9054' with positive edge clock.
Creating register for signal `\wire_order_book.$memwr$\order_valid_q$rtl/common/wire_order_book.sv:318$372_EN' using process `\wire_order_book.$proc$rtl/common/wire_order_book.sv:302$1234'.
  created $dff cell `$procdff$9055' with positive edge clock.
Creating register for signal `\wire_order_book.$memwr$\order_valid_q$rtl/common/wire_order_book.sv:318$373_EN' using process `\wire_order_book.$proc$rtl/common/wire_order_book.sv:302$1234'.
  created $dff cell `$procdff$9056' with positive edge clock.
Creating register for signal `\wire_order_book.$memwr$\order_valid_q$rtl/common/wire_order_book.sv:318$374_EN' using process `\wire_order_book.$proc$rtl/common/wire_order_book.sv:302$1234'.
  created $dff cell `$procdff$9057' with positive edge clock.
Creating register for signal `\wire_order_book.$memwr$\order_valid_q$rtl/common/wire_order_book.sv:318$375_EN' using process `\wire_order_book.$proc$rtl/common/wire_order_book.sv:302$1234'.
  created $dff cell `$procdff$9058' with positive edge clock.
Creating register for signal `\wire_order_book.$memwr$\order_valid_q$rtl/common/wire_order_book.sv:318$376_EN' using process `\wire_order_book.$proc$rtl/common/wire_order_book.sv:302$1234'.
  created $dff cell `$procdff$9059' with positive edge clock.
Creating register for signal `\wire_order_book.$memwr$\order_valid_q$rtl/common/wire_order_book.sv:318$377_EN' using process `\wire_order_book.$proc$rtl/common/wire_order_book.sv:302$1234'.
  created $dff cell `$procdff$9060' with positive edge clock.
Creating register for signal `\wire_order_book.$memwr$\order_valid_q$rtl/common/wire_order_book.sv:318$378_EN' using process `\wire_order_book.$proc$rtl/common/wire_order_book.sv:302$1234'.
  created $dff cell `$procdff$9061' with positive edge clock.
Creating register for signal `\wire_order_book.$memwr$\order_valid_q$rtl/common/wire_order_book.sv:318$379_EN' using process `\wire_order_book.$proc$rtl/common/wire_order_book.sv:302$1234'.
  created $dff cell `$procdff$9062' with positive edge clock.
Creating register for signal `\wire_order_book.$memwr$\order_valid_q$rtl/common/wire_order_book.sv:318$380_EN' using process `\wire_order_book.$proc$rtl/common/wire_order_book.sv:302$1234'.
  created $dff cell `$procdff$9063' with positive edge clock.
Creating register for signal `\wire_order_book.$memwr$\order_valid_q$rtl/common/wire_order_book.sv:318$381_EN' using process `\wire_order_book.$proc$rtl/common/wire_order_book.sv:302$1234'.
  created $dff cell `$procdff$9064' with positive edge clock.
Creating register for signal `\wire_order_book.$memwr$\order_valid_q$rtl/common/wire_order_book.sv:318$382_EN' using process `\wire_order_book.$proc$rtl/common/wire_order_book.sv:302$1234'.
  created $dff cell `$procdff$9065' with positive edge clock.
Creating register for signal `\wire_order_book.$memwr$\order_valid_q$rtl/common/wire_order_book.sv:318$383_EN' using process `\wire_order_book.$proc$rtl/common/wire_order_book.sv:302$1234'.
  created $dff cell `$procdff$9066' with positive edge clock.
Creating register for signal `\wire_order_book.$memwr$\order_valid_q$rtl/common/wire_order_book.sv:318$384_EN' using process `\wire_order_book.$proc$rtl/common/wire_order_book.sv:302$1234'.
  created $dff cell `$procdff$9067' with positive edge clock.
Creating register for signal `\wire_order_book.$memwr$\order_valid_q$rtl/common/wire_order_book.sv:318$385_EN' using process `\wire_order_book.$proc$rtl/common/wire_order_book.sv:302$1234'.
  created $dff cell `$procdff$9068' with positive edge clock.
Creating register for signal `\wire_order_book.$memwr$\order_valid_q$rtl/common/wire_order_book.sv:318$386_EN' using process `\wire_order_book.$proc$rtl/common/wire_order_book.sv:302$1234'.
  created $dff cell `$procdff$9069' with positive edge clock.
Creating register for signal `\wire_order_book.$memwr$\order_valid_q$rtl/common/wire_order_book.sv:318$387_EN' using process `\wire_order_book.$proc$rtl/common/wire_order_book.sv:302$1234'.
  created $dff cell `$procdff$9070' with positive edge clock.
Creating register for signal `\wire_order_book.$memwr$\order_valid_q$rtl/common/wire_order_book.sv:318$388_EN' using process `\wire_order_book.$proc$rtl/common/wire_order_book.sv:302$1234'.
  created $dff cell `$procdff$9071' with positive edge clock.
Creating register for signal `\wire_order_book.$memwr$\order_valid_q$rtl/common/wire_order_book.sv:318$389_EN' using process `\wire_order_book.$proc$rtl/common/wire_order_book.sv:302$1234'.
  created $dff cell `$procdff$9072' with positive edge clock.
Creating register for signal `\wire_order_book.$memwr$\order_valid_q$rtl/common/wire_order_book.sv:318$390_EN' using process `\wire_order_book.$proc$rtl/common/wire_order_book.sv:302$1234'.
  created $dff cell `$procdff$9073' with positive edge clock.
Creating register for signal `\wire_order_book.$memwr$\order_valid_q$rtl/common/wire_order_book.sv:318$391_EN' using process `\wire_order_book.$proc$rtl/common/wire_order_book.sv:302$1234'.
  created $dff cell `$procdff$9074' with positive edge clock.
Creating register for signal `\wire_order_book.$memwr$\order_valid_q$rtl/common/wire_order_book.sv:318$392_EN' using process `\wire_order_book.$proc$rtl/common/wire_order_book.sv:302$1234'.
  created $dff cell `$procdff$9075' with positive edge clock.
Creating register for signal `\wire_order_book.$memwr$\order_valid_q$rtl/common/wire_order_book.sv:318$393_EN' using process `\wire_order_book.$proc$rtl/common/wire_order_book.sv:302$1234'.
  created $dff cell `$procdff$9076' with positive edge clock.
Creating register for signal `\wire_order_book.$memwr$\order_valid_q$rtl/common/wire_order_book.sv:318$394_EN' using process `\wire_order_book.$proc$rtl/common/wire_order_book.sv:302$1234'.
  created $dff cell `$procdff$9077' with positive edge clock.
Creating register for signal `\wire_order_book.$memwr$\order_valid_q$rtl/common/wire_order_book.sv:318$395_EN' using process `\wire_order_book.$proc$rtl/common/wire_order_book.sv:302$1234'.
  created $dff cell `$procdff$9078' with positive edge clock.
Creating register for signal `\wire_order_book.$memwr$\order_valid_q$rtl/common/wire_order_book.sv:318$396_EN' using process `\wire_order_book.$proc$rtl/common/wire_order_book.sv:302$1234'.
  created $dff cell `$procdff$9079' with positive edge clock.
Creating register for signal `\wire_order_book.$memwr$\order_valid_q$rtl/common/wire_order_book.sv:318$397_EN' using process `\wire_order_book.$proc$rtl/common/wire_order_book.sv:302$1234'.
  created $dff cell `$procdff$9080' with positive edge clock.
Creating register for signal `\wire_order_book.$memwr$\order_valid_q$rtl/common/wire_order_book.sv:318$398_EN' using process `\wire_order_book.$proc$rtl/common/wire_order_book.sv:302$1234'.
  created $dff cell `$procdff$9081' with positive edge clock.
Creating register for signal `\wire_order_book.$memwr$\order_valid_q$rtl/common/wire_order_book.sv:318$399_EN' using process `\wire_order_book.$proc$rtl/common/wire_order_book.sv:302$1234'.
  created $dff cell `$procdff$9082' with positive edge clock.
Creating register for signal `\wire_order_book.$memwr$\order_valid_q$rtl/common/wire_order_book.sv:318$400_EN' using process `\wire_order_book.$proc$rtl/common/wire_order_book.sv:302$1234'.
  created $dff cell `$procdff$9083' with positive edge clock.
Creating register for signal `\wire_order_book.$memwr$\order_valid_q$rtl/common/wire_order_book.sv:318$401_EN' using process `\wire_order_book.$proc$rtl/common/wire_order_book.sv:302$1234'.
  created $dff cell `$procdff$9084' with positive edge clock.
Creating register for signal `\wire_order_book.$memwr$\order_valid_q$rtl/common/wire_order_book.sv:318$402_EN' using process `\wire_order_book.$proc$rtl/common/wire_order_book.sv:302$1234'.
  created $dff cell `$procdff$9085' with positive edge clock.
Creating register for signal `\wire_order_book.$memwr$\order_valid_q$rtl/common/wire_order_book.sv:318$403_EN' using process `\wire_order_book.$proc$rtl/common/wire_order_book.sv:302$1234'.
  created $dff cell `$procdff$9086' with positive edge clock.
Creating register for signal `\wire_order_book.$memwr$\order_valid_q$rtl/common/wire_order_book.sv:318$404_EN' using process `\wire_order_book.$proc$rtl/common/wire_order_book.sv:302$1234'.
  created $dff cell `$procdff$9087' with positive edge clock.
Creating register for signal `\wire_order_book.$memwr$\order_valid_q$rtl/common/wire_order_book.sv:318$405_EN' using process `\wire_order_book.$proc$rtl/common/wire_order_book.sv:302$1234'.
  created $dff cell `$procdff$9088' with positive edge clock.
Creating register for signal `\wire_order_book.$memwr$\order_valid_q$rtl/common/wire_order_book.sv:318$406_EN' using process `\wire_order_book.$proc$rtl/common/wire_order_book.sv:302$1234'.
  created $dff cell `$procdff$9089' with positive edge clock.
Creating register for signal `\wire_order_book.$memwr$\order_valid_q$rtl/common/wire_order_book.sv:318$407_EN' using process `\wire_order_book.$proc$rtl/common/wire_order_book.sv:302$1234'.
  created $dff cell `$procdff$9090' with positive edge clock.
Creating register for signal `\wire_order_book.$memwr$\order_valid_q$rtl/common/wire_order_book.sv:318$408_EN' using process `\wire_order_book.$proc$rtl/common/wire_order_book.sv:302$1234'.
  created $dff cell `$procdff$9091' with positive edge clock.
Creating register for signal `\wire_order_book.$memwr$\order_valid_q$rtl/common/wire_order_book.sv:318$409_EN' using process `\wire_order_book.$proc$rtl/common/wire_order_book.sv:302$1234'.
  created $dff cell `$procdff$9092' with positive edge clock.
Creating register for signal `\wire_order_book.$memwr$\order_valid_q$rtl/common/wire_order_book.sv:318$410_EN' using process `\wire_order_book.$proc$rtl/common/wire_order_book.sv:302$1234'.
  created $dff cell `$procdff$9093' with positive edge clock.
Creating register for signal `\wire_order_book.$memwr$\order_valid_q$rtl/common/wire_order_book.sv:318$411_EN' using process `\wire_order_book.$proc$rtl/common/wire_order_book.sv:302$1234'.
  created $dff cell `$procdff$9094' with positive edge clock.
Creating register for signal `\wire_order_book.$memwr$\order_valid_q$rtl/common/wire_order_book.sv:318$412_EN' using process `\wire_order_book.$proc$rtl/common/wire_order_book.sv:302$1234'.
  created $dff cell `$procdff$9095' with positive edge clock.
Creating register for signal `\wire_order_book.$memwr$\order_valid_q$rtl/common/wire_order_book.sv:318$413_EN' using process `\wire_order_book.$proc$rtl/common/wire_order_book.sv:302$1234'.
  created $dff cell `$procdff$9096' with positive edge clock.
Creating register for signal `\wire_order_book.$memwr$\order_valid_q$rtl/common/wire_order_book.sv:318$414_EN' using process `\wire_order_book.$proc$rtl/common/wire_order_book.sv:302$1234'.
  created $dff cell `$procdff$9097' with positive edge clock.
Creating register for signal `\wire_order_book.$memwr$\order_valid_q$rtl/common/wire_order_book.sv:318$415_EN' using process `\wire_order_book.$proc$rtl/common/wire_order_book.sv:302$1234'.
  created $dff cell `$procdff$9098' with positive edge clock.
Creating register for signal `\wire_order_book.$memwr$\order_valid_q$rtl/common/wire_order_book.sv:318$416_EN' using process `\wire_order_book.$proc$rtl/common/wire_order_book.sv:302$1234'.
  created $dff cell `$procdff$9099' with positive edge clock.
Creating register for signal `\wire_order_book.$memwr$\order_valid_q$rtl/common/wire_order_book.sv:318$417_EN' using process `\wire_order_book.$proc$rtl/common/wire_order_book.sv:302$1234'.
  created $dff cell `$procdff$9100' with positive edge clock.
Creating register for signal `\wire_order_book.$memwr$\order_valid_q$rtl/common/wire_order_book.sv:318$418_EN' using process `\wire_order_book.$proc$rtl/common/wire_order_book.sv:302$1234'.
  created $dff cell `$procdff$9101' with positive edge clock.
Creating register for signal `\wire_order_book.$memwr$\order_valid_q$rtl/common/wire_order_book.sv:318$419_EN' using process `\wire_order_book.$proc$rtl/common/wire_order_book.sv:302$1234'.
  created $dff cell `$procdff$9102' with positive edge clock.
Creating register for signal `\wire_order_book.$memwr$\order_valid_q$rtl/common/wire_order_book.sv:318$420_EN' using process `\wire_order_book.$proc$rtl/common/wire_order_book.sv:302$1234'.
  created $dff cell `$procdff$9103' with positive edge clock.
Creating register for signal `\wire_order_book.$memwr$\order_valid_q$rtl/common/wire_order_book.sv:318$421_EN' using process `\wire_order_book.$proc$rtl/common/wire_order_book.sv:302$1234'.
  created $dff cell `$procdff$9104' with positive edge clock.
Creating register for signal `\wire_order_book.$memwr$\order_valid_q$rtl/common/wire_order_book.sv:318$422_EN' using process `\wire_order_book.$proc$rtl/common/wire_order_book.sv:302$1234'.
  created $dff cell `$procdff$9105' with positive edge clock.
Creating register for signal `\wire_order_book.$memwr$\order_valid_q$rtl/common/wire_order_book.sv:318$423_EN' using process `\wire_order_book.$proc$rtl/common/wire_order_book.sv:302$1234'.
  created $dff cell `$procdff$9106' with positive edge clock.
Creating register for signal `\wire_order_book.$memwr$\order_valid_q$rtl/common/wire_order_book.sv:318$424_EN' using process `\wire_order_book.$proc$rtl/common/wire_order_book.sv:302$1234'.
  created $dff cell `$procdff$9107' with positive edge clock.
Creating register for signal `\wire_order_book.$memwr$\order_valid_q$rtl/common/wire_order_book.sv:318$425_EN' using process `\wire_order_book.$proc$rtl/common/wire_order_book.sv:302$1234'.
  created $dff cell `$procdff$9108' with positive edge clock.
Creating register for signal `\wire_order_book.$memwr$\order_valid_q$rtl/common/wire_order_book.sv:318$426_EN' using process `\wire_order_book.$proc$rtl/common/wire_order_book.sv:302$1234'.
  created $dff cell `$procdff$9109' with positive edge clock.
Creating register for signal `\wire_order_book.$memwr$\order_valid_q$rtl/common/wire_order_book.sv:318$427_EN' using process `\wire_order_book.$proc$rtl/common/wire_order_book.sv:302$1234'.
  created $dff cell `$procdff$9110' with positive edge clock.
Creating register for signal `\wire_order_book.$memwr$\order_valid_q$rtl/common/wire_order_book.sv:318$428_EN' using process `\wire_order_book.$proc$rtl/common/wire_order_book.sv:302$1234'.
  created $dff cell `$procdff$9111' with positive edge clock.
Creating register for signal `\wire_order_book.$memwr$\order_valid_q$rtl/common/wire_order_book.sv:318$429_EN' using process `\wire_order_book.$proc$rtl/common/wire_order_book.sv:302$1234'.
  created $dff cell `$procdff$9112' with positive edge clock.
Creating register for signal `\wire_order_book.$memwr$\order_valid_q$rtl/common/wire_order_book.sv:318$430_EN' using process `\wire_order_book.$proc$rtl/common/wire_order_book.sv:302$1234'.
  created $dff cell `$procdff$9113' with positive edge clock.
Creating register for signal `\wire_order_book.$memwr$\order_valid_q$rtl/common/wire_order_book.sv:318$431_EN' using process `\wire_order_book.$proc$rtl/common/wire_order_book.sv:302$1234'.
  created $dff cell `$procdff$9114' with positive edge clock.
Creating register for signal `\wire_order_book.$memwr$\order_valid_q$rtl/common/wire_order_book.sv:318$432_EN' using process `\wire_order_book.$proc$rtl/common/wire_order_book.sv:302$1234'.
  created $dff cell `$procdff$9115' with positive edge clock.
Creating register for signal `\wire_order_book.$memwr$\order_valid_q$rtl/common/wire_order_book.sv:318$433_EN' using process `\wire_order_book.$proc$rtl/common/wire_order_book.sv:302$1234'.
  created $dff cell `$procdff$9116' with positive edge clock.
Creating register for signal `\wire_order_book.$memwr$\order_valid_q$rtl/common/wire_order_book.sv:318$434_EN' using process `\wire_order_book.$proc$rtl/common/wire_order_book.sv:302$1234'.
  created $dff cell `$procdff$9117' with positive edge clock.
Creating register for signal `\wire_order_book.$memwr$\order_valid_q$rtl/common/wire_order_book.sv:318$435_EN' using process `\wire_order_book.$proc$rtl/common/wire_order_book.sv:302$1234'.
  created $dff cell `$procdff$9118' with positive edge clock.
Creating register for signal `\wire_order_book.$memwr$\order_valid_q$rtl/common/wire_order_book.sv:318$436_EN' using process `\wire_order_book.$proc$rtl/common/wire_order_book.sv:302$1234'.
  created $dff cell `$procdff$9119' with positive edge clock.
Creating register for signal `\wire_order_book.$memwr$\order_valid_q$rtl/common/wire_order_book.sv:318$437_EN' using process `\wire_order_book.$proc$rtl/common/wire_order_book.sv:302$1234'.
  created $dff cell `$procdff$9120' with positive edge clock.
Creating register for signal `\wire_order_book.$memwr$\order_valid_q$rtl/common/wire_order_book.sv:318$438_EN' using process `\wire_order_book.$proc$rtl/common/wire_order_book.sv:302$1234'.
  created $dff cell `$procdff$9121' with positive edge clock.
Creating register for signal `\wire_order_book.$memwr$\order_valid_q$rtl/common/wire_order_book.sv:318$439_EN' using process `\wire_order_book.$proc$rtl/common/wire_order_book.sv:302$1234'.
  created $dff cell `$procdff$9122' with positive edge clock.
Creating register for signal `\wire_order_book.$memwr$\order_valid_q$rtl/common/wire_order_book.sv:318$440_EN' using process `\wire_order_book.$proc$rtl/common/wire_order_book.sv:302$1234'.
  created $dff cell `$procdff$9123' with positive edge clock.
Creating register for signal `\wire_order_book.$memwr$\order_valid_q$rtl/common/wire_order_book.sv:318$441_EN' using process `\wire_order_book.$proc$rtl/common/wire_order_book.sv:302$1234'.
  created $dff cell `$procdff$9124' with positive edge clock.
Creating register for signal `\wire_order_book.$memwr$\order_valid_q$rtl/common/wire_order_book.sv:318$442_EN' using process `\wire_order_book.$proc$rtl/common/wire_order_book.sv:302$1234'.
  created $dff cell `$procdff$9125' with positive edge clock.
Creating register for signal `\wire_order_book.$memwr$\order_valid_q$rtl/common/wire_order_book.sv:318$443_EN' using process `\wire_order_book.$proc$rtl/common/wire_order_book.sv:302$1234'.
  created $dff cell `$procdff$9126' with positive edge clock.
Creating register for signal `\wire_order_book.$memwr$\order_valid_q$rtl/common/wire_order_book.sv:318$444_EN' using process `\wire_order_book.$proc$rtl/common/wire_order_book.sv:302$1234'.
  created $dff cell `$procdff$9127' with positive edge clock.
Creating register for signal `\wire_order_book.$memwr$\order_valid_q$rtl/common/wire_order_book.sv:318$445_EN' using process `\wire_order_book.$proc$rtl/common/wire_order_book.sv:302$1234'.
  created $dff cell `$procdff$9128' with positive edge clock.
Creating register for signal `\wire_order_book.$memwr$\order_valid_q$rtl/common/wire_order_book.sv:318$446_EN' using process `\wire_order_book.$proc$rtl/common/wire_order_book.sv:302$1234'.
  created $dff cell `$procdff$9129' with positive edge clock.
Creating register for signal `\wire_order_book.$memwr$\order_valid_q$rtl/common/wire_order_book.sv:318$447_EN' using process `\wire_order_book.$proc$rtl/common/wire_order_book.sv:302$1234'.
  created $dff cell `$procdff$9130' with positive edge clock.
Creating register for signal `\wire_order_book.$memwr$\order_valid_q$rtl/common/wire_order_book.sv:318$448_EN' using process `\wire_order_book.$proc$rtl/common/wire_order_book.sv:302$1234'.
  created $dff cell `$procdff$9131' with positive edge clock.
Creating register for signal `\wire_order_book.$memwr$\order_valid_q$rtl/common/wire_order_book.sv:318$449_EN' using process `\wire_order_book.$proc$rtl/common/wire_order_book.sv:302$1234'.
  created $dff cell `$procdff$9132' with positive edge clock.
Creating register for signal `\wire_order_book.$memwr$\order_valid_q$rtl/common/wire_order_book.sv:318$450_EN' using process `\wire_order_book.$proc$rtl/common/wire_order_book.sv:302$1234'.
  created $dff cell `$procdff$9133' with positive edge clock.
Creating register for signal `\wire_order_book.$memwr$\order_valid_q$rtl/common/wire_order_book.sv:318$451_EN' using process `\wire_order_book.$proc$rtl/common/wire_order_book.sv:302$1234'.
  created $dff cell `$procdff$9134' with positive edge clock.
Creating register for signal `\wire_order_book.$memwr$\order_valid_q$rtl/common/wire_order_book.sv:318$452_EN' using process `\wire_order_book.$proc$rtl/common/wire_order_book.sv:302$1234'.
  created $dff cell `$procdff$9135' with positive edge clock.
Creating register for signal `\wire_order_book.$memwr$\order_valid_q$rtl/common/wire_order_book.sv:318$453_EN' using process `\wire_order_book.$proc$rtl/common/wire_order_book.sv:302$1234'.
  created $dff cell `$procdff$9136' with positive edge clock.
Creating register for signal `\wire_order_book.$memwr$\order_valid_q$rtl/common/wire_order_book.sv:318$454_EN' using process `\wire_order_book.$proc$rtl/common/wire_order_book.sv:302$1234'.
  created $dff cell `$procdff$9137' with positive edge clock.
Creating register for signal `\wire_order_book.$memwr$\order_valid_q$rtl/common/wire_order_book.sv:318$455_EN' using process `\wire_order_book.$proc$rtl/common/wire_order_book.sv:302$1234'.
  created $dff cell `$procdff$9138' with positive edge clock.
Creating register for signal `\wire_order_book.$memwr$\order_valid_q$rtl/common/wire_order_book.sv:318$456_EN' using process `\wire_order_book.$proc$rtl/common/wire_order_book.sv:302$1234'.
  created $dff cell `$procdff$9139' with positive edge clock.
Creating register for signal `\wire_order_book.$memwr$\order_valid_q$rtl/common/wire_order_book.sv:318$457_EN' using process `\wire_order_book.$proc$rtl/common/wire_order_book.sv:302$1234'.
  created $dff cell `$procdff$9140' with positive edge clock.
Creating register for signal `\wire_order_book.$memwr$\order_valid_q$rtl/common/wire_order_book.sv:318$458_EN' using process `\wire_order_book.$proc$rtl/common/wire_order_book.sv:302$1234'.
  created $dff cell `$procdff$9141' with positive edge clock.
Creating register for signal `\wire_order_book.$memwr$\order_valid_q$rtl/common/wire_order_book.sv:318$459_EN' using process `\wire_order_book.$proc$rtl/common/wire_order_book.sv:302$1234'.
  created $dff cell `$procdff$9142' with positive edge clock.
Creating register for signal `\wire_order_book.$memwr$\order_valid_q$rtl/common/wire_order_book.sv:318$460_EN' using process `\wire_order_book.$proc$rtl/common/wire_order_book.sv:302$1234'.
  created $dff cell `$procdff$9143' with positive edge clock.
Creating register for signal `\wire_order_book.$memwr$\order_valid_q$rtl/common/wire_order_book.sv:318$461_EN' using process `\wire_order_book.$proc$rtl/common/wire_order_book.sv:302$1234'.
  created $dff cell `$procdff$9144' with positive edge clock.
Creating register for signal `\wire_order_book.$memwr$\order_valid_q$rtl/common/wire_order_book.sv:318$462_EN' using process `\wire_order_book.$proc$rtl/common/wire_order_book.sv:302$1234'.
  created $dff cell `$procdff$9145' with positive edge clock.
Creating register for signal `\wire_order_book.$memwr$\order_valid_q$rtl/common/wire_order_book.sv:318$463_EN' using process `\wire_order_book.$proc$rtl/common/wire_order_book.sv:302$1234'.
  created $dff cell `$procdff$9146' with positive edge clock.
Creating register for signal `\wire_order_book.$memwr$\order_valid_q$rtl/common/wire_order_book.sv:318$464_EN' using process `\wire_order_book.$proc$rtl/common/wire_order_book.sv:302$1234'.
  created $dff cell `$procdff$9147' with positive edge clock.
Creating register for signal `\wire_order_book.$memwr$\order_valid_q$rtl/common/wire_order_book.sv:318$465_EN' using process `\wire_order_book.$proc$rtl/common/wire_order_book.sv:302$1234'.
  created $dff cell `$procdff$9148' with positive edge clock.
Creating register for signal `\wire_order_book.$memwr$\order_valid_q$rtl/common/wire_order_book.sv:318$466_EN' using process `\wire_order_book.$proc$rtl/common/wire_order_book.sv:302$1234'.
  created $dff cell `$procdff$9149' with positive edge clock.
Creating register for signal `\wire_order_book.$memwr$\order_valid_q$rtl/common/wire_order_book.sv:318$467_EN' using process `\wire_order_book.$proc$rtl/common/wire_order_book.sv:302$1234'.
  created $dff cell `$procdff$9150' with positive edge clock.
Creating register for signal `\wire_order_book.$memwr$\order_valid_q$rtl/common/wire_order_book.sv:318$468_EN' using process `\wire_order_book.$proc$rtl/common/wire_order_book.sv:302$1234'.
  created $dff cell `$procdff$9151' with positive edge clock.
Creating register for signal `\wire_order_book.$memwr$\order_valid_q$rtl/common/wire_order_book.sv:318$469_EN' using process `\wire_order_book.$proc$rtl/common/wire_order_book.sv:302$1234'.
  created $dff cell `$procdff$9152' with positive edge clock.
Creating register for signal `\wire_order_book.$memwr$\order_valid_q$rtl/common/wire_order_book.sv:318$470_EN' using process `\wire_order_book.$proc$rtl/common/wire_order_book.sv:302$1234'.
  created $dff cell `$procdff$9153' with positive edge clock.
Creating register for signal `\wire_order_book.$memwr$\order_valid_q$rtl/common/wire_order_book.sv:318$471_EN' using process `\wire_order_book.$proc$rtl/common/wire_order_book.sv:302$1234'.
  created $dff cell `$procdff$9154' with positive edge clock.
Creating register for signal `\wire_order_book.$memwr$\order_valid_q$rtl/common/wire_order_book.sv:318$472_EN' using process `\wire_order_book.$proc$rtl/common/wire_order_book.sv:302$1234'.
  created $dff cell `$procdff$9155' with positive edge clock.
Creating register for signal `\wire_order_book.$memwr$\order_valid_q$rtl/common/wire_order_book.sv:318$473_EN' using process `\wire_order_book.$proc$rtl/common/wire_order_book.sv:302$1234'.
  created $dff cell `$procdff$9156' with positive edge clock.
Creating register for signal `\wire_order_book.$memwr$\order_valid_q$rtl/common/wire_order_book.sv:318$474_EN' using process `\wire_order_book.$proc$rtl/common/wire_order_book.sv:302$1234'.
  created $dff cell `$procdff$9157' with positive edge clock.
Creating register for signal `\wire_order_book.$memwr$\order_valid_q$rtl/common/wire_order_book.sv:318$475_EN' using process `\wire_order_book.$proc$rtl/common/wire_order_book.sv:302$1234'.
  created $dff cell `$procdff$9158' with positive edge clock.
Creating register for signal `\wire_order_book.$memwr$\order_valid_q$rtl/common/wire_order_book.sv:318$476_EN' using process `\wire_order_book.$proc$rtl/common/wire_order_book.sv:302$1234'.
  created $dff cell `$procdff$9159' with positive edge clock.
Creating register for signal `\wire_order_book.$memwr$\order_valid_q$rtl/common/wire_order_book.sv:318$477_EN' using process `\wire_order_book.$proc$rtl/common/wire_order_book.sv:302$1234'.
  created $dff cell `$procdff$9160' with positive edge clock.
Creating register for signal `\wire_order_book.$memwr$\order_valid_q$rtl/common/wire_order_book.sv:318$478_EN' using process `\wire_order_book.$proc$rtl/common/wire_order_book.sv:302$1234'.
  created $dff cell `$procdff$9161' with positive edge clock.
Creating register for signal `\wire_order_book.$memwr$\order_valid_q$rtl/common/wire_order_book.sv:318$479_EN' using process `\wire_order_book.$proc$rtl/common/wire_order_book.sv:302$1234'.
  created $dff cell `$procdff$9162' with positive edge clock.
Creating register for signal `\wire_order_book.$memwr$\order_valid_q$rtl/common/wire_order_book.sv:318$480_EN' using process `\wire_order_book.$proc$rtl/common/wire_order_book.sv:302$1234'.
  created $dff cell `$procdff$9163' with positive edge clock.
Creating register for signal `\wire_order_book.$memwr$\order_valid_q$rtl/common/wire_order_book.sv:318$481_EN' using process `\wire_order_book.$proc$rtl/common/wire_order_book.sv:302$1234'.
  created $dff cell `$procdff$9164' with positive edge clock.
Creating register for signal `\wire_order_book.$memwr$\order_valid_q$rtl/common/wire_order_book.sv:318$482_EN' using process `\wire_order_book.$proc$rtl/common/wire_order_book.sv:302$1234'.
  created $dff cell `$procdff$9165' with positive edge clock.
Creating register for signal `\wire_order_book.$memwr$\order_valid_q$rtl/common/wire_order_book.sv:318$483_EN' using process `\wire_order_book.$proc$rtl/common/wire_order_book.sv:302$1234'.
  created $dff cell `$procdff$9166' with positive edge clock.
Creating register for signal `\wire_order_book.$memwr$\order_valid_q$rtl/common/wire_order_book.sv:318$484_EN' using process `\wire_order_book.$proc$rtl/common/wire_order_book.sv:302$1234'.
  created $dff cell `$procdff$9167' with positive edge clock.
Creating register for signal `\wire_order_book.$memwr$\order_valid_q$rtl/common/wire_order_book.sv:318$485_EN' using process `\wire_order_book.$proc$rtl/common/wire_order_book.sv:302$1234'.
  created $dff cell `$procdff$9168' with positive edge clock.
Creating register for signal `\wire_order_book.$memwr$\order_valid_q$rtl/common/wire_order_book.sv:318$486_EN' using process `\wire_order_book.$proc$rtl/common/wire_order_book.sv:302$1234'.
  created $dff cell `$procdff$9169' with positive edge clock.
Creating register for signal `\wire_order_book.$memwr$\order_valid_q$rtl/common/wire_order_book.sv:318$487_EN' using process `\wire_order_book.$proc$rtl/common/wire_order_book.sv:302$1234'.
  created $dff cell `$procdff$9170' with positive edge clock.
Creating register for signal `\wire_order_book.$memwr$\order_valid_q$rtl/common/wire_order_book.sv:318$488_EN' using process `\wire_order_book.$proc$rtl/common/wire_order_book.sv:302$1234'.
  created $dff cell `$procdff$9171' with positive edge clock.
Creating register for signal `\wire_order_book.$memwr$\order_valid_q$rtl/common/wire_order_book.sv:318$489_EN' using process `\wire_order_book.$proc$rtl/common/wire_order_book.sv:302$1234'.
  created $dff cell `$procdff$9172' with positive edge clock.
Creating register for signal `\wire_order_book.$memwr$\order_valid_q$rtl/common/wire_order_book.sv:318$490_EN' using process `\wire_order_book.$proc$rtl/common/wire_order_book.sv:302$1234'.
  created $dff cell `$procdff$9173' with positive edge clock.
Creating register for signal `\wire_order_book.$memwr$\order_valid_q$rtl/common/wire_order_book.sv:318$491_EN' using process `\wire_order_book.$proc$rtl/common/wire_order_book.sv:302$1234'.
  created $dff cell `$procdff$9174' with positive edge clock.
Creating register for signal `\wire_order_book.$memwr$\order_valid_q$rtl/common/wire_order_book.sv:318$492_EN' using process `\wire_order_book.$proc$rtl/common/wire_order_book.sv:302$1234'.
  created $dff cell `$procdff$9175' with positive edge clock.
Creating register for signal `\wire_order_book.$memwr$\order_valid_q$rtl/common/wire_order_book.sv:318$493_EN' using process `\wire_order_book.$proc$rtl/common/wire_order_book.sv:302$1234'.
  created $dff cell `$procdff$9176' with positive edge clock.
Creating register for signal `\wire_order_book.$memwr$\order_valid_q$rtl/common/wire_order_book.sv:318$494_EN' using process `\wire_order_book.$proc$rtl/common/wire_order_book.sv:302$1234'.
  created $dff cell `$procdff$9177' with positive edge clock.
Creating register for signal `\wire_order_book.$memwr$\order_valid_q$rtl/common/wire_order_book.sv:318$495_EN' using process `\wire_order_book.$proc$rtl/common/wire_order_book.sv:302$1234'.
  created $dff cell `$procdff$9178' with positive edge clock.
Creating register for signal `\wire_order_book.$memwr$\order_valid_q$rtl/common/wire_order_book.sv:318$496_EN' using process `\wire_order_book.$proc$rtl/common/wire_order_book.sv:302$1234'.
  created $dff cell `$procdff$9179' with positive edge clock.
Creating register for signal `\wire_order_book.$memwr$\order_valid_q$rtl/common/wire_order_book.sv:318$497_EN' using process `\wire_order_book.$proc$rtl/common/wire_order_book.sv:302$1234'.
  created $dff cell `$procdff$9180' with positive edge clock.
Creating register for signal `\wire_order_book.$memwr$\order_valid_q$rtl/common/wire_order_book.sv:318$498_EN' using process `\wire_order_book.$proc$rtl/common/wire_order_book.sv:302$1234'.
  created $dff cell `$procdff$9181' with positive edge clock.
Creating register for signal `\wire_order_book.$memwr$\order_valid_q$rtl/common/wire_order_book.sv:318$499_EN' using process `\wire_order_book.$proc$rtl/common/wire_order_book.sv:302$1234'.
  created $dff cell `$procdff$9182' with positive edge clock.
Creating register for signal `\wire_order_book.$memwr$\order_valid_q$rtl/common/wire_order_book.sv:318$500_EN' using process `\wire_order_book.$proc$rtl/common/wire_order_book.sv:302$1234'.
  created $dff cell `$procdff$9183' with positive edge clock.
Creating register for signal `\wire_order_book.$memwr$\order_valid_q$rtl/common/wire_order_book.sv:318$501_EN' using process `\wire_order_book.$proc$rtl/common/wire_order_book.sv:302$1234'.
  created $dff cell `$procdff$9184' with positive edge clock.
Creating register for signal `\wire_order_book.$memwr$\order_valid_q$rtl/common/wire_order_book.sv:318$502_EN' using process `\wire_order_book.$proc$rtl/common/wire_order_book.sv:302$1234'.
  created $dff cell `$procdff$9185' with positive edge clock.
Creating register for signal `\wire_order_book.$memwr$\order_valid_q$rtl/common/wire_order_book.sv:318$503_EN' using process `\wire_order_book.$proc$rtl/common/wire_order_book.sv:302$1234'.
  created $dff cell `$procdff$9186' with positive edge clock.
Creating register for signal `\wire_order_book.$memwr$\order_valid_q$rtl/common/wire_order_book.sv:318$504_EN' using process `\wire_order_book.$proc$rtl/common/wire_order_book.sv:302$1234'.
  created $dff cell `$procdff$9187' with positive edge clock.
Creating register for signal `\wire_order_book.$memwr$\order_valid_q$rtl/common/wire_order_book.sv:318$505_EN' using process `\wire_order_book.$proc$rtl/common/wire_order_book.sv:302$1234'.
  created $dff cell `$procdff$9188' with positive edge clock.
Creating register for signal `\wire_order_book.$memwr$\order_valid_q$rtl/common/wire_order_book.sv:318$506_EN' using process `\wire_order_book.$proc$rtl/common/wire_order_book.sv:302$1234'.
  created $dff cell `$procdff$9189' with positive edge clock.
Creating register for signal `\wire_order_book.$memwr$\order_valid_q$rtl/common/wire_order_book.sv:318$507_EN' using process `\wire_order_book.$proc$rtl/common/wire_order_book.sv:302$1234'.
  created $dff cell `$procdff$9190' with positive edge clock.
Creating register for signal `\wire_order_book.$memwr$\order_valid_q$rtl/common/wire_order_book.sv:318$508_EN' using process `\wire_order_book.$proc$rtl/common/wire_order_book.sv:302$1234'.
  created $dff cell `$procdff$9191' with positive edge clock.
Creating register for signal `\wire_order_book.$memwr$\order_valid_q$rtl/common/wire_order_book.sv:318$509_EN' using process `\wire_order_book.$proc$rtl/common/wire_order_book.sv:302$1234'.
  created $dff cell `$procdff$9192' with positive edge clock.
Creating register for signal `\wire_order_book.$memwr$\order_valid_q$rtl/common/wire_order_book.sv:318$510_EN' using process `\wire_order_book.$proc$rtl/common/wire_order_book.sv:302$1234'.
  created $dff cell `$procdff$9193' with positive edge clock.
Creating register for signal `\wire_order_book.$memwr$\order_valid_q$rtl/common/wire_order_book.sv:318$511_EN' using process `\wire_order_book.$proc$rtl/common/wire_order_book.sv:302$1234'.
  created $dff cell `$procdff$9194' with positive edge clock.
Creating register for signal `\wire_order_book.$memwr$\order_valid_q$rtl/common/wire_order_book.sv:318$512_EN' using process `\wire_order_book.$proc$rtl/common/wire_order_book.sv:302$1234'.
  created $dff cell `$procdff$9195' with positive edge clock.
Creating register for signal `\wire_order_book.$memwr$\order_valid_q$rtl/common/wire_order_book.sv:318$513_EN' using process `\wire_order_book.$proc$rtl/common/wire_order_book.sv:302$1234'.
  created $dff cell `$procdff$9196' with positive edge clock.
Creating register for signal `\wire_order_book.$memwr$\order_valid_q$rtl/common/wire_order_book.sv:318$514_EN' using process `\wire_order_book.$proc$rtl/common/wire_order_book.sv:302$1234'.
  created $dff cell `$procdff$9197' with positive edge clock.
Creating register for signal `\wire_order_book.$memwr$\order_valid_q$rtl/common/wire_order_book.sv:318$515_EN' using process `\wire_order_book.$proc$rtl/common/wire_order_book.sv:302$1234'.
  created $dff cell `$procdff$9198' with positive edge clock.
Creating register for signal `\wire_order_book.$memwr$\order_valid_q$rtl/common/wire_order_book.sv:318$516_EN' using process `\wire_order_book.$proc$rtl/common/wire_order_book.sv:302$1234'.
  created $dff cell `$procdff$9199' with positive edge clock.
Creating register for signal `\wire_order_book.$memwr$\order_valid_q$rtl/common/wire_order_book.sv:318$517_EN' using process `\wire_order_book.$proc$rtl/common/wire_order_book.sv:302$1234'.
  created $dff cell `$procdff$9200' with positive edge clock.
Creating register for signal `\wire_order_book.$memwr$\order_valid_q$rtl/common/wire_order_book.sv:318$518_EN' using process `\wire_order_book.$proc$rtl/common/wire_order_book.sv:302$1234'.
  created $dff cell `$procdff$9201' with positive edge clock.
Creating register for signal `\wire_order_book.$memwr$\order_valid_q$rtl/common/wire_order_book.sv:318$519_EN' using process `\wire_order_book.$proc$rtl/common/wire_order_book.sv:302$1234'.
  created $dff cell `$procdff$9202' with positive edge clock.
Creating register for signal `\wire_order_book.$memwr$\order_valid_q$rtl/common/wire_order_book.sv:318$520_EN' using process `\wire_order_book.$proc$rtl/common/wire_order_book.sv:302$1234'.
  created $dff cell `$procdff$9203' with positive edge clock.
Creating register for signal `\wire_order_book.$memwr$\order_valid_q$rtl/common/wire_order_book.sv:318$521_EN' using process `\wire_order_book.$proc$rtl/common/wire_order_book.sv:302$1234'.
  created $dff cell `$procdff$9204' with positive edge clock.
Creating register for signal `\wire_order_book.$memwr$\order_valid_q$rtl/common/wire_order_book.sv:318$522_EN' using process `\wire_order_book.$proc$rtl/common/wire_order_book.sv:302$1234'.
  created $dff cell `$procdff$9205' with positive edge clock.
Creating register for signal `\wire_order_book.$memwr$\order_valid_q$rtl/common/wire_order_book.sv:318$523_EN' using process `\wire_order_book.$proc$rtl/common/wire_order_book.sv:302$1234'.
  created $dff cell `$procdff$9206' with positive edge clock.
Creating register for signal `\wire_order_book.$memwr$\order_valid_q$rtl/common/wire_order_book.sv:318$524_EN' using process `\wire_order_book.$proc$rtl/common/wire_order_book.sv:302$1234'.
  created $dff cell `$procdff$9207' with positive edge clock.
Creating register for signal `\wire_order_book.$memwr$\order_valid_q$rtl/common/wire_order_book.sv:318$525_EN' using process `\wire_order_book.$proc$rtl/common/wire_order_book.sv:302$1234'.
  created $dff cell `$procdff$9208' with positive edge clock.
Creating register for signal `\wire_order_book.$memwr$\order_valid_q$rtl/common/wire_order_book.sv:318$526_EN' using process `\wire_order_book.$proc$rtl/common/wire_order_book.sv:302$1234'.
  created $dff cell `$procdff$9209' with positive edge clock.
Creating register for signal `\wire_order_book.$memwr$\order_valid_q$rtl/common/wire_order_book.sv:318$527_EN' using process `\wire_order_book.$proc$rtl/common/wire_order_book.sv:302$1234'.
  created $dff cell `$procdff$9210' with positive edge clock.
Creating register for signal `\wire_order_book.$memwr$\order_valid_q$rtl/common/wire_order_book.sv:318$528_EN' using process `\wire_order_book.$proc$rtl/common/wire_order_book.sv:302$1234'.
  created $dff cell `$procdff$9211' with positive edge clock.
Creating register for signal `\wire_order_book.$memwr$\order_valid_q$rtl/common/wire_order_book.sv:318$529_EN' using process `\wire_order_book.$proc$rtl/common/wire_order_book.sv:302$1234'.
  created $dff cell `$procdff$9212' with positive edge clock.
Creating register for signal `\wire_order_book.$memwr$\order_valid_q$rtl/common/wire_order_book.sv:318$530_EN' using process `\wire_order_book.$proc$rtl/common/wire_order_book.sv:302$1234'.
  created $dff cell `$procdff$9213' with positive edge clock.
Creating register for signal `\wire_order_book.$memwr$\order_valid_q$rtl/common/wire_order_book.sv:318$531_EN' using process `\wire_order_book.$proc$rtl/common/wire_order_book.sv:302$1234'.
  created $dff cell `$procdff$9214' with positive edge clock.
Creating register for signal `\wire_order_book.$memwr$\order_valid_q$rtl/common/wire_order_book.sv:318$532_EN' using process `\wire_order_book.$proc$rtl/common/wire_order_book.sv:302$1234'.
  created $dff cell `$procdff$9215' with positive edge clock.
Creating register for signal `\wire_order_book.$memwr$\order_valid_q$rtl/common/wire_order_book.sv:318$533_EN' using process `\wire_order_book.$proc$rtl/common/wire_order_book.sv:302$1234'.
  created $dff cell `$procdff$9216' with positive edge clock.
Creating register for signal `\wire_order_book.$memwr$\order_valid_q$rtl/common/wire_order_book.sv:318$534_EN' using process `\wire_order_book.$proc$rtl/common/wire_order_book.sv:302$1234'.
  created $dff cell `$procdff$9217' with positive edge clock.
Creating register for signal `\wire_order_book.$memwr$\order_valid_q$rtl/common/wire_order_book.sv:318$535_EN' using process `\wire_order_book.$proc$rtl/common/wire_order_book.sv:302$1234'.
  created $dff cell `$procdff$9218' with positive edge clock.
Creating register for signal `\wire_order_book.$memwr$\order_valid_q$rtl/common/wire_order_book.sv:318$536_EN' using process `\wire_order_book.$proc$rtl/common/wire_order_book.sv:302$1234'.
  created $dff cell `$procdff$9219' with positive edge clock.
Creating register for signal `\wire_order_book.$memwr$\order_valid_q$rtl/common/wire_order_book.sv:318$537_EN' using process `\wire_order_book.$proc$rtl/common/wire_order_book.sv:302$1234'.
  created $dff cell `$procdff$9220' with positive edge clock.
Creating register for signal `\wire_order_book.$memwr$\order_valid_q$rtl/common/wire_order_book.sv:318$538_EN' using process `\wire_order_book.$proc$rtl/common/wire_order_book.sv:302$1234'.
  created $dff cell `$procdff$9221' with positive edge clock.
Creating register for signal `\wire_order_book.$memwr$\order_valid_q$rtl/common/wire_order_book.sv:318$539_EN' using process `\wire_order_book.$proc$rtl/common/wire_order_book.sv:302$1234'.
  created $dff cell `$procdff$9222' with positive edge clock.
Creating register for signal `\wire_order_book.$memwr$\order_valid_q$rtl/common/wire_order_book.sv:318$540_EN' using process `\wire_order_book.$proc$rtl/common/wire_order_book.sv:302$1234'.
  created $dff cell `$procdff$9223' with positive edge clock.
Creating register for signal `\wire_order_book.$memwr$\order_valid_q$rtl/common/wire_order_book.sv:318$541_EN' using process `\wire_order_book.$proc$rtl/common/wire_order_book.sv:302$1234'.
  created $dff cell `$procdff$9224' with positive edge clock.
Creating register for signal `\wire_order_book.$memwr$\order_valid_q$rtl/common/wire_order_book.sv:318$542_EN' using process `\wire_order_book.$proc$rtl/common/wire_order_book.sv:302$1234'.
  created $dff cell `$procdff$9225' with positive edge clock.
Creating register for signal `\wire_order_book.$memwr$\order_valid_q$rtl/common/wire_order_book.sv:318$543_EN' using process `\wire_order_book.$proc$rtl/common/wire_order_book.sv:302$1234'.
  created $dff cell `$procdff$9226' with positive edge clock.
Creating register for signal `\wire_order_book.$memwr$\order_valid_q$rtl/common/wire_order_book.sv:318$544_EN' using process `\wire_order_book.$proc$rtl/common/wire_order_book.sv:302$1234'.
  created $dff cell `$procdff$9227' with positive edge clock.
Creating register for signal `\wire_order_book.$memwr$\order_valid_q$rtl/common/wire_order_book.sv:318$545_EN' using process `\wire_order_book.$proc$rtl/common/wire_order_book.sv:302$1234'.
  created $dff cell `$procdff$9228' with positive edge clock.
Creating register for signal `\wire_order_book.$memwr$\order_valid_q$rtl/common/wire_order_book.sv:318$546_EN' using process `\wire_order_book.$proc$rtl/common/wire_order_book.sv:302$1234'.
  created $dff cell `$procdff$9229' with positive edge clock.
Creating register for signal `\wire_order_book.$memwr$\order_valid_q$rtl/common/wire_order_book.sv:318$547_EN' using process `\wire_order_book.$proc$rtl/common/wire_order_book.sv:302$1234'.
  created $dff cell `$procdff$9230' with positive edge clock.
Creating register for signal `\wire_order_book.$memwr$\order_valid_q$rtl/common/wire_order_book.sv:318$548_EN' using process `\wire_order_book.$proc$rtl/common/wire_order_book.sv:302$1234'.
  created $dff cell `$procdff$9231' with positive edge clock.
Creating register for signal `\wire_order_book.$memwr$\order_valid_q$rtl/common/wire_order_book.sv:318$549_EN' using process `\wire_order_book.$proc$rtl/common/wire_order_book.sv:302$1234'.
  created $dff cell `$procdff$9232' with positive edge clock.
Creating register for signal `\wire_order_book.$memwr$\order_valid_q$rtl/common/wire_order_book.sv:318$550_EN' using process `\wire_order_book.$proc$rtl/common/wire_order_book.sv:302$1234'.
  created $dff cell `$procdff$9233' with positive edge clock.
Creating register for signal `\wire_order_book.$memwr$\order_valid_q$rtl/common/wire_order_book.sv:318$551_EN' using process `\wire_order_book.$proc$rtl/common/wire_order_book.sv:302$1234'.
  created $dff cell `$procdff$9234' with positive edge clock.
Creating register for signal `\wire_order_book.$memwr$\order_valid_q$rtl/common/wire_order_book.sv:318$552_EN' using process `\wire_order_book.$proc$rtl/common/wire_order_book.sv:302$1234'.
  created $dff cell `$procdff$9235' with positive edge clock.
Creating register for signal `\wire_order_book.$memwr$\order_valid_q$rtl/common/wire_order_book.sv:318$553_EN' using process `\wire_order_book.$proc$rtl/common/wire_order_book.sv:302$1234'.
  created $dff cell `$procdff$9236' with positive edge clock.
Creating register for signal `\wire_order_book.$memwr$\order_valid_q$rtl/common/wire_order_book.sv:318$554_EN' using process `\wire_order_book.$proc$rtl/common/wire_order_book.sv:302$1234'.
  created $dff cell `$procdff$9237' with positive edge clock.
Creating register for signal `\wire_order_book.$memwr$\order_valid_q$rtl/common/wire_order_book.sv:318$555_EN' using process `\wire_order_book.$proc$rtl/common/wire_order_book.sv:302$1234'.
  created $dff cell `$procdff$9238' with positive edge clock.
Creating register for signal `\wire_order_book.$memwr$\order_valid_q$rtl/common/wire_order_book.sv:318$556_EN' using process `\wire_order_book.$proc$rtl/common/wire_order_book.sv:302$1234'.
  created $dff cell `$procdff$9239' with positive edge clock.
Creating register for signal `\wire_order_book.$memwr$\order_valid_q$rtl/common/wire_order_book.sv:318$557_EN' using process `\wire_order_book.$proc$rtl/common/wire_order_book.sv:302$1234'.
  created $dff cell `$procdff$9240' with positive edge clock.
Creating register for signal `\wire_order_book.$memwr$\order_valid_q$rtl/common/wire_order_book.sv:318$558_EN' using process `\wire_order_book.$proc$rtl/common/wire_order_book.sv:302$1234'.
  created $dff cell `$procdff$9241' with positive edge clock.
Creating register for signal `\wire_order_book.$memwr$\order_valid_q$rtl/common/wire_order_book.sv:318$559_EN' using process `\wire_order_book.$proc$rtl/common/wire_order_book.sv:302$1234'.
  created $dff cell `$procdff$9242' with positive edge clock.
Creating register for signal `\wire_order_book.$memwr$\order_valid_q$rtl/common/wire_order_book.sv:318$560_EN' using process `\wire_order_book.$proc$rtl/common/wire_order_book.sv:302$1234'.
  created $dff cell `$procdff$9243' with positive edge clock.
Creating register for signal `\wire_order_book.$memwr$\order_valid_q$rtl/common/wire_order_book.sv:318$561_EN' using process `\wire_order_book.$proc$rtl/common/wire_order_book.sv:302$1234'.
  created $dff cell `$procdff$9244' with positive edge clock.
Creating register for signal `\wire_order_book.$memwr$\order_valid_q$rtl/common/wire_order_book.sv:318$562_EN' using process `\wire_order_book.$proc$rtl/common/wire_order_book.sv:302$1234'.
  created $dff cell `$procdff$9245' with positive edge clock.
Creating register for signal `\wire_order_book.$memwr$\order_valid_q$rtl/common/wire_order_book.sv:318$563_EN' using process `\wire_order_book.$proc$rtl/common/wire_order_book.sv:302$1234'.
  created $dff cell `$procdff$9246' with positive edge clock.
Creating register for signal `\wire_order_book.$memwr$\order_valid_q$rtl/common/wire_order_book.sv:318$564_EN' using process `\wire_order_book.$proc$rtl/common/wire_order_book.sv:302$1234'.
  created $dff cell `$procdff$9247' with positive edge clock.
Creating register for signal `\wire_order_book.$memwr$\order_valid_q$rtl/common/wire_order_book.sv:318$565_EN' using process `\wire_order_book.$proc$rtl/common/wire_order_book.sv:302$1234'.
  created $dff cell `$procdff$9248' with positive edge clock.
Creating register for signal `\wire_order_book.$memwr$\order_valid_q$rtl/common/wire_order_book.sv:318$566_EN' using process `\wire_order_book.$proc$rtl/common/wire_order_book.sv:302$1234'.
  created $dff cell `$procdff$9249' with positive edge clock.
Creating register for signal `\wire_order_book.$memwr$\order_valid_q$rtl/common/wire_order_book.sv:318$567_EN' using process `\wire_order_book.$proc$rtl/common/wire_order_book.sv:302$1234'.
  created $dff cell `$procdff$9250' with positive edge clock.
Creating register for signal `\wire_order_book.$memwr$\order_valid_q$rtl/common/wire_order_book.sv:318$568_EN' using process `\wire_order_book.$proc$rtl/common/wire_order_book.sv:302$1234'.
  created $dff cell `$procdff$9251' with positive edge clock.
Creating register for signal `\wire_order_book.$memwr$\order_valid_q$rtl/common/wire_order_book.sv:318$569_EN' using process `\wire_order_book.$proc$rtl/common/wire_order_book.sv:302$1234'.
  created $dff cell `$procdff$9252' with positive edge clock.
Creating register for signal `\wire_order_book.$memwr$\order_valid_q$rtl/common/wire_order_book.sv:318$570_EN' using process `\wire_order_book.$proc$rtl/common/wire_order_book.sv:302$1234'.
  created $dff cell `$procdff$9253' with positive edge clock.
Creating register for signal `\wire_order_book.$memwr$\order_valid_q$rtl/common/wire_order_book.sv:318$571_EN' using process `\wire_order_book.$proc$rtl/common/wire_order_book.sv:302$1234'.
  created $dff cell `$procdff$9254' with positive edge clock.
Creating register for signal `\wire_order_book.$memwr$\order_valid_q$rtl/common/wire_order_book.sv:318$572_EN' using process `\wire_order_book.$proc$rtl/common/wire_order_book.sv:302$1234'.
  created $dff cell `$procdff$9255' with positive edge clock.
Creating register for signal `\wire_order_book.$memwr$\order_valid_q$rtl/common/wire_order_book.sv:318$573_EN' using process `\wire_order_book.$proc$rtl/common/wire_order_book.sv:302$1234'.
  created $dff cell `$procdff$9256' with positive edge clock.
Creating register for signal `\wire_order_book.$memwr$\order_valid_q$rtl/common/wire_order_book.sv:318$574_EN' using process `\wire_order_book.$proc$rtl/common/wire_order_book.sv:302$1234'.
  created $dff cell `$procdff$9257' with positive edge clock.
Creating register for signal `\wire_order_book.$memwr$\order_valid_q$rtl/common/wire_order_book.sv:318$575_EN' using process `\wire_order_book.$proc$rtl/common/wire_order_book.sv:302$1234'.
  created $dff cell `$procdff$9258' with positive edge clock.
Creating register for signal `\wire_order_book.$memwr$\order_valid_q$rtl/common/wire_order_book.sv:318$576_EN' using process `\wire_order_book.$proc$rtl/common/wire_order_book.sv:302$1234'.
  created $dff cell `$procdff$9259' with positive edge clock.
Creating register for signal `\wire_order_book.$memwr$\order_valid_q$rtl/common/wire_order_book.sv:318$577_EN' using process `\wire_order_book.$proc$rtl/common/wire_order_book.sv:302$1234'.
  created $dff cell `$procdff$9260' with positive edge clock.
Creating register for signal `\wire_order_book.$memwr$\order_valid_q$rtl/common/wire_order_book.sv:318$578_EN' using process `\wire_order_book.$proc$rtl/common/wire_order_book.sv:302$1234'.
  created $dff cell `$procdff$9261' with positive edge clock.
Creating register for signal `\wire_order_book.$memwr$\order_valid_q$rtl/common/wire_order_book.sv:318$579_EN' using process `\wire_order_book.$proc$rtl/common/wire_order_book.sv:302$1234'.
  created $dff cell `$procdff$9262' with positive edge clock.
Creating register for signal `\wire_order_book.$memwr$\order_valid_q$rtl/common/wire_order_book.sv:318$580_EN' using process `\wire_order_book.$proc$rtl/common/wire_order_book.sv:302$1234'.
  created $dff cell `$procdff$9263' with positive edge clock.
Creating register for signal `\wire_order_book.$memwr$\order_valid_q$rtl/common/wire_order_book.sv:318$581_EN' using process `\wire_order_book.$proc$rtl/common/wire_order_book.sv:302$1234'.
  created $dff cell `$procdff$9264' with positive edge clock.
Creating register for signal `\wire_order_book.$memwr$\order_valid_q$rtl/common/wire_order_book.sv:318$582_EN' using process `\wire_order_book.$proc$rtl/common/wire_order_book.sv:302$1234'.
  created $dff cell `$procdff$9265' with positive edge clock.
Creating register for signal `\wire_order_book.$memwr$\order_valid_q$rtl/common/wire_order_book.sv:318$583_EN' using process `\wire_order_book.$proc$rtl/common/wire_order_book.sv:302$1234'.
  created $dff cell `$procdff$9266' with positive edge clock.
Creating register for signal `\wire_order_book.$memwr$\order_valid_q$rtl/common/wire_order_book.sv:318$584_EN' using process `\wire_order_book.$proc$rtl/common/wire_order_book.sv:302$1234'.
  created $dff cell `$procdff$9267' with positive edge clock.
Creating register for signal `\wire_order_book.$memwr$\order_valid_q$rtl/common/wire_order_book.sv:318$585_EN' using process `\wire_order_book.$proc$rtl/common/wire_order_book.sv:302$1234'.
  created $dff cell `$procdff$9268' with positive edge clock.
Creating register for signal `\wire_order_book.$memwr$\order_valid_q$rtl/common/wire_order_book.sv:318$586_EN' using process `\wire_order_book.$proc$rtl/common/wire_order_book.sv:302$1234'.
  created $dff cell `$procdff$9269' with positive edge clock.
Creating register for signal `\wire_order_book.$memwr$\order_valid_q$rtl/common/wire_order_book.sv:318$587_EN' using process `\wire_order_book.$proc$rtl/common/wire_order_book.sv:302$1234'.
  created $dff cell `$procdff$9270' with positive edge clock.
Creating register for signal `\wire_order_book.$memwr$\order_valid_q$rtl/common/wire_order_book.sv:318$588_EN' using process `\wire_order_book.$proc$rtl/common/wire_order_book.sv:302$1234'.
  created $dff cell `$procdff$9271' with positive edge clock.
Creating register for signal `\wire_order_book.$memwr$\order_valid_q$rtl/common/wire_order_book.sv:318$589_EN' using process `\wire_order_book.$proc$rtl/common/wire_order_book.sv:302$1234'.
  created $dff cell `$procdff$9272' with positive edge clock.
Creating register for signal `\wire_order_book.$memwr$\order_valid_q$rtl/common/wire_order_book.sv:318$590_EN' using process `\wire_order_book.$proc$rtl/common/wire_order_book.sv:302$1234'.
  created $dff cell `$procdff$9273' with positive edge clock.
Creating register for signal `\wire_order_book.$memwr$\order_valid_q$rtl/common/wire_order_book.sv:318$591_EN' using process `\wire_order_book.$proc$rtl/common/wire_order_book.sv:302$1234'.
  created $dff cell `$procdff$9274' with positive edge clock.
Creating register for signal `\wire_order_book.$memwr$\order_valid_q$rtl/common/wire_order_book.sv:318$592_EN' using process `\wire_order_book.$proc$rtl/common/wire_order_book.sv:302$1234'.
  created $dff cell `$procdff$9275' with positive edge clock.
Creating register for signal `\wire_order_book.$memwr$\order_valid_q$rtl/common/wire_order_book.sv:318$593_EN' using process `\wire_order_book.$proc$rtl/common/wire_order_book.sv:302$1234'.
  created $dff cell `$procdff$9276' with positive edge clock.
Creating register for signal `\wire_order_book.$memwr$\order_valid_q$rtl/common/wire_order_book.sv:318$594_EN' using process `\wire_order_book.$proc$rtl/common/wire_order_book.sv:302$1234'.
  created $dff cell `$procdff$9277' with positive edge clock.
Creating register for signal `\wire_order_book.$memwr$\order_valid_q$rtl/common/wire_order_book.sv:318$595_EN' using process `\wire_order_book.$proc$rtl/common/wire_order_book.sv:302$1234'.
  created $dff cell `$procdff$9278' with positive edge clock.
Creating register for signal `\wire_order_book.$memwr$\order_valid_q$rtl/common/wire_order_book.sv:318$596_EN' using process `\wire_order_book.$proc$rtl/common/wire_order_book.sv:302$1234'.
  created $dff cell `$procdff$9279' with positive edge clock.
Creating register for signal `\wire_order_book.$memwr$\order_valid_q$rtl/common/wire_order_book.sv:318$597_EN' using process `\wire_order_book.$proc$rtl/common/wire_order_book.sv:302$1234'.
  created $dff cell `$procdff$9280' with positive edge clock.
Creating register for signal `\wire_order_book.$memwr$\order_valid_q$rtl/common/wire_order_book.sv:318$598_EN' using process `\wire_order_book.$proc$rtl/common/wire_order_book.sv:302$1234'.
  created $dff cell `$procdff$9281' with positive edge clock.
Creating register for signal `\wire_order_book.$memwr$\order_valid_q$rtl/common/wire_order_book.sv:318$599_EN' using process `\wire_order_book.$proc$rtl/common/wire_order_book.sv:302$1234'.
  created $dff cell `$procdff$9282' with positive edge clock.
Creating register for signal `\wire_order_book.$memwr$\order_valid_q$rtl/common/wire_order_book.sv:318$600_EN' using process `\wire_order_book.$proc$rtl/common/wire_order_book.sv:302$1234'.
  created $dff cell `$procdff$9283' with positive edge clock.
Creating register for signal `\wire_order_book.$memwr$\order_valid_q$rtl/common/wire_order_book.sv:318$601_EN' using process `\wire_order_book.$proc$rtl/common/wire_order_book.sv:302$1234'.
  created $dff cell `$procdff$9284' with positive edge clock.
Creating register for signal `\wire_order_book.$memwr$\order_valid_q$rtl/common/wire_order_book.sv:318$602_EN' using process `\wire_order_book.$proc$rtl/common/wire_order_book.sv:302$1234'.
  created $dff cell `$procdff$9285' with positive edge clock.
Creating register for signal `\wire_order_book.$memwr$\order_valid_q$rtl/common/wire_order_book.sv:318$603_EN' using process `\wire_order_book.$proc$rtl/common/wire_order_book.sv:302$1234'.
  created $dff cell `$procdff$9286' with positive edge clock.
Creating register for signal `\wire_order_book.$memwr$\order_valid_q$rtl/common/wire_order_book.sv:318$604_EN' using process `\wire_order_book.$proc$rtl/common/wire_order_book.sv:302$1234'.
  created $dff cell `$procdff$9287' with positive edge clock.
Creating register for signal `\wire_order_book.$memwr$\order_valid_q$rtl/common/wire_order_book.sv:318$605_EN' using process `\wire_order_book.$proc$rtl/common/wire_order_book.sv:302$1234'.
  created $dff cell `$procdff$9288' with positive edge clock.
Creating register for signal `\wire_order_book.$memwr$\order_valid_q$rtl/common/wire_order_book.sv:318$606_EN' using process `\wire_order_book.$proc$rtl/common/wire_order_book.sv:302$1234'.
  created $dff cell `$procdff$9289' with positive edge clock.
Creating register for signal `\wire_order_book.$memwr$\order_valid_q$rtl/common/wire_order_book.sv:318$607_EN' using process `\wire_order_book.$proc$rtl/common/wire_order_book.sv:302$1234'.
  created $dff cell `$procdff$9290' with positive edge clock.
Creating register for signal `\wire_order_book.$memwr$\order_valid_q$rtl/common/wire_order_book.sv:318$608_EN' using process `\wire_order_book.$proc$rtl/common/wire_order_book.sv:302$1234'.
  created $dff cell `$procdff$9291' with positive edge clock.
Creating register for signal `\wire_order_book.$memwr$\order_valid_q$rtl/common/wire_order_book.sv:318$609_EN' using process `\wire_order_book.$proc$rtl/common/wire_order_book.sv:302$1234'.
  created $dff cell `$procdff$9292' with positive edge clock.
Creating register for signal `\wire_order_book.$memwr$\order_valid_q$rtl/common/wire_order_book.sv:318$610_EN' using process `\wire_order_book.$proc$rtl/common/wire_order_book.sv:302$1234'.
  created $dff cell `$procdff$9293' with positive edge clock.
Creating register for signal `\wire_order_book.$memwr$\order_valid_q$rtl/common/wire_order_book.sv:318$611_EN' using process `\wire_order_book.$proc$rtl/common/wire_order_book.sv:302$1234'.
  created $dff cell `$procdff$9294' with positive edge clock.
Creating register for signal `\wire_order_book.$memwr$\order_valid_q$rtl/common/wire_order_book.sv:318$612_EN' using process `\wire_order_book.$proc$rtl/common/wire_order_book.sv:302$1234'.
  created $dff cell `$procdff$9295' with positive edge clock.
Creating register for signal `\wire_order_book.$memwr$\order_valid_q$rtl/common/wire_order_book.sv:318$613_EN' using process `\wire_order_book.$proc$rtl/common/wire_order_book.sv:302$1234'.
  created $dff cell `$procdff$9296' with positive edge clock.
Creating register for signal `\wire_order_book.$memwr$\order_valid_q$rtl/common/wire_order_book.sv:318$614_EN' using process `\wire_order_book.$proc$rtl/common/wire_order_book.sv:302$1234'.
  created $dff cell `$procdff$9297' with positive edge clock.
Creating register for signal `\wire_order_book.$memwr$\order_valid_q$rtl/common/wire_order_book.sv:318$615_EN' using process `\wire_order_book.$proc$rtl/common/wire_order_book.sv:302$1234'.
  created $dff cell `$procdff$9298' with positive edge clock.
Creating register for signal `\wire_order_book.$memwr$\order_valid_q$rtl/common/wire_order_book.sv:318$616_EN' using process `\wire_order_book.$proc$rtl/common/wire_order_book.sv:302$1234'.
  created $dff cell `$procdff$9299' with positive edge clock.
Creating register for signal `\wire_order_book.$memwr$\order_valid_q$rtl/common/wire_order_book.sv:318$617_EN' using process `\wire_order_book.$proc$rtl/common/wire_order_book.sv:302$1234'.
  created $dff cell `$procdff$9300' with positive edge clock.
Creating register for signal `\wire_order_book.$memwr$\order_valid_q$rtl/common/wire_order_book.sv:318$618_EN' using process `\wire_order_book.$proc$rtl/common/wire_order_book.sv:302$1234'.
  created $dff cell `$procdff$9301' with positive edge clock.
Creating register for signal `\wire_order_book.$memwr$\order_valid_q$rtl/common/wire_order_book.sv:318$619_EN' using process `\wire_order_book.$proc$rtl/common/wire_order_book.sv:302$1234'.
  created $dff cell `$procdff$9302' with positive edge clock.
Creating register for signal `\wire_order_book.$memwr$\order_valid_q$rtl/common/wire_order_book.sv:318$620_EN' using process `\wire_order_book.$proc$rtl/common/wire_order_book.sv:302$1234'.
  created $dff cell `$procdff$9303' with positive edge clock.
Creating register for signal `\wire_order_book.$memwr$\order_valid_q$rtl/common/wire_order_book.sv:318$621_EN' using process `\wire_order_book.$proc$rtl/common/wire_order_book.sv:302$1234'.
  created $dff cell `$procdff$9304' with positive edge clock.
Creating register for signal `\wire_order_book.$memwr$\order_valid_q$rtl/common/wire_order_book.sv:318$622_EN' using process `\wire_order_book.$proc$rtl/common/wire_order_book.sv:302$1234'.
  created $dff cell `$procdff$9305' with positive edge clock.
Creating register for signal `\wire_order_book.$memwr$\order_valid_q$rtl/common/wire_order_book.sv:318$623_EN' using process `\wire_order_book.$proc$rtl/common/wire_order_book.sv:302$1234'.
  created $dff cell `$procdff$9306' with positive edge clock.
Creating register for signal `\wire_order_book.$memwr$\order_valid_q$rtl/common/wire_order_book.sv:318$624_EN' using process `\wire_order_book.$proc$rtl/common/wire_order_book.sv:302$1234'.
  created $dff cell `$procdff$9307' with positive edge clock.
Creating register for signal `\wire_order_book.$memwr$\order_valid_q$rtl/common/wire_order_book.sv:318$625_EN' using process `\wire_order_book.$proc$rtl/common/wire_order_book.sv:302$1234'.
  created $dff cell `$procdff$9308' with positive edge clock.
Creating register for signal `\wire_order_book.$memwr$\order_valid_q$rtl/common/wire_order_book.sv:318$626_EN' using process `\wire_order_book.$proc$rtl/common/wire_order_book.sv:302$1234'.
  created $dff cell `$procdff$9309' with positive edge clock.
Creating register for signal `\wire_order_book.$memwr$\order_valid_q$rtl/common/wire_order_book.sv:318$627_EN' using process `\wire_order_book.$proc$rtl/common/wire_order_book.sv:302$1234'.
  created $dff cell `$procdff$9310' with positive edge clock.
Creating register for signal `\wire_order_book.$memwr$\order_valid_q$rtl/common/wire_order_book.sv:318$628_EN' using process `\wire_order_book.$proc$rtl/common/wire_order_book.sv:302$1234'.
  created $dff cell `$procdff$9311' with positive edge clock.
Creating register for signal `\wire_order_book.$memwr$\order_valid_q$rtl/common/wire_order_book.sv:318$629_EN' using process `\wire_order_book.$proc$rtl/common/wire_order_book.sv:302$1234'.
  created $dff cell `$procdff$9312' with positive edge clock.
Creating register for signal `\wire_order_book.$memwr$\order_valid_q$rtl/common/wire_order_book.sv:318$630_EN' using process `\wire_order_book.$proc$rtl/common/wire_order_book.sv:302$1234'.
  created $dff cell `$procdff$9313' with positive edge clock.
Creating register for signal `\wire_order_book.$memwr$\order_valid_q$rtl/common/wire_order_book.sv:318$631_EN' using process `\wire_order_book.$proc$rtl/common/wire_order_book.sv:302$1234'.
  created $dff cell `$procdff$9314' with positive edge clock.
Creating register for signal `\wire_order_book.$memwr$\order_valid_q$rtl/common/wire_order_book.sv:318$632_EN' using process `\wire_order_book.$proc$rtl/common/wire_order_book.sv:302$1234'.
  created $dff cell `$procdff$9315' with positive edge clock.
Creating register for signal `\wire_order_book.$memwr$\order_valid_q$rtl/common/wire_order_book.sv:318$633_EN' using process `\wire_order_book.$proc$rtl/common/wire_order_book.sv:302$1234'.
  created $dff cell `$procdff$9316' with positive edge clock.
Creating register for signal `\wire_order_book.$memwr$\order_valid_q$rtl/common/wire_order_book.sv:318$634_EN' using process `\wire_order_book.$proc$rtl/common/wire_order_book.sv:302$1234'.
  created $dff cell `$procdff$9317' with positive edge clock.
Creating register for signal `\wire_order_book.$memwr$\order_valid_q$rtl/common/wire_order_book.sv:318$635_EN' using process `\wire_order_book.$proc$rtl/common/wire_order_book.sv:302$1234'.
  created $dff cell `$procdff$9318' with positive edge clock.
Creating register for signal `\wire_order_book.$memwr$\order_valid_q$rtl/common/wire_order_book.sv:318$636_EN' using process `\wire_order_book.$proc$rtl/common/wire_order_book.sv:302$1234'.
  created $dff cell `$procdff$9319' with positive edge clock.
Creating register for signal `\wire_order_book.$memwr$\order_valid_q$rtl/common/wire_order_book.sv:318$637_EN' using process `\wire_order_book.$proc$rtl/common/wire_order_book.sv:302$1234'.
  created $dff cell `$procdff$9320' with positive edge clock.
Creating register for signal `\wire_order_book.$memwr$\order_valid_q$rtl/common/wire_order_book.sv:318$638_EN' using process `\wire_order_book.$proc$rtl/common/wire_order_book.sv:302$1234'.
  created $dff cell `$procdff$9321' with positive edge clock.
Creating register for signal `\wire_order_book.$memwr$\order_valid_q$rtl/common/wire_order_book.sv:318$639_EN' using process `\wire_order_book.$proc$rtl/common/wire_order_book.sv:302$1234'.
  created $dff cell `$procdff$9322' with positive edge clock.
Creating register for signal `\wire_order_book.$memwr$\order_valid_q$rtl/common/wire_order_book.sv:318$640_EN' using process `\wire_order_book.$proc$rtl/common/wire_order_book.sv:302$1234'.
  created $dff cell `$procdff$9323' with positive edge clock.
Creating register for signal `\wire_order_book.$memwr$\order_valid_q$rtl/common/wire_order_book.sv:318$641_EN' using process `\wire_order_book.$proc$rtl/common/wire_order_book.sv:302$1234'.
  created $dff cell `$procdff$9324' with positive edge clock.
Creating register for signal `\wire_order_book.$memwr$\order_valid_q$rtl/common/wire_order_book.sv:318$642_EN' using process `\wire_order_book.$proc$rtl/common/wire_order_book.sv:302$1234'.
  created $dff cell `$procdff$9325' with positive edge clock.
Creating register for signal `\wire_order_book.$memwr$\order_valid_q$rtl/common/wire_order_book.sv:318$643_EN' using process `\wire_order_book.$proc$rtl/common/wire_order_book.sv:302$1234'.
  created $dff cell `$procdff$9326' with positive edge clock.
Creating register for signal `\wire_order_book.$memwr$\order_valid_q$rtl/common/wire_order_book.sv:318$644_EN' using process `\wire_order_book.$proc$rtl/common/wire_order_book.sv:302$1234'.
  created $dff cell `$procdff$9327' with positive edge clock.
Creating register for signal `\wire_order_book.$memwr$\order_valid_q$rtl/common/wire_order_book.sv:318$645_EN' using process `\wire_order_book.$proc$rtl/common/wire_order_book.sv:302$1234'.
  created $dff cell `$procdff$9328' with positive edge clock.
Creating register for signal `\wire_order_book.$memwr$\order_valid_q$rtl/common/wire_order_book.sv:318$646_EN' using process `\wire_order_book.$proc$rtl/common/wire_order_book.sv:302$1234'.
  created $dff cell `$procdff$9329' with positive edge clock.
Creating register for signal `\wire_order_book.$memwr$\order_valid_q$rtl/common/wire_order_book.sv:318$647_EN' using process `\wire_order_book.$proc$rtl/common/wire_order_book.sv:302$1234'.
  created $dff cell `$procdff$9330' with positive edge clock.
Creating register for signal `\wire_order_book.$memwr$\order_valid_q$rtl/common/wire_order_book.sv:318$648_EN' using process `\wire_order_book.$proc$rtl/common/wire_order_book.sv:302$1234'.
  created $dff cell `$procdff$9331' with positive edge clock.
Creating register for signal `\wire_order_book.$memwr$\order_valid_q$rtl/common/wire_order_book.sv:318$649_EN' using process `\wire_order_book.$proc$rtl/common/wire_order_book.sv:302$1234'.
  created $dff cell `$procdff$9332' with positive edge clock.
Creating register for signal `\wire_order_book.$memwr$\order_valid_q$rtl/common/wire_order_book.sv:318$650_EN' using process `\wire_order_book.$proc$rtl/common/wire_order_book.sv:302$1234'.
  created $dff cell `$procdff$9333' with positive edge clock.
Creating register for signal `\wire_order_book.$memwr$\order_valid_q$rtl/common/wire_order_book.sv:318$651_EN' using process `\wire_order_book.$proc$rtl/common/wire_order_book.sv:302$1234'.
  created $dff cell `$procdff$9334' with positive edge clock.
Creating register for signal `\wire_order_book.$memwr$\order_valid_q$rtl/common/wire_order_book.sv:318$652_EN' using process `\wire_order_book.$proc$rtl/common/wire_order_book.sv:302$1234'.
  created $dff cell `$procdff$9335' with positive edge clock.
Creating register for signal `\wire_order_book.$memwr$\order_valid_q$rtl/common/wire_order_book.sv:318$653_EN' using process `\wire_order_book.$proc$rtl/common/wire_order_book.sv:302$1234'.
  created $dff cell `$procdff$9336' with positive edge clock.
Creating register for signal `\wire_order_book.$memwr$\order_valid_q$rtl/common/wire_order_book.sv:318$654_EN' using process `\wire_order_book.$proc$rtl/common/wire_order_book.sv:302$1234'.
  created $dff cell `$procdff$9337' with positive edge clock.
Creating register for signal `\wire_order_book.$memwr$\order_valid_q$rtl/common/wire_order_book.sv:318$655_EN' using process `\wire_order_book.$proc$rtl/common/wire_order_book.sv:302$1234'.
  created $dff cell `$procdff$9338' with positive edge clock.
Creating register for signal `\wire_order_book.$memwr$\order_valid_q$rtl/common/wire_order_book.sv:318$656_EN' using process `\wire_order_book.$proc$rtl/common/wire_order_book.sv:302$1234'.
  created $dff cell `$procdff$9339' with positive edge clock.
Creating register for signal `\wire_order_book.$memwr$\order_valid_q$rtl/common/wire_order_book.sv:318$657_EN' using process `\wire_order_book.$proc$rtl/common/wire_order_book.sv:302$1234'.
  created $dff cell `$procdff$9340' with positive edge clock.
Creating register for signal `\wire_order_book.$memwr$\order_valid_q$rtl/common/wire_order_book.sv:318$658_EN' using process `\wire_order_book.$proc$rtl/common/wire_order_book.sv:302$1234'.
  created $dff cell `$procdff$9341' with positive edge clock.
Creating register for signal `\wire_order_book.$memwr$\order_valid_q$rtl/common/wire_order_book.sv:318$659_EN' using process `\wire_order_book.$proc$rtl/common/wire_order_book.sv:302$1234'.
  created $dff cell `$procdff$9342' with positive edge clock.
Creating register for signal `\wire_order_book.$memwr$\order_valid_q$rtl/common/wire_order_book.sv:318$660_EN' using process `\wire_order_book.$proc$rtl/common/wire_order_book.sv:302$1234'.
  created $dff cell `$procdff$9343' with positive edge clock.
Creating register for signal `\wire_order_book.$memwr$\order_valid_q$rtl/common/wire_order_book.sv:318$661_EN' using process `\wire_order_book.$proc$rtl/common/wire_order_book.sv:302$1234'.
  created $dff cell `$procdff$9344' with positive edge clock.
Creating register for signal `\wire_order_book.$memwr$\order_valid_q$rtl/common/wire_order_book.sv:318$662_EN' using process `\wire_order_book.$proc$rtl/common/wire_order_book.sv:302$1234'.
  created $dff cell `$procdff$9345' with positive edge clock.
Creating register for signal `\wire_order_book.$memwr$\order_valid_q$rtl/common/wire_order_book.sv:318$663_EN' using process `\wire_order_book.$proc$rtl/common/wire_order_book.sv:302$1234'.
  created $dff cell `$procdff$9346' with positive edge clock.
Creating register for signal `\wire_order_book.$memwr$\order_valid_q$rtl/common/wire_order_book.sv:318$664_EN' using process `\wire_order_book.$proc$rtl/common/wire_order_book.sv:302$1234'.
  created $dff cell `$procdff$9347' with positive edge clock.
Creating register for signal `\wire_order_book.$memwr$\order_valid_q$rtl/common/wire_order_book.sv:318$665_EN' using process `\wire_order_book.$proc$rtl/common/wire_order_book.sv:302$1234'.
  created $dff cell `$procdff$9348' with positive edge clock.
Creating register for signal `\wire_order_book.$memwr$\order_valid_q$rtl/common/wire_order_book.sv:318$666_EN' using process `\wire_order_book.$proc$rtl/common/wire_order_book.sv:302$1234'.
  created $dff cell `$procdff$9349' with positive edge clock.
Creating register for signal `\wire_order_book.$memwr$\order_valid_q$rtl/common/wire_order_book.sv:318$667_EN' using process `\wire_order_book.$proc$rtl/common/wire_order_book.sv:302$1234'.
  created $dff cell `$procdff$9350' with positive edge clock.
Creating register for signal `\wire_order_book.$memwr$\order_valid_q$rtl/common/wire_order_book.sv:318$668_EN' using process `\wire_order_book.$proc$rtl/common/wire_order_book.sv:302$1234'.
  created $dff cell `$procdff$9351' with positive edge clock.
Creating register for signal `\wire_order_book.$memwr$\order_valid_q$rtl/common/wire_order_book.sv:318$669_EN' using process `\wire_order_book.$proc$rtl/common/wire_order_book.sv:302$1234'.
  created $dff cell `$procdff$9352' with positive edge clock.
Creating register for signal `\wire_order_book.$memwr$\order_valid_q$rtl/common/wire_order_book.sv:318$670_EN' using process `\wire_order_book.$proc$rtl/common/wire_order_book.sv:302$1234'.
  created $dff cell `$procdff$9353' with positive edge clock.
Creating register for signal `\wire_order_book.$memwr$\order_valid_q$rtl/common/wire_order_book.sv:318$671_EN' using process `\wire_order_book.$proc$rtl/common/wire_order_book.sv:302$1234'.
  created $dff cell `$procdff$9354' with positive edge clock.
Creating register for signal `\wire_order_book.$memwr$\order_valid_q$rtl/common/wire_order_book.sv:318$672_EN' using process `\wire_order_book.$proc$rtl/common/wire_order_book.sv:302$1234'.
  created $dff cell `$procdff$9355' with positive edge clock.
Creating register for signal `\wire_order_book.$memwr$\order_valid_q$rtl/common/wire_order_book.sv:318$673_EN' using process `\wire_order_book.$proc$rtl/common/wire_order_book.sv:302$1234'.
  created $dff cell `$procdff$9356' with positive edge clock.
Creating register for signal `\wire_order_book.$memwr$\order_valid_q$rtl/common/wire_order_book.sv:318$674_EN' using process `\wire_order_book.$proc$rtl/common/wire_order_book.sv:302$1234'.
  created $dff cell `$procdff$9357' with positive edge clock.
Creating register for signal `\wire_order_book.$memwr$\order_valid_q$rtl/common/wire_order_book.sv:318$675_EN' using process `\wire_order_book.$proc$rtl/common/wire_order_book.sv:302$1234'.
  created $dff cell `$procdff$9358' with positive edge clock.
Creating register for signal `\wire_order_book.$memwr$\order_valid_q$rtl/common/wire_order_book.sv:318$676_EN' using process `\wire_order_book.$proc$rtl/common/wire_order_book.sv:302$1234'.
  created $dff cell `$procdff$9359' with positive edge clock.
Creating register for signal `\wire_order_book.$memwr$\order_valid_q$rtl/common/wire_order_book.sv:318$677_EN' using process `\wire_order_book.$proc$rtl/common/wire_order_book.sv:302$1234'.
  created $dff cell `$procdff$9360' with positive edge clock.
Creating register for signal `\wire_order_book.$memwr$\order_valid_q$rtl/common/wire_order_book.sv:318$678_EN' using process `\wire_order_book.$proc$rtl/common/wire_order_book.sv:302$1234'.
  created $dff cell `$procdff$9361' with positive edge clock.
Creating register for signal `\wire_order_book.$memwr$\order_valid_q$rtl/common/wire_order_book.sv:318$679_EN' using process `\wire_order_book.$proc$rtl/common/wire_order_book.sv:302$1234'.
  created $dff cell `$procdff$9362' with positive edge clock.
Creating register for signal `\wire_order_book.$memwr$\order_valid_q$rtl/common/wire_order_book.sv:318$680_EN' using process `\wire_order_book.$proc$rtl/common/wire_order_book.sv:302$1234'.
  created $dff cell `$procdff$9363' with positive edge clock.
Creating register for signal `\wire_order_book.$memwr$\order_valid_q$rtl/common/wire_order_book.sv:318$681_EN' using process `\wire_order_book.$proc$rtl/common/wire_order_book.sv:302$1234'.
  created $dff cell `$procdff$9364' with positive edge clock.
Creating register for signal `\wire_order_book.$memwr$\order_valid_q$rtl/common/wire_order_book.sv:318$682_EN' using process `\wire_order_book.$proc$rtl/common/wire_order_book.sv:302$1234'.
  created $dff cell `$procdff$9365' with positive edge clock.
Creating register for signal `\wire_order_book.$memwr$\order_valid_q$rtl/common/wire_order_book.sv:318$683_EN' using process `\wire_order_book.$proc$rtl/common/wire_order_book.sv:302$1234'.
  created $dff cell `$procdff$9366' with positive edge clock.
Creating register for signal `\wire_order_book.$memwr$\order_valid_q$rtl/common/wire_order_book.sv:318$684_EN' using process `\wire_order_book.$proc$rtl/common/wire_order_book.sv:302$1234'.
  created $dff cell `$procdff$9367' with positive edge clock.
Creating register for signal `\wire_order_book.$memwr$\order_valid_q$rtl/common/wire_order_book.sv:318$685_EN' using process `\wire_order_book.$proc$rtl/common/wire_order_book.sv:302$1234'.
  created $dff cell `$procdff$9368' with positive edge clock.
Creating register for signal `\wire_order_book.$memwr$\order_valid_q$rtl/common/wire_order_book.sv:318$686_EN' using process `\wire_order_book.$proc$rtl/common/wire_order_book.sv:302$1234'.
  created $dff cell `$procdff$9369' with positive edge clock.
Creating register for signal `\wire_order_book.$memwr$\order_valid_q$rtl/common/wire_order_book.sv:318$687_EN' using process `\wire_order_book.$proc$rtl/common/wire_order_book.sv:302$1234'.
  created $dff cell `$procdff$9370' with positive edge clock.
Creating register for signal `\wire_order_book.$memwr$\order_valid_q$rtl/common/wire_order_book.sv:318$688_EN' using process `\wire_order_book.$proc$rtl/common/wire_order_book.sv:302$1234'.
  created $dff cell `$procdff$9371' with positive edge clock.
Creating register for signal `\wire_order_book.$memwr$\order_valid_q$rtl/common/wire_order_book.sv:318$689_EN' using process `\wire_order_book.$proc$rtl/common/wire_order_book.sv:302$1234'.
  created $dff cell `$procdff$9372' with positive edge clock.
Creating register for signal `\wire_order_book.$memwr$\order_valid_q$rtl/common/wire_order_book.sv:318$690_EN' using process `\wire_order_book.$proc$rtl/common/wire_order_book.sv:302$1234'.
  created $dff cell `$procdff$9373' with positive edge clock.
Creating register for signal `\wire_order_book.$memwr$\order_valid_q$rtl/common/wire_order_book.sv:318$691_EN' using process `\wire_order_book.$proc$rtl/common/wire_order_book.sv:302$1234'.
  created $dff cell `$procdff$9374' with positive edge clock.
Creating register for signal `\wire_order_book.$memwr$\order_valid_q$rtl/common/wire_order_book.sv:318$692_EN' using process `\wire_order_book.$proc$rtl/common/wire_order_book.sv:302$1234'.
  created $dff cell `$procdff$9375' with positive edge clock.
Creating register for signal `\wire_order_book.$memwr$\order_valid_q$rtl/common/wire_order_book.sv:318$693_EN' using process `\wire_order_book.$proc$rtl/common/wire_order_book.sv:302$1234'.
  created $dff cell `$procdff$9376' with positive edge clock.
Creating register for signal `\wire_order_book.$memwr$\order_valid_q$rtl/common/wire_order_book.sv:318$694_EN' using process `\wire_order_book.$proc$rtl/common/wire_order_book.sv:302$1234'.
  created $dff cell `$procdff$9377' with positive edge clock.
Creating register for signal `\wire_order_book.$memwr$\order_valid_q$rtl/common/wire_order_book.sv:318$695_EN' using process `\wire_order_book.$proc$rtl/common/wire_order_book.sv:302$1234'.
  created $dff cell `$procdff$9378' with positive edge clock.
Creating register for signal `\wire_order_book.$memwr$\order_valid_q$rtl/common/wire_order_book.sv:318$696_EN' using process `\wire_order_book.$proc$rtl/common/wire_order_book.sv:302$1234'.
  created $dff cell `$procdff$9379' with positive edge clock.
Creating register for signal `\wire_order_book.$memwr$\order_valid_q$rtl/common/wire_order_book.sv:318$697_EN' using process `\wire_order_book.$proc$rtl/common/wire_order_book.sv:302$1234'.
  created $dff cell `$procdff$9380' with positive edge clock.
Creating register for signal `\wire_order_book.$memwr$\order_valid_q$rtl/common/wire_order_book.sv:318$698_EN' using process `\wire_order_book.$proc$rtl/common/wire_order_book.sv:302$1234'.
  created $dff cell `$procdff$9381' with positive edge clock.
Creating register for signal `\wire_order_book.$memwr$\order_valid_q$rtl/common/wire_order_book.sv:318$699_EN' using process `\wire_order_book.$proc$rtl/common/wire_order_book.sv:302$1234'.
  created $dff cell `$procdff$9382' with positive edge clock.
Creating register for signal `\wire_order_book.$memwr$\order_valid_q$rtl/common/wire_order_book.sv:318$700_EN' using process `\wire_order_book.$proc$rtl/common/wire_order_book.sv:302$1234'.
  created $dff cell `$procdff$9383' with positive edge clock.
Creating register for signal `\wire_order_book.$memwr$\order_valid_q$rtl/common/wire_order_book.sv:318$701_EN' using process `\wire_order_book.$proc$rtl/common/wire_order_book.sv:302$1234'.
  created $dff cell `$procdff$9384' with positive edge clock.
Creating register for signal `\wire_order_book.$memwr$\order_valid_q$rtl/common/wire_order_book.sv:318$702_EN' using process `\wire_order_book.$proc$rtl/common/wire_order_book.sv:302$1234'.
  created $dff cell `$procdff$9385' with positive edge clock.
Creating register for signal `\wire_order_book.$memwr$\order_valid_q$rtl/common/wire_order_book.sv:318$703_EN' using process `\wire_order_book.$proc$rtl/common/wire_order_book.sv:302$1234'.
  created $dff cell `$procdff$9386' with positive edge clock.
Creating register for signal `\wire_order_book.$memwr$\order_valid_q$rtl/common/wire_order_book.sv:318$704_EN' using process `\wire_order_book.$proc$rtl/common/wire_order_book.sv:302$1234'.
  created $dff cell `$procdff$9387' with positive edge clock.
Creating register for signal `\wire_order_book.$memwr$\order_valid_q$rtl/common/wire_order_book.sv:318$705_EN' using process `\wire_order_book.$proc$rtl/common/wire_order_book.sv:302$1234'.
  created $dff cell `$procdff$9388' with positive edge clock.
Creating register for signal `\wire_order_book.$memwr$\order_valid_q$rtl/common/wire_order_book.sv:318$706_EN' using process `\wire_order_book.$proc$rtl/common/wire_order_book.sv:302$1234'.
  created $dff cell `$procdff$9389' with positive edge clock.
Creating register for signal `\wire_order_book.$memwr$\order_valid_q$rtl/common/wire_order_book.sv:318$707_EN' using process `\wire_order_book.$proc$rtl/common/wire_order_book.sv:302$1234'.
  created $dff cell `$procdff$9390' with positive edge clock.
Creating register for signal `\wire_order_book.$memwr$\order_valid_q$rtl/common/wire_order_book.sv:318$708_EN' using process `\wire_order_book.$proc$rtl/common/wire_order_book.sv:302$1234'.
  created $dff cell `$procdff$9391' with positive edge clock.
Creating register for signal `\wire_order_book.$memwr$\order_valid_q$rtl/common/wire_order_book.sv:318$709_EN' using process `\wire_order_book.$proc$rtl/common/wire_order_book.sv:302$1234'.
  created $dff cell `$procdff$9392' with positive edge clock.
Creating register for signal `\wire_order_book.$memwr$\order_valid_q$rtl/common/wire_order_book.sv:318$710_EN' using process `\wire_order_book.$proc$rtl/common/wire_order_book.sv:302$1234'.
  created $dff cell `$procdff$9393' with positive edge clock.
Creating register for signal `\wire_order_book.$memwr$\order_valid_q$rtl/common/wire_order_book.sv:318$711_EN' using process `\wire_order_book.$proc$rtl/common/wire_order_book.sv:302$1234'.
  created $dff cell `$procdff$9394' with positive edge clock.
Creating register for signal `\wire_order_book.$memwr$\order_valid_q$rtl/common/wire_order_book.sv:318$712_EN' using process `\wire_order_book.$proc$rtl/common/wire_order_book.sv:302$1234'.
  created $dff cell `$procdff$9395' with positive edge clock.
Creating register for signal `\wire_order_book.$memwr$\order_valid_q$rtl/common/wire_order_book.sv:318$713_EN' using process `\wire_order_book.$proc$rtl/common/wire_order_book.sv:302$1234'.
  created $dff cell `$procdff$9396' with positive edge clock.
Creating register for signal `\wire_order_book.$memwr$\order_valid_q$rtl/common/wire_order_book.sv:318$714_EN' using process `\wire_order_book.$proc$rtl/common/wire_order_book.sv:302$1234'.
  created $dff cell `$procdff$9397' with positive edge clock.
Creating register for signal `\wire_order_book.$memwr$\order_valid_q$rtl/common/wire_order_book.sv:318$715_EN' using process `\wire_order_book.$proc$rtl/common/wire_order_book.sv:302$1234'.
  created $dff cell `$procdff$9398' with positive edge clock.
Creating register for signal `\wire_order_book.$memwr$\order_valid_q$rtl/common/wire_order_book.sv:318$716_EN' using process `\wire_order_book.$proc$rtl/common/wire_order_book.sv:302$1234'.
  created $dff cell `$procdff$9399' with positive edge clock.
Creating register for signal `\wire_order_book.$memwr$\order_valid_q$rtl/common/wire_order_book.sv:318$717_EN' using process `\wire_order_book.$proc$rtl/common/wire_order_book.sv:302$1234'.
  created $dff cell `$procdff$9400' with positive edge clock.
Creating register for signal `\wire_order_book.$memwr$\order_valid_q$rtl/common/wire_order_book.sv:318$718_EN' using process `\wire_order_book.$proc$rtl/common/wire_order_book.sv:302$1234'.
  created $dff cell `$procdff$9401' with positive edge clock.
Creating register for signal `\wire_order_book.$memwr$\order_valid_q$rtl/common/wire_order_book.sv:318$719_EN' using process `\wire_order_book.$proc$rtl/common/wire_order_book.sv:302$1234'.
  created $dff cell `$procdff$9402' with positive edge clock.
Creating register for signal `\wire_order_book.$memwr$\order_valid_q$rtl/common/wire_order_book.sv:318$720_EN' using process `\wire_order_book.$proc$rtl/common/wire_order_book.sv:302$1234'.
  created $dff cell `$procdff$9403' with positive edge clock.
Creating register for signal `\wire_order_book.$memwr$\order_valid_q$rtl/common/wire_order_book.sv:318$721_EN' using process `\wire_order_book.$proc$rtl/common/wire_order_book.sv:302$1234'.
  created $dff cell `$procdff$9404' with positive edge clock.
Creating register for signal `\wire_order_book.$memwr$\order_valid_q$rtl/common/wire_order_book.sv:318$722_EN' using process `\wire_order_book.$proc$rtl/common/wire_order_book.sv:302$1234'.
  created $dff cell `$procdff$9405' with positive edge clock.
Creating register for signal `\wire_order_book.$memwr$\order_valid_q$rtl/common/wire_order_book.sv:318$723_EN' using process `\wire_order_book.$proc$rtl/common/wire_order_book.sv:302$1234'.
  created $dff cell `$procdff$9406' with positive edge clock.
Creating register for signal `\wire_order_book.$memwr$\order_valid_q$rtl/common/wire_order_book.sv:318$724_EN' using process `\wire_order_book.$proc$rtl/common/wire_order_book.sv:302$1234'.
  created $dff cell `$procdff$9407' with positive edge clock.
Creating register for signal `\wire_order_book.$memwr$\order_valid_q$rtl/common/wire_order_book.sv:318$725_EN' using process `\wire_order_book.$proc$rtl/common/wire_order_book.sv:302$1234'.
  created $dff cell `$procdff$9408' with positive edge clock.
Creating register for signal `\wire_order_book.$memwr$\order_valid_q$rtl/common/wire_order_book.sv:318$726_EN' using process `\wire_order_book.$proc$rtl/common/wire_order_book.sv:302$1234'.
  created $dff cell `$procdff$9409' with positive edge clock.
Creating register for signal `\wire_order_book.$memwr$\order_valid_q$rtl/common/wire_order_book.sv:318$727_EN' using process `\wire_order_book.$proc$rtl/common/wire_order_book.sv:302$1234'.
  created $dff cell `$procdff$9410' with positive edge clock.
Creating register for signal `\wire_order_book.$memwr$\order_valid_q$rtl/common/wire_order_book.sv:318$728_EN' using process `\wire_order_book.$proc$rtl/common/wire_order_book.sv:302$1234'.
  created $dff cell `$procdff$9411' with positive edge clock.
Creating register for signal `\wire_order_book.$memwr$\order_valid_q$rtl/common/wire_order_book.sv:318$729_EN' using process `\wire_order_book.$proc$rtl/common/wire_order_book.sv:302$1234'.
  created $dff cell `$procdff$9412' with positive edge clock.
Creating register for signal `\wire_order_book.$memwr$\order_valid_q$rtl/common/wire_order_book.sv:318$730_EN' using process `\wire_order_book.$proc$rtl/common/wire_order_book.sv:302$1234'.
  created $dff cell `$procdff$9413' with positive edge clock.
Creating register for signal `\wire_order_book.$memwr$\order_valid_q$rtl/common/wire_order_book.sv:318$731_EN' using process `\wire_order_book.$proc$rtl/common/wire_order_book.sv:302$1234'.
  created $dff cell `$procdff$9414' with positive edge clock.
Creating register for signal `\wire_order_book.$memwr$\order_valid_q$rtl/common/wire_order_book.sv:318$732_EN' using process `\wire_order_book.$proc$rtl/common/wire_order_book.sv:302$1234'.
  created $dff cell `$procdff$9415' with positive edge clock.
Creating register for signal `\wire_order_book.$memwr$\order_valid_q$rtl/common/wire_order_book.sv:318$733_EN' using process `\wire_order_book.$proc$rtl/common/wire_order_book.sv:302$1234'.
  created $dff cell `$procdff$9416' with positive edge clock.
Creating register for signal `\wire_order_book.$memwr$\order_valid_q$rtl/common/wire_order_book.sv:318$734_EN' using process `\wire_order_book.$proc$rtl/common/wire_order_book.sv:302$1234'.
  created $dff cell `$procdff$9417' with positive edge clock.
Creating register for signal `\wire_order_book.$memwr$\order_valid_q$rtl/common/wire_order_book.sv:318$735_EN' using process `\wire_order_book.$proc$rtl/common/wire_order_book.sv:302$1234'.
  created $dff cell `$procdff$9418' with positive edge clock.
Creating register for signal `\wire_order_book.$memwr$\order_valid_q$rtl/common/wire_order_book.sv:318$736_EN' using process `\wire_order_book.$proc$rtl/common/wire_order_book.sv:302$1234'.
  created $dff cell `$procdff$9419' with positive edge clock.
Creating register for signal `\wire_order_book.$memwr$\order_valid_q$rtl/common/wire_order_book.sv:318$737_EN' using process `\wire_order_book.$proc$rtl/common/wire_order_book.sv:302$1234'.
  created $dff cell `$procdff$9420' with positive edge clock.
Creating register for signal `\wire_order_book.$memwr$\order_valid_q$rtl/common/wire_order_book.sv:318$738_EN' using process `\wire_order_book.$proc$rtl/common/wire_order_book.sv:302$1234'.
  created $dff cell `$procdff$9421' with positive edge clock.
Creating register for signal `\wire_order_book.$memwr$\order_valid_q$rtl/common/wire_order_book.sv:318$739_EN' using process `\wire_order_book.$proc$rtl/common/wire_order_book.sv:302$1234'.
  created $dff cell `$procdff$9422' with positive edge clock.
Creating register for signal `\wire_order_book.$memwr$\order_valid_q$rtl/common/wire_order_book.sv:318$740_EN' using process `\wire_order_book.$proc$rtl/common/wire_order_book.sv:302$1234'.
  created $dff cell `$procdff$9423' with positive edge clock.
Creating register for signal `\wire_order_book.$memwr$\order_valid_q$rtl/common/wire_order_book.sv:318$741_EN' using process `\wire_order_book.$proc$rtl/common/wire_order_book.sv:302$1234'.
  created $dff cell `$procdff$9424' with positive edge clock.
Creating register for signal `\wire_order_book.$memwr$\order_valid_q$rtl/common/wire_order_book.sv:318$742_EN' using process `\wire_order_book.$proc$rtl/common/wire_order_book.sv:302$1234'.
  created $dff cell `$procdff$9425' with positive edge clock.
Creating register for signal `\wire_order_book.$memwr$\order_valid_q$rtl/common/wire_order_book.sv:318$743_EN' using process `\wire_order_book.$proc$rtl/common/wire_order_book.sv:302$1234'.
  created $dff cell `$procdff$9426' with positive edge clock.
Creating register for signal `\wire_order_book.$memwr$\order_valid_q$rtl/common/wire_order_book.sv:318$744_EN' using process `\wire_order_book.$proc$rtl/common/wire_order_book.sv:302$1234'.
  created $dff cell `$procdff$9427' with positive edge clock.
Creating register for signal `\wire_order_book.$memwr$\order_valid_q$rtl/common/wire_order_book.sv:318$745_EN' using process `\wire_order_book.$proc$rtl/common/wire_order_book.sv:302$1234'.
  created $dff cell `$procdff$9428' with positive edge clock.
Creating register for signal `\wire_order_book.$memwr$\order_valid_q$rtl/common/wire_order_book.sv:318$746_EN' using process `\wire_order_book.$proc$rtl/common/wire_order_book.sv:302$1234'.
  created $dff cell `$procdff$9429' with positive edge clock.
Creating register for signal `\wire_order_book.$memwr$\order_valid_q$rtl/common/wire_order_book.sv:318$747_EN' using process `\wire_order_book.$proc$rtl/common/wire_order_book.sv:302$1234'.
  created $dff cell `$procdff$9430' with positive edge clock.
Creating register for signal `\wire_order_book.$memwr$\order_valid_q$rtl/common/wire_order_book.sv:318$748_EN' using process `\wire_order_book.$proc$rtl/common/wire_order_book.sv:302$1234'.
  created $dff cell `$procdff$9431' with positive edge clock.
Creating register for signal `\wire_order_book.$memwr$\order_valid_q$rtl/common/wire_order_book.sv:318$749_EN' using process `\wire_order_book.$proc$rtl/common/wire_order_book.sv:302$1234'.
  created $dff cell `$procdff$9432' with positive edge clock.
Creating register for signal `\wire_order_book.$memwr$\order_valid_q$rtl/common/wire_order_book.sv:318$750_EN' using process `\wire_order_book.$proc$rtl/common/wire_order_book.sv:302$1234'.
  created $dff cell `$procdff$9433' with positive edge clock.
Creating register for signal `\wire_order_book.$memwr$\order_valid_q$rtl/common/wire_order_book.sv:318$751_EN' using process `\wire_order_book.$proc$rtl/common/wire_order_book.sv:302$1234'.
  created $dff cell `$procdff$9434' with positive edge clock.
Creating register for signal `\wire_order_book.$memwr$\order_valid_q$rtl/common/wire_order_book.sv:318$752_EN' using process `\wire_order_book.$proc$rtl/common/wire_order_book.sv:302$1234'.
  created $dff cell `$procdff$9435' with positive edge clock.
Creating register for signal `\wire_order_book.$memwr$\order_valid_q$rtl/common/wire_order_book.sv:318$753_EN' using process `\wire_order_book.$proc$rtl/common/wire_order_book.sv:302$1234'.
  created $dff cell `$procdff$9436' with positive edge clock.
Creating register for signal `\wire_order_book.$memwr$\order_valid_q$rtl/common/wire_order_book.sv:318$754_EN' using process `\wire_order_book.$proc$rtl/common/wire_order_book.sv:302$1234'.
  created $dff cell `$procdff$9437' with positive edge clock.
Creating register for signal `\wire_order_book.$memwr$\order_valid_q$rtl/common/wire_order_book.sv:318$755_EN' using process `\wire_order_book.$proc$rtl/common/wire_order_book.sv:302$1234'.
  created $dff cell `$procdff$9438' with positive edge clock.
Creating register for signal `\wire_order_book.$memwr$\order_valid_q$rtl/common/wire_order_book.sv:318$756_EN' using process `\wire_order_book.$proc$rtl/common/wire_order_book.sv:302$1234'.
  created $dff cell `$procdff$9439' with positive edge clock.
Creating register for signal `\wire_order_book.$memwr$\order_valid_q$rtl/common/wire_order_book.sv:318$757_EN' using process `\wire_order_book.$proc$rtl/common/wire_order_book.sv:302$1234'.
  created $dff cell `$procdff$9440' with positive edge clock.
Creating register for signal `\wire_order_book.$memwr$\order_valid_q$rtl/common/wire_order_book.sv:318$758_EN' using process `\wire_order_book.$proc$rtl/common/wire_order_book.sv:302$1234'.
  created $dff cell `$procdff$9441' with positive edge clock.
Creating register for signal `\wire_order_book.$memwr$\order_valid_q$rtl/common/wire_order_book.sv:318$759_EN' using process `\wire_order_book.$proc$rtl/common/wire_order_book.sv:302$1234'.
  created $dff cell `$procdff$9442' with positive edge clock.
Creating register for signal `\wire_order_book.$memwr$\order_valid_q$rtl/common/wire_order_book.sv:318$760_EN' using process `\wire_order_book.$proc$rtl/common/wire_order_book.sv:302$1234'.
  created $dff cell `$procdff$9443' with positive edge clock.
Creating register for signal `\wire_order_book.$memwr$\order_valid_q$rtl/common/wire_order_book.sv:318$761_EN' using process `\wire_order_book.$proc$rtl/common/wire_order_book.sv:302$1234'.
  created $dff cell `$procdff$9444' with positive edge clock.
Creating register for signal `\wire_order_book.$memwr$\order_valid_q$rtl/common/wire_order_book.sv:318$762_EN' using process `\wire_order_book.$proc$rtl/common/wire_order_book.sv:302$1234'.
  created $dff cell `$procdff$9445' with positive edge clock.
Creating register for signal `\wire_order_book.$memwr$\order_valid_q$rtl/common/wire_order_book.sv:318$763_EN' using process `\wire_order_book.$proc$rtl/common/wire_order_book.sv:302$1234'.
  created $dff cell `$procdff$9446' with positive edge clock.
Creating register for signal `\wire_order_book.$memwr$\order_valid_q$rtl/common/wire_order_book.sv:318$764_EN' using process `\wire_order_book.$proc$rtl/common/wire_order_book.sv:302$1234'.
  created $dff cell `$procdff$9447' with positive edge clock.
Creating register for signal `\wire_order_book.$memwr$\order_valid_q$rtl/common/wire_order_book.sv:318$765_EN' using process `\wire_order_book.$proc$rtl/common/wire_order_book.sv:302$1234'.
  created $dff cell `$procdff$9448' with positive edge clock.
Creating register for signal `\wire_order_book.$memwr$\order_valid_q$rtl/common/wire_order_book.sv:318$766_EN' using process `\wire_order_book.$proc$rtl/common/wire_order_book.sv:302$1234'.
  created $dff cell `$procdff$9449' with positive edge clock.
Creating register for signal `\wire_order_book.$memwr$\order_valid_q$rtl/common/wire_order_book.sv:318$767_EN' using process `\wire_order_book.$proc$rtl/common/wire_order_book.sv:302$1234'.
  created $dff cell `$procdff$9450' with positive edge clock.
Creating register for signal `\wire_order_book.$memwr$\order_valid_q$rtl/common/wire_order_book.sv:318$768_EN' using process `\wire_order_book.$proc$rtl/common/wire_order_book.sv:302$1234'.
  created $dff cell `$procdff$9451' with positive edge clock.
Creating register for signal `\wire_order_book.$memwr$\order_valid_q$rtl/common/wire_order_book.sv:318$769_EN' using process `\wire_order_book.$proc$rtl/common/wire_order_book.sv:302$1234'.
  created $dff cell `$procdff$9452' with positive edge clock.
Creating register for signal `\wire_order_book.$memwr$\order_valid_q$rtl/common/wire_order_book.sv:318$770_EN' using process `\wire_order_book.$proc$rtl/common/wire_order_book.sv:302$1234'.
  created $dff cell `$procdff$9453' with positive edge clock.
Creating register for signal `\wire_order_book.$memwr$\order_valid_q$rtl/common/wire_order_book.sv:318$771_EN' using process `\wire_order_book.$proc$rtl/common/wire_order_book.sv:302$1234'.
  created $dff cell `$procdff$9454' with positive edge clock.
Creating register for signal `\wire_order_book.$memwr$\order_valid_q$rtl/common/wire_order_book.sv:318$772_EN' using process `\wire_order_book.$proc$rtl/common/wire_order_book.sv:302$1234'.
  created $dff cell `$procdff$9455' with positive edge clock.
Creating register for signal `\wire_order_book.$memwr$\order_valid_q$rtl/common/wire_order_book.sv:318$773_EN' using process `\wire_order_book.$proc$rtl/common/wire_order_book.sv:302$1234'.
  created $dff cell `$procdff$9456' with positive edge clock.
Creating register for signal `\wire_order_book.$memwr$\order_valid_q$rtl/common/wire_order_book.sv:318$774_EN' using process `\wire_order_book.$proc$rtl/common/wire_order_book.sv:302$1234'.
  created $dff cell `$procdff$9457' with positive edge clock.
Creating register for signal `\wire_order_book.$memwr$\order_valid_q$rtl/common/wire_order_book.sv:318$775_EN' using process `\wire_order_book.$proc$rtl/common/wire_order_book.sv:302$1234'.
  created $dff cell `$procdff$9458' with positive edge clock.
Creating register for signal `\wire_order_book.$memwr$\order_valid_q$rtl/common/wire_order_book.sv:318$776_EN' using process `\wire_order_book.$proc$rtl/common/wire_order_book.sv:302$1234'.
  created $dff cell `$procdff$9459' with positive edge clock.
Creating register for signal `\wire_order_book.$memwr$\order_valid_q$rtl/common/wire_order_book.sv:318$777_EN' using process `\wire_order_book.$proc$rtl/common/wire_order_book.sv:302$1234'.
  created $dff cell `$procdff$9460' with positive edge clock.
Creating register for signal `\wire_order_book.$memwr$\order_valid_q$rtl/common/wire_order_book.sv:318$778_EN' using process `\wire_order_book.$proc$rtl/common/wire_order_book.sv:302$1234'.
  created $dff cell `$procdff$9461' with positive edge clock.
Creating register for signal `\wire_order_book.$memwr$\order_valid_q$rtl/common/wire_order_book.sv:318$779_EN' using process `\wire_order_book.$proc$rtl/common/wire_order_book.sv:302$1234'.
  created $dff cell `$procdff$9462' with positive edge clock.
Creating register for signal `\wire_order_book.$memwr$\order_valid_q$rtl/common/wire_order_book.sv:318$780_EN' using process `\wire_order_book.$proc$rtl/common/wire_order_book.sv:302$1234'.
  created $dff cell `$procdff$9463' with positive edge clock.
Creating register for signal `\wire_order_book.$memwr$\order_valid_q$rtl/common/wire_order_book.sv:318$781_EN' using process `\wire_order_book.$proc$rtl/common/wire_order_book.sv:302$1234'.
  created $dff cell `$procdff$9464' with positive edge clock.
Creating register for signal `\wire_order_book.$memwr$\order_valid_q$rtl/common/wire_order_book.sv:318$782_EN' using process `\wire_order_book.$proc$rtl/common/wire_order_book.sv:302$1234'.
  created $dff cell `$procdff$9465' with positive edge clock.
Creating register for signal `\wire_order_book.$memwr$\order_valid_q$rtl/common/wire_order_book.sv:318$783_EN' using process `\wire_order_book.$proc$rtl/common/wire_order_book.sv:302$1234'.
  created $dff cell `$procdff$9466' with positive edge clock.
Creating register for signal `\wire_order_book.$memwr$\order_valid_q$rtl/common/wire_order_book.sv:318$784_EN' using process `\wire_order_book.$proc$rtl/common/wire_order_book.sv:302$1234'.
  created $dff cell `$procdff$9467' with positive edge clock.
Creating register for signal `\wire_order_book.$memwr$\order_valid_q$rtl/common/wire_order_book.sv:318$785_EN' using process `\wire_order_book.$proc$rtl/common/wire_order_book.sv:302$1234'.
  created $dff cell `$procdff$9468' with positive edge clock.
Creating register for signal `\wire_order_book.$memwr$\order_valid_q$rtl/common/wire_order_book.sv:318$786_EN' using process `\wire_order_book.$proc$rtl/common/wire_order_book.sv:302$1234'.
  created $dff cell `$procdff$9469' with positive edge clock.
Creating register for signal `\wire_order_book.$memwr$\order_valid_q$rtl/common/wire_order_book.sv:318$787_EN' using process `\wire_order_book.$proc$rtl/common/wire_order_book.sv:302$1234'.
  created $dff cell `$procdff$9470' with positive edge clock.
Creating register for signal `\wire_order_book.$memwr$\order_valid_q$rtl/common/wire_order_book.sv:318$788_EN' using process `\wire_order_book.$proc$rtl/common/wire_order_book.sv:302$1234'.
  created $dff cell `$procdff$9471' with positive edge clock.
Creating register for signal `\wire_order_book.$memwr$\order_valid_q$rtl/common/wire_order_book.sv:318$789_EN' using process `\wire_order_book.$proc$rtl/common/wire_order_book.sv:302$1234'.
  created $dff cell `$procdff$9472' with positive edge clock.
Creating register for signal `\wire_order_book.$memwr$\order_valid_q$rtl/common/wire_order_book.sv:318$790_EN' using process `\wire_order_book.$proc$rtl/common/wire_order_book.sv:302$1234'.
  created $dff cell `$procdff$9473' with positive edge clock.
Creating register for signal `\wire_order_book.$memwr$\order_valid_q$rtl/common/wire_order_book.sv:318$791_EN' using process `\wire_order_book.$proc$rtl/common/wire_order_book.sv:302$1234'.
  created $dff cell `$procdff$9474' with positive edge clock.
Creating register for signal `\wire_order_book.$memwr$\order_valid_q$rtl/common/wire_order_book.sv:318$792_EN' using process `\wire_order_book.$proc$rtl/common/wire_order_book.sv:302$1234'.
  created $dff cell `$procdff$9475' with positive edge clock.
Creating register for signal `\wire_order_book.$memwr$\order_valid_q$rtl/common/wire_order_book.sv:318$793_EN' using process `\wire_order_book.$proc$rtl/common/wire_order_book.sv:302$1234'.
  created $dff cell `$procdff$9476' with positive edge clock.
Creating register for signal `\wire_order_book.$memwr$\order_valid_q$rtl/common/wire_order_book.sv:318$794_EN' using process `\wire_order_book.$proc$rtl/common/wire_order_book.sv:302$1234'.
  created $dff cell `$procdff$9477' with positive edge clock.
Creating register for signal `\wire_order_book.$memwr$\order_valid_q$rtl/common/wire_order_book.sv:318$795_EN' using process `\wire_order_book.$proc$rtl/common/wire_order_book.sv:302$1234'.
  created $dff cell `$procdff$9478' with positive edge clock.
Creating register for signal `\wire_order_book.$memwr$\order_valid_q$rtl/common/wire_order_book.sv:318$796_EN' using process `\wire_order_book.$proc$rtl/common/wire_order_book.sv:302$1234'.
  created $dff cell `$procdff$9479' with positive edge clock.
Creating register for signal `\wire_order_book.$memwr$\order_valid_q$rtl/common/wire_order_book.sv:318$797_EN' using process `\wire_order_book.$proc$rtl/common/wire_order_book.sv:302$1234'.
  created $dff cell `$procdff$9480' with positive edge clock.
Creating register for signal `\wire_order_book.$memwr$\order_valid_q$rtl/common/wire_order_book.sv:318$798_EN' using process `\wire_order_book.$proc$rtl/common/wire_order_book.sv:302$1234'.
  created $dff cell `$procdff$9481' with positive edge clock.
Creating register for signal `\wire_order_book.$memwr$\order_valid_q$rtl/common/wire_order_book.sv:318$799_EN' using process `\wire_order_book.$proc$rtl/common/wire_order_book.sv:302$1234'.
  created $dff cell `$procdff$9482' with positive edge clock.
Creating register for signal `\wire_order_book.$memwr$\order_valid_q$rtl/common/wire_order_book.sv:318$800_EN' using process `\wire_order_book.$proc$rtl/common/wire_order_book.sv:302$1234'.
  created $dff cell `$procdff$9483' with positive edge clock.
Creating register for signal `\wire_order_book.$memwr$\order_valid_q$rtl/common/wire_order_book.sv:318$801_EN' using process `\wire_order_book.$proc$rtl/common/wire_order_book.sv:302$1234'.
  created $dff cell `$procdff$9484' with positive edge clock.
Creating register for signal `\wire_order_book.$memwr$\order_valid_q$rtl/common/wire_order_book.sv:318$802_EN' using process `\wire_order_book.$proc$rtl/common/wire_order_book.sv:302$1234'.
  created $dff cell `$procdff$9485' with positive edge clock.
Creating register for signal `\wire_order_book.$memwr$\order_valid_q$rtl/common/wire_order_book.sv:318$803_EN' using process `\wire_order_book.$proc$rtl/common/wire_order_book.sv:302$1234'.
  created $dff cell `$procdff$9486' with positive edge clock.
Creating register for signal `\wire_order_book.$memwr$\order_valid_q$rtl/common/wire_order_book.sv:318$804_EN' using process `\wire_order_book.$proc$rtl/common/wire_order_book.sv:302$1234'.
  created $dff cell `$procdff$9487' with positive edge clock.
Creating register for signal `\wire_order_book.$memwr$\order_valid_q$rtl/common/wire_order_book.sv:318$805_EN' using process `\wire_order_book.$proc$rtl/common/wire_order_book.sv:302$1234'.
  created $dff cell `$procdff$9488' with positive edge clock.
Creating register for signal `\wire_order_book.$memwr$\order_valid_q$rtl/common/wire_order_book.sv:318$806_EN' using process `\wire_order_book.$proc$rtl/common/wire_order_book.sv:302$1234'.
  created $dff cell `$procdff$9489' with positive edge clock.
Creating register for signal `\wire_order_book.$memwr$\order_valid_q$rtl/common/wire_order_book.sv:318$807_EN' using process `\wire_order_book.$proc$rtl/common/wire_order_book.sv:302$1234'.
  created $dff cell `$procdff$9490' with positive edge clock.
Creating register for signal `\wire_order_book.$memwr$\order_valid_q$rtl/common/wire_order_book.sv:318$808_EN' using process `\wire_order_book.$proc$rtl/common/wire_order_book.sv:302$1234'.
  created $dff cell `$procdff$9491' with positive edge clock.
Creating register for signal `\wire_order_book.$memwr$\order_valid_q$rtl/common/wire_order_book.sv:318$809_EN' using process `\wire_order_book.$proc$rtl/common/wire_order_book.sv:302$1234'.
  created $dff cell `$procdff$9492' with positive edge clock.
Creating register for signal `\wire_order_book.$memwr$\order_valid_q$rtl/common/wire_order_book.sv:318$810_EN' using process `\wire_order_book.$proc$rtl/common/wire_order_book.sv:302$1234'.
  created $dff cell `$procdff$9493' with positive edge clock.
Creating register for signal `\wire_order_book.$memwr$\order_valid_q$rtl/common/wire_order_book.sv:318$811_EN' using process `\wire_order_book.$proc$rtl/common/wire_order_book.sv:302$1234'.
  created $dff cell `$procdff$9494' with positive edge clock.
Creating register for signal `\wire_order_book.$memwr$\order_valid_q$rtl/common/wire_order_book.sv:318$812_EN' using process `\wire_order_book.$proc$rtl/common/wire_order_book.sv:302$1234'.
  created $dff cell `$procdff$9495' with positive edge clock.
Creating register for signal `\wire_order_book.$memwr$\order_valid_q$rtl/common/wire_order_book.sv:318$813_EN' using process `\wire_order_book.$proc$rtl/common/wire_order_book.sv:302$1234'.
  created $dff cell `$procdff$9496' with positive edge clock.
Creating register for signal `\wire_order_book.$memwr$\order_valid_q$rtl/common/wire_order_book.sv:318$814_EN' using process `\wire_order_book.$proc$rtl/common/wire_order_book.sv:302$1234'.
  created $dff cell `$procdff$9497' with positive edge clock.
Creating register for signal `\wire_order_book.$memwr$\order_valid_q$rtl/common/wire_order_book.sv:318$815_EN' using process `\wire_order_book.$proc$rtl/common/wire_order_book.sv:302$1234'.
  created $dff cell `$procdff$9498' with positive edge clock.
Creating register for signal `\wire_order_book.$memwr$\order_valid_q$rtl/common/wire_order_book.sv:318$816_EN' using process `\wire_order_book.$proc$rtl/common/wire_order_book.sv:302$1234'.
  created $dff cell `$procdff$9499' with positive edge clock.
Creating register for signal `\wire_order_book.$memwr$\order_valid_q$rtl/common/wire_order_book.sv:318$817_EN' using process `\wire_order_book.$proc$rtl/common/wire_order_book.sv:302$1234'.
  created $dff cell `$procdff$9500' with positive edge clock.
Creating register for signal `\wire_order_book.$memwr$\order_valid_q$rtl/common/wire_order_book.sv:318$818_EN' using process `\wire_order_book.$proc$rtl/common/wire_order_book.sv:302$1234'.
  created $dff cell `$procdff$9501' with positive edge clock.
Creating register for signal `\wire_order_book.$memwr$\order_valid_q$rtl/common/wire_order_book.sv:318$819_EN' using process `\wire_order_book.$proc$rtl/common/wire_order_book.sv:302$1234'.
  created $dff cell `$procdff$9502' with positive edge clock.
Creating register for signal `\wire_order_book.$memwr$\order_valid_q$rtl/common/wire_order_book.sv:318$820_EN' using process `\wire_order_book.$proc$rtl/common/wire_order_book.sv:302$1234'.
  created $dff cell `$procdff$9503' with positive edge clock.
Creating register for signal `\wire_order_book.$memwr$\order_valid_q$rtl/common/wire_order_book.sv:318$821_EN' using process `\wire_order_book.$proc$rtl/common/wire_order_book.sv:302$1234'.
  created $dff cell `$procdff$9504' with positive edge clock.
Creating register for signal `\wire_order_book.$memwr$\order_valid_q$rtl/common/wire_order_book.sv:318$822_EN' using process `\wire_order_book.$proc$rtl/common/wire_order_book.sv:302$1234'.
  created $dff cell `$procdff$9505' with positive edge clock.
Creating register for signal `\wire_order_book.$memwr$\order_valid_q$rtl/common/wire_order_book.sv:318$823_EN' using process `\wire_order_book.$proc$rtl/common/wire_order_book.sv:302$1234'.
  created $dff cell `$procdff$9506' with positive edge clock.
Creating register for signal `\wire_order_book.$memwr$\order_valid_q$rtl/common/wire_order_book.sv:318$824_EN' using process `\wire_order_book.$proc$rtl/common/wire_order_book.sv:302$1234'.
  created $dff cell `$procdff$9507' with positive edge clock.
Creating register for signal `\wire_order_book.$memwr$\order_valid_q$rtl/common/wire_order_book.sv:318$825_EN' using process `\wire_order_book.$proc$rtl/common/wire_order_book.sv:302$1234'.
  created $dff cell `$procdff$9508' with positive edge clock.
Creating register for signal `\wire_order_book.$memwr$\order_valid_q$rtl/common/wire_order_book.sv:318$826_EN' using process `\wire_order_book.$proc$rtl/common/wire_order_book.sv:302$1234'.
  created $dff cell `$procdff$9509' with positive edge clock.
Creating register for signal `\wire_order_book.$memwr$\order_valid_q$rtl/common/wire_order_book.sv:318$827_EN' using process `\wire_order_book.$proc$rtl/common/wire_order_book.sv:302$1234'.
  created $dff cell `$procdff$9510' with positive edge clock.
Creating register for signal `\wire_order_book.$memwr$\order_valid_q$rtl/common/wire_order_book.sv:318$828_EN' using process `\wire_order_book.$proc$rtl/common/wire_order_book.sv:302$1234'.
  created $dff cell `$procdff$9511' with positive edge clock.
Creating register for signal `\wire_order_book.$memwr$\order_valid_q$rtl/common/wire_order_book.sv:318$829_EN' using process `\wire_order_book.$proc$rtl/common/wire_order_book.sv:302$1234'.
  created $dff cell `$procdff$9512' with positive edge clock.
Creating register for signal `\wire_order_book.$memwr$\order_valid_q$rtl/common/wire_order_book.sv:318$830_EN' using process `\wire_order_book.$proc$rtl/common/wire_order_book.sv:302$1234'.
  created $dff cell `$procdff$9513' with positive edge clock.
Creating register for signal `\wire_order_book.$memwr$\order_valid_q$rtl/common/wire_order_book.sv:318$831_EN' using process `\wire_order_book.$proc$rtl/common/wire_order_book.sv:302$1234'.
  created $dff cell `$procdff$9514' with positive edge clock.
Creating register for signal `\wire_order_book.$memwr$\order_valid_q$rtl/common/wire_order_book.sv:318$832_EN' using process `\wire_order_book.$proc$rtl/common/wire_order_book.sv:302$1234'.
  created $dff cell `$procdff$9515' with positive edge clock.
Creating register for signal `\wire_order_book.$memwr$\order_valid_q$rtl/common/wire_order_book.sv:318$833_EN' using process `\wire_order_book.$proc$rtl/common/wire_order_book.sv:302$1234'.
  created $dff cell `$procdff$9516' with positive edge clock.
Creating register for signal `\wire_order_book.$memwr$\order_valid_q$rtl/common/wire_order_book.sv:318$834_EN' using process `\wire_order_book.$proc$rtl/common/wire_order_book.sv:302$1234'.
  created $dff cell `$procdff$9517' with positive edge clock.
Creating register for signal `\wire_order_book.$memwr$\order_valid_q$rtl/common/wire_order_book.sv:318$835_EN' using process `\wire_order_book.$proc$rtl/common/wire_order_book.sv:302$1234'.
  created $dff cell `$procdff$9518' with positive edge clock.
Creating register for signal `\wire_order_book.$memwr$\order_valid_q$rtl/common/wire_order_book.sv:318$836_EN' using process `\wire_order_book.$proc$rtl/common/wire_order_book.sv:302$1234'.
  created $dff cell `$procdff$9519' with positive edge clock.
Creating register for signal `\wire_order_book.$memwr$\order_valid_q$rtl/common/wire_order_book.sv:318$837_EN' using process `\wire_order_book.$proc$rtl/common/wire_order_book.sv:302$1234'.
  created $dff cell `$procdff$9520' with positive edge clock.
Creating register for signal `\wire_order_book.$memwr$\order_valid_q$rtl/common/wire_order_book.sv:318$838_EN' using process `\wire_order_book.$proc$rtl/common/wire_order_book.sv:302$1234'.
  created $dff cell `$procdff$9521' with positive edge clock.
Creating register for signal `\wire_order_book.$memwr$\order_valid_q$rtl/common/wire_order_book.sv:318$839_EN' using process `\wire_order_book.$proc$rtl/common/wire_order_book.sv:302$1234'.
  created $dff cell `$procdff$9522' with positive edge clock.
Creating register for signal `\wire_order_book.$memwr$\order_valid_q$rtl/common/wire_order_book.sv:318$840_EN' using process `\wire_order_book.$proc$rtl/common/wire_order_book.sv:302$1234'.
  created $dff cell `$procdff$9523' with positive edge clock.
Creating register for signal `\wire_order_book.$memwr$\order_valid_q$rtl/common/wire_order_book.sv:318$841_EN' using process `\wire_order_book.$proc$rtl/common/wire_order_book.sv:302$1234'.
  created $dff cell `$procdff$9524' with positive edge clock.
Creating register for signal `\wire_order_book.$memwr$\order_valid_q$rtl/common/wire_order_book.sv:318$842_EN' using process `\wire_order_book.$proc$rtl/common/wire_order_book.sv:302$1234'.
  created $dff cell `$procdff$9525' with positive edge clock.
Creating register for signal `\wire_order_book.$memwr$\order_valid_q$rtl/common/wire_order_book.sv:318$843_EN' using process `\wire_order_book.$proc$rtl/common/wire_order_book.sv:302$1234'.
  created $dff cell `$procdff$9526' with positive edge clock.
Creating register for signal `\wire_order_book.$memwr$\order_valid_q$rtl/common/wire_order_book.sv:318$844_EN' using process `\wire_order_book.$proc$rtl/common/wire_order_book.sv:302$1234'.
  created $dff cell `$procdff$9527' with positive edge clock.
Creating register for signal `\wire_order_book.$memwr$\order_valid_q$rtl/common/wire_order_book.sv:318$845_EN' using process `\wire_order_book.$proc$rtl/common/wire_order_book.sv:302$1234'.
  created $dff cell `$procdff$9528' with positive edge clock.
Creating register for signal `\wire_order_book.$memwr$\order_valid_q$rtl/common/wire_order_book.sv:318$846_EN' using process `\wire_order_book.$proc$rtl/common/wire_order_book.sv:302$1234'.
  created $dff cell `$procdff$9529' with positive edge clock.
Creating register for signal `\wire_order_book.$memwr$\order_valid_q$rtl/common/wire_order_book.sv:318$847_EN' using process `\wire_order_book.$proc$rtl/common/wire_order_book.sv:302$1234'.
  created $dff cell `$procdff$9530' with positive edge clock.
Creating register for signal `\wire_order_book.$memwr$\order_valid_q$rtl/common/wire_order_book.sv:318$848_EN' using process `\wire_order_book.$proc$rtl/common/wire_order_book.sv:302$1234'.
  created $dff cell `$procdff$9531' with positive edge clock.
Creating register for signal `\wire_order_book.$memwr$\order_valid_q$rtl/common/wire_order_book.sv:318$849_EN' using process `\wire_order_book.$proc$rtl/common/wire_order_book.sv:302$1234'.
  created $dff cell `$procdff$9532' with positive edge clock.
Creating register for signal `\wire_order_book.$memwr$\order_valid_q$rtl/common/wire_order_book.sv:318$850_EN' using process `\wire_order_book.$proc$rtl/common/wire_order_book.sv:302$1234'.
  created $dff cell `$procdff$9533' with positive edge clock.
Creating register for signal `\wire_order_book.$memwr$\order_valid_q$rtl/common/wire_order_book.sv:318$851_EN' using process `\wire_order_book.$proc$rtl/common/wire_order_book.sv:302$1234'.
  created $dff cell `$procdff$9534' with positive edge clock.
Creating register for signal `\wire_order_book.$memwr$\order_valid_q$rtl/common/wire_order_book.sv:318$852_EN' using process `\wire_order_book.$proc$rtl/common/wire_order_book.sv:302$1234'.
  created $dff cell `$procdff$9535' with positive edge clock.
Creating register for signal `\wire_order_book.$memwr$\order_valid_q$rtl/common/wire_order_book.sv:318$853_EN' using process `\wire_order_book.$proc$rtl/common/wire_order_book.sv:302$1234'.
  created $dff cell `$procdff$9536' with positive edge clock.
Creating register for signal `\wire_order_book.$memwr$\order_valid_q$rtl/common/wire_order_book.sv:318$854_EN' using process `\wire_order_book.$proc$rtl/common/wire_order_book.sv:302$1234'.
  created $dff cell `$procdff$9537' with positive edge clock.
Creating register for signal `\wire_order_book.$memwr$\order_valid_q$rtl/common/wire_order_book.sv:318$855_EN' using process `\wire_order_book.$proc$rtl/common/wire_order_book.sv:302$1234'.
  created $dff cell `$procdff$9538' with positive edge clock.
Creating register for signal `\wire_order_book.$memwr$\order_valid_q$rtl/common/wire_order_book.sv:318$856_EN' using process `\wire_order_book.$proc$rtl/common/wire_order_book.sv:302$1234'.
  created $dff cell `$procdff$9539' with positive edge clock.
Creating register for signal `\wire_order_book.$memwr$\order_valid_q$rtl/common/wire_order_book.sv:318$857_EN' using process `\wire_order_book.$proc$rtl/common/wire_order_book.sv:302$1234'.
  created $dff cell `$procdff$9540' with positive edge clock.
Creating register for signal `\wire_order_book.$memwr$\order_valid_q$rtl/common/wire_order_book.sv:318$858_EN' using process `\wire_order_book.$proc$rtl/common/wire_order_book.sv:302$1234'.
  created $dff cell `$procdff$9541' with positive edge clock.
Creating register for signal `\wire_order_book.$memwr$\order_valid_q$rtl/common/wire_order_book.sv:318$859_EN' using process `\wire_order_book.$proc$rtl/common/wire_order_book.sv:302$1234'.
  created $dff cell `$procdff$9542' with positive edge clock.
Creating register for signal `\wire_order_book.$memwr$\order_valid_q$rtl/common/wire_order_book.sv:318$860_EN' using process `\wire_order_book.$proc$rtl/common/wire_order_book.sv:302$1234'.
  created $dff cell `$procdff$9543' with positive edge clock.
Creating register for signal `\wire_order_book.$memwr$\order_valid_q$rtl/common/wire_order_book.sv:318$861_EN' using process `\wire_order_book.$proc$rtl/common/wire_order_book.sv:302$1234'.
  created $dff cell `$procdff$9544' with positive edge clock.
Creating register for signal `\wire_order_book.$memwr$\order_valid_q$rtl/common/wire_order_book.sv:318$862_EN' using process `\wire_order_book.$proc$rtl/common/wire_order_book.sv:302$1234'.
  created $dff cell `$procdff$9545' with positive edge clock.
Creating register for signal `\wire_order_book.$memwr$\order_valid_q$rtl/common/wire_order_book.sv:318$863_EN' using process `\wire_order_book.$proc$rtl/common/wire_order_book.sv:302$1234'.
  created $dff cell `$procdff$9546' with positive edge clock.
Creating register for signal `\wire_order_book.$memwr$\order_valid_q$rtl/common/wire_order_book.sv:318$864_EN' using process `\wire_order_book.$proc$rtl/common/wire_order_book.sv:302$1234'.
  created $dff cell `$procdff$9547' with positive edge clock.
Creating register for signal `\wire_order_book.$memwr$\order_valid_q$rtl/common/wire_order_book.sv:318$865_EN' using process `\wire_order_book.$proc$rtl/common/wire_order_book.sv:302$1234'.
  created $dff cell `$procdff$9548' with positive edge clock.
Creating register for signal `\wire_order_book.$memwr$\order_valid_q$rtl/common/wire_order_book.sv:318$866_EN' using process `\wire_order_book.$proc$rtl/common/wire_order_book.sv:302$1234'.
  created $dff cell `$procdff$9549' with positive edge clock.
Creating register for signal `\wire_order_book.$memwr$\order_valid_q$rtl/common/wire_order_book.sv:318$867_EN' using process `\wire_order_book.$proc$rtl/common/wire_order_book.sv:302$1234'.
  created $dff cell `$procdff$9550' with positive edge clock.
Creating register for signal `\wire_order_book.$memwr$\order_valid_q$rtl/common/wire_order_book.sv:318$868_EN' using process `\wire_order_book.$proc$rtl/common/wire_order_book.sv:302$1234'.
  created $dff cell `$procdff$9551' with positive edge clock.
Creating register for signal `\wire_order_book.$memwr$\order_valid_q$rtl/common/wire_order_book.sv:318$869_EN' using process `\wire_order_book.$proc$rtl/common/wire_order_book.sv:302$1234'.
  created $dff cell `$procdff$9552' with positive edge clock.
Creating register for signal `\wire_order_book.$memwr$\order_valid_q$rtl/common/wire_order_book.sv:318$870_EN' using process `\wire_order_book.$proc$rtl/common/wire_order_book.sv:302$1234'.
  created $dff cell `$procdff$9553' with positive edge clock.
Creating register for signal `\wire_order_book.$memwr$\order_valid_q$rtl/common/wire_order_book.sv:318$871_EN' using process `\wire_order_book.$proc$rtl/common/wire_order_book.sv:302$1234'.
  created $dff cell `$procdff$9554' with positive edge clock.
Creating register for signal `\wire_order_book.$memwr$\order_valid_q$rtl/common/wire_order_book.sv:318$872_EN' using process `\wire_order_book.$proc$rtl/common/wire_order_book.sv:302$1234'.
  created $dff cell `$procdff$9555' with positive edge clock.
Creating register for signal `\wire_order_book.$memwr$\order_valid_q$rtl/common/wire_order_book.sv:318$873_EN' using process `\wire_order_book.$proc$rtl/common/wire_order_book.sv:302$1234'.
  created $dff cell `$procdff$9556' with positive edge clock.
Creating register for signal `\wire_order_book.$memwr$\order_valid_q$rtl/common/wire_order_book.sv:318$874_EN' using process `\wire_order_book.$proc$rtl/common/wire_order_book.sv:302$1234'.
  created $dff cell `$procdff$9557' with positive edge clock.
Creating register for signal `\wire_order_book.$memwr$\order_valid_q$rtl/common/wire_order_book.sv:318$875_EN' using process `\wire_order_book.$proc$rtl/common/wire_order_book.sv:302$1234'.
  created $dff cell `$procdff$9558' with positive edge clock.
Creating register for signal `\wire_order_book.$memwr$\order_valid_q$rtl/common/wire_order_book.sv:318$876_EN' using process `\wire_order_book.$proc$rtl/common/wire_order_book.sv:302$1234'.
  created $dff cell `$procdff$9559' with positive edge clock.
Creating register for signal `\wire_order_book.$memwr$\order_valid_q$rtl/common/wire_order_book.sv:318$877_EN' using process `\wire_order_book.$proc$rtl/common/wire_order_book.sv:302$1234'.
  created $dff cell `$procdff$9560' with positive edge clock.
Creating register for signal `\wire_order_book.$memwr$\order_valid_q$rtl/common/wire_order_book.sv:318$878_EN' using process `\wire_order_book.$proc$rtl/common/wire_order_book.sv:302$1234'.
  created $dff cell `$procdff$9561' with positive edge clock.
Creating register for signal `\wire_order_book.$memwr$\order_valid_q$rtl/common/wire_order_book.sv:318$879_EN' using process `\wire_order_book.$proc$rtl/common/wire_order_book.sv:302$1234'.
  created $dff cell `$procdff$9562' with positive edge clock.
Creating register for signal `\wire_order_book.$memwr$\order_valid_q$rtl/common/wire_order_book.sv:318$880_EN' using process `\wire_order_book.$proc$rtl/common/wire_order_book.sv:302$1234'.
  created $dff cell `$procdff$9563' with positive edge clock.
Creating register for signal `\wire_order_book.$memwr$\order_valid_q$rtl/common/wire_order_book.sv:318$881_EN' using process `\wire_order_book.$proc$rtl/common/wire_order_book.sv:302$1234'.
  created $dff cell `$procdff$9564' with positive edge clock.
Creating register for signal `\wire_order_book.$memwr$\order_valid_q$rtl/common/wire_order_book.sv:318$882_EN' using process `\wire_order_book.$proc$rtl/common/wire_order_book.sv:302$1234'.
  created $dff cell `$procdff$9565' with positive edge clock.
Creating register for signal `\wire_order_book.$memwr$\order_valid_q$rtl/common/wire_order_book.sv:318$883_EN' using process `\wire_order_book.$proc$rtl/common/wire_order_book.sv:302$1234'.
  created $dff cell `$procdff$9566' with positive edge clock.
Creating register for signal `\wire_order_book.$memwr$\order_valid_q$rtl/common/wire_order_book.sv:318$884_EN' using process `\wire_order_book.$proc$rtl/common/wire_order_book.sv:302$1234'.
  created $dff cell `$procdff$9567' with positive edge clock.
Creating register for signal `\wire_order_book.$memwr$\order_valid_q$rtl/common/wire_order_book.sv:318$885_EN' using process `\wire_order_book.$proc$rtl/common/wire_order_book.sv:302$1234'.
  created $dff cell `$procdff$9568' with positive edge clock.
Creating register for signal `\wire_order_book.$memwr$\order_valid_q$rtl/common/wire_order_book.sv:318$886_EN' using process `\wire_order_book.$proc$rtl/common/wire_order_book.sv:302$1234'.
  created $dff cell `$procdff$9569' with positive edge clock.
Creating register for signal `\wire_order_book.$memwr$\order_valid_q$rtl/common/wire_order_book.sv:318$887_EN' using process `\wire_order_book.$proc$rtl/common/wire_order_book.sv:302$1234'.
  created $dff cell `$procdff$9570' with positive edge clock.
Creating register for signal `\wire_order_book.$memwr$\order_valid_q$rtl/common/wire_order_book.sv:318$888_EN' using process `\wire_order_book.$proc$rtl/common/wire_order_book.sv:302$1234'.
  created $dff cell `$procdff$9571' with positive edge clock.
Creating register for signal `\wire_order_book.$memwr$\order_valid_q$rtl/common/wire_order_book.sv:318$889_EN' using process `\wire_order_book.$proc$rtl/common/wire_order_book.sv:302$1234'.
  created $dff cell `$procdff$9572' with positive edge clock.
Creating register for signal `\wire_order_book.$memwr$\order_valid_q$rtl/common/wire_order_book.sv:318$890_EN' using process `\wire_order_book.$proc$rtl/common/wire_order_book.sv:302$1234'.
  created $dff cell `$procdff$9573' with positive edge clock.
Creating register for signal `\wire_order_book.$memwr$\order_valid_q$rtl/common/wire_order_book.sv:318$891_EN' using process `\wire_order_book.$proc$rtl/common/wire_order_book.sv:302$1234'.
  created $dff cell `$procdff$9574' with positive edge clock.
Creating register for signal `\wire_order_book.$memwr$\order_valid_q$rtl/common/wire_order_book.sv:318$892_EN' using process `\wire_order_book.$proc$rtl/common/wire_order_book.sv:302$1234'.
  created $dff cell `$procdff$9575' with positive edge clock.
Creating register for signal `\wire_order_book.$memwr$\order_valid_q$rtl/common/wire_order_book.sv:318$893_EN' using process `\wire_order_book.$proc$rtl/common/wire_order_book.sv:302$1234'.
  created $dff cell `$procdff$9576' with positive edge clock.
Creating register for signal `\wire_order_book.$memwr$\order_valid_q$rtl/common/wire_order_book.sv:318$894_EN' using process `\wire_order_book.$proc$rtl/common/wire_order_book.sv:302$1234'.
  created $dff cell `$procdff$9577' with positive edge clock.
Creating register for signal `\wire_order_book.$memwr$\order_valid_q$rtl/common/wire_order_book.sv:318$895_EN' using process `\wire_order_book.$proc$rtl/common/wire_order_book.sv:302$1234'.
  created $dff cell `$procdff$9578' with positive edge clock.
Creating register for signal `\wire_order_book.$memwr$\order_valid_q$rtl/common/wire_order_book.sv:318$896_EN' using process `\wire_order_book.$proc$rtl/common/wire_order_book.sv:302$1234'.
  created $dff cell `$procdff$9579' with positive edge clock.
Creating register for signal `\wire_order_book.$memwr$\order_valid_q$rtl/common/wire_order_book.sv:318$897_EN' using process `\wire_order_book.$proc$rtl/common/wire_order_book.sv:302$1234'.
  created $dff cell `$procdff$9580' with positive edge clock.
Creating register for signal `\wire_order_book.$memwr$\order_valid_q$rtl/common/wire_order_book.sv:318$898_EN' using process `\wire_order_book.$proc$rtl/common/wire_order_book.sv:302$1234'.
  created $dff cell `$procdff$9581' with positive edge clock.
Creating register for signal `\wire_order_book.$memwr$\order_valid_q$rtl/common/wire_order_book.sv:318$899_EN' using process `\wire_order_book.$proc$rtl/common/wire_order_book.sv:302$1234'.
  created $dff cell `$procdff$9582' with positive edge clock.
Creating register for signal `\wire_order_book.$memwr$\order_valid_q$rtl/common/wire_order_book.sv:318$900_EN' using process `\wire_order_book.$proc$rtl/common/wire_order_book.sv:302$1234'.
  created $dff cell `$procdff$9583' with positive edge clock.
Creating register for signal `\wire_order_book.$memwr$\order_valid_q$rtl/common/wire_order_book.sv:318$901_EN' using process `\wire_order_book.$proc$rtl/common/wire_order_book.sv:302$1234'.
  created $dff cell `$procdff$9584' with positive edge clock.
Creating register for signal `\wire_order_book.$memwr$\order_valid_q$rtl/common/wire_order_book.sv:318$902_EN' using process `\wire_order_book.$proc$rtl/common/wire_order_book.sv:302$1234'.
  created $dff cell `$procdff$9585' with positive edge clock.
Creating register for signal `\wire_order_book.$memwr$\order_valid_q$rtl/common/wire_order_book.sv:318$903_EN' using process `\wire_order_book.$proc$rtl/common/wire_order_book.sv:302$1234'.
  created $dff cell `$procdff$9586' with positive edge clock.
Creating register for signal `\wire_order_book.$memwr$\order_valid_q$rtl/common/wire_order_book.sv:318$904_EN' using process `\wire_order_book.$proc$rtl/common/wire_order_book.sv:302$1234'.
  created $dff cell `$procdff$9587' with positive edge clock.
Creating register for signal `\wire_order_book.$memwr$\order_valid_q$rtl/common/wire_order_book.sv:318$905_EN' using process `\wire_order_book.$proc$rtl/common/wire_order_book.sv:302$1234'.
  created $dff cell `$procdff$9588' with positive edge clock.
Creating register for signal `\wire_order_book.$memwr$\order_valid_q$rtl/common/wire_order_book.sv:318$906_EN' using process `\wire_order_book.$proc$rtl/common/wire_order_book.sv:302$1234'.
  created $dff cell `$procdff$9589' with positive edge clock.
Creating register for signal `\wire_order_book.$memwr$\order_valid_q$rtl/common/wire_order_book.sv:318$907_EN' using process `\wire_order_book.$proc$rtl/common/wire_order_book.sv:302$1234'.
  created $dff cell `$procdff$9590' with positive edge clock.
Creating register for signal `\wire_order_book.$memwr$\order_valid_q$rtl/common/wire_order_book.sv:318$908_EN' using process `\wire_order_book.$proc$rtl/common/wire_order_book.sv:302$1234'.
  created $dff cell `$procdff$9591' with positive edge clock.
Creating register for signal `\wire_order_book.$memwr$\order_valid_q$rtl/common/wire_order_book.sv:318$909_EN' using process `\wire_order_book.$proc$rtl/common/wire_order_book.sv:302$1234'.
  created $dff cell `$procdff$9592' with positive edge clock.
Creating register for signal `\wire_order_book.$memwr$\order_valid_q$rtl/common/wire_order_book.sv:318$910_EN' using process `\wire_order_book.$proc$rtl/common/wire_order_book.sv:302$1234'.
  created $dff cell `$procdff$9593' with positive edge clock.
Creating register for signal `\wire_order_book.$memwr$\order_valid_q$rtl/common/wire_order_book.sv:318$911_EN' using process `\wire_order_book.$proc$rtl/common/wire_order_book.sv:302$1234'.
  created $dff cell `$procdff$9594' with positive edge clock.
Creating register for signal `\wire_order_book.$memwr$\order_valid_q$rtl/common/wire_order_book.sv:318$912_EN' using process `\wire_order_book.$proc$rtl/common/wire_order_book.sv:302$1234'.
  created $dff cell `$procdff$9595' with positive edge clock.
Creating register for signal `\wire_order_book.$memwr$\order_valid_q$rtl/common/wire_order_book.sv:318$913_EN' using process `\wire_order_book.$proc$rtl/common/wire_order_book.sv:302$1234'.
  created $dff cell `$procdff$9596' with positive edge clock.
Creating register for signal `\wire_order_book.$memwr$\order_valid_q$rtl/common/wire_order_book.sv:318$914_EN' using process `\wire_order_book.$proc$rtl/common/wire_order_book.sv:302$1234'.
  created $dff cell `$procdff$9597' with positive edge clock.
Creating register for signal `\wire_order_book.$memwr$\order_valid_q$rtl/common/wire_order_book.sv:318$915_EN' using process `\wire_order_book.$proc$rtl/common/wire_order_book.sv:302$1234'.
  created $dff cell `$procdff$9598' with positive edge clock.
Creating register for signal `\wire_order_book.$memwr$\order_valid_q$rtl/common/wire_order_book.sv:318$916_EN' using process `\wire_order_book.$proc$rtl/common/wire_order_book.sv:302$1234'.
  created $dff cell `$procdff$9599' with positive edge clock.
Creating register for signal `\wire_order_book.$memwr$\order_valid_q$rtl/common/wire_order_book.sv:318$917_EN' using process `\wire_order_book.$proc$rtl/common/wire_order_book.sv:302$1234'.
  created $dff cell `$procdff$9600' with positive edge clock.
Creating register for signal `\wire_order_book.$memwr$\order_valid_q$rtl/common/wire_order_book.sv:318$918_EN' using process `\wire_order_book.$proc$rtl/common/wire_order_book.sv:302$1234'.
  created $dff cell `$procdff$9601' with positive edge clock.
Creating register for signal `\wire_order_book.$memwr$\order_valid_q$rtl/common/wire_order_book.sv:318$919_EN' using process `\wire_order_book.$proc$rtl/common/wire_order_book.sv:302$1234'.
  created $dff cell `$procdff$9602' with positive edge clock.
Creating register for signal `\wire_order_book.$memwr$\order_valid_q$rtl/common/wire_order_book.sv:318$920_EN' using process `\wire_order_book.$proc$rtl/common/wire_order_book.sv:302$1234'.
  created $dff cell `$procdff$9603' with positive edge clock.
Creating register for signal `\wire_order_book.$memwr$\order_valid_q$rtl/common/wire_order_book.sv:318$921_EN' using process `\wire_order_book.$proc$rtl/common/wire_order_book.sv:302$1234'.
  created $dff cell `$procdff$9604' with positive edge clock.
Creating register for signal `\wire_order_book.$memwr$\order_valid_q$rtl/common/wire_order_book.sv:318$922_EN' using process `\wire_order_book.$proc$rtl/common/wire_order_book.sv:302$1234'.
  created $dff cell `$procdff$9605' with positive edge clock.
Creating register for signal `\wire_order_book.$memwr$\order_valid_q$rtl/common/wire_order_book.sv:318$923_EN' using process `\wire_order_book.$proc$rtl/common/wire_order_book.sv:302$1234'.
  created $dff cell `$procdff$9606' with positive edge clock.
Creating register for signal `\wire_order_book.$memwr$\order_valid_q$rtl/common/wire_order_book.sv:318$924_EN' using process `\wire_order_book.$proc$rtl/common/wire_order_book.sv:302$1234'.
  created $dff cell `$procdff$9607' with positive edge clock.
Creating register for signal `\wire_order_book.$memwr$\order_valid_q$rtl/common/wire_order_book.sv:318$925_EN' using process `\wire_order_book.$proc$rtl/common/wire_order_book.sv:302$1234'.
  created $dff cell `$procdff$9608' with positive edge clock.
Creating register for signal `\wire_order_book.$memwr$\order_valid_q$rtl/common/wire_order_book.sv:318$926_EN' using process `\wire_order_book.$proc$rtl/common/wire_order_book.sv:302$1234'.
  created $dff cell `$procdff$9609' with positive edge clock.
Creating register for signal `\wire_order_book.$memwr$\order_valid_q$rtl/common/wire_order_book.sv:318$927_EN' using process `\wire_order_book.$proc$rtl/common/wire_order_book.sv:302$1234'.
  created $dff cell `$procdff$9610' with positive edge clock.
Creating register for signal `\wire_order_book.$memwr$\order_valid_q$rtl/common/wire_order_book.sv:318$928_EN' using process `\wire_order_book.$proc$rtl/common/wire_order_book.sv:302$1234'.
  created $dff cell `$procdff$9611' with positive edge clock.
Creating register for signal `\wire_order_book.$memwr$\order_valid_q$rtl/common/wire_order_book.sv:318$929_EN' using process `\wire_order_book.$proc$rtl/common/wire_order_book.sv:302$1234'.
  created $dff cell `$procdff$9612' with positive edge clock.
Creating register for signal `\wire_order_book.$memwr$\order_valid_q$rtl/common/wire_order_book.sv:318$930_EN' using process `\wire_order_book.$proc$rtl/common/wire_order_book.sv:302$1234'.
  created $dff cell `$procdff$9613' with positive edge clock.
Creating register for signal `\wire_order_book.$memwr$\order_valid_q$rtl/common/wire_order_book.sv:318$931_EN' using process `\wire_order_book.$proc$rtl/common/wire_order_book.sv:302$1234'.
  created $dff cell `$procdff$9614' with positive edge clock.
Creating register for signal `\wire_order_book.$memwr$\order_valid_q$rtl/common/wire_order_book.sv:318$932_EN' using process `\wire_order_book.$proc$rtl/common/wire_order_book.sv:302$1234'.
  created $dff cell `$procdff$9615' with positive edge clock.
Creating register for signal `\wire_order_book.$memwr$\order_valid_q$rtl/common/wire_order_book.sv:318$933_EN' using process `\wire_order_book.$proc$rtl/common/wire_order_book.sv:302$1234'.
  created $dff cell `$procdff$9616' with positive edge clock.
Creating register for signal `\wire_order_book.$memwr$\order_valid_q$rtl/common/wire_order_book.sv:318$934_EN' using process `\wire_order_book.$proc$rtl/common/wire_order_book.sv:302$1234'.
  created $dff cell `$procdff$9617' with positive edge clock.
Creating register for signal `\wire_order_book.$memwr$\order_valid_q$rtl/common/wire_order_book.sv:318$935_EN' using process `\wire_order_book.$proc$rtl/common/wire_order_book.sv:302$1234'.
  created $dff cell `$procdff$9618' with positive edge clock.
Creating register for signal `\wire_order_book.$memwr$\order_valid_q$rtl/common/wire_order_book.sv:318$936_EN' using process `\wire_order_book.$proc$rtl/common/wire_order_book.sv:302$1234'.
  created $dff cell `$procdff$9619' with positive edge clock.
Creating register for signal `\wire_order_book.$memwr$\order_valid_q$rtl/common/wire_order_book.sv:318$937_EN' using process `\wire_order_book.$proc$rtl/common/wire_order_book.sv:302$1234'.
  created $dff cell `$procdff$9620' with positive edge clock.
Creating register for signal `\wire_order_book.$memwr$\order_valid_q$rtl/common/wire_order_book.sv:318$938_EN' using process `\wire_order_book.$proc$rtl/common/wire_order_book.sv:302$1234'.
  created $dff cell `$procdff$9621' with positive edge clock.
Creating register for signal `\wire_order_book.$memwr$\order_valid_q$rtl/common/wire_order_book.sv:318$939_EN' using process `\wire_order_book.$proc$rtl/common/wire_order_book.sv:302$1234'.
  created $dff cell `$procdff$9622' with positive edge clock.
Creating register for signal `\wire_order_book.$memwr$\order_valid_q$rtl/common/wire_order_book.sv:318$940_EN' using process `\wire_order_book.$proc$rtl/common/wire_order_book.sv:302$1234'.
  created $dff cell `$procdff$9623' with positive edge clock.
Creating register for signal `\wire_order_book.$memwr$\order_valid_q$rtl/common/wire_order_book.sv:318$941_EN' using process `\wire_order_book.$proc$rtl/common/wire_order_book.sv:302$1234'.
  created $dff cell `$procdff$9624' with positive edge clock.
Creating register for signal `\wire_order_book.$memwr$\order_valid_q$rtl/common/wire_order_book.sv:318$942_EN' using process `\wire_order_book.$proc$rtl/common/wire_order_book.sv:302$1234'.
  created $dff cell `$procdff$9625' with positive edge clock.
Creating register for signal `\wire_order_book.$memwr$\order_valid_q$rtl/common/wire_order_book.sv:318$943_EN' using process `\wire_order_book.$proc$rtl/common/wire_order_book.sv:302$1234'.
  created $dff cell `$procdff$9626' with positive edge clock.
Creating register for signal `\wire_order_book.$memwr$\order_valid_q$rtl/common/wire_order_book.sv:318$944_EN' using process `\wire_order_book.$proc$rtl/common/wire_order_book.sv:302$1234'.
  created $dff cell `$procdff$9627' with positive edge clock.
Creating register for signal `\wire_order_book.$memwr$\order_valid_q$rtl/common/wire_order_book.sv:318$945_EN' using process `\wire_order_book.$proc$rtl/common/wire_order_book.sv:302$1234'.
  created $dff cell `$procdff$9628' with positive edge clock.
Creating register for signal `\wire_order_book.$memwr$\order_valid_q$rtl/common/wire_order_book.sv:318$946_EN' using process `\wire_order_book.$proc$rtl/common/wire_order_book.sv:302$1234'.
  created $dff cell `$procdff$9629' with positive edge clock.
Creating register for signal `\wire_order_book.$memwr$\order_valid_q$rtl/common/wire_order_book.sv:318$947_EN' using process `\wire_order_book.$proc$rtl/common/wire_order_book.sv:302$1234'.
  created $dff cell `$procdff$9630' with positive edge clock.
Creating register for signal `\wire_order_book.$memwr$\order_valid_q$rtl/common/wire_order_book.sv:318$948_EN' using process `\wire_order_book.$proc$rtl/common/wire_order_book.sv:302$1234'.
  created $dff cell `$procdff$9631' with positive edge clock.
Creating register for signal `\wire_order_book.$memwr$\order_valid_q$rtl/common/wire_order_book.sv:318$949_EN' using process `\wire_order_book.$proc$rtl/common/wire_order_book.sv:302$1234'.
  created $dff cell `$procdff$9632' with positive edge clock.
Creating register for signal `\wire_order_book.$memwr$\order_valid_q$rtl/common/wire_order_book.sv:318$950_EN' using process `\wire_order_book.$proc$rtl/common/wire_order_book.sv:302$1234'.
  created $dff cell `$procdff$9633' with positive edge clock.
Creating register for signal `\wire_order_book.$memwr$\order_valid_q$rtl/common/wire_order_book.sv:318$951_EN' using process `\wire_order_book.$proc$rtl/common/wire_order_book.sv:302$1234'.
  created $dff cell `$procdff$9634' with positive edge clock.
Creating register for signal `\wire_order_book.$memwr$\order_valid_q$rtl/common/wire_order_book.sv:318$952_EN' using process `\wire_order_book.$proc$rtl/common/wire_order_book.sv:302$1234'.
  created $dff cell `$procdff$9635' with positive edge clock.
Creating register for signal `\wire_order_book.$memwr$\order_valid_q$rtl/common/wire_order_book.sv:318$953_EN' using process `\wire_order_book.$proc$rtl/common/wire_order_book.sv:302$1234'.
  created $dff cell `$procdff$9636' with positive edge clock.
Creating register for signal `\wire_order_book.$memwr$\order_valid_q$rtl/common/wire_order_book.sv:318$954_EN' using process `\wire_order_book.$proc$rtl/common/wire_order_book.sv:302$1234'.
  created $dff cell `$procdff$9637' with positive edge clock.
Creating register for signal `\wire_order_book.$memwr$\order_valid_q$rtl/common/wire_order_book.sv:318$955_EN' using process `\wire_order_book.$proc$rtl/common/wire_order_book.sv:302$1234'.
  created $dff cell `$procdff$9638' with positive edge clock.
Creating register for signal `\wire_order_book.$memwr$\order_valid_q$rtl/common/wire_order_book.sv:318$956_EN' using process `\wire_order_book.$proc$rtl/common/wire_order_book.sv:302$1234'.
  created $dff cell `$procdff$9639' with positive edge clock.
Creating register for signal `\wire_order_book.$memwr$\order_valid_q$rtl/common/wire_order_book.sv:318$957_EN' using process `\wire_order_book.$proc$rtl/common/wire_order_book.sv:302$1234'.
  created $dff cell `$procdff$9640' with positive edge clock.
Creating register for signal `\wire_order_book.$memwr$\order_valid_q$rtl/common/wire_order_book.sv:318$958_EN' using process `\wire_order_book.$proc$rtl/common/wire_order_book.sv:302$1234'.
  created $dff cell `$procdff$9641' with positive edge clock.
Creating register for signal `\wire_order_book.$memwr$\order_valid_q$rtl/common/wire_order_book.sv:318$959_EN' using process `\wire_order_book.$proc$rtl/common/wire_order_book.sv:302$1234'.
  created $dff cell `$procdff$9642' with positive edge clock.
Creating register for signal `\wire_order_book.$memwr$\order_valid_q$rtl/common/wire_order_book.sv:318$960_EN' using process `\wire_order_book.$proc$rtl/common/wire_order_book.sv:302$1234'.
  created $dff cell `$procdff$9643' with positive edge clock.
Creating register for signal `\wire_order_book.$memwr$\order_valid_q$rtl/common/wire_order_book.sv:318$961_EN' using process `\wire_order_book.$proc$rtl/common/wire_order_book.sv:302$1234'.
  created $dff cell `$procdff$9644' with positive edge clock.
Creating register for signal `\wire_order_book.$memwr$\order_valid_q$rtl/common/wire_order_book.sv:318$962_EN' using process `\wire_order_book.$proc$rtl/common/wire_order_book.sv:302$1234'.
  created $dff cell `$procdff$9645' with positive edge clock.
Creating register for signal `\wire_order_book.$memwr$\order_valid_q$rtl/common/wire_order_book.sv:318$963_EN' using process `\wire_order_book.$proc$rtl/common/wire_order_book.sv:302$1234'.
  created $dff cell `$procdff$9646' with positive edge clock.
Creating register for signal `\wire_order_book.$memwr$\order_valid_q$rtl/common/wire_order_book.sv:318$964_EN' using process `\wire_order_book.$proc$rtl/common/wire_order_book.sv:302$1234'.
  created $dff cell `$procdff$9647' with positive edge clock.
Creating register for signal `\wire_order_book.$memwr$\order_valid_q$rtl/common/wire_order_book.sv:318$965_EN' using process `\wire_order_book.$proc$rtl/common/wire_order_book.sv:302$1234'.
  created $dff cell `$procdff$9648' with positive edge clock.
Creating register for signal `\wire_order_book.$memwr$\order_valid_q$rtl/common/wire_order_book.sv:318$966_EN' using process `\wire_order_book.$proc$rtl/common/wire_order_book.sv:302$1234'.
  created $dff cell `$procdff$9649' with positive edge clock.
Creating register for signal `\wire_order_book.$memwr$\order_valid_q$rtl/common/wire_order_book.sv:318$967_EN' using process `\wire_order_book.$proc$rtl/common/wire_order_book.sv:302$1234'.
  created $dff cell `$procdff$9650' with positive edge clock.
Creating register for signal `\wire_order_book.$memwr$\order_valid_q$rtl/common/wire_order_book.sv:318$968_EN' using process `\wire_order_book.$proc$rtl/common/wire_order_book.sv:302$1234'.
  created $dff cell `$procdff$9651' with positive edge clock.
Creating register for signal `\wire_order_book.$memwr$\order_valid_q$rtl/common/wire_order_book.sv:318$969_EN' using process `\wire_order_book.$proc$rtl/common/wire_order_book.sv:302$1234'.
  created $dff cell `$procdff$9652' with positive edge clock.
Creating register for signal `\wire_order_book.$memwr$\order_valid_q$rtl/common/wire_order_book.sv:318$970_EN' using process `\wire_order_book.$proc$rtl/common/wire_order_book.sv:302$1234'.
  created $dff cell `$procdff$9653' with positive edge clock.
Creating register for signal `\wire_order_book.$memwr$\order_valid_q$rtl/common/wire_order_book.sv:318$971_EN' using process `\wire_order_book.$proc$rtl/common/wire_order_book.sv:302$1234'.
  created $dff cell `$procdff$9654' with positive edge clock.
Creating register for signal `\wire_order_book.$memwr$\order_valid_q$rtl/common/wire_order_book.sv:318$972_EN' using process `\wire_order_book.$proc$rtl/common/wire_order_book.sv:302$1234'.
  created $dff cell `$procdff$9655' with positive edge clock.
Creating register for signal `\wire_order_book.$memwr$\order_valid_q$rtl/common/wire_order_book.sv:318$973_EN' using process `\wire_order_book.$proc$rtl/common/wire_order_book.sv:302$1234'.
  created $dff cell `$procdff$9656' with positive edge clock.
Creating register for signal `\wire_order_book.$memwr$\order_valid_q$rtl/common/wire_order_book.sv:318$974_EN' using process `\wire_order_book.$proc$rtl/common/wire_order_book.sv:302$1234'.
  created $dff cell `$procdff$9657' with positive edge clock.
Creating register for signal `\wire_order_book.$memwr$\order_valid_q$rtl/common/wire_order_book.sv:318$975_EN' using process `\wire_order_book.$proc$rtl/common/wire_order_book.sv:302$1234'.
  created $dff cell `$procdff$9658' with positive edge clock.
Creating register for signal `\wire_order_book.$memwr$\order_valid_q$rtl/common/wire_order_book.sv:318$976_EN' using process `\wire_order_book.$proc$rtl/common/wire_order_book.sv:302$1234'.
  created $dff cell `$procdff$9659' with positive edge clock.
Creating register for signal `\wire_order_book.$memwr$\order_valid_q$rtl/common/wire_order_book.sv:318$977_EN' using process `\wire_order_book.$proc$rtl/common/wire_order_book.sv:302$1234'.
  created $dff cell `$procdff$9660' with positive edge clock.
Creating register for signal `\wire_order_book.$memwr$\order_valid_q$rtl/common/wire_order_book.sv:318$978_EN' using process `\wire_order_book.$proc$rtl/common/wire_order_book.sv:302$1234'.
  created $dff cell `$procdff$9661' with positive edge clock.
Creating register for signal `\wire_order_book.$memwr$\order_valid_q$rtl/common/wire_order_book.sv:318$979_EN' using process `\wire_order_book.$proc$rtl/common/wire_order_book.sv:302$1234'.
  created $dff cell `$procdff$9662' with positive edge clock.
Creating register for signal `\wire_order_book.$memwr$\order_valid_q$rtl/common/wire_order_book.sv:318$980_EN' using process `\wire_order_book.$proc$rtl/common/wire_order_book.sv:302$1234'.
  created $dff cell `$procdff$9663' with positive edge clock.
Creating register for signal `\wire_order_book.$memwr$\order_valid_q$rtl/common/wire_order_book.sv:318$981_EN' using process `\wire_order_book.$proc$rtl/common/wire_order_book.sv:302$1234'.
  created $dff cell `$procdff$9664' with positive edge clock.
Creating register for signal `\wire_order_book.$memwr$\order_valid_q$rtl/common/wire_order_book.sv:318$982_EN' using process `\wire_order_book.$proc$rtl/common/wire_order_book.sv:302$1234'.
  created $dff cell `$procdff$9665' with positive edge clock.
Creating register for signal `\wire_order_book.$memwr$\order_valid_q$rtl/common/wire_order_book.sv:318$983_EN' using process `\wire_order_book.$proc$rtl/common/wire_order_book.sv:302$1234'.
  created $dff cell `$procdff$9666' with positive edge clock.
Creating register for signal `\wire_order_book.$memwr$\order_valid_q$rtl/common/wire_order_book.sv:318$984_EN' using process `\wire_order_book.$proc$rtl/common/wire_order_book.sv:302$1234'.
  created $dff cell `$procdff$9667' with positive edge clock.
Creating register for signal `\wire_order_book.$memwr$\order_valid_q$rtl/common/wire_order_book.sv:318$985_EN' using process `\wire_order_book.$proc$rtl/common/wire_order_book.sv:302$1234'.
  created $dff cell `$procdff$9668' with positive edge clock.
Creating register for signal `\wire_order_book.$memwr$\order_valid_q$rtl/common/wire_order_book.sv:318$986_EN' using process `\wire_order_book.$proc$rtl/common/wire_order_book.sv:302$1234'.
  created $dff cell `$procdff$9669' with positive edge clock.
Creating register for signal `\wire_order_book.$memwr$\order_valid_q$rtl/common/wire_order_book.sv:318$987_EN' using process `\wire_order_book.$proc$rtl/common/wire_order_book.sv:302$1234'.
  created $dff cell `$procdff$9670' with positive edge clock.
Creating register for signal `\wire_order_book.$memwr$\order_valid_q$rtl/common/wire_order_book.sv:318$988_EN' using process `\wire_order_book.$proc$rtl/common/wire_order_book.sv:302$1234'.
  created $dff cell `$procdff$9671' with positive edge clock.
Creating register for signal `\wire_order_book.$memwr$\order_valid_q$rtl/common/wire_order_book.sv:318$989_EN' using process `\wire_order_book.$proc$rtl/common/wire_order_book.sv:302$1234'.
  created $dff cell `$procdff$9672' with positive edge clock.
Creating register for signal `\wire_order_book.$memwr$\order_valid_q$rtl/common/wire_order_book.sv:318$990_EN' using process `\wire_order_book.$proc$rtl/common/wire_order_book.sv:302$1234'.
  created $dff cell `$procdff$9673' with positive edge clock.
Creating register for signal `\wire_order_book.$memwr$\order_valid_q$rtl/common/wire_order_book.sv:318$991_EN' using process `\wire_order_book.$proc$rtl/common/wire_order_book.sv:302$1234'.
  created $dff cell `$procdff$9674' with positive edge clock.
Creating register for signal `\wire_order_book.$memwr$\order_valid_q$rtl/common/wire_order_book.sv:318$992_EN' using process `\wire_order_book.$proc$rtl/common/wire_order_book.sv:302$1234'.
  created $dff cell `$procdff$9675' with positive edge clock.
Creating register for signal `\wire_order_book.$memwr$\order_valid_q$rtl/common/wire_order_book.sv:318$993_EN' using process `\wire_order_book.$proc$rtl/common/wire_order_book.sv:302$1234'.
  created $dff cell `$procdff$9676' with positive edge clock.
Creating register for signal `\wire_order_book.$memwr$\order_valid_q$rtl/common/wire_order_book.sv:318$994_EN' using process `\wire_order_book.$proc$rtl/common/wire_order_book.sv:302$1234'.
  created $dff cell `$procdff$9677' with positive edge clock.
Creating register for signal `\wire_order_book.$memwr$\order_valid_q$rtl/common/wire_order_book.sv:318$995_EN' using process `\wire_order_book.$proc$rtl/common/wire_order_book.sv:302$1234'.
  created $dff cell `$procdff$9678' with positive edge clock.
Creating register for signal `\wire_order_book.$memwr$\order_valid_q$rtl/common/wire_order_book.sv:318$996_EN' using process `\wire_order_book.$proc$rtl/common/wire_order_book.sv:302$1234'.
  created $dff cell `$procdff$9679' with positive edge clock.
Creating register for signal `\wire_order_book.$memwr$\order_valid_q$rtl/common/wire_order_book.sv:318$997_EN' using process `\wire_order_book.$proc$rtl/common/wire_order_book.sv:302$1234'.
  created $dff cell `$procdff$9680' with positive edge clock.
Creating register for signal `\wire_order_book.$memwr$\order_valid_q$rtl/common/wire_order_book.sv:318$998_EN' using process `\wire_order_book.$proc$rtl/common/wire_order_book.sv:302$1234'.
  created $dff cell `$procdff$9681' with positive edge clock.
Creating register for signal `\wire_order_book.$memwr$\order_valid_q$rtl/common/wire_order_book.sv:318$999_EN' using process `\wire_order_book.$proc$rtl/common/wire_order_book.sv:302$1234'.
  created $dff cell `$procdff$9682' with positive edge clock.
Creating register for signal `\wire_order_book.$memwr$\order_valid_q$rtl/common/wire_order_book.sv:318$1000_EN' using process `\wire_order_book.$proc$rtl/common/wire_order_book.sv:302$1234'.
  created $dff cell `$procdff$9683' with positive edge clock.
Creating register for signal `\wire_order_book.$memwr$\order_valid_q$rtl/common/wire_order_book.sv:318$1001_EN' using process `\wire_order_book.$proc$rtl/common/wire_order_book.sv:302$1234'.
  created $dff cell `$procdff$9684' with positive edge clock.
Creating register for signal `\wire_order_book.$memwr$\order_valid_q$rtl/common/wire_order_book.sv:318$1002_EN' using process `\wire_order_book.$proc$rtl/common/wire_order_book.sv:302$1234'.
  created $dff cell `$procdff$9685' with positive edge clock.
Creating register for signal `\wire_order_book.$memwr$\order_valid_q$rtl/common/wire_order_book.sv:318$1003_EN' using process `\wire_order_book.$proc$rtl/common/wire_order_book.sv:302$1234'.
  created $dff cell `$procdff$9686' with positive edge clock.
Creating register for signal `\wire_order_book.$memwr$\order_valid_q$rtl/common/wire_order_book.sv:318$1004_EN' using process `\wire_order_book.$proc$rtl/common/wire_order_book.sv:302$1234'.
  created $dff cell `$procdff$9687' with positive edge clock.
Creating register for signal `\wire_order_book.$memwr$\order_valid_q$rtl/common/wire_order_book.sv:318$1005_EN' using process `\wire_order_book.$proc$rtl/common/wire_order_book.sv:302$1234'.
  created $dff cell `$procdff$9688' with positive edge clock.
Creating register for signal `\wire_order_book.$memwr$\order_valid_q$rtl/common/wire_order_book.sv:318$1006_EN' using process `\wire_order_book.$proc$rtl/common/wire_order_book.sv:302$1234'.
  created $dff cell `$procdff$9689' with positive edge clock.
Creating register for signal `\wire_order_book.$memwr$\order_valid_q$rtl/common/wire_order_book.sv:318$1007_EN' using process `\wire_order_book.$proc$rtl/common/wire_order_book.sv:302$1234'.
  created $dff cell `$procdff$9690' with positive edge clock.
Creating register for signal `\wire_order_book.$memwr$\order_valid_q$rtl/common/wire_order_book.sv:318$1008_EN' using process `\wire_order_book.$proc$rtl/common/wire_order_book.sv:302$1234'.
  created $dff cell `$procdff$9691' with positive edge clock.
Creating register for signal `\wire_order_book.$memwr$\order_valid_q$rtl/common/wire_order_book.sv:318$1009_EN' using process `\wire_order_book.$proc$rtl/common/wire_order_book.sv:302$1234'.
  created $dff cell `$procdff$9692' with positive edge clock.
Creating register for signal `\wire_order_book.$memwr$\order_valid_q$rtl/common/wire_order_book.sv:318$1010_EN' using process `\wire_order_book.$proc$rtl/common/wire_order_book.sv:302$1234'.
  created $dff cell `$procdff$9693' with positive edge clock.
Creating register for signal `\wire_order_book.$memwr$\order_valid_q$rtl/common/wire_order_book.sv:318$1011_EN' using process `\wire_order_book.$proc$rtl/common/wire_order_book.sv:302$1234'.
  created $dff cell `$procdff$9694' with positive edge clock.
Creating register for signal `\wire_order_book.$memwr$\order_valid_q$rtl/common/wire_order_book.sv:318$1012_EN' using process `\wire_order_book.$proc$rtl/common/wire_order_book.sv:302$1234'.
  created $dff cell `$procdff$9695' with positive edge clock.
Creating register for signal `\wire_order_book.$memwr$\order_valid_q$rtl/common/wire_order_book.sv:318$1013_EN' using process `\wire_order_book.$proc$rtl/common/wire_order_book.sv:302$1234'.
  created $dff cell `$procdff$9696' with positive edge clock.
Creating register for signal `\wire_order_book.$memwr$\order_valid_q$rtl/common/wire_order_book.sv:318$1014_EN' using process `\wire_order_book.$proc$rtl/common/wire_order_book.sv:302$1234'.
  created $dff cell `$procdff$9697' with positive edge clock.
Creating register for signal `\wire_order_book.$memwr$\order_valid_q$rtl/common/wire_order_book.sv:318$1015_EN' using process `\wire_order_book.$proc$rtl/common/wire_order_book.sv:302$1234'.
  created $dff cell `$procdff$9698' with positive edge clock.
Creating register for signal `\wire_order_book.$memwr$\order_valid_q$rtl/common/wire_order_book.sv:318$1016_EN' using process `\wire_order_book.$proc$rtl/common/wire_order_book.sv:302$1234'.
  created $dff cell `$procdff$9699' with positive edge clock.
Creating register for signal `\wire_order_book.$memwr$\order_valid_q$rtl/common/wire_order_book.sv:318$1017_EN' using process `\wire_order_book.$proc$rtl/common/wire_order_book.sv:302$1234'.
  created $dff cell `$procdff$9700' with positive edge clock.
Creating register for signal `\wire_order_book.$memwr$\order_valid_q$rtl/common/wire_order_book.sv:318$1018_EN' using process `\wire_order_book.$proc$rtl/common/wire_order_book.sv:302$1234'.
  created $dff cell `$procdff$9701' with positive edge clock.
Creating register for signal `\wire_order_book.$memwr$\order_valid_q$rtl/common/wire_order_book.sv:318$1019_EN' using process `\wire_order_book.$proc$rtl/common/wire_order_book.sv:302$1234'.
  created $dff cell `$procdff$9702' with positive edge clock.
Creating register for signal `\wire_order_book.$memwr$\order_valid_q$rtl/common/wire_order_book.sv:318$1020_EN' using process `\wire_order_book.$proc$rtl/common/wire_order_book.sv:302$1234'.
  created $dff cell `$procdff$9703' with positive edge clock.
Creating register for signal `\wire_order_book.$memwr$\order_valid_q$rtl/common/wire_order_book.sv:318$1021_EN' using process `\wire_order_book.$proc$rtl/common/wire_order_book.sv:302$1234'.
  created $dff cell `$procdff$9704' with positive edge clock.
Creating register for signal `\wire_order_book.$memwr$\order_valid_q$rtl/common/wire_order_book.sv:318$1022_EN' using process `\wire_order_book.$proc$rtl/common/wire_order_book.sv:302$1234'.
  created $dff cell `$procdff$9705' with positive edge clock.
Creating register for signal `\wire_order_book.$memwr$\order_valid_q$rtl/common/wire_order_book.sv:318$1023_EN' using process `\wire_order_book.$proc$rtl/common/wire_order_book.sv:302$1234'.
  created $dff cell `$procdff$9706' with positive edge clock.
Creating register for signal `\wire_order_book.$memwr$\order_valid_q$rtl/common/wire_order_book.sv:318$1024_EN' using process `\wire_order_book.$proc$rtl/common/wire_order_book.sv:302$1234'.
  created $dff cell `$procdff$9707' with positive edge clock.
Creating register for signal `\wire_order_book.$memwr$\order_valid_q$rtl/common/wire_order_book.sv:318$1025_EN' using process `\wire_order_book.$proc$rtl/common/wire_order_book.sv:302$1234'.
  created $dff cell `$procdff$9708' with positive edge clock.
Creating register for signal `\wire_order_book.$memwr$\order_valid_q$rtl/common/wire_order_book.sv:318$1026_EN' using process `\wire_order_book.$proc$rtl/common/wire_order_book.sv:302$1234'.
  created $dff cell `$procdff$9709' with positive edge clock.
Creating register for signal `\wire_order_book.$memwr$\order_valid_q$rtl/common/wire_order_book.sv:318$1027_EN' using process `\wire_order_book.$proc$rtl/common/wire_order_book.sv:302$1234'.
  created $dff cell `$procdff$9710' with positive edge clock.
Creating register for signal `\wire_order_book.$memwr$\order_valid_q$rtl/common/wire_order_book.sv:318$1028_EN' using process `\wire_order_book.$proc$rtl/common/wire_order_book.sv:302$1234'.
  created $dff cell `$procdff$9711' with positive edge clock.
Creating register for signal `\wire_order_book.$memwr$\order_valid_q$rtl/common/wire_order_book.sv:318$1029_EN' using process `\wire_order_book.$proc$rtl/common/wire_order_book.sv:302$1234'.
  created $dff cell `$procdff$9712' with positive edge clock.
Creating register for signal `\wire_order_book.$memwr$\order_valid_q$rtl/common/wire_order_book.sv:318$1030_EN' using process `\wire_order_book.$proc$rtl/common/wire_order_book.sv:302$1234'.
  created $dff cell `$procdff$9713' with positive edge clock.
Creating register for signal `\wire_order_book.$memwr$\order_valid_q$rtl/common/wire_order_book.sv:318$1031_EN' using process `\wire_order_book.$proc$rtl/common/wire_order_book.sv:302$1234'.
  created $dff cell `$procdff$9714' with positive edge clock.
Creating register for signal `\wire_order_book.$memwr$\order_valid_q$rtl/common/wire_order_book.sv:318$1032_EN' using process `\wire_order_book.$proc$rtl/common/wire_order_book.sv:302$1234'.
  created $dff cell `$procdff$9715' with positive edge clock.
Creating register for signal `\wire_order_book.$memwr$\order_valid_q$rtl/common/wire_order_book.sv:318$1033_EN' using process `\wire_order_book.$proc$rtl/common/wire_order_book.sv:302$1234'.
  created $dff cell `$procdff$9716' with positive edge clock.
Creating register for signal `\wire_order_book.$memwr$\order_valid_q$rtl/common/wire_order_book.sv:318$1034_EN' using process `\wire_order_book.$proc$rtl/common/wire_order_book.sv:302$1234'.
  created $dff cell `$procdff$9717' with positive edge clock.
Creating register for signal `\wire_order_book.$memwr$\order_valid_q$rtl/common/wire_order_book.sv:318$1035_EN' using process `\wire_order_book.$proc$rtl/common/wire_order_book.sv:302$1234'.
  created $dff cell `$procdff$9718' with positive edge clock.
Creating register for signal `\wire_order_book.$memwr$\order_valid_q$rtl/common/wire_order_book.sv:318$1036_EN' using process `\wire_order_book.$proc$rtl/common/wire_order_book.sv:302$1234'.
  created $dff cell `$procdff$9719' with positive edge clock.
Creating register for signal `\wire_order_book.$memwr$\order_valid_q$rtl/common/wire_order_book.sv:318$1037_EN' using process `\wire_order_book.$proc$rtl/common/wire_order_book.sv:302$1234'.
  created $dff cell `$procdff$9720' with positive edge clock.
Creating register for signal `\wire_order_book.$memwr$\order_reference_q$rtl/common/wire_order_book.sv:360$1038_ADDR' using process `\wire_order_book.$proc$rtl/common/wire_order_book.sv:302$1234'.
  created $dff cell `$procdff$9721' with positive edge clock.
Creating register for signal `\wire_order_book.$memwr$\order_reference_q$rtl/common/wire_order_book.sv:360$1038_DATA' using process `\wire_order_book.$proc$rtl/common/wire_order_book.sv:302$1234'.
  created $dff cell `$procdff$9722' with positive edge clock.
Creating register for signal `\wire_order_book.$memwr$\order_reference_q$rtl/common/wire_order_book.sv:360$1038_EN' using process `\wire_order_book.$proc$rtl/common/wire_order_book.sv:302$1234'.
  created $dff cell `$procdff$9723' with positive edge clock.
Creating register for signal `\wire_order_book.$memwr$\order_price_q$rtl/common/wire_order_book.sv:361$1039_ADDR' using process `\wire_order_book.$proc$rtl/common/wire_order_book.sv:302$1234'.
  created $dff cell `$procdff$9724' with positive edge clock.
Creating register for signal `\wire_order_book.$memwr$\order_price_q$rtl/common/wire_order_book.sv:361$1039_DATA' using process `\wire_order_book.$proc$rtl/common/wire_order_book.sv:302$1234'.
  created $dff cell `$procdff$9725' with positive edge clock.
Creating register for signal `\wire_order_book.$memwr$\order_price_q$rtl/common/wire_order_book.sv:361$1039_EN' using process `\wire_order_book.$proc$rtl/common/wire_order_book.sv:302$1234'.
  created $dff cell `$procdff$9726' with positive edge clock.
Creating register for signal `\wire_order_book.$memwr$\order_quantity_q$rtl/common/wire_order_book.sv:362$1040_ADDR' using process `\wire_order_book.$proc$rtl/common/wire_order_book.sv:302$1234'.
  created $dff cell `$procdff$9727' with positive edge clock.
Creating register for signal `\wire_order_book.$memwr$\order_quantity_q$rtl/common/wire_order_book.sv:362$1040_DATA' using process `\wire_order_book.$proc$rtl/common/wire_order_book.sv:302$1234'.
  created $dff cell `$procdff$9728' with positive edge clock.
Creating register for signal `\wire_order_book.$memwr$\order_quantity_q$rtl/common/wire_order_book.sv:362$1040_EN' using process `\wire_order_book.$proc$rtl/common/wire_order_book.sv:302$1234'.
  created $dff cell `$procdff$9729' with positive edge clock.
Creating register for signal `\wire_order_book.$memwr$\order_side_q$rtl/common/wire_order_book.sv:363$1041_ADDR' using process `\wire_order_book.$proc$rtl/common/wire_order_book.sv:302$1234'.
  created $dff cell `$procdff$9730' with positive edge clock.
Creating register for signal `\wire_order_book.$memwr$\order_side_q$rtl/common/wire_order_book.sv:363$1041_DATA' using process `\wire_order_book.$proc$rtl/common/wire_order_book.sv:302$1234'.
  created $dff cell `$procdff$9731' with positive edge clock.
Creating register for signal `\wire_order_book.$memwr$\order_side_q$rtl/common/wire_order_book.sv:363$1041_EN' using process `\wire_order_book.$proc$rtl/common/wire_order_book.sv:302$1234'.
  created $dff cell `$procdff$9732' with positive edge clock.
Creating register for signal `\wire_order_book.$memwr$\order_valid_q$rtl/common/wire_order_book.sv:364$1042_ADDR' using process `\wire_order_book.$proc$rtl/common/wire_order_book.sv:302$1234'.
  created $dff cell `$procdff$9733' with positive edge clock.
Creating register for signal `\wire_order_book.$memwr$\order_valid_q$rtl/common/wire_order_book.sv:364$1042_EN' using process `\wire_order_book.$proc$rtl/common/wire_order_book.sv:302$1234'.
  created $dff cell `$procdff$9734' with positive edge clock.
Creating register for signal `\wire_order_book.$memwr$\order_valid_q$rtl/common/wire_order_book.sv:368$1043_ADDR' using process `\wire_order_book.$proc$rtl/common/wire_order_book.sv:302$1234'.
  created $dff cell `$procdff$9735' with positive edge clock.
Creating register for signal `\wire_order_book.$memwr$\order_valid_q$rtl/common/wire_order_book.sv:368$1043_EN' using process `\wire_order_book.$proc$rtl/common/wire_order_book.sv:302$1234'.
  created $dff cell `$procdff$9736' with positive edge clock.
Creating register for signal `\wire_order_book.$memwr$\order_quantity_q$rtl/common/wire_order_book.sv:370$1044_ADDR' using process `\wire_order_book.$proc$rtl/common/wire_order_book.sv:302$1234'.
  created $dff cell `$procdff$9737' with positive edge clock.
Creating register for signal `\wire_order_book.$memwr$\order_quantity_q$rtl/common/wire_order_book.sv:370$1044_DATA' using process `\wire_order_book.$proc$rtl/common/wire_order_book.sv:302$1234'.
  created $dff cell `$procdff$9738' with positive edge clock.
Creating register for signal `\wire_order_book.$memwr$\order_quantity_q$rtl/common/wire_order_book.sv:370$1044_EN' using process `\wire_order_book.$proc$rtl/common/wire_order_book.sv:302$1234'.
  created $dff cell `$procdff$9739' with positive edge clock.
Creating register for signal `\wire_order_book.$memwr$\order_valid_q$rtl/common/wire_order_book.sv:372$1045_ADDR' using process `\wire_order_book.$proc$rtl/common/wire_order_book.sv:302$1234'.
  created $dff cell `$procdff$9740' with positive edge clock.
Creating register for signal `\wire_order_book.$memwr$\order_valid_q$rtl/common/wire_order_book.sv:372$1045_EN' using process `\wire_order_book.$proc$rtl/common/wire_order_book.sv:302$1234'.
  created $dff cell `$procdff$9741' with positive edge clock.
Creating register for signal `\wire_order_book.$memwr$\order_valid_q$rtl/common/wire_order_book.sv:375$1046_ADDR' using process `\wire_order_book.$proc$rtl/common/wire_order_book.sv:302$1234'.
  created $dff cell `$procdff$9742' with positive edge clock.
Creating register for signal `\wire_order_book.$memwr$\order_valid_q$rtl/common/wire_order_book.sv:375$1046_EN' using process `\wire_order_book.$proc$rtl/common/wire_order_book.sv:302$1234'.
  created $dff cell `$procdff$9743' with positive edge clock.
Creating register for signal `\wire_order_book.$memwr$\order_reference_q$rtl/common/wire_order_book.sv:376$1047_ADDR' using process `\wire_order_book.$proc$rtl/common/wire_order_book.sv:302$1234'.
  created $dff cell `$procdff$9744' with positive edge clock.
Creating register for signal `\wire_order_book.$memwr$\order_reference_q$rtl/common/wire_order_book.sv:376$1047_DATA' using process `\wire_order_book.$proc$rtl/common/wire_order_book.sv:302$1234'.
  created $dff cell `$procdff$9745' with positive edge clock.
Creating register for signal `\wire_order_book.$memwr$\order_reference_q$rtl/common/wire_order_book.sv:376$1047_EN' using process `\wire_order_book.$proc$rtl/common/wire_order_book.sv:302$1234'.
  created $dff cell `$procdff$9746' with positive edge clock.
Creating register for signal `\wire_order_book.$memwr$\order_price_q$rtl/common/wire_order_book.sv:377$1048_ADDR' using process `\wire_order_book.$proc$rtl/common/wire_order_book.sv:302$1234'.
  created $dff cell `$procdff$9747' with positive edge clock.
Creating register for signal `\wire_order_book.$memwr$\order_price_q$rtl/common/wire_order_book.sv:377$1048_DATA' using process `\wire_order_book.$proc$rtl/common/wire_order_book.sv:302$1234'.
  created $dff cell `$procdff$9748' with positive edge clock.
Creating register for signal `\wire_order_book.$memwr$\order_price_q$rtl/common/wire_order_book.sv:377$1048_EN' using process `\wire_order_book.$proc$rtl/common/wire_order_book.sv:302$1234'.
  created $dff cell `$procdff$9749' with positive edge clock.
Creating register for signal `\wire_order_book.$memwr$\order_quantity_q$rtl/common/wire_order_book.sv:378$1049_ADDR' using process `\wire_order_book.$proc$rtl/common/wire_order_book.sv:302$1234'.
  created $dff cell `$procdff$9750' with positive edge clock.
Creating register for signal `\wire_order_book.$memwr$\order_quantity_q$rtl/common/wire_order_book.sv:378$1049_DATA' using process `\wire_order_book.$proc$rtl/common/wire_order_book.sv:302$1234'.
  created $dff cell `$procdff$9751' with positive edge clock.
Creating register for signal `\wire_order_book.$memwr$\order_quantity_q$rtl/common/wire_order_book.sv:378$1049_EN' using process `\wire_order_book.$proc$rtl/common/wire_order_book.sv:302$1234'.
  created $dff cell `$procdff$9752' with positive edge clock.
Creating register for signal `\wire_order_book.$memwr$\order_side_q$rtl/common/wire_order_book.sv:379$1050_ADDR' using process `\wire_order_book.$proc$rtl/common/wire_order_book.sv:302$1234'.
  created $dff cell `$procdff$9753' with positive edge clock.
Creating register for signal `\wire_order_book.$memwr$\order_side_q$rtl/common/wire_order_book.sv:379$1050_DATA' using process `\wire_order_book.$proc$rtl/common/wire_order_book.sv:302$1234'.
  created $dff cell `$procdff$9754' with positive edge clock.
Creating register for signal `\wire_order_book.$memwr$\order_side_q$rtl/common/wire_order_book.sv:379$1050_EN' using process `\wire_order_book.$proc$rtl/common/wire_order_book.sv:302$1234'.
  created $dff cell `$procdff$9755' with positive edge clock.
Creating register for signal `\wire_order_book.$memwr$\order_valid_q$rtl/common/wire_order_book.sv:380$1051_ADDR' using process `\wire_order_book.$proc$rtl/common/wire_order_book.sv:302$1234'.
  created $dff cell `$procdff$9756' with positive edge clock.
Creating register for signal `\wire_order_book.$memwr$\order_valid_q$rtl/common/wire_order_book.sv:380$1051_EN' using process `\wire_order_book.$proc$rtl/common/wire_order_book.sv:302$1234'.
  created $dff cell `$procdff$9757' with positive edge clock.

3.10. Executing PROC_MEMWR pass (convert process memory writes to cells).

3.11. Executing PROC_CLEAN pass (remove empty switches from decision trees).
Found and cleaned up 1 empty switch in `\wire_order_book.$proc$rtl/common/wire_order_book.sv:143$3486'.
Removing empty process `wire_order_book.$proc$rtl/common/wire_order_book.sv:143$3486'.
Found and cleaned up 12 empty switches in `\wire_order_book.$proc$rtl/common/wire_order_book.sv:302$1234'.
Removing empty process `wire_order_book.$proc$rtl/common/wire_order_book.sv:302$1234'.
Found and cleaned up 25 empty switches in `\wire_order_book.$proc$rtl/common/wire_order_book.sv:164$1062'.
Removing empty process `wire_order_book.$proc$rtl/common/wire_order_book.sv:164$1062'.
Cleaned up 38 empty switches.

3.12. Executing OPT_EXPR pass (perform const folding).
Optimizing module wire_order_book.
<suppressed ~299 debug messages>

4. Executing OPT pass (performing simple optimizations).

4.1. Executing OPT_EXPR pass (perform const folding).
Optimizing module wire_order_book.
<suppressed ~25 debug messages>

4.2. Executing OPT_MERGE pass (detect identical cells).
Finding identical cells in module `\wire_order_book'.
Computing hashes of 4285 cells of `\wire_order_book'.
Finding duplicate cells in `\wire_order_book'.
Computing hashes of 4052 cells of `\wire_order_book'.
Finding duplicate cells in `\wire_order_book'.
Computing hashes of 4021 cells of `\wire_order_book'.
Finding duplicate cells in `\wire_order_book'.
Computing hashes of 4017 cells of `\wire_order_book'.
Finding duplicate cells in `\wire_order_book'.
Computing hashes of 4015 cells of `\wire_order_book'.
Finding duplicate cells in `\wire_order_book'.
<suppressed ~810 debug messages>
Removed a total of 270 cells.

4.3. Executing OPT_MUXTREE pass (detect dead branches in mux trees).
Running muxtree optimizer on module \wire_order_book..
  Creating internal representation of mux trees.
  Evaluating internal representation of mux trees.
      Replacing known input bits on port B of cell $procmux$8071: $1\eval_error[0:0] -> 1'1
      Replacing known input bits on port A of cell $procmux$8045: $1\eval_error[0:0] -> 1'0
      Replacing known input bits on port A of cell $procmux$8011: \state_q -> 1'0
      Replacing known input bits on port A of cell $procmux$8013: \state_q -> 1'0
  Analyzing evaluation results.
    dead port 1/2 on $mux $procmux$8616.
    dead port 2/2 on $mux $procmux$8616.
    dead port 2/2 on $mux $procmux$8613.
    dead port 2/2 on $mux $procmux$8607.
    dead port 2/2 on $mux $procmux$8601.
    dead port 2/2 on $mux $procmux$8595.
    dead port 2/2 on $mux $procmux$8589.
    dead port 2/2 on $mux $procmux$8583.
    dead port 1/2 on $mux $procmux$8565.
    dead port 2/2 on $mux $procmux$8565.
    dead port 2/2 on $mux $procmux$8556.
    dead port 2/2 on $mux $procmux$8550.
    dead port 1/2 on $mux $procmux$8543.
    dead port 2/2 on $mux $procmux$8543.
    dead port 1/2 on $mux $procmux$8540.
    dead port 2/2 on $mux $procmux$8540.
    dead port 2/2 on $mux $procmux$8537.
    dead port 2/2 on $mux $procmux$8529.
    dead port 2/2 on $mux $procmux$8521.
    dead port 2/2 on $mux $procmux$8513.
    dead port 2/2 on $mux $procmux$8505.
    dead port 2/2 on $mux $procmux$8502.
    dead port 2/2 on $mux $procmux$8494.
    dead port 2/2 on $mux $procmux$8491.
    dead port 2/2 on $mux $procmux$8483.
    dead port 2/2 on $mux $procmux$8480.
    dead port 2/2 on $mux $procmux$8472.
    dead port 2/2 on $mux $procmux$8469.
    dead port 2/2 on $mux $procmux$8461.
    dead port 2/2 on $mux $procmux$8458.
    dead port 1/2 on $mux $procmux$8456.
    dead port 2/2 on $mux $procmux$8447.
    dead port 2/2 on $mux $procmux$8444.
    dead port 1/2 on $mux $procmux$8442.
    dead port 2/2 on $mux $procmux$8433.
    dead port 2/2 on $mux $procmux$8430.
    dead port 1/2 on $mux $procmux$8428.
    dead port 2/2 on $mux $procmux$8419.
    dead port 2/2 on $mux $procmux$8416.
    dead port 1/2 on $mux $procmux$8414.
    dead port 2/2 on $mux $procmux$8405.
    dead port 2/2 on $mux $procmux$8402.
    dead port 2/2 on $mux $procmux$8395.
    dead port 2/2 on $mux $procmux$8392.
    dead port 2/2 on $mux $procmux$8385.
    dead port 2/2 on $mux $procmux$8382.
    dead port 2/2 on $mux $procmux$8375.
    dead port 2/2 on $mux $procmux$8372.
    dead port 2/2 on $mux $procmux$8365.
    dead port 2/2 on $mux $procmux$8362.
    dead port 2/2 on $mux $procmux$8355.
    dead port 2/2 on $mux $procmux$8352.
    dead port 2/2 on $mux $procmux$8350.
    dead port 2/2 on $mux $procmux$8342.
    dead port 2/2 on $mux $procmux$8339.
    dead port 2/2 on $mux $procmux$8337.
    dead port 2/2 on $mux $procmux$8329.
    dead port 2/2 on $mux $procmux$8326.
    dead port 2/2 on $mux $procmux$8324.
    dead port 2/2 on $mux $procmux$8316.
    dead port 2/2 on $mux $procmux$8313.
    dead port 2/2 on $mux $procmux$8311.
    dead port 2/2 on $mux $procmux$8303.
    dead port 2/2 on $mux $procmux$8300.
    dead port 2/2 on $mux $procmux$8298.
    dead port 2/2 on $mux $procmux$8290.
    dead port 2/2 on $mux $procmux$8287.
    dead port 2/2 on $mux $procmux$8281.
    dead port 2/2 on $mux $procmux$8278.
    dead port 2/2 on $mux $procmux$8272.
    dead port 2/2 on $mux $procmux$8269.
    dead port 1/2 on $mux $procmux$8263.
    dead port 2/2 on $mux $procmux$8263.
    dead port 1/2 on $mux $procmux$8260.
    dead port 2/2 on $mux $procmux$8260.
    dead port 1/2 on $mux $procmux$8258.
    dead port 2/2 on $mux $procmux$8258.
    dead port 2/2 on $mux $procmux$8254.
    dead port 2/2 on $mux $procmux$8251.
    dead port 2/2 on $mux $procmux$8245.
    dead port 2/2 on $mux $procmux$8242.
    dead port 2/2 on $mux $procmux$8236.
    dead port 2/2 on $mux $procmux$8233.
    dead port 2/2 on $mux $procmux$8231.
    dead port 2/2 on $mux $procmux$8224.
    dead port 2/2 on $mux $procmux$8221.
    dead port 2/2 on $mux $procmux$8219.
    dead port 2/2 on $mux $procmux$8212.
    dead port 2/2 on $mux $procmux$8209.
    dead port 2/2 on $mux $procmux$8207.
    dead port 1/2 on $mux $procmux$8200.
    dead port 2/2 on $mux $procmux$8200.
    dead port 1/2 on $mux $procmux$8197.
    dead port 2/2 on $mux $procmux$8197.
    dead port 1/2 on $mux $procmux$8195.
    dead port 2/2 on $mux $procmux$8195.
    dead port 1/2 on $mux $procmux$8192.
    dead port 2/2 on $mux $procmux$8192.
    dead port 2/2 on $mux $procmux$8188.
    dead port 2/2 on $mux $procmux$8185.
    dead port 2/2 on $mux $procmux$8183.
    dead port 2/2 on $mux $procmux$8176.
    dead port 2/2 on $mux $procmux$8173.
    dead port 2/2 on $mux $procmux$8171.
    dead port 2/2 on $mux $procmux$8134.
    dead port 2/2 on $mux $procmux$8131.
    dead port 2/2 on $mux $procmux$8129.
    dead port 1/2 on $mux $procmux$8126.
    dead port 2/2 on $mux $procmux$8119.
    dead port 2/2 on $mux $procmux$8116.
    dead port 2/2 on $mux $procmux$8114.
    dead port 1/2 on $mux $procmux$8111.
    dead port 2/2 on $mux $procmux$8104.
    dead port 2/2 on $mux $procmux$8101.
    dead port 2/2 on $mux $procmux$8099.
    dead port 1/2 on $mux $procmux$8096.
    dead port 2/2 on $mux $procmux$8089.
    dead port 2/2 on $mux $procmux$8086.
    dead port 2/2 on $mux $procmux$8084.
    dead port 1/2 on $mux $procmux$8081.
    dead port 1/2 on $mux $procmux$8074.
    dead port 2/2 on $mux $procmux$8074.
    dead port 1/2 on $mux $procmux$8059.
    dead port 1/2 on $mux $procmux$8053.
    dead port 1/2 on $mux $procmux$8047.
    dead port 1/2 on $mux $procmux$8041.
    dead port 1/2 on $mux $procmux$8035.
    dead port 1/2 on $mux $procmux$8033.
    dead port 1/2 on $mux $procmux$8026.
    dead port 1/2 on $mux $procmux$8024.
    dead port 1/2 on $mux $procmux$4631.
    dead port 1/2 on $mux $procmux$4626.
    dead port 1/2 on $mux $procmux$4621.
    dead port 1/2 on $mux $procmux$4615.
    dead port 1/2 on $mux $procmux$4610.
    dead port 1/2 on $mux $procmux$4605.
    dead port 1/2 on $mux $procmux$4599.
    dead port 1/2 on $mux $procmux$4594.
    dead port 1/2 on $mux $procmux$4589.
    dead port 1/2 on $mux $procmux$4583.
    dead port 1/2 on $mux $procmux$4578.
    dead port 1/2 on $mux $procmux$4573.
    dead port 1/2 on $mux $procmux$4567.
    dead port 1/2 on $mux $procmux$4562.
    dead port 1/2 on $mux $procmux$4556.
    dead port 1/2 on $mux $procmux$4551.
    dead port 1/2 on $mux $procmux$4545.
    dead port 1/2 on $mux $procmux$4540.
    dead port 1/2 on $mux $procmux$4535.
    dead port 1/2 on $mux $procmux$4529.
    dead port 1/2 on $mux $procmux$4524.
    dead port 1/2 on $mux $procmux$4518.
    dead port 1/2 on $mux $procmux$4513.
    dead port 1/2 on $mux $procmux$4507.
    dead port 1/2 on $mux $procmux$4502.
    dead port 1/2 on $mux $procmux$4497.
    dead port 1/2 on $mux $procmux$4491.
    dead port 1/2 on $mux $procmux$4486.
    dead port 1/2 on $mux $procmux$4481.
    dead port 1/2 on $mux $procmux$4475.
    dead port 1/2 on $mux $procmux$4470.
    dead port 1/2 on $mux $procmux$4465.
    dead port 1/2 on $mux $procmux$4459.
    dead port 1/2 on $mux $procmux$4454.
    dead port 1/2 on $mux $procmux$4449.
    dead port 1/2 on $mux $procmux$4443.
    dead port 1/2 on $mux $procmux$4438.
    dead port 1/2 on $mux $procmux$4432.
    dead port 2/2 on $mux $procmux$4429.
    dead port 1/2 on $mux $procmux$4424.
    dead port 2/2 on $mux $procmux$4421.
    dead port 1/2 on $mux $procmux$4416.
    dead port 2/2 on $mux $procmux$4413.
    dead port 1/2 on $mux $procmux$4408.
    dead port 2/2 on $mux $procmux$4405.
    dead port 1/2 on $mux $procmux$4400.
    dead port 2/2 on $mux $procmux$4397.
    dead port 1/2 on $mux $procmux$4392.
    dead port 2/2 on $mux $procmux$4389.
    dead port 1/2 on $mux $procmux$4384.
    dead port 2/2 on $mux $procmux$4381.
    dead port 1/2 on $mux $procmux$4376.
    dead port 2/2 on $mux $procmux$4373.
    dead port 1/2 on $mux $procmux$4368.
    dead port 2/2 on $mux $procmux$4365.
    dead port 1/2 on $mux $procmux$4360.
    dead port 2/2 on $mux $procmux$4357.
    dead port 1/2 on $mux $procmux$4352.
    dead port 2/2 on $mux $procmux$4349.
    dead port 1/2 on $mux $procmux$4344.
    dead port 2/2 on $mux $procmux$4341.
    dead port 1/2 on $mux $procmux$4336.
    dead port 2/2 on $mux $procmux$4333.
    dead port 1/2 on $mux $procmux$4328.
    dead port 2/2 on $mux $procmux$4325.
    dead port 1/2 on $mux $procmux$4320.
    dead port 2/2 on $mux $procmux$4317.
    dead port 1/2 on $mux $procmux$4312.
    dead port 2/2 on $mux $procmux$4309.
    dead port 1/2 on $mux $procmux$4304.
    dead port 2/2 on $mux $procmux$4301.
    dead port 1/2 on $mux $procmux$4296.
    dead port 2/2 on $mux $procmux$4293.
    dead port 1/2 on $mux $procmux$4288.
    dead port 2/2 on $mux $procmux$4285.
    dead port 1/2 on $mux $procmux$4280.
    dead port 2/2 on $mux $procmux$4277.
    dead port 1/2 on $mux $procmux$4272.
    dead port 2/2 on $mux $procmux$4269.
    dead port 1/2 on $mux $procmux$4264.
    dead port 2/2 on $mux $procmux$4261.
    dead port 1/2 on $mux $procmux$4256.
    dead port 2/2 on $mux $procmux$4253.
    dead port 1/2 on $mux $procmux$4248.
    dead port 2/2 on $mux $procmux$4245.
    dead port 1/2 on $mux $procmux$4240.
    dead port 2/2 on $mux $procmux$4237.
    dead port 1/2 on $mux $procmux$4232.
    dead port 2/2 on $mux $procmux$4229.
    dead port 1/2 on $mux $procmux$4224.
    dead port 2/2 on $mux $procmux$4221.
    dead port 1/2 on $mux $procmux$4216.
    dead port 2/2 on $mux $procmux$4213.
    dead port 1/2 on $mux $procmux$4208.
    dead port 2/2 on $mux $procmux$4205.
    dead port 1/2 on $mux $procmux$4200.
    dead port 2/2 on $mux $procmux$4197.
    dead port 1/2 on $mux $procmux$4192.
    dead port 2/2 on $mux $procmux$4189.
    dead port 1/2 on $mux $procmux$4184.
    dead port 2/2 on $mux $procmux$4181.
    dead port 1/2 on $mux $procmux$4176.
    dead port 2/2 on $mux $procmux$4173.
    dead port 1/2 on $mux $procmux$4168.
    dead port 2/2 on $mux $procmux$4165.
    dead port 1/2 on $mux $procmux$4160.
    dead port 2/2 on $mux $procmux$4157.
    dead port 1/2 on $mux $procmux$4152.
    dead port 2/2 on $mux $procmux$4149.
    dead port 1/2 on $mux $procmux$4144.
    dead port 2/2 on $mux $procmux$4141.
    dead port 1/2 on $mux $procmux$4136.
    dead port 2/2 on $mux $procmux$4133.
    dead port 1/2 on $mux $procmux$4131.
    dead port 1/2 on $mux $procmux$4123.
    dead port 2/2 on $mux $procmux$4120.
    dead port 1/2 on $mux $procmux$4118.
    dead port 1/2 on $mux $procmux$4110.
    dead port 2/2 on $mux $procmux$4107.
    dead port 1/2 on $mux $procmux$4105.
    dead port 1/2 on $mux $procmux$4097.
    dead port 2/2 on $mux $procmux$4094.
    dead port 1/2 on $mux $procmux$4092.
    dead port 1/2 on $mux $procmux$4084.
    dead port 2/2 on $mux $procmux$4081.
    dead port 1/2 on $mux $procmux$4079.
    dead port 1/2 on $mux $procmux$4071.
    dead port 2/2 on $mux $procmux$4068.
    dead port 1/2 on $mux $procmux$4066.
    dead port 1/2 on $mux $procmux$4059.
    dead port 2/2 on $mux $procmux$4056.
    dead port 1/2 on $mux $procmux$4054.
    dead port 1/2 on $mux $procmux$4047.
    dead port 2/2 on $mux $procmux$4044.
    dead port 1/2 on $mux $procmux$4042.
    dead port 1/2 on $mux $procmux$4036.
    dead port 2/2 on $mux $procmux$4033.
    dead port 1/2 on $mux $procmux$4031.
    dead port 1/2 on $mux $procmux$4025.
    dead port 2/2 on $mux $procmux$4022.
    dead port 1/2 on $mux $procmux$4020.
    dead port 1/2 on $mux $procmux$4014.
    dead port 2/2 on $mux $procmux$4011.
    dead port 1/2 on $mux $procmux$4009.
    dead port 1/2 on $mux $procmux$4003.
    dead port 2/2 on $mux $procmux$4000.
    dead port 1/2 on $mux $procmux$3998.
    dead port 1/2 on $mux $procmux$3992.
    dead port 2/2 on $mux $procmux$3989.
    dead port 1/2 on $mux $procmux$3987.
    dead port 1/2 on $mux $procmux$3981.
    dead port 2/2 on $mux $procmux$3978.
    dead port 1/2 on $mux $procmux$3976.
    dead port 1/2 on $mux $procmux$3970.
    dead port 2/2 on $mux $procmux$3967.
    dead port 1/2 on $mux $procmux$3965.
    dead port 1/2 on $mux $procmux$3959.
    dead port 2/2 on $mux $procmux$3956.
    dead port 1/2 on $mux $procmux$3954.
    dead port 1/2 on $mux $procmux$3948.
    dead port 2/2 on $mux $procmux$3945.
    dead port 1/2 on $mux $procmux$3943.
    dead port 1/2 on $mux $procmux$3937.
    dead port 2/2 on $mux $procmux$3934.
    dead port 1/2 on $mux $procmux$3932.
    dead port 1/2 on $mux $procmux$3926.
    dead port 2/2 on $mux $procmux$3923.
    dead port 1/2 on $mux $procmux$3921.
    dead port 1/2 on $mux $procmux$3915.
    dead port 2/2 on $mux $procmux$3912.
    dead port 1/2 on $mux $procmux$3910.
    dead port 1/2 on $mux $procmux$3904.
    dead port 2/2 on $mux $procmux$3901.
    dead port 1/2 on $mux $procmux$3899.
    dead port 1/2 on $mux $procmux$3893.
    dead port 2/2 on $mux $procmux$3890.
    dead port 1/2 on $mux $procmux$3888.
    dead port 1/2 on $mux $procmux$3882.
    dead port 2/2 on $mux $procmux$3879.
    dead port 1/2 on $mux $procmux$3877.
    dead port 1/2 on $mux $procmux$3871.
    dead port 2/2 on $mux $procmux$3868.
    dead port 1/2 on $mux $procmux$3866.
    dead port 1/2 on $mux $procmux$3857.
    dead port 2/2 on $mux $procmux$3854.
    dead port 1/2 on $mux $procmux$3852.
    dead port 1/2 on $mux $procmux$3843.
    dead port 2/2 on $mux $procmux$3840.
    dead port 1/2 on $mux $procmux$3838.
    dead port 1/2 on $mux $procmux$3829.
    dead port 2/2 on $mux $procmux$3826.
    dead port 1/2 on $mux $procmux$3824.
    dead port 1/2 on $mux $procmux$3815.
    dead port 2/2 on $mux $procmux$3812.
    dead port 1/2 on $mux $procmux$3810.
    dead port 1/2 on $mux $procmux$3801.
    dead port 2/2 on $mux $procmux$3798.
    dead port 1/2 on $mux $procmux$3796.
    dead port 1/2 on $mux $procmux$3787.
    dead port 2/2 on $mux $procmux$3784.
    dead port 1/2 on $mux $procmux$3782.
    dead port 1/2 on $mux $procmux$3773.
    dead port 2/2 on $mux $procmux$3770.
    dead port 1/2 on $mux $procmux$3768.
    dead port 1/2 on $mux $procmux$3759.
    dead port 2/2 on $mux $procmux$3756.
    dead port 1/2 on $mux $procmux$3754.
    dead port 1/2 on $mux $procmux$3745.
    dead port 2/2 on $mux $procmux$3742.
    dead port 1/2 on $mux $procmux$3740.
    dead port 1/2 on $mux $procmux$3731.
    dead port 2/2 on $mux $procmux$3728.
    dead port 1/2 on $mux $procmux$3726.
    dead port 1/2 on $mux $procmux$3717.
    dead port 2/2 on $mux $procmux$3714.
    dead port 1/2 on $mux $procmux$3712.
    dead port 1/2 on $mux $procmux$3703.
    dead port 2/2 on $mux $procmux$3700.
    dead port 1/2 on $mux $procmux$3698.
    dead port 1/2 on $mux $procmux$3689.
    dead port 2/2 on $mux $procmux$3686.
    dead port 1/2 on $mux $procmux$3684.
    dead port 1/2 on $mux $procmux$3675.
    dead port 2/2 on $mux $procmux$3672.
    dead port 1/2 on $mux $procmux$3670.
    dead port 2/2 on $mux $procmux$3667.
    dead port 1/2 on $mux $procmux$3659.
    dead port 2/2 on $mux $procmux$3656.
    dead port 1/2 on $mux $procmux$3654.
    dead port 2/2 on $mux $procmux$3651.
    dead port 1/2 on $mux $procmux$3643.
    dead port 2/2 on $mux $procmux$3640.
    dead port 1/2 on $mux $procmux$3638.
    dead port 2/2 on $mux $procmux$3635.
    dead port 1/2 on $mux $procmux$3627.
    dead port 2/2 on $mux $procmux$3624.
    dead port 1/2 on $mux $procmux$3622.
    dead port 2/2 on $mux $procmux$3619.
    dead port 1/2 on $mux $procmux$3611.
    dead port 2/2 on $mux $procmux$3608.
    dead port 1/2 on $mux $procmux$3606.
    dead port 2/2 on $mux $procmux$3603.
    dead port 1/2 on $mux $procmux$3595.
    dead port 2/2 on $mux $procmux$3592.
    dead port 1/2 on $mux $procmux$3590.
    dead port 2/2 on $mux $procmux$3587.
    dead port 1/2 on $mux $procmux$3581.
    dead port 2/2 on $mux $procmux$3578.
    dead port 1/2 on $mux $procmux$3576.
    dead port 2/2 on $mux $procmux$3573.
Removed 380 multiplexer ports.
<suppressed ~2924 debug messages>

4.4. Executing OPT_REDUCE pass (consolidate $*mux and $reduce_* inputs).
  Optimizing cells in module \wire_order_book.
    New ctrl vector for $pmux cell $procmux$8011: $procmux$8015_CMP
  Optimizing cells in module \wire_order_book.
Performed a total of 1 changes.

4.5. Executing OPT_MERGE pass (detect identical cells).
Finding identical cells in module `\wire_order_book'.
Computing hashes of 3647 cells of `\wire_order_book'.
Finding duplicate cells in `\wire_order_book'.
Computing hashes of 2612 cells of `\wire_order_book'.
Finding duplicate cells in `\wire_order_book'.
Computing hashes of 1577 cells of `\wire_order_book'.
Finding duplicate cells in `\wire_order_book'.
Computing hashes of 1565 cells of `\wire_order_book'.
Finding duplicate cells in `\wire_order_book'.
Computing hashes of 1553 cells of `\wire_order_book'.
Finding duplicate cells in `\wire_order_book'.
Computing hashes of 1541 cells of `\wire_order_book'.
Finding duplicate cells in `\wire_order_book'.
<suppressed ~6318 debug messages>
Removed a total of 2106 cells.

4.6. Executing OPT_DFF pass (perform DFF optimizations).
Adding EN signal on $procdff$8695 ($dff) from module wire_order_book (D = \event_fields_valid$func$rtl/common/wire_order_book.sv:143$9.$result, Q = \event_contract_q).
Adding EN signal on $procdff$8696 ($dff) from module wire_order_book (D = 1024, Q = $fordecl_block$7.i).
Adding SRST signal on $procdff$8674 ($dff) from module wire_order_book (D = $procmux$8013_Y, Q = \state_q, rval = 1'0).
Adding SRST signal on $procdff$8675 ($dff) from module wire_order_book (D = $procmux$8006_Y, Q = \bid_total_q, rval = 48'000000000000000000000000000000000000000000000000).
Adding EN signal on $auto$ff.cc:337:slice$10809 ($sdff) from module wire_order_book (D = \next_bid_total, Q = \bid_total_q).
Adding SRST signal on $procdff$8676 ($dff) from module wire_order_book (D = $procmux$7998_Y, Q = \ask_total_q, rval = 48'000000000000000000000000000000000000000000000000).
Adding EN signal on $auto$ff.cc:337:slice$10815 ($sdff) from module wire_order_book (D = \next_ask_total, Q = \ask_total_q).
Adding SRST signal on $procdff$8677 ($dff) from module wire_order_book (D = $procmux$7990_Y, Q = \book_valid_q, rval = 1'1).
Adding SRST signal on $procdff$8678 ($dff) from module wire_order_book (D = $procmux$7978_Y, Q = \recovery_q, rval = 1'0).
Adding SRST signal on $procdff$8679 ($dff) from module wire_order_book (D = $procmux$7966_Y, Q = \commit_valid_q, rval = 1'0).
Adding SRST signal on $procdff$8680 ($dff) from module wire_order_book (D = $procmux$7956_Y, Q = \error_valid_q, rval = 1'0).
Adding SRST signal on $procdff$8681 ($dff) from module wire_order_book (D = $procmux$7940_Y, Q = \error_code_q, rval = 4'0000).
Adding SRST signal on $procdff$8682 ($dff) from module wire_order_book (D = $procmux$7926_Y, Q = \commit_sequence_q, rval = 64'0000000000000000000000000000000000000000000000000000000000000000).
Adding EN signal on $auto$ff.cc:337:slice$10826 ($sdff) from module wire_order_book (D = \event_sequence_q, Q = \commit_sequence_q).
Adding SRST signal on $procdff$8683 ($dff) from module wire_order_book (D = $procmux$7918_Y, Q = \commit_timestamp_q, rval = 48'000000000000000000000000000000000000000000000000).
Adding EN signal on $auto$ff.cc:337:slice$10832 ($sdff) from module wire_order_book (D = \event_timestamp_q, Q = \commit_timestamp_q).
Adding SRST signal on $procdff$8684 ($dff) from module wire_order_book (D = $procmux$7910_Y, Q = \commit_bid_q, rval = 48'000000000000000000000000000000000000000000000000).
Adding EN signal on $auto$ff.cc:337:slice$10838 ($sdff) from module wire_order_book (D = \next_bid_total, Q = \commit_bid_q).
Adding SRST signal on $procdff$8685 ($dff) from module wire_order_book (D = $procmux$7902_Y, Q = \commit_ask_q, rval = 48'000000000000000000000000000000000000000000000000).
Adding EN signal on $auto$ff.cc:337:slice$10844 ($sdff) from module wire_order_book (D = \next_ask_total, Q = \commit_ask_q).
Adding SRST signal on $procdff$8686 ($dff) from module wire_order_book (D = $procmux$7894_Y, Q = \accepted_stock_locate_q, rval = 16'0000000000000000).
Adding EN signal on $auto$ff.cc:337:slice$10850 ($sdff) from module wire_order_book (D = \stock_locate, Q = \accepted_stock_locate_q).
Adding EN signal on $procdff$8687 ($dff) from module wire_order_book (D = \event_kind, Q = \event_kind_q).
Adding EN signal on $procdff$8688 ($dff) from module wire_order_book (D = \mold_sequence, Q = \event_sequence_q).
Adding EN signal on $procdff$8689 ($dff) from module wire_order_book (D = \itch_timestamp, Q = \event_timestamp_q).
Adding EN signal on $procdff$8690 ($dff) from module wire_order_book (D = \old_order_reference, Q = \old_reference_q).
Adding EN signal on $procdff$8691 ($dff) from module wire_order_book (D = \new_order_reference, Q = \new_reference_q).
Adding EN signal on $procdff$8692 ($dff) from module wire_order_book (D = \quantity, Q = \quantity_q).
Adding EN signal on $procdff$8693 ($dff) from module wire_order_book (D = \price, Q = \price_q).
Adding EN signal on $procdff$8694 ($dff) from module wire_order_book (D = \side, Q = \side_q).
Setting constant 0-bit at position 0 on $auto$ff.cc:337:slice$10803 ($dffe) from module wire_order_book.
Setting constant 0-bit at position 1 on $auto$ff.cc:337:slice$10803 ($dffe) from module wire_order_book.
Setting constant 0-bit at position 2 on $auto$ff.cc:337:slice$10803 ($dffe) from module wire_order_book.
Setting constant 0-bit at position 3 on $auto$ff.cc:337:slice$10803 ($dffe) from module wire_order_book.
Setting constant 0-bit at position 4 on $auto$ff.cc:337:slice$10803 ($dffe) from module wire_order_book.
Setting constant 0-bit at position 5 on $auto$ff.cc:337:slice$10803 ($dffe) from module wire_order_book.
Setting constant 0-bit at position 6 on $auto$ff.cc:337:slice$10803 ($dffe) from module wire_order_book.
Setting constant 0-bit at position 7 on $auto$ff.cc:337:slice$10803 ($dffe) from module wire_order_book.
Setting constant 0-bit at position 8 on $auto$ff.cc:337:slice$10803 ($dffe) from module wire_order_book.
Setting constant 0-bit at position 9 on $auto$ff.cc:337:slice$10803 ($dffe) from module wire_order_book.
Setting constant 1-bit at position 10 on $auto$ff.cc:337:slice$10803 ($dffe) from module wire_order_book.
Setting constant 0-bit at position 11 on $auto$ff.cc:337:slice$10803 ($dffe) from module wire_order_book.
Setting constant 0-bit at position 12 on $auto$ff.cc:337:slice$10803 ($dffe) from module wire_order_book.
Setting constant 0-bit at position 13 on $auto$ff.cc:337:slice$10803 ($dffe) from module wire_order_book.
Setting constant 0-bit at position 14 on $auto$ff.cc:337:slice$10803 ($dffe) from module wire_order_book.
Setting constant 0-bit at position 15 on $auto$ff.cc:337:slice$10803 ($dffe) from module wire_order_book.
Setting constant 0-bit at position 16 on $auto$ff.cc:337:slice$10803 ($dffe) from module wire_order_book.
Setting constant 0-bit at position 17 on $auto$ff.cc:337:slice$10803 ($dffe) from module wire_order_book.
Setting constant 0-bit at position 18 on $auto$ff.cc:337:slice$10803 ($dffe) from module wire_order_book.
Setting constant 0-bit at position 19 on $auto$ff.cc:337:slice$10803 ($dffe) from module wire_order_book.
Setting constant 0-bit at position 20 on $auto$ff.cc:337:slice$10803 ($dffe) from module wire_order_book.
Setting constant 0-bit at position 21 on $auto$ff.cc:337:slice$10803 ($dffe) from module wire_order_book.
Setting constant 0-bit at position 22 on $auto$ff.cc:337:slice$10803 ($dffe) from module wire_order_book.
Setting constant 0-bit at position 23 on $auto$ff.cc:337:slice$10803 ($dffe) from module wire_order_book.
Setting constant 0-bit at position 24 on $auto$ff.cc:337:slice$10803 ($dffe) from module wire_order_book.
Setting constant 0-bit at position 25 on $auto$ff.cc:337:slice$10803 ($dffe) from module wire_order_book.
Setting constant 0-bit at position 26 on $auto$ff.cc:337:slice$10803 ($dffe) from module wire_order_book.
Setting constant 0-bit at position 27 on $auto$ff.cc:337:slice$10803 ($dffe) from module wire_order_book.
Setting constant 0-bit at position 28 on $auto$ff.cc:337:slice$10803 ($dffe) from module wire_order_book.
Setting constant 0-bit at position 29 on $auto$ff.cc:337:slice$10803 ($dffe) from module wire_order_book.
Setting constant 0-bit at position 30 on $auto$ff.cc:337:slice$10803 ($dffe) from module wire_order_book.
Setting constant 0-bit at position 31 on $auto$ff.cc:337:slice$10803 ($dffe) from module wire_order_book.

4.7. Executing OPT_CLEAN pass (remove unused cells and wires).
Finding unused cells or wires in module \wire_order_book..
Removed 85 unused cells and 6822 unused wires.
<suppressed ~90 debug messages>

4.8. Executing OPT_EXPR pass (perform const folding).
Optimizing module wire_order_book.
<suppressed ~1 debug messages>

4.9. Rerunning OPT passes. (Maybe there is more to do..)

4.10. Executing OPT_MUXTREE pass (detect dead branches in mux trees).
Running muxtree optimizer on module \wire_order_book..
  Creating internal representation of mux trees.
  Evaluating internal representation of mux trees.
  Analyzing evaluation results.
Removed 0 multiplexer ports.
<suppressed ~326 debug messages>

4.11. Executing OPT_REDUCE pass (consolidate $*mux and $reduce_* inputs).
  Optimizing cells in module \wire_order_book.
Performed a total of 0 changes.

4.12. Executing OPT_MERGE pass (detect identical cells).
Finding identical cells in module `\wire_order_book'.
Computing hashes of 1494 cells of `\wire_order_book'.
Finding duplicate cells in `\wire_order_book'.
Computing hashes of 1471 cells of `\wire_order_book'.
Finding duplicate cells in `\wire_order_book'.
Computing hashes of 1458 cells of `\wire_order_book'.
Finding duplicate cells in `\wire_order_book'.
Computing hashes of 1456 cells of `\wire_order_book'.
Finding duplicate cells in `\wire_order_book'.
<suppressed ~114 debug messages>
Removed a total of 38 cells.

4.13. Executing OPT_DFF pass (perform DFF optimizations).
Adding EN signal on $auto$ff.cc:337:slice$10816 ($sdffe) from module wire_order_book (D = $add$rtl/common/wire_order_book.sv:289$1230_Y [47:0], Q = \ask_total_q).
Adding EN signal on $auto$ff.cc:337:slice$10810 ($sdffe) from module wire_order_book (D = $add$rtl/common/wire_order_book.sv:289$1230_Y [47:0], Q = \bid_total_q).

4.14. Executing OPT_CLEAN pass (remove unused cells and wires).
Finding unused cells or wires in module \wire_order_book..
Removed 6 unused cells and 43 unused wires.
<suppressed ~9 debug messages>

4.15. Executing OPT_EXPR pass (perform const folding).
Optimizing module wire_order_book.

4.16. Rerunning OPT passes. (Maybe there is more to do..)

4.17. Executing OPT_MUXTREE pass (detect dead branches in mux trees).
Running muxtree optimizer on module \wire_order_book..
  Creating internal representation of mux trees.
  Evaluating internal representation of mux trees.
  Analyzing evaluation results.
Removed 0 multiplexer ports.
<suppressed ~318 debug messages>

4.18. Executing OPT_REDUCE pass (consolidate $*mux and $reduce_* inputs).
  Optimizing cells in module \wire_order_book.
    New input vector for $reduce_and cell $auto$simple.cc:211:make_patterns_logic$10928: { \aggregate_on_bid \state_q $auto$rtlil.cc:3234:Not$10812 $auto$rtlil.cc:3234:Not$10924 $auto$rtlil.cc:3234:Not$10926 }
    New input vector for $reduce_and cell $auto$simple.cc:211:make_patterns_logic$10921: { \state_q $auto$rtlil.cc:3234:Not$10812 $auto$rtlil.cc:3234:Not$10915 $auto$rtlil.cc:3234:Not$10917 $auto$rtlil.cc:3234:Not$10919 }
  Optimizing cells in module \wire_order_book.
Performed a total of 2 changes.

4.19. Executing OPT_MERGE pass (detect identical cells).
Finding identical cells in module `\wire_order_book'.
Computing hashes of 1457 cells of `\wire_order_book'.
Finding duplicate cells in `\wire_order_book'.
Computing hashes of 1455 cells of `\wire_order_book'.
Finding duplicate cells in `\wire_order_book'.
<suppressed ~6 debug messages>
Removed a total of 2 cells.

4.20. Executing OPT_DFF pass (perform DFF optimizations).

4.21. Executing OPT_CLEAN pass (remove unused cells and wires).
Finding unused cells or wires in module \wire_order_book..
Removed 0 unused cells and 2 unused wires.
<suppressed ~1 debug messages>

4.22. Executing OPT_EXPR pass (perform const folding).
Optimizing module wire_order_book.

4.23. Rerunning OPT passes. (Maybe there is more to do..)

4.24. Executing OPT_MUXTREE pass (detect dead branches in mux trees).
Running muxtree optimizer on module \wire_order_book..
  Creating internal representation of mux trees.
  Evaluating internal representation of mux trees.
  Analyzing evaluation results.
Removed 0 multiplexer ports.
<suppressed ~318 debug messages>

4.25. Executing OPT_REDUCE pass (consolidate $*mux and $reduce_* inputs).
  Optimizing cells in module \wire_order_book.
Performed a total of 0 changes.

4.26. Executing OPT_MERGE pass (detect identical cells).
Finding identical cells in module `\wire_order_book'.
Computing hashes of 1455 cells of `\wire_order_book'.
Finding duplicate cells in `\wire_order_book'.
Removed a total of 0 cells.

4.27. Executing OPT_DFF pass (perform DFF optimizations).

4.28. Executing OPT_CLEAN pass (remove unused cells and wires).
Finding unused cells or wires in module \wire_order_book..

4.29. Executing OPT_EXPR pass (perform const folding).
Optimizing module wire_order_book.

4.30. Finished fast OPT passes. (There is nothing left to do.)

5. Executing CHECK pass (checking for obvious problems).
Checking module wire_order_book...
Found and reported 0 problems.

6. Printing statistics.

=== wire_order_book ===

        +----------Local Count, excluding submodules.
        | 
      471 wires
     7606 wire bits
       96 public wires
     2004 public wire bits
       42 ports
      813 port bits
        5 memories
   133120 memory bits
     1455 cells
        4   $add
        9   $dffe
       30   $eq
        2   $gt
       56   $logic_and
       14   $logic_not
        5   $logic_or
        1   $lt
       22   $memrd
     1038   $memwr_v2
      203   $mux
        3   $ne
        2   $neg
        8   $not
       15   $pmux
        5   $reduce_and
        1   $reduce_bool
        3   $reduce_or
        6   $sdff
        5   $sdffe
        2   $sub
       21   $xor

End of script. Logfile hash: 6fb26c0281, time: 0.92s, user: 0.88s, system: 0.05s, MEM: 59.28 MB peak
Yosys 0.69+154 (git sha1 30d62572e-dirty, Release, Clang /usr/local/osxcross/target/bin/aarch64-apple-darwin25.5-clang++ 21.1.8)
Time spent: 49% 1x proc_mux (0 sec), 15% 2x read_verilog (0 sec), ...
