
 /----------------------------------------------------------------------------\
 |  yosys -- Yosys Open SYnthesis Suite                                       |
 |  Copyright (C) 2012 - 2026  Claire Xenia Wolf <claire@yosyshq.com>         |
 |  Distributed under an ISC-like license, type "license" to see terms        |
 \----------------------------------------------------------------------------/
 Yosys 0.69+154 (git sha1 30d62572e-dirty, Release, Clang /usr/local/osxcross/target/bin/aarch64-apple-darwin25.5-clang++ 21.1.8)

-- Running command `read_verilog -sv rtl/arch_a/wire_udp_parser.sv; hierarchy -top wire_udp_parser; proc; check; synth -top wire_udp_parser' --

1. Executing Verilog-2005 frontend: rtl/arch_a/wire_udp_parser.sv
Parsing SystemVerilog input from `rtl/arch_a/wire_udp_parser.sv' to AST representation.
Generating RTLIL representation for module `\wire_udp_parser'.
Successfully finished Verilog frontend.

2. Executing HIERARCHY pass (managing design hierarchy).

2.1. Analyzing design hierarchy..
Top module:  \wire_udp_parser

2.2. Analyzing design hierarchy..
Top module:  \wire_udp_parser
Removed 0 unused modules.

3. Executing PROC pass (convert processes to netlists).

3.1. Executing PROC_CLEAN pass (remove empty switches from decision trees).
Cleaned up 0 empty switches.

3.2. Executing PROC_RMDEAD pass (remove dead branches from decision trees).
Marked 19 switch rules as full_case in process $proc$rtl/arch_a/wire_udp_parser.sv:66$19 in module wire_udp_parser.
Removed a total of 0 dead cases.

3.3. Executing PROC_PRUNE pass (remove redundant assignments in processes).
Removed 0 redundant assignments.
Promoted 3 assignments to connections.

3.4. Executing PROC_INIT pass (extract init attributes).

3.5. Executing PROC_ARST pass (detect async resets in processes).

3.6. Executing PROC_ROM pass (convert switches to ROMs).
Converted 0 switches.
<suppressed ~23 debug messages>

3.7. Executing PROC_MUX pass (convert decision trees to multiplexers).
Creating decoders for process `\wire_udp_parser.$proc$rtl/arch_a/wire_udp_parser.sv:66$19'.
     1/22: $5$lookahead\header_q$18[55:0]$38
     2/22: $5$bitselwrite$pos$rtl/arch_a/wire_udp_parser.sv:104$1[31:0]$37
     3/22: $4$lookahead\header_q$18[55:0]$35
     4/22: $4$bitselwrite$pos$rtl/arch_a/wire_udp_parser.sv:104$1[31:0]$34
     5/22: $3$lookahead\header_q$18[55:0]$31
     6/22: $3$bitselwrite$pos$rtl/arch_a/wire_udp_parser.sv:104$1[31:0]$30
     7/22: $2$lookahead\header_q$18[55:0]$29
     8/22: $2$bitselwrite$pos$rtl/arch_a/wire_udp_parser.sv:104$1[31:0]$28
     9/22: $1$lookahead\header_q$18[55:0]$23
    10/22: $1$bitselwrite$pos$rtl/arch_a/wire_udp_parser.sv:104$1[31:0]$22
    11/22: $0\reject_code_q[2:0]
    12/22: $0\reject_fatal_q[0:0]
    13/22: $0\payload_last_q[0:0]
    14/22: $0\payload_valid_q[0:0]
    15/22: $0\payload_data_q[7:0]
    16/22: $0\pending_fatal_q[0:0]
    17/22: $0\pending_code_q[2:0]
    18/22: $0\remaining_q[15:0]
    19/22: $0\actual_count_q[15:0]
    20/22: $0\declared_length_q[15:0]
    21/22: $0\header_index_q[3:0]
    22/22: $0\state_q[1:0]

3.8. Executing PROC_DLATCH pass (convert process syncs to latches).

3.9. Executing PROC_DFF pass (convert process syncs to FFs).
Creating register for signal `\wire_udp_parser.\state_q' using process `\wire_udp_parser.$proc$rtl/arch_a/wire_udp_parser.sv:66$19'.
  created $dff cell `$procdff$568' with positive edge clock.
Creating register for signal `\wire_udp_parser.\header_index_q' using process `\wire_udp_parser.$proc$rtl/arch_a/wire_udp_parser.sv:66$19'.
  created $dff cell `$procdff$569' with positive edge clock.
Creating register for signal `\wire_udp_parser.\header_q' using process `\wire_udp_parser.$proc$rtl/arch_a/wire_udp_parser.sv:66$19'.
  created $dff cell `$procdff$570' with positive edge clock.
Creating register for signal `\wire_udp_parser.\declared_length_q' using process `\wire_udp_parser.$proc$rtl/arch_a/wire_udp_parser.sv:66$19'.
  created $dff cell `$procdff$571' with positive edge clock.
Creating register for signal `\wire_udp_parser.\actual_count_q' using process `\wire_udp_parser.$proc$rtl/arch_a/wire_udp_parser.sv:66$19'.
  created $dff cell `$procdff$572' with positive edge clock.
Creating register for signal `\wire_udp_parser.\remaining_q' using process `\wire_udp_parser.$proc$rtl/arch_a/wire_udp_parser.sv:66$19'.
  created $dff cell `$procdff$573' with positive edge clock.
Creating register for signal `\wire_udp_parser.\pending_code_q' using process `\wire_udp_parser.$proc$rtl/arch_a/wire_udp_parser.sv:66$19'.
  created $dff cell `$procdff$574' with positive edge clock.
Creating register for signal `\wire_udp_parser.\pending_fatal_q' using process `\wire_udp_parser.$proc$rtl/arch_a/wire_udp_parser.sv:66$19'.
  created $dff cell `$procdff$575' with positive edge clock.
Creating register for signal `\wire_udp_parser.\payload_data_q' using process `\wire_udp_parser.$proc$rtl/arch_a/wire_udp_parser.sv:66$19'.
  created $dff cell `$procdff$576' with positive edge clock.
Creating register for signal `\wire_udp_parser.\payload_valid_q' using process `\wire_udp_parser.$proc$rtl/arch_a/wire_udp_parser.sv:66$19'.
  created $dff cell `$procdff$577' with positive edge clock.
Creating register for signal `\wire_udp_parser.\payload_last_q' using process `\wire_udp_parser.$proc$rtl/arch_a/wire_udp_parser.sv:66$19'.
  created $dff cell `$procdff$578' with positive edge clock.
Creating register for signal `\wire_udp_parser.\reject_fatal_q' using process `\wire_udp_parser.$proc$rtl/arch_a/wire_udp_parser.sv:66$19'.
  created $dff cell `$procdff$579' with positive edge clock.
Creating register for signal `\wire_udp_parser.\reject_code_q' using process `\wire_udp_parser.$proc$rtl/arch_a/wire_udp_parser.sv:66$19'.
  created $dff cell `$procdff$580' with positive edge clock.
Creating register for signal `\wire_udp_parser.$bitselwrite$pos$rtl/arch_a/wire_udp_parser.sv:104$1' using process `\wire_udp_parser.$proc$rtl/arch_a/wire_udp_parser.sv:66$19'.
  created $dff cell `$procdff$581' with positive edge clock.
Creating register for signal `\wire_udp_parser.$lookahead\header_q$18' using process `\wire_udp_parser.$proc$rtl/arch_a/wire_udp_parser.sv:66$19'.
  created $dff cell `$procdff$582' with positive edge clock.

3.10. Executing PROC_MEMWR pass (convert process memory writes to cells).

3.11. Executing PROC_CLEAN pass (remove empty switches from decision trees).
Found and cleaned up 23 empty switches in `\wire_udp_parser.$proc$rtl/arch_a/wire_udp_parser.sv:66$19'.
Removing empty process `wire_udp_parser.$proc$rtl/arch_a/wire_udp_parser.sv:66$19'.
Cleaned up 23 empty switches.

3.12. Executing OPT_EXPR pass (perform const folding).
Optimizing module wire_udp_parser.
<suppressed ~17 debug messages>

4. Executing CHECK pass (checking for obvious problems).
Checking module wire_udp_parser...
Found and reported 0 problems.

5. Executing SYNTH pass.

5.1. Executing HIERARCHY pass (managing design hierarchy).

5.1.1. Analyzing design hierarchy..
Top module:  \wire_udp_parser

5.1.2. Analyzing design hierarchy..
Top module:  \wire_udp_parser
Removed 0 unused modules.

5.2. Executing PROC pass (convert processes to netlists).

5.2.1. Executing PROC_CLEAN pass (remove empty switches from decision trees).
Cleaned up 0 empty switches.

5.2.2. Executing PROC_RMDEAD pass (remove dead branches from decision trees).
Removed a total of 0 dead cases.

5.2.3. Executing PROC_PRUNE pass (remove redundant assignments in processes).
Removed 0 redundant assignments.
Promoted 0 assignments to connections.

5.2.4. Executing PROC_INIT pass (extract init attributes).

5.2.5. Executing PROC_ARST pass (detect async resets in processes).

5.2.6. Executing PROC_ROM pass (convert switches to ROMs).
Converted 0 switches.

5.2.7. Executing PROC_MUX pass (convert decision trees to multiplexers).

5.2.8. Executing PROC_DLATCH pass (convert process syncs to latches).

5.2.9. Executing PROC_DFF pass (convert process syncs to FFs).

5.2.10. Executing PROC_MEMWR pass (convert process memory writes to cells).

5.2.11. Executing PROC_CLEAN pass (remove empty switches from decision trees).
Cleaned up 0 empty switches.

5.2.12. Executing OPT_EXPR pass (perform const folding).
Optimizing module wire_udp_parser.

5.3. Executing OPT_EXPR pass (perform const folding).
Optimizing module wire_udp_parser.
<suppressed ~2 debug messages>

5.4. Executing CHECK pass (checking for obvious problems).
Checking module wire_udp_parser...
Found and reported 0 problems.

5.5. Executing OPT_CLEAN pass (remove unused cells and wires).
Finding unused cells or wires in module \wire_udp_parser..
Removed 20 unused cells and 196 unused wires.
<suppressed ~21 debug messages>

5.6. Executing OPT pass (performing simple optimizations).

5.6.1. Executing OPT_EXPR pass (perform const folding).
Optimizing module wire_udp_parser.

5.6.2. Executing OPT_MERGE pass (detect identical cells).
Finding identical cells in module `\wire_udp_parser'.
Computing hashes of 230 cells of `\wire_udp_parser'.
Finding duplicate cells in `\wire_udp_parser'.
Computing hashes of 199 cells of `\wire_udp_parser'.
Finding duplicate cells in `\wire_udp_parser'.
<suppressed ~93 debug messages>
Removed a total of 31 cells.

5.6.3. Executing OPT_MUXTREE pass (detect dead branches in mux trees).
Running muxtree optimizer on module \wire_udp_parser..
  Creating internal representation of mux trees.
  Evaluating internal representation of mux trees.
      Replacing known input bits on port A of cell $procmux$268: \payload_last_q -> 1'0
  Analyzing evaluation results.
    dead port 1/2 on $mux $procmux$150.
    dead port 1/2 on $mux $procmux$133.
    dead port 2/2 on $mux $procmux$130.
    dead port 1/2 on $mux $procmux$108.
    dead port 2/2 on $mux $procmux$105.
    dead port 2/2 on $mux $procmux$103.
    dead port 1/2 on $mux $procmux$77.
    dead port 2/2 on $mux $procmux$74.
    dead port 2/2 on $mux $procmux$72.
    dead port 1/2 on $mux $procmux$70.
Removed 10 multiplexer ports.
<suppressed ~205 debug messages>

5.6.4. Executing OPT_REDUCE pass (consolidate $*mux and $reduce_* inputs).
  Optimizing cells in module \wire_udp_parser.
  Optimizing cells in module \wire_udp_parser.
Performed a total of 1 changes.

5.6.5. Executing OPT_MERGE pass (detect identical cells).
Finding identical cells in module `\wire_udp_parser'.
Computing hashes of 188 cells of `\wire_udp_parser'.
Finding duplicate cells in `\wire_udp_parser'.
Computing hashes of 180 cells of `\wire_udp_parser'.
Finding duplicate cells in `\wire_udp_parser'.
<suppressed ~24 debug messages>
Removed a total of 8 cells.

5.6.6. Executing OPT_DFF pass (perform DFF optimizations).

5.6.7. Executing OPT_CLEAN pass (remove unused cells and wires).
Finding unused cells or wires in module \wire_udp_parser..
Removed 0 unused cells and 50 unused wires.
<suppressed ~1 debug messages>

5.6.8. Executing OPT_EXPR pass (perform const folding).
Optimizing module wire_udp_parser.
<suppressed ~2 debug messages>

5.6.9. Rerunning OPT passes. (Maybe there is more to do..)

5.6.10. Executing OPT_MUXTREE pass (detect dead branches in mux trees).
Running muxtree optimizer on module \wire_udp_parser..
  Creating internal representation of mux trees.
  Evaluating internal representation of mux trees.
  Analyzing evaluation results.
Removed 0 multiplexer ports.
<suppressed ~196 debug messages>

5.6.11. Executing OPT_REDUCE pass (consolidate $*mux and $reduce_* inputs).
  Optimizing cells in module \wire_udp_parser.
Performed a total of 0 changes.

5.6.12. Executing OPT_MERGE pass (detect identical cells).
Finding identical cells in module `\wire_udp_parser'.
Computing hashes of 178 cells of `\wire_udp_parser'.
Finding duplicate cells in `\wire_udp_parser'.
Removed a total of 0 cells.

5.6.13. Executing OPT_DFF pass (perform DFF optimizations).

5.6.14. Executing OPT_CLEAN pass (remove unused cells and wires).
Finding unused cells or wires in module \wire_udp_parser..
Removed 0 unused cells and 2 unused wires.
<suppressed ~1 debug messages>

5.6.15. Executing OPT_EXPR pass (perform const folding).
Optimizing module wire_udp_parser.

5.6.16. Rerunning OPT passes. (Maybe there is more to do..)

5.6.17. Executing OPT_MUXTREE pass (detect dead branches in mux trees).
Running muxtree optimizer on module \wire_udp_parser..
  Creating internal representation of mux trees.
  Evaluating internal representation of mux trees.
  Analyzing evaluation results.
Removed 0 multiplexer ports.
<suppressed ~196 debug messages>

5.6.18. Executing OPT_REDUCE pass (consolidate $*mux and $reduce_* inputs).
  Optimizing cells in module \wire_udp_parser.
Performed a total of 0 changes.

5.6.19. Executing OPT_MERGE pass (detect identical cells).
Finding identical cells in module `\wire_udp_parser'.
Computing hashes of 178 cells of `\wire_udp_parser'.
Finding duplicate cells in `\wire_udp_parser'.
Removed a total of 0 cells.

5.6.20. Executing OPT_DFF pass (perform DFF optimizations).

5.6.21. Executing OPT_CLEAN pass (remove unused cells and wires).
Finding unused cells or wires in module \wire_udp_parser..

5.6.22. Executing OPT_EXPR pass (perform const folding).
Optimizing module wire_udp_parser.

5.6.23. Finished fast OPT passes. (There is nothing left to do.)

5.7. Executing FSM pass (extract and optimize FSM).

5.7.1. Executing FSM_DETECT pass (finding FSMs in design).
Not marking wire_udp_parser.pending_code_q as FSM state register:
    Users of register don't seem to benefit from recoding.
Found FSM state register wire_udp_parser.state_q.

5.7.2. Executing FSM_EXTRACT pass (extracting FSM from design).
Extracting FSM `\state_q' from module `\wire_udp_parser'.
  found $dff cell for state register: $procdff$568
  root of input selection tree: $0\state_q[1:0]
  found reset state: 2'00 (guessed from mux tree)
  found ctrl input: \rst
  found ctrl input: \input_fire
  found ctrl input: $logic_and$rtl/arch_a/wire_udp_parser.sv:91$27_Y
  found ctrl input: $logic_and$rtl/arch_a/wire_udp_parser.sv:82$25_Y
  found ctrl input: \payload_last_q
  found state code: 2'00
  found ctrl input: $eq$rtl/arch_a/wire_udp_parser.sv:62$9_Y
  found ctrl input: $eq$rtl/arch_a/wire_udp_parser.sv:63$11_Y
  found ctrl input: $eq$rtl/arch_a/wire_udp_parser.sv:62$8_Y
  found ctrl input: \in_last
  found state code: 2'11
  found ctrl input: $logic_and$rtl/arch_a/wire_udp_parser.sv:166$56_Y
  found ctrl input: $eq$rtl/arch_a/wire_udp_parser.sv:170$57_Y
  found state code: 2'10
  found ctrl input: $logic_and$rtl/arch_a/wire_udp_parser.sv:99$33_Y
  found ctrl input: $lt$rtl/arch_a/wire_udp_parser.sv:103$36_Y
  found ctrl input: $lt$rtl/arch_a/wire_udp_parser.sv:111$51_Y
  found ctrl input: $eq$rtl/arch_a/wire_udp_parser.sv:121$52_Y
  found ctrl input: $logic_or$rtl/arch_a/wire_udp_parser.sv:139$53_Y
  found state code: 2'01
  found ctrl output: \reject_valid
  found ctrl output: $eq$rtl/arch_a/wire_udp_parser.sv:62$8_Y
  found ctrl output: $eq$rtl/arch_a/wire_udp_parser.sv:62$9_Y
  found ctrl output: $eq$rtl/arch_a/wire_udp_parser.sv:63$11_Y
  ctrl inputs: { $eq$rtl/arch_a/wire_udp_parser.sv:170$57_Y $logic_and$rtl/arch_a/wire_udp_parser.sv:166$56_Y $logic_or$rtl/arch_a/wire_udp_parser.sv:139$53_Y $eq$rtl/arch_a/wire_udp_parser.sv:121$52_Y $lt$rtl/arch_a/wire_udp_parser.sv:111$51_Y $lt$rtl/arch_a/wire_udp_parser.sv:103$36_Y $logic_and$rtl/arch_a/wire_udp_parser.sv:99$33_Y $logic_and$rtl/arch_a/wire_udp_parser.sv:91$27_Y $logic_and$rtl/arch_a/wire_udp_parser.sv:82$25_Y \input_fire \payload_last_q \in_last \rst }
  ctrl outputs: { $0\state_q[1:0] $eq$rtl/arch_a/wire_udp_parser.sv:63$11_Y $eq$rtl/arch_a/wire_udp_parser.sv:62$9_Y $eq$rtl/arch_a/wire_udp_parser.sv:62$8_Y \reject_valid }
  transition:       2'00 13'-------000--0 ->       2'00 6'000010
  transition:       2'00 13'-------0100-0 ->       2'00 6'000010
  transition:       2'00 13'-------0101-0 ->       2'00 6'000010
  transition:       2'00 13'-------1-0--0 ->       2'00 6'000010
  transition:       2'00 13'--00000--1-00 ->       2'01 6'010010
  transition:       2'00 13'--00000--1-10 ->       2'11 6'110010
  transition:       2'00 13'--10000--1-00 ->       2'10 6'100010
  transition:       2'00 13'--10000--1-10 ->       2'11 6'110010
  transition:       2'00 13'---1000--1-00 ->       2'10 6'100010
  transition:       2'00 13'---1000--1-10 ->       2'11 6'110010
  transition:       2'00 13'----100--1-00 ->       2'10 6'100010
  transition:       2'00 13'----100--1-10 ->       2'11 6'110010
  transition:       2'00 13'-----10001--0 ->       2'00 6'000010
  transition:       2'00 13'-----100110-0 ->       2'00 6'000010
  transition:       2'00 13'-----100111-0 ->       2'00 6'000010
  transition:       2'00 13'-----101-1--0 ->       2'00 6'000010
  transition:       2'00 13'------1--1--0 ->       2'11 6'110010
  transition:       2'00 13'------------1 ->       2'00 6'000010
  transition:       2'10 13'-------000--0 ->       2'10 6'100100
  transition:       2'10 13'-------0100-0 ->       2'10 6'100100
  transition:       2'10 13'-------0101-0 ->       2'00 6'000100
  transition:       2'10 13'-------1-0--0 ->       2'00 6'000100
  transition:       2'10 13'-------001-00 ->       2'10 6'100100
  transition:       2'10 13'-------011000 ->       2'10 6'100100
  transition:       2'10 13'-------011100 ->       2'00 6'000100
  transition:       2'10 13'-------1-1-00 ->       2'00 6'000100
  transition:       2'10 13'---------1-10 ->       2'11 6'110100
  transition:       2'10 13'------------1 ->       2'00 6'000100
  transition:       2'01 13'-------000--0 ->       2'01 6'011000
  transition:       2'01 13'-------0100-0 ->       2'01 6'011000
  transition:       2'01 13'-------0101-0 ->       2'00 6'001000
  transition:       2'01 13'-------1-0--0 ->       2'00 6'001000
  transition:       2'01 13'00-----001--0 ->       2'01 6'011000
  transition:       2'01 13'00-----0110-0 ->       2'01 6'011000
  transition:       2'01 13'00-----0111-0 ->       2'00 6'001000
  transition:       2'01 13'00-----1-1--0 ->       2'00 6'001000
  transition:       2'01 13'10-------1-00 ->       2'10 6'101000
  transition:       2'01 13'10-----001-10 ->       2'01 6'011000
  transition:       2'01 13'10-----011010 ->       2'01 6'011000
  transition:       2'01 13'10-----011110 ->       2'00 6'001000
  transition:       2'01 13'10-----1-1-10 ->       2'00 6'001000
  transition:       2'01 13'-1-------1--0 ->       2'11 6'111000
  transition:       2'01 13'------------1 ->       2'00 6'001000
  transition:       2'11 13'-------000--0 ->       2'11 6'110001
  transition:       2'11 13'-------0100-0 ->       2'11 6'110001
  transition:       2'11 13'-------0101-0 ->       2'00 6'000001
  transition:       2'11 13'-------1-0--0 ->       2'00 6'000001
  transition:       2'11 13'-------001--0 ->       2'11 6'110001
  transition:       2'11 13'-------0110-0 ->       2'11 6'110001
  transition:       2'11 13'-------0111-0 ->       2'00 6'000001
  transition:       2'11 13'-------1-1--0 ->       2'00 6'000001
  transition:       2'11 13'------------1 ->       2'00 6'000001

5.7.3. Executing FSM_OPT pass (simple optimizations of FSMs).
Optimizing FSM `$fsm$\state_q$583' from module `\wire_udp_parser'.
  Merging pattern 13'-------0100-0 and 13'-------0101-0 from group (0 0 6'000010).
  Merging pattern 13'-----100110-0 and 13'-----100111-0 from group (0 0 6'000010).
  Merging pattern 13'-------0101-0 and 13'-------0100-0 from group (0 0 6'000010).
  Merging pattern 13'-----100111-0 and 13'-----100110-0 from group (0 0 6'000010).
  Merging pattern 13'-------000--0 and 13'-------010--0 from group (0 0 6'000010).
  Merging pattern 13'-------010--0 and 13'-------000--0 from group (0 0 6'000010).
  Merging pattern 13'-----10001--0 and 13'-----10011--0 from group (0 0 6'000010).
  Merging pattern 13'-----10011--0 and 13'-----10001--0 from group (0 0 6'000010).
  Merging pattern 13'-------0-0--0 and 13'-------1-0--0 from group (0 0 6'000010).
  Merging pattern 13'-------1-0--0 and 13'-------0-0--0 from group (0 0 6'000010).
  Merging pattern 13'-----100-1--0 and 13'-----101-1--0 from group (0 0 6'000010).
  Merging pattern 13'-----101-1--0 and 13'-----100-1--0 from group (0 0 6'000010).
  Merging pattern 13'--00000--1-10 and 13'--10000--1-10 from group (0 3 6'110010).
  Merging pattern 13'--10000--1-10 and 13'--00000--1-10 from group (0 3 6'110010).
  Merging pattern 13'---0000--1-10 and 13'---1000--1-10 from group (0 3 6'110010).
  Merging pattern 13'---1000--1-10 and 13'---0000--1-10 from group (0 3 6'110010).
  Merging pattern 13'----000--1-10 and 13'----100--1-10 from group (0 3 6'110010).
  Merging pattern 13'----100--1-10 and 13'----000--1-10 from group (0 3 6'110010).
  Merging pattern 13'-------0101-0 and 13'-------0111-0 from group (3 0 6'000001).
  Merging pattern 13'-------0111-0 and 13'-------0101-0 from group (3 0 6'000001).
  Merging pattern 13'-------1-0--0 and 13'-------1-1--0 from group (3 0 6'000001).
  Merging pattern 13'-------1-1--0 and 13'-------1-0--0 from group (3 0 6'000001).
  Merging pattern 13'-------0100-0 and 13'-------0110-0 from group (3 3 6'110001).
  Merging pattern 13'-------0110-0 and 13'-------0100-0 from group (3 3 6'110001).
  Merging pattern 13'-------000--0 and 13'-------001--0 from group (3 3 6'110001).
  Merging pattern 13'-------001--0 and 13'-------000--0 from group (3 3 6'110001).

5.7.4. Executing OPT_CLEAN pass (remove unused cells and wires).
Finding unused cells or wires in module \wire_udp_parser..
Removed 22 unused cells and 22 unused wires.
<suppressed ~23 debug messages>

5.7.5. Executing FSM_OPT pass (simple optimizations of FSMs).
Optimizing FSM `$fsm$\state_q$583' from module `\wire_udp_parser'.
  Removing unused output signal $0\state_q[1:0] [0].
  Removing unused output signal $0\state_q[1:0] [1].

5.7.6. Executing FSM_RECODE pass (re-assigning FSM state encoding).
Recoding FSM `$fsm$\state_q$583' from module `\wire_udp_parser' using `auto' encoding:
  mapping auto encoding to `one-hot` for this FSM.
  00 -> ---1
  10 -> --1-
  01 -> -1--
  11 -> 1---

5.7.7. Executing FSM_INFO pass (dumping all available information on FSM cells).

FSM `$fsm$\state_q$583' from module `wire_udp_parser':
-------------------------------------

  Information on FSM $fsm$\state_q$583 (\state_q):

  Number of input signals:   13
  Number of output signals:   4
  Number of state bits:       4

  Input signals:
    0: \rst
    1: \in_last
    2: \payload_last_q
    3: \input_fire
    4: $logic_and$rtl/arch_a/wire_udp_parser.sv:82$25_Y
    5: $logic_and$rtl/arch_a/wire_udp_parser.sv:91$27_Y
    6: $logic_and$rtl/arch_a/wire_udp_parser.sv:99$33_Y
    7: $lt$rtl/arch_a/wire_udp_parser.sv:103$36_Y
    8: $lt$rtl/arch_a/wire_udp_parser.sv:111$51_Y
    9: $eq$rtl/arch_a/wire_udp_parser.sv:121$52_Y
   10: $logic_or$rtl/arch_a/wire_udp_parser.sv:139$53_Y
   11: $logic_and$rtl/arch_a/wire_udp_parser.sv:166$56_Y
   12: $eq$rtl/arch_a/wire_udp_parser.sv:170$57_Y

  Output signals:
    0: \reject_valid
    1: $eq$rtl/arch_a/wire_udp_parser.sv:62$8_Y
    2: $eq$rtl/arch_a/wire_udp_parser.sv:62$9_Y
    3: $eq$rtl/arch_a/wire_udp_parser.sv:63$11_Y

  State encoding:
    0:     4'---1  <RESET STATE>
    1:     4'--1-
    2:     4'-1--
    3:     4'1---

  Transition Table (state_in, ctrl_in, state_out, ctrl_out):
      0:     0 13'---------0--0   ->     0 4'0010
      1:     0 13'-----10--1--0   ->     0 4'0010
      2:     0 13'------------1   ->     0 4'0010
      3:     0 13'--10000--1-00   ->     1 4'0010
      4:     0 13'---1000--1-00   ->     1 4'0010
      5:     0 13'----100--1-00   ->     1 4'0010
      6:     0 13'--00000--1-00   ->     2 4'0010
      7:     0 13'-----00--1-10   ->     3 4'0010
      8:     0 13'------1--1--0   ->     3 4'0010
      9:     1 13'-------011100   ->     0 4'0100
     10:     1 13'-------1-1-00   ->     0 4'0100
     11:     1 13'-------0101-0   ->     0 4'0100
     12:     1 13'-------1-0--0   ->     0 4'0100
     13:     1 13'------------1   ->     0 4'0100
     14:     1 13'-------011000   ->     1 4'0100
     15:     1 13'-------001-00   ->     1 4'0100
     16:     1 13'-------0100-0   ->     1 4'0100
     17:     1 13'-------000--0   ->     1 4'0100
     18:     1 13'---------1-10   ->     3 4'0100
     19:     2 13'10-----011110   ->     0 4'1000
     20:     2 13'10-----1-1-10   ->     0 4'1000
     21:     2 13'-------0101-0   ->     0 4'1000
     22:     2 13'00-----0111-0   ->     0 4'1000
     23:     2 13'-------1-0--0   ->     0 4'1000
     24:     2 13'00-----1-1--0   ->     0 4'1000
     25:     2 13'------------1   ->     0 4'1000
     26:     2 13'10-------1-00   ->     1 4'1000
     27:     2 13'10-----011010   ->     2 4'1000
     28:     2 13'10-----001-10   ->     2 4'1000
     29:     2 13'-------0100-0   ->     2 4'1000
     30:     2 13'00-----0110-0   ->     2 4'1000
     31:     2 13'-------000--0   ->     2 4'1000
     32:     2 13'00-----001--0   ->     2 4'1000
     33:     2 13'-1-------1--0   ->     3 4'1000
     34:     3 13'-------01-1-0   ->     0 4'0001
     35:     3 13'-------1----0   ->     0 4'0001
     36:     3 13'------------1   ->     0 4'0001
     37:     3 13'-------01-0-0   ->     3 4'0001
     38:     3 13'-------00---0   ->     3 4'0001

-------------------------------------

5.7.8. Executing FSM_MAP pass (mapping FSMs to basic logic).
Mapping FSM `$fsm$\state_q$583' from module `\wire_udp_parser'.

5.8. Executing OPT pass (performing simple optimizations).

5.8.1. Executing OPT_EXPR pass (perform const folding).
Optimizing module wire_udp_parser.
<suppressed ~5 debug messages>

5.8.2. Executing OPT_MERGE pass (detect identical cells).
Finding identical cells in module `\wire_udp_parser'.
Computing hashes of 225 cells of `\wire_udp_parser'.
Finding duplicate cells in `\wire_udp_parser'.
Computing hashes of 223 cells of `\wire_udp_parser'.
Finding duplicate cells in `\wire_udp_parser'.
<suppressed ~6 debug messages>
Removed a total of 2 cells.

5.8.3. Executing OPT_MUXTREE pass (detect dead branches in mux trees).
Running muxtree optimizer on module \wire_udp_parser..
  Creating internal representation of mux trees.
  Evaluating internal representation of mux trees.
  Analyzing evaluation results.
Removed 0 multiplexer ports.
<suppressed ~155 debug messages>

5.8.4. Executing OPT_REDUCE pass (consolidate $*mux and $reduce_* inputs).
  Optimizing cells in module \wire_udp_parser.
Performed a total of 0 changes.

5.8.5. Executing OPT_MERGE pass (detect identical cells).
Finding identical cells in module `\wire_udp_parser'.
Computing hashes of 223 cells of `\wire_udp_parser'.
Finding duplicate cells in `\wire_udp_parser'.
Removed a total of 0 cells.

5.8.6. Executing OPT_DFF pass (perform DFF optimizations).
Adding SRST signal on $procdff$580 ($dff) from module wire_udp_parser (D = $procmux$211_Y, Q = \reject_code_q, rval = 3'001).
Adding EN signal on $auto$ff.cc:337:slice$727 ($sdff) from module wire_udp_parser (D = $procmux$171_Y, Q = \reject_code_q).
Adding SRST signal on $procdff$579 ($dff) from module wire_udp_parser (D = $procmux$263_Y, Q = \reject_fatal_q, rval = 1'0).
Adding EN signal on $auto$ff.cc:337:slice$741 ($sdff) from module wire_udp_parser (D = $procmux$223_Y, Q = \reject_fatal_q).
Adding SRST signal on $procdff$578 ($dff) from module wire_udp_parser (D = $procmux$286_Y, Q = \payload_last_q, rval = 1'0).
Adding SRST signal on $procdff$577 ($dff) from module wire_udp_parser (D = $procmux$307_Y, Q = \payload_valid_q, rval = 1'0).
Adding SRST signal on $procdff$576 ($dff) from module wire_udp_parser (D = $procmux$326_Y, Q = \payload_data_q, rval = 8'00000000).
Adding EN signal on $auto$ff.cc:337:slice$757 ($sdff) from module wire_udp_parser (D = $procmux$319_Y, Q = \payload_data_q).
Adding SRST signal on $procdff$575 ($dff) from module wire_udp_parser (D = $procmux$366_Y, Q = \pending_fatal_q, rval = 1'1).
Adding EN signal on $auto$ff.cc:337:slice$765 ($sdff) from module wire_udp_parser (D = $procmux$343_Y, Q = \pending_fatal_q).
Adding SRST signal on $procdff$574 ($dff) from module wire_udp_parser (D = $procmux$407_Y, Q = \pending_code_q, rval = 3'001).
Adding EN signal on $auto$ff.cc:337:slice$781 ($sdff) from module wire_udp_parser (D = $procmux$383_Y, Q = \pending_code_q).
Adding SRST signal on $procdff$573 ($dff) from module wire_udp_parser (D = $procmux$442_Y, Q = \remaining_q, rval = 16'0000000000000000).
Adding EN signal on $auto$ff.cc:337:slice$797 ($sdff) from module wire_udp_parser (D = $procmux$421_Y, Q = \remaining_q).
Adding SRST signal on $procdff$572 ($dff) from module wire_udp_parser (D = $procmux$468_Y, Q = \actual_count_q, rval = 16'0000000000000000).
Adding EN signal on $auto$ff.cc:337:slice$817 ($sdff) from module wire_udp_parser (D = $procmux$449_Y, Q = \actual_count_q).
Adding SRST signal on $procdff$571 ($dff) from module wire_udp_parser (D = $procmux$485_Y, Q = \declared_length_q, rval = 16'0000000000000000).
Adding EN signal on $auto$ff.cc:337:slice$833 ($sdff) from module wire_udp_parser (D = \header_q [23:8], Q = \declared_length_q).
Adding SRST signal on $procdff$570 ($dff) from module wire_udp_parser (D = $2$lookahead\header_q$18[55:0]$29, Q = \header_q, rval = 56'00000000000000000000000000000000000000000000000000000000).
Adding EN signal on $auto$ff.cc:337:slice$841 ($sdff) from module wire_udp_parser (D = $or$rtl/arch_a/wire_udp_parser.sv:104$49_Y, Q = \header_q).
Adding SRST signal on $procdff$569 ($dff) from module wire_udp_parser (D = $procmux$508_Y, Q = \header_index_q, rval = 4'0000).

5.8.7. Executing OPT_CLEAN pass (remove unused cells and wires).
Finding unused cells or wires in module \wire_udp_parser..
Removed 29 unused cells and 38 unused wires.
<suppressed ~30 debug messages>

5.8.8. Executing OPT_EXPR pass (perform const folding).
Optimizing module wire_udp_parser.
<suppressed ~6 debug messages>

5.8.9. Rerunning OPT passes. (Maybe there is more to do..)

5.8.10. Executing OPT_MUXTREE pass (detect dead branches in mux trees).
Running muxtree optimizer on module \wire_udp_parser..
  Creating internal representation of mux trees.
  Evaluating internal representation of mux trees.
  Analyzing evaluation results.
Removed 0 multiplexer ports.
<suppressed ~124 debug messages>

5.8.11. Executing OPT_REDUCE pass (consolidate $*mux and $reduce_* inputs).
  Optimizing cells in module \wire_udp_parser.
Performed a total of 0 changes.

5.8.12. Executing OPT_MERGE pass (detect identical cells).
Finding identical cells in module `\wire_udp_parser'.
Computing hashes of 244 cells of `\wire_udp_parser'.
Finding duplicate cells in `\wire_udp_parser'.
Computing hashes of 223 cells of `\wire_udp_parser'.
Finding duplicate cells in `\wire_udp_parser'.
Computing hashes of 221 cells of `\wire_udp_parser'.
Finding duplicate cells in `\wire_udp_parser'.
<suppressed ~69 debug messages>
Removed a total of 23 cells.

5.8.13. Executing OPT_DFF pass (perform DFF optimizations).

5.8.14. Executing OPT_CLEAN pass (remove unused cells and wires).
Finding unused cells or wires in module \wire_udp_parser..
Removed 0 unused cells and 23 unused wires.
<suppressed ~1 debug messages>

5.8.15. Executing OPT_EXPR pass (perform const folding).
Optimizing module wire_udp_parser.

5.8.16. Rerunning OPT passes. (Maybe there is more to do..)

5.8.17. Executing OPT_MUXTREE pass (detect dead branches in mux trees).
Running muxtree optimizer on module \wire_udp_parser..
  Creating internal representation of mux trees.
  Evaluating internal representation of mux trees.
  Analyzing evaluation results.
Removed 0 multiplexer ports.
<suppressed ~124 debug messages>

5.8.18. Executing OPT_REDUCE pass (consolidate $*mux and $reduce_* inputs).
  Optimizing cells in module \wire_udp_parser.
Performed a total of 0 changes.

5.8.19. Executing OPT_MERGE pass (detect identical cells).
Finding identical cells in module `\wire_udp_parser'.
Computing hashes of 221 cells of `\wire_udp_parser'.
Finding duplicate cells in `\wire_udp_parser'.
Removed a total of 0 cells.

5.8.20. Executing OPT_DFF pass (perform DFF optimizations).

5.8.21. Executing OPT_CLEAN pass (remove unused cells and wires).
Finding unused cells or wires in module \wire_udp_parser..

5.8.22. Executing OPT_EXPR pass (perform const folding).
Optimizing module wire_udp_parser.

5.8.23. Finished fast OPT passes. (There is nothing left to do.)

5.9. Executing WREDUCE pass (reducing word size of cells).
Removed top 1 bits (of 2) from port B of cell wire_udp_parser.$auto$simple.cc:194:make_patterns_logic$778 ($ne).
Removed top 3 bits (of 4) from port B of cell wire_udp_parser.$auto$simple.cc:194:make_patterns_logic$774 ($ne).
Removed top 1 bits (of 2) from port B of cell wire_udp_parser.$auto$simple.cc:194:make_patterns_logic$752 ($ne).
Removed top 1 bits (of 4) from port B of cell wire_udp_parser.$auto$fsm_map.cc:77:implement_pattern_cache$711 ($eq).
Removed top 2 bits (of 5) from port B of cell wire_udp_parser.$auto$fsm_map.cc:77:implement_pattern_cache$703 ($eq).
Removed top 4 bits (of 6) from port B of cell wire_udp_parser.$auto$fsm_map.cc:77:implement_pattern_cache$698 ($eq).
Removed top 3 bits (of 7) from port B of cell wire_udp_parser.$auto$fsm_map.cc:77:implement_pattern_cache$690 ($eq).
Removed top 1 bits (of 5) from port B of cell wire_udp_parser.$auto$fsm_map.cc:77:implement_pattern_cache$686 ($eq).
Removed top 5 bits (of 8) from port B of cell wire_udp_parser.$auto$fsm_map.cc:77:implement_pattern_cache$674 ($eq).
Removed top 2 bits (of 5) from port B of cell wire_udp_parser.$auto$fsm_map.cc:77:implement_pattern_cache$645 ($eq).
Removed top 1 bits (of 6) from port B of cell wire_udp_parser.$auto$fsm_map.cc:77:implement_pattern_cache$641 ($eq).
Removed top 2 bits (of 5) from port B of cell wire_udp_parser.$auto$fsm_map.cc:77:implement_pattern_cache$626 ($eq).
Removed top 1 bits (of 4) from port B of cell wire_udp_parser.$auto$fsm_map.cc:77:implement_pattern_cache$616 ($eq).
Removed top 3 bits (of 7) from port B of cell wire_udp_parser.$auto$fsm_map.cc:77:implement_pattern_cache$612 ($eq).
Removed top 1 bits (of 5) from port B of cell wire_udp_parser.$auto$fsm_map.cc:77:implement_pattern_cache$610 ($eq).
Removed top 1 bits (of 6) from port B of cell wire_udp_parser.$auto$fsm_map.cc:77:implement_pattern_cache$594 ($eq).
Removed top 1 bits (of 4) from port B of cell wire_udp_parser.$lt$rtl/arch_a/wire_udp_parser.sv:103$36 ($lt).
Removed top 26 bits (of 32) from port A of cell wire_udp_parser.$sub$rtl/arch_a/wire_udp_parser.sv:104$40 ($sub).
Removed top 25 bits (of 32) from port B of cell wire_udp_parser.$sub$rtl/arch_a/wire_udp_parser.sv:104$40 ($sub).
Removed top 24 bits (of 32) from port Y of cell wire_udp_parser.$sub$rtl/arch_a/wire_udp_parser.sv:104$40 ($sub).
Converting cell wire_udp_parser.$add$rtl/arch_a/wire_udp_parser.sv:104$41 ($add) from unsigned to signed.
Removed top 24 bits (of 32) from port A of cell wire_udp_parser.$add$rtl/arch_a/wire_udp_parser.sv:104$41 ($add).
Removed top 30 bits (of 32) from port B of cell wire_udp_parser.$add$rtl/arch_a/wire_udp_parser.sv:104$41 ($add).
Removed top 23 bits (of 32) from port Y of cell wire_udp_parser.$add$rtl/arch_a/wire_udp_parser.sv:104$41 ($add).
Converting cell wire_udp_parser.$sub$rtl/arch_a/wire_udp_parser.sv:104$42 ($sub) from unsigned to signed.
Removed top 23 bits (of 32) from port A of cell wire_udp_parser.$sub$rtl/arch_a/wire_udp_parser.sv:104$42 ($sub).
Removed top 27 bits (of 32) from port B of cell wire_udp_parser.$sub$rtl/arch_a/wire_udp_parser.sv:104$42 ($sub).
Removed top 22 bits (of 32) from port Y of cell wire_udp_parser.$sub$rtl/arch_a/wire_udp_parser.sv:104$42 ($sub).
Converting cell wire_udp_parser.$neg$rtl/arch_a/wire_udp_parser.sv:104$47 ($neg) from signed to unsigned.
Removed top 1 bits (of 33) from port A of cell wire_udp_parser.$neg$rtl/arch_a/wire_udp_parser.sv:104$47 ($neg).
Removed top 3 bits (of 4) from port B of cell wire_udp_parser.$add$rtl/arch_a/wire_udp_parser.sv:105$50 ($add).
Removed top 12 bits (of 16) from port B of cell wire_udp_parser.$lt$rtl/arch_a/wire_udp_parser.sv:111$51 ($lt).
Removed top 12 bits (of 16) from port B of cell wire_udp_parser.$eq$rtl/arch_a/wire_udp_parser.sv:121$52 ($eq).
Removed top 12 bits (of 16) from port B of cell wire_udp_parser.$sub$rtl/arch_a/wire_udp_parser.sv:159$54 ($sub).
Removed top 15 bits (of 16) from port B of cell wire_udp_parser.$gt$rtl/arch_a/wire_udp_parser.sv:166$55 ($gt).
Removed top 15 bits (of 16) from port B of cell wire_udp_parser.$eq$rtl/arch_a/wire_udp_parser.sv:170$57 ($eq).
Removed top 15 bits (of 16) from port B of cell wire_udp_parser.$sub$rtl/arch_a/wire_udp_parser.sv:186$58 ($sub).
Removed top 15 bits (of 16) from port B of cell wire_udp_parser.$add$rtl/arch_a/wire_udp_parser.sv:193$60 ($add).
Removed top 2 bits (of 3) from mux cell wire_udp_parser.$procmux$387 ($mux).
Removed top 2 bits (of 3) from wire wire_udp_parser.$procmux$387_Y.

5.10. Executing PEEPOPT pass (run peephole optimizers).

5.11. Executing OPT_CLEAN pass (remove unused cells and wires).
Finding unused cells or wires in module \wire_udp_parser..
Removed 0 unused cells and 1 unused wires.
<suppressed ~1 debug messages>

5.12. Executing ALUMACC pass (create $alu and $macc cells).
Extracting $alu and $macc cells in module wire_udp_parser:
  creating $macc model for $add$rtl/arch_a/wire_udp_parser.sv:193$60 ($add).
  creating $macc model for $sub$rtl/arch_a/wire_udp_parser.sv:186$58 ($sub).
  creating $macc model for $sub$rtl/arch_a/wire_udp_parser.sv:159$54 ($sub).
  creating $macc model for $add$rtl/arch_a/wire_udp_parser.sv:105$50 ($add).
  creating $macc model for $neg$rtl/arch_a/wire_udp_parser.sv:104$47 ($neg).
  creating $macc model for $sub$rtl/arch_a/wire_udp_parser.sv:104$42 ($sub).
  creating $macc model for $add$rtl/arch_a/wire_udp_parser.sv:104$41 ($add).
  creating $macc model for $sub$rtl/arch_a/wire_udp_parser.sv:104$40 ($sub).
  merging $macc model for $add$rtl/arch_a/wire_udp_parser.sv:104$41 into $sub$rtl/arch_a/wire_udp_parser.sv:104$42.
  creating $alu model for $macc $sub$rtl/arch_a/wire_udp_parser.sv:104$40.
  creating $alu model for $macc $neg$rtl/arch_a/wire_udp_parser.sv:104$47.
  creating $alu model for $macc $add$rtl/arch_a/wire_udp_parser.sv:105$50.
  creating $alu model for $macc $sub$rtl/arch_a/wire_udp_parser.sv:159$54.
  creating $alu model for $macc $sub$rtl/arch_a/wire_udp_parser.sv:186$58.
  creating $alu model for $macc $add$rtl/arch_a/wire_udp_parser.sv:193$60.
  creating $macc cell for $sub$rtl/arch_a/wire_udp_parser.sv:104$42: $auto$alumacc.cc:427:replace_macc$849
  creating $alu model for $gt$rtl/arch_a/wire_udp_parser.sv:166$55 ($gt): merged with $sub$rtl/arch_a/wire_udp_parser.sv:186$58.
  creating $alu model for $lt$rtl/arch_a/wire_udp_parser.sv:111$51 ($lt): merged with $sub$rtl/arch_a/wire_udp_parser.sv:159$54.
  creating $alu model for $lt$rtl/arch_a/wire_udp_parser.sv:103$36 ($lt): new $alu
  creating $alu model for $eq$rtl/arch_a/wire_udp_parser.sv:170$57 ($eq): merged with $sub$rtl/arch_a/wire_udp_parser.sv:186$58.
  creating $alu model for $eq$rtl/arch_a/wire_udp_parser.sv:121$52 ($eq): merged with $sub$rtl/arch_a/wire_udp_parser.sv:159$54.
  creating $alu cell for $lt$rtl/arch_a/wire_udp_parser.sv:103$36: $auto$alumacc.cc:576:replace_alu$851
  creating $alu cell for $add$rtl/arch_a/wire_udp_parser.sv:193$60: $auto$alumacc.cc:576:replace_alu$856
  creating $alu cell for $sub$rtl/arch_a/wire_udp_parser.sv:186$58, $gt$rtl/arch_a/wire_udp_parser.sv:166$55, $eq$rtl/arch_a/wire_udp_parser.sv:170$57: $auto$alumacc.cc:576:replace_alu$859
  creating $alu cell for $sub$rtl/arch_a/wire_udp_parser.sv:159$54, $lt$rtl/arch_a/wire_udp_parser.sv:111$51, $eq$rtl/arch_a/wire_udp_parser.sv:121$52: $auto$alumacc.cc:576:replace_alu$870
  creating $alu cell for $add$rtl/arch_a/wire_udp_parser.sv:105$50: $auto$alumacc.cc:576:replace_alu$877
  creating $alu cell for $neg$rtl/arch_a/wire_udp_parser.sv:104$47: $auto$alumacc.cc:576:replace_alu$880
  creating $alu cell for $sub$rtl/arch_a/wire_udp_parser.sv:104$40: $auto$alumacc.cc:576:replace_alu$883
  created 7 $alu and 1 $macc cells.

5.13. Executing SHARE pass (SAT-based resource sharing).

5.14. Executing OPT pass (performing simple optimizations).

5.14.1. Executing OPT_EXPR pass (perform const folding).
Optimizing module wire_udp_parser.
<suppressed ~13 debug messages>

5.14.2. Executing OPT_MERGE pass (detect identical cells).
Finding identical cells in module `\wire_udp_parser'.
Computing hashes of 223 cells of `\wire_udp_parser'.
Finding duplicate cells in `\wire_udp_parser'.
Removed a total of 0 cells.

5.14.3. Executing OPT_MUXTREE pass (detect dead branches in mux trees).
Running muxtree optimizer on module \wire_udp_parser..
  Creating internal representation of mux trees.
  Evaluating internal representation of mux trees.
  Analyzing evaluation results.
Removed 0 multiplexer ports.
<suppressed ~124 debug messages>

5.14.4. Executing OPT_REDUCE pass (consolidate $*mux and $reduce_* inputs).
  Optimizing cells in module \wire_udp_parser.
Performed a total of 0 changes.

5.14.5. Executing OPT_MERGE pass (detect identical cells).
Finding identical cells in module `\wire_udp_parser'.
Computing hashes of 223 cells of `\wire_udp_parser'.
Finding duplicate cells in `\wire_udp_parser'.
Removed a total of 0 cells.

5.14.6. Executing OPT_DFF pass (perform DFF optimizations).

5.14.7. Executing OPT_CLEAN pass (remove unused cells and wires).
Finding unused cells or wires in module \wire_udp_parser..
Removed 1 unused cells and 7 unused wires.
<suppressed ~2 debug messages>

5.14.8. Executing OPT_EXPR pass (perform const folding).
Optimizing module wire_udp_parser.

5.14.9. Rerunning OPT passes. (Maybe there is more to do..)

5.14.10. Executing OPT_MUXTREE pass (detect dead branches in mux trees).
Running muxtree optimizer on module \wire_udp_parser..
  Creating internal representation of mux trees.
  Evaluating internal representation of mux trees.
  Analyzing evaluation results.
Removed 0 multiplexer ports.
<suppressed ~124 debug messages>

5.14.11. Executing OPT_REDUCE pass (consolidate $*mux and $reduce_* inputs).
  Optimizing cells in module \wire_udp_parser.
Performed a total of 0 changes.

5.14.12. Executing OPT_MERGE pass (detect identical cells).
Finding identical cells in module `\wire_udp_parser'.
Computing hashes of 222 cells of `\wire_udp_parser'.
Finding duplicate cells in `\wire_udp_parser'.
Removed a total of 0 cells.

5.14.13. Executing OPT_DFF pass (perform DFF optimizations).

5.14.14. Executing OPT_CLEAN pass (remove unused cells and wires).
Finding unused cells or wires in module \wire_udp_parser..

5.14.15. Executing OPT_EXPR pass (perform const folding).
Optimizing module wire_udp_parser.

5.14.16. Finished fast OPT passes. (There is nothing left to do.)

5.15. Executing MEMORY pass.

5.15.1. Executing OPT_MEM pass (optimize memories).
Performed a total of 0 transformations.

5.15.2. Executing OPT_MEM_PRIORITY pass (removing unnecessary memory write priority relations).
Performed a total of 0 transformations.

5.15.3. Executing OPT_MEM_FEEDBACK pass (finding memory read-to-write feedback paths).

5.15.4. Executing MEMORY_BMUX2ROM pass (converting muxes to ROMs).

5.15.5. Executing MEMORY_DFF pass (merging $dff cells to $memrd).

5.15.6. Executing OPT_CLEAN pass (remove unused cells and wires).
Finding unused cells or wires in module \wire_udp_parser..

5.15.7. Executing MEMORY_SHARE pass (consolidating $memrd/$memwr cells).

5.15.8. Executing OPT_MEM_WIDEN pass (optimize memories where all ports are wide).
Performed a total of 0 transformations.

5.15.9. Executing OPT_CLEAN pass (remove unused cells and wires).
Finding unused cells or wires in module \wire_udp_parser..

5.15.10. Executing MEMORY_COLLECT pass (generating $mem cells).

5.16. Executing OPT_CLEAN pass (remove unused cells and wires).
Finding unused cells or wires in module \wire_udp_parser..

5.17. Executing OPT pass (performing simple optimizations).

5.17.1. Executing OPT_EXPR pass (perform const folding).
Optimizing module wire_udp_parser.
<suppressed ~51 debug messages>

5.17.2. Executing OPT_MERGE pass (detect identical cells).
Finding identical cells in module `\wire_udp_parser'.
Computing hashes of 193 cells of `\wire_udp_parser'.
Finding duplicate cells in `\wire_udp_parser'.
Removed a total of 0 cells.

5.17.3. Executing OPT_DFF pass (perform DFF optimizations).

5.17.4. Executing OPT_CLEAN pass (remove unused cells and wires).
Finding unused cells or wires in module \wire_udp_parser..
Removed 0 unused cells and 38 unused wires.
<suppressed ~1 debug messages>

5.17.5. Finished fast OPT passes.

5.18. Executing MEMORY_MAP pass (converting memories to logic and flip-flops).

5.19. Executing OPT pass (performing simple optimizations).

5.19.1. Executing OPT_EXPR pass (perform const folding).
Optimizing module wire_udp_parser.
<suppressed ~1 debug messages>

5.19.2. Executing OPT_MERGE pass (detect identical cells).
Finding identical cells in module `\wire_udp_parser'.
Computing hashes of 193 cells of `\wire_udp_parser'.
Finding duplicate cells in `\wire_udp_parser'.
Removed a total of 0 cells.

5.19.3. Executing OPT_MUXTREE pass (detect dead branches in mux trees).
Running muxtree optimizer on module \wire_udp_parser..
  Creating internal representation of mux trees.
  Evaluating internal representation of mux trees.
  Analyzing evaluation results.
Removed 0 multiplexer ports.
<suppressed ~70 debug messages>

5.19.4. Executing OPT_REDUCE pass (consolidate $*mux and $reduce_* inputs).
  Optimizing cells in module \wire_udp_parser.
    Consolidated identical input bits for $mux cell $procmux$189:
      Old ports: A=3'100, B=3'011, Y=$procmux$189_Y
      New ports: A=2'10, B=2'01, Y={ $procmux$189_Y [2] $procmux$189_Y [0] }
      New connections: $procmux$189_Y [1] = $procmux$189_Y [0]
  Optimizing cells in module \wire_udp_parser.
Performed a total of 1 changes.

5.19.5. Executing OPT_MERGE pass (detect identical cells).
Finding identical cells in module `\wire_udp_parser'.
Computing hashes of 193 cells of `\wire_udp_parser'.
Finding duplicate cells in `\wire_udp_parser'.
Removed a total of 0 cells.

5.19.6. Executing OPT_SHARE pass.

5.19.7. Executing OPT_DFF pass (perform DFF optimizations).

5.19.8. Executing OPT_CLEAN pass (remove unused cells and wires).
Finding unused cells or wires in module \wire_udp_parser..

5.19.9. Executing OPT_EXPR pass (perform const folding).
Optimizing module wire_udp_parser.

5.19.10. Rerunning OPT passes. (Maybe there is more to do..)

5.19.11. Executing OPT_MUXTREE pass (detect dead branches in mux trees).
Running muxtree optimizer on module \wire_udp_parser..
  Creating internal representation of mux trees.
  Evaluating internal representation of mux trees.
  Analyzing evaluation results.
Removed 0 multiplexer ports.
<suppressed ~70 debug messages>

5.19.12. Executing OPT_REDUCE pass (consolidate $*mux and $reduce_* inputs).
  Optimizing cells in module \wire_udp_parser.
Performed a total of 0 changes.

5.19.13. Executing OPT_MERGE pass (detect identical cells).
Finding identical cells in module `\wire_udp_parser'.
Computing hashes of 193 cells of `\wire_udp_parser'.
Finding duplicate cells in `\wire_udp_parser'.
Removed a total of 0 cells.

5.19.14. Executing OPT_SHARE pass.

5.19.15. Executing OPT_DFF pass (perform DFF optimizations).

5.19.16. Executing OPT_CLEAN pass (remove unused cells and wires).
Finding unused cells or wires in module \wire_udp_parser..

5.19.17. Executing OPT_EXPR pass (perform const folding).
Optimizing module wire_udp_parser.

5.19.18. Finished fast OPT passes. (There is nothing left to do.)

5.20. Executing TECHMAP pass (map to technology primitives).

5.20.1. Executing Verilog-2005 frontend: /Users/Dilan/eda/wire-to-decision/oss-cad-suite/libexec/../share/yosys/techmap.v
Parsing Verilog input from `/Users/Dilan/eda/wire-to-decision/oss-cad-suite/libexec/../share/yosys/techmap.v' to AST representation.
Generating RTLIL representation for module `\_90_simplemap_bool_ops'.
Generating RTLIL representation for module `\_90_simplemap_reduce_ops'.
Generating RTLIL representation for module `\_90_simplemap_logic_ops'.
Generating RTLIL representation for module `\_90_simplemap_compare_ops'.
Generating RTLIL representation for module `\_90_simplemap_various'.
Generating RTLIL representation for module `\_90_simplemap_registers'.
Generating RTLIL representation for module `\_90_shift_ops_shr_shl_sshl_sshr'.
Generating RTLIL representation for module `\_90_shift_shiftx'.
Generating RTLIL representation for module `\_90_fa'.
Generating RTLIL representation for module `\_90_lcu_brent_kung'.
Generating RTLIL representation for module `\_90_alu'.
Generating RTLIL representation for module `\_90_macc'.
Generating RTLIL representation for module `\_90_alumacc'.
Generating RTLIL representation for module `$__div_mod_u'.
Generating RTLIL representation for module `$__div_mod_trunc'.
Generating RTLIL representation for module `\_90_div'.
Generating RTLIL representation for module `\_90_mod'.
Generating RTLIL representation for module `$__div_mod_floor'.
Generating RTLIL representation for module `\_90_divfloor'.
Generating RTLIL representation for module `\_90_modfloor'.
Generating RTLIL representation for module `\_90_pow'.
Generating RTLIL representation for module `\_90_demux'.
Generating RTLIL representation for module `\_90_lut'.
Generating RTLIL representation for module `$connect'.
Generating RTLIL representation for module `$input_port'.
Successfully finished Verilog frontend.

5.20.2. Continuing TECHMAP pass.
Using extmapper simplemap for cells of type $not.
Using template $paramod$90579471a6bf6bd40b5ef9b7e45de3774567ccf7\_90_alu for cells of type $alu.
Using template $paramod$99501223b6f7e5af250351eeb57edb5403a5ad0b\_90_alu for cells of type $alu.
Using template $paramod$32a7b7b86c07519b7537abc18e96f0331f97914d\_90_alu for cells of type $alu.
Using extmapper simplemap for cells of type $reduce_and.
Using template $paramod$c15aee48e26a714a5f3d013cd387ce60c26c192c\_90_alu for cells of type $alu.
Using extmapper simplemap for cells of type $or.
Using template $paramod$a1665ef28c749ebcdbe9aecd466e644647b56463\_90_alu for cells of type $alu.
Using template $paramod$2af30114e9bd4ccb04dad757b3f0a8f6bf0615b0\_90_alu for cells of type $alu.
Using template $paramod$f956edc9fe4df758d9fdb10bfc518a364c99e75e\_90_alu for cells of type $alu.
Using extmapper maccmap for cells of type $macc_v2.
  add { $sub$rtl/arch_a/wire_udp_parser.sv:104$40_Y [7:3] 3'111 } (8 bits, signed)
  add 10'1111111001 (10 bits, unsigned)
Using extmapper simplemap for cells of type $sdff.
Using extmapper simplemap for cells of type $sdffe.
Using extmapper simplemap for cells of type $ne.
Using extmapper simplemap for cells of type $reduce_bool.
Using extmapper simplemap for cells of type $reduce_or.
Using extmapper simplemap for cells of type $and.
Using extmapper simplemap for cells of type $logic_not.
Using extmapper simplemap for cells of type $eq.
Using extmapper simplemap for cells of type $dff.
Using extmapper simplemap for cells of type $logic_and.
Using extmapper simplemap for cells of type $logic_or.
Using template $paramod$constmap:d8a3c44b818804315f1b65cc06ddb441021e8a7f$paramod$823591ec664b39d3cfb9e058aa66174669feadaf\_90_shift_shiftx for cells of type $shift.
Analyzing pattern of constant bits for this cell:
Creating constmapped module `$paramod$constmap:7b6cf79afb8b4a492f1a278168ac5472e97a76a6$paramod$823591ec664b39d3cfb9e058aa66174669feadaf\_90_shift_shiftx'.

5.20.22. Executing OPT_MUXTREE pass (detect dead branches in mux trees).
Running muxtree optimizer on module $paramod$constmap:7b6cf79afb8b4a492f1a278168ac5472e97a76a6$paramod$823591ec664b39d3cfb9e058aa66174669feadaf\_90_shift_shiftx..
  Creating internal representation of mux trees.
  Evaluating internal representation of mux trees.
  Analyzing evaluation results.
    dead port 2/2 on $mux $procmux$2048.
    dead port 2/2 on $mux $procmux$2054.
    dead port 2/2 on $mux $procmux$2060.
    dead port 2/2 on $mux $procmux$2066.
    dead port 2/2 on $mux $procmux$2072.
    dead port 2/2 on $mux $procmux$2078.
    dead port 2/2 on $mux $procmux$2084.
Removed 7 multiplexer ports.
<suppressed ~801 debug messages>

5.20.23. Executing OPT_EXPR pass (perform const folding).
Optimizing module $paramod$constmap:7b6cf79afb8b4a492f1a278168ac5472e97a76a6$paramod$823591ec664b39d3cfb9e058aa66174669feadaf\_90_shift_shiftx.
<suppressed ~27 debug messages>
Removed 0 unused cells and 12 unused wires.
Using template $paramod$constmap:7b6cf79afb8b4a492f1a278168ac5472e97a76a6$paramod$823591ec664b39d3cfb9e058aa66174669feadaf\_90_shift_shiftx for cells of type $shift.
Using extmapper simplemap for cells of type $mux.
Using extmapper simplemap for cells of type $pmux.
Using extmapper simplemap for cells of type $pos.
Using template $paramod\_90_fa\WIDTH=32'00000000000000000000000000100001 for cells of type $fa.
Using template $paramod\_90_lcu_brent_kung\WIDTH=32'00000000000000000000000000100001 for cells of type $lcu.
Using extmapper simplemap for cells of type $xor.
Using template $paramod\_90_fa\WIDTH=32'00000000000000000000000000000100 for cells of type $fa.
Using template $paramod\_90_lcu_brent_kung\WIDTH=32'00000000000000000000000000000100 for cells of type $lcu.
Using template $paramod\_90_fa\WIDTH=32'00000000000000000000000000000101 for cells of type $fa.
Using template $paramod\_90_lcu_brent_kung\WIDTH=32'00000000000000000000000000000101 for cells of type $lcu.
Using template $paramod\_90_fa\WIDTH=32'00000000000000000000000000010000 for cells of type $fa.
Using template $paramod\_90_lcu_brent_kung\WIDTH=32'00000000000000000000000000010000 for cells of type $lcu.
Using template $paramod\_90_fa\WIDTH=32'00000000000000000000000000001101 for cells of type $fa.
Using template $paramod\_90_lcu_brent_kung\WIDTH=32'00000000000000000000000000001101 for cells of type $lcu.
No more expansions possible.
<suppressed ~1154 debug messages>

5.21. Executing OPT pass (performing simple optimizations).

5.21.1. Executing OPT_EXPR pass (perform const folding).
Optimizing module wire_udp_parser.
<suppressed ~3730 debug messages>

5.21.2. Executing OPT_MERGE pass (detect identical cells).
Finding identical cells in module `\wire_udp_parser'.
Computing hashes of 1993 cells of `\wire_udp_parser'.
Finding duplicate cells in `\wire_udp_parser'.
Computing hashes of 1836 cells of `\wire_udp_parser'.
Finding duplicate cells in `\wire_udp_parser'.
Computing hashes of 1769 cells of `\wire_udp_parser'.
Finding duplicate cells in `\wire_udp_parser'.
Computing hashes of 1724 cells of `\wire_udp_parser'.
Finding duplicate cells in `\wire_udp_parser'.
Computing hashes of 1681 cells of `\wire_udp_parser'.
Finding duplicate cells in `\wire_udp_parser'.
Computing hashes of 1615 cells of `\wire_udp_parser'.
Finding duplicate cells in `\wire_udp_parser'.
Computing hashes of 1495 cells of `\wire_udp_parser'.
Finding duplicate cells in `\wire_udp_parser'.
Computing hashes of 1445 cells of `\wire_udp_parser'.
Finding duplicate cells in `\wire_udp_parser'.
Computing hashes of 1444 cells of `\wire_udp_parser'.
Finding duplicate cells in `\wire_udp_parser'.
Computing hashes of 1443 cells of `\wire_udp_parser'.
Finding duplicate cells in `\wire_udp_parser'.
Computing hashes of 1442 cells of `\wire_udp_parser'.
Finding duplicate cells in `\wire_udp_parser'.
Computing hashes of 1441 cells of `\wire_udp_parser'.
Finding duplicate cells in `\wire_udp_parser'.
Computing hashes of 1440 cells of `\wire_udp_parser'.
Finding duplicate cells in `\wire_udp_parser'.
Computing hashes of 1439 cells of `\wire_udp_parser'.
Finding duplicate cells in `\wire_udp_parser'.
Computing hashes of 1438 cells of `\wire_udp_parser'.
Finding duplicate cells in `\wire_udp_parser'.
Computing hashes of 1437 cells of `\wire_udp_parser'.
Finding duplicate cells in `\wire_udp_parser'.
Computing hashes of 1436 cells of `\wire_udp_parser'.
Finding duplicate cells in `\wire_udp_parser'.
Computing hashes of 1435 cells of `\wire_udp_parser'.
Finding duplicate cells in `\wire_udp_parser'.
Computing hashes of 1434 cells of `\wire_udp_parser'.
Finding duplicate cells in `\wire_udp_parser'.
Computing hashes of 1433 cells of `\wire_udp_parser'.
Finding duplicate cells in `\wire_udp_parser'.
Computing hashes of 1432 cells of `\wire_udp_parser'.
Finding duplicate cells in `\wire_udp_parser'.
Computing hashes of 1431 cells of `\wire_udp_parser'.
Finding duplicate cells in `\wire_udp_parser'.
Computing hashes of 1430 cells of `\wire_udp_parser'.
Finding duplicate cells in `\wire_udp_parser'.
Computing hashes of 1429 cells of `\wire_udp_parser'.
Finding duplicate cells in `\wire_udp_parser'.
Computing hashes of 1428 cells of `\wire_udp_parser'.
Finding duplicate cells in `\wire_udp_parser'.
Computing hashes of 1427 cells of `\wire_udp_parser'.
Finding duplicate cells in `\wire_udp_parser'.
<suppressed ~1698 debug messages>
Removed a total of 566 cells.

5.21.3. Executing OPT_DFF pass (perform DFF optimizations).

5.21.4. Executing OPT_CLEAN pass (remove unused cells and wires).
Finding unused cells or wires in module \wire_udp_parser..
Removed 217 unused cells and 834 unused wires.
<suppressed ~218 debug messages>

5.21.5. Finished fast OPT passes.

5.22. Executing ABC pass (technology mapping using ABC).

5.22.1. Summary of detected clock domains:
  151 cells in clk=\clk, en={ }, arst={ }, srst=\rst
  358 cells in clk=\clk, en=$auto$simple.cc:210:make_patterns_logic$845, arst={ }, srst=\rst
  51 cells in clk=\clk, en=$auto$simple.cc:210:make_patterns_logic$839, arst={ }, srst=\rst
  98 cells in clk=\clk, en=$auto$simple.cc:210:make_patterns_logic$831, arst={ }, srst=\rst
  159 cells in clk=\clk, en=$auto$simple.cc:210:make_patterns_logic$815, arst={ }, srst=\rst
  79 cells in clk=\clk, en=$auto$simple.cc:210:make_patterns_logic$779, arst={ }, srst=\rst
  12 cells in clk=\clk, en=$auto$simple.cc:210:make_patterns_logic$763, arst={ }, srst=\rst
  54 cells in clk=\clk, en=$auto$simple.cc:210:make_patterns_logic$739, arst={ }, srst=\rst
  248 cells in clk=\clk, en={ }, arst={ }, srst={ }

5.22.2. Extracting gate netlist of module `\wire_udp_parser' to `<abc-temp-dir>/input.blif'..
Found matching posedge clock domain: \clk, synchronously reset by \rst

5.22.3. Extracting gate netlist of module `\wire_udp_parser' to `<abc-temp-dir>/input.blif'..
Found matching posedge clock domain: \clk, enabled by $auto$simple.cc:210:make_patterns_logic$845, synchronously reset by \rst

5.22.4. Extracting gate netlist of module `\wire_udp_parser' to `<abc-temp-dir>/input.blif'..
Found matching posedge clock domain: \clk, enabled by $auto$simple.cc:210:make_patterns_logic$839, synchronously reset by \rst

5.22.5. Extracting gate netlist of module `\wire_udp_parser' to `<abc-temp-dir>/input.blif'..
Found matching posedge clock domain: \clk, enabled by $auto$simple.cc:210:make_patterns_logic$831, synchronously reset by \rst

5.22.6. Extracting gate netlist of module `\wire_udp_parser' to `<abc-temp-dir>/input.blif'..
Found matching posedge clock domain: \clk, enabled by $auto$simple.cc:210:make_patterns_logic$815, synchronously reset by \rst

5.22.7. Extracting gate netlist of module `\wire_udp_parser' to `<abc-temp-dir>/input.blif'..
Found matching posedge clock domain: \clk, enabled by $auto$simple.cc:210:make_patterns_logic$779, synchronously reset by \rst

5.22.8. Extracting gate netlist of module `\wire_udp_parser' to `<abc-temp-dir>/input.blif'..
Found matching posedge clock domain: \clk, enabled by $auto$simple.cc:210:make_patterns_logic$763, synchronously reset by \rst

5.22.9. Extracting gate netlist of module `\wire_udp_parser' to `<abc-temp-dir>/input.blif'..
Found matching posedge clock domain: \clk, enabled by $auto$simple.cc:210:make_patterns_logic$739, synchronously reset by \rst

5.22.10. Extracting gate netlist of module `\wire_udp_parser' to `<abc-temp-dir>/input.blif'..
Found matching posedge clock domain: \clk

5.22.10.1. Executed ABC.
Extracted 145 gates and 177 wires to a netlist network with 31 inputs and 56 outputs.
Running ABC script: <abc-temp-dir>/abc.script
ABC: ======== ABC command line "source <abc-temp-dir>/abc.script"
ABC: + read_blif <abc-temp-dir>/input.blif
ABC: + read_library <abc-temp-dir>/stdcells.genlib
ABC: + strash
ABC: + &get -n
ABC: + &fraig -x
ABC: + &put
ABC: + scorr
ABC: Warning: The network is combinational (run "fraig" or "fraig_sweep").
ABC: + dc2
ABC: + dretime
ABC: + strash
ABC: + &get -n
ABC: + &dch -f
ABC: + &nf
ABC: + &put
ABC: + write_blif <abc-temp-dir>/output.blif

5.22.10.2. Re-integrating ABC results.
ABC RESULTS:               AND cells:       39
ABC RESULTS:            ANDNOT cells:        5
ABC RESULTS:               MUX cells:        6
ABC RESULTS:              NAND cells:        1
ABC RESULTS:               NOR cells:        1
ABC RESULTS:               NOT cells:        9
ABC RESULTS:                OR cells:        1
ABC RESULTS:             ORNOT cells:        1
ABC RESULTS:              XNOR cells:        3
ABC RESULTS:        internal signals:       90
ABC RESULTS:           input signals:       31
ABC RESULTS:          output signals:       56
Removing temp directory.

5.22.10.1. Executed ABC.
Extracted 318 gates and 418 wires to a netlist network with 99 inputs and 99 outputs.
Running ABC script: <abc-temp-dir>/abc.script
ABC: ======== ABC command line "source <abc-temp-dir>/abc.script"
ABC: + read_blif <abc-temp-dir>/input.blif
ABC: + read_library <abc-temp-dir>/stdcells.genlib
ABC: + strash
ABC: + &get -n
ABC: + &fraig -x
ABC: + &put
ABC: + scorr
ABC: Warning: The network is combinational (run "fraig" or "fraig_sweep").
ABC: + dc2
ABC: + dretime
ABC: + strash
ABC: + &get -n
ABC: + &dch -f
ABC: + &nf
ABC: + &put
ABC: + write_blif <abc-temp-dir>/output.blif

5.22.10.2. Re-integrating ABC results.
ABC RESULTS:               AND cells:        6
ABC RESULTS:            ANDNOT cells:        6
ABC RESULTS:               MUX cells:        1
ABC RESULTS:              NAND cells:      132
ABC RESULTS:               NOR cells:        3
ABC RESULTS:               NOT cells:       17
ABC RESULTS:                OR cells:       18
ABC RESULTS:             ORNOT cells:        3
ABC RESULTS:              XNOR cells:        3
ABC RESULTS:               XOR cells:       16
ABC RESULTS:        internal signals:      220
ABC RESULTS:           input signals:       99
ABC RESULTS:          output signals:       99
Removing temp directory.

5.22.10.1. Executed ABC.
Extracted 35 gates and 71 wires to a netlist network with 36 inputs and 34 outputs.
Running ABC script: <abc-temp-dir>/abc.script
ABC: ======== ABC command line "source <abc-temp-dir>/abc.script"
ABC: + read_blif <abc-temp-dir>/input.blif
ABC: + read_library <abc-temp-dir>/stdcells.genlib
ABC: + strash
ABC: + &get -n
ABC: + &fraig -x
ABC: + &put
ABC: + scorr
ABC: Warning: The network is combinational (run "fraig" or "fraig_sweep").
ABC: + dc2
ABC: + dretime
ABC: + strash
ABC: + &get -n
ABC: + &dch -f
ABC: + &nf
ABC: + &put
ABC: + write_blif <abc-temp-dir>/output.blif

5.22.10.2. Re-integrating ABC results.
ABC RESULTS:               AND cells:       18
ABC RESULTS:               NOT cells:        1
ABC RESULTS:               XOR cells:       16
ABC RESULTS:        internal signals:        1
ABC RESULTS:           input signals:       36
ABC RESULTS:          output signals:       34
Removing temp directory.

5.22.10.1. Executed ABC.
Extracted 82 gates and 142 wires to a netlist network with 58 inputs and 39 outputs.
Running ABC script: <abc-temp-dir>/abc.script
ABC: ======== ABC command line "source <abc-temp-dir>/abc.script"
ABC: + read_blif <abc-temp-dir>/input.blif
ABC: + read_library <abc-temp-dir>/stdcells.genlib
ABC: + strash
ABC: + &get -n
ABC: + &fraig -x
ABC: + &put
ABC: + scorr
ABC: Warning: The network is combinational (run "fraig" or "fraig_sweep").
ABC: + dc2
ABC: + dretime
ABC: + strash
ABC: + &get -n
ABC: + &dch -f
ABC: + &nf
ABC: + &put
ABC: + write_blif <abc-temp-dir>/output.blif

5.22.10.2. Re-integrating ABC results.
ABC RESULTS:               AND cells:       34
ABC RESULTS:              NAND cells:        1
ABC RESULTS:               NOT cells:        2
ABC RESULTS:                OR cells:       20
ABC RESULTS:             ORNOT cells:        2
ABC RESULTS:              XNOR cells:        1
ABC RESULTS:               XOR cells:       14
ABC RESULTS:        internal signals:       45
ABC RESULTS:           input signals:       58
ABC RESULTS:          output signals:       39
Removing temp directory.

5.22.10.1. Executed ABC.
Extracted 143 gates and 195 wires to a netlist network with 51 inputs and 27 outputs.
Running ABC script: <abc-temp-dir>/abc.script
ABC: ======== ABC command line "source <abc-temp-dir>/abc.script"
ABC: + read_blif <abc-temp-dir>/input.blif
ABC: + read_library <abc-temp-dir>/stdcells.genlib
ABC: + strash
ABC: + &get -n
ABC: + &fraig -x
ABC: + &put
ABC: + scorr
ABC: Warning: The network is combinational (run "fraig" or "fraig_sweep").
ABC: + dc2
ABC: + dretime
ABC: + strash
ABC: + &get -n
ABC: + &dch -f
ABC: + &nf
ABC: + &put
ABC: + write_blif <abc-temp-dir>/output.blif

5.22.10.2. Re-integrating ABC results.
ABC RESULTS:               AND cells:       17
ABC RESULTS:            ANDNOT cells:        1
ABC RESULTS:               MUX cells:       12
ABC RESULTS:              NAND cells:        6
ABC RESULTS:               NOR cells:        8
ABC RESULTS:               NOT cells:        5
ABC RESULTS:                OR cells:       13
ABC RESULTS:             ORNOT cells:        4
ABC RESULTS:              XNOR cells:       12
ABC RESULTS:               XOR cells:       11
ABC RESULTS:        internal signals:      117
ABC RESULTS:           input signals:       51
ABC RESULTS:          output signals:       27
Removing temp directory.

5.22.10.1. Executed ABC.
Extracted 75 gates and 140 wires to a netlist network with 63 inputs and 14 outputs.
Running ABC script: <abc-temp-dir>/abc.script
ABC: ======== ABC command line "source <abc-temp-dir>/abc.script"
ABC: + read_blif <abc-temp-dir>/input.blif
ABC: + read_library <abc-temp-dir>/stdcells.genlib
ABC: + strash
ABC: + &get -n
ABC: + &fraig -x
ABC: + &put
ABC: + scorr
ABC: Warning: The network is combinational (run "fraig" or "fraig_sweep").
ABC: + dc2
ABC: + dretime
ABC: + strash
ABC: + &get -n
ABC: + &dch -f
ABC: + &nf
ABC: + &put
ABC: + write_blif <abc-temp-dir>/output.blif

5.22.10.2. Re-integrating ABC results.
ABC RESULTS:               AND cells:       39
ABC RESULTS:            ANDNOT cells:        2
ABC RESULTS:              NAND cells:        8
ABC RESULTS:               NOR cells:       17
ABC RESULTS:               NOT cells:        2
ABC RESULTS:                OR cells:        7
ABC RESULTS:             ORNOT cells:        1
ABC RESULTS:        internal signals:       63
ABC RESULTS:           input signals:       63
ABC RESULTS:          output signals:       14
Removing temp directory.

5.22.10.1. Executed ABC.
Extracted 4 gates and 8 wires to a netlist network with 4 inputs and 2 outputs.
Running ABC script: <abc-temp-dir>/abc.script
ABC: ======== ABC command line "source <abc-temp-dir>/abc.script"
ABC: + read_blif <abc-temp-dir>/input.blif
ABC: + read_library <abc-temp-dir>/stdcells.genlib
ABC: + strash
ABC: + &get -n
ABC: + &fraig -x
ABC: + &put
ABC: + scorr
ABC: Warning: The network is combinational (run "fraig" or "fraig_sweep").
ABC: + dc2
ABC: + dretime
ABC: + strash
ABC: + &get -n
ABC: + &dch -f
ABC: + &nf
ABC: + &put
ABC: + write_blif <abc-temp-dir>/output.blif

5.22.10.2. Re-integrating ABC results.
ABC RESULTS:               AND cells:        1
ABC RESULTS:            ANDNOT cells:        1
ABC RESULTS:               NOT cells:        1
ABC RESULTS:                OR cells:        1
ABC RESULTS:        internal signals:        2
ABC RESULTS:           input signals:        4
ABC RESULTS:          output signals:        2
Removing temp directory.

5.22.10.1. Executed ABC.
Extracted 50 gates and 86 wires to a netlist network with 34 inputs and 8 outputs.
Running ABC script: <abc-temp-dir>/abc.script
ABC: ======== ABC command line "source <abc-temp-dir>/abc.script"
ABC: + read_blif <abc-temp-dir>/input.blif
ABC: + read_library <abc-temp-dir>/stdcells.genlib
ABC: + strash
ABC: + &get -n
ABC: + &fraig -x
ABC: + &put
ABC: + scorr
ABC: Warning: The network is combinational (run "fraig" or "fraig_sweep").
ABC: + dc2
ABC: + dretime
ABC: + strash
ABC: + &get -n
ABC: + &dch -f
ABC: + &nf
ABC: + &put
ABC: + write_blif <abc-temp-dir>/output.blif

5.22.10.2. Re-integrating ABC results.
ABC RESULTS:               AND cells:       12
ABC RESULTS:            ANDNOT cells:        1
ABC RESULTS:              NAND cells:       19
ABC RESULTS:               NOR cells:        8
ABC RESULTS:               NOT cells:        1
ABC RESULTS:                OR cells:        7
ABC RESULTS:             ORNOT cells:        4
ABC RESULTS:        internal signals:       44
ABC RESULTS:           input signals:       34
ABC RESULTS:          output signals:        8
Removing temp directory.

5.22.10.1. Executed ABC.
Extracted 244 gates and 310 wires to a netlist network with 64 inputs and 49 outputs.
Running ABC script: <abc-temp-dir>/abc.script
ABC: ======== ABC command line "source <abc-temp-dir>/abc.script"
ABC: + read_blif <abc-temp-dir>/input.blif
ABC: + read_library <abc-temp-dir>/stdcells.genlib
ABC: + strash
ABC: + &get -n
ABC: + &fraig -x
ABC: + &put
ABC: + scorr
ABC: Warning: The network is combinational (run "fraig" or "fraig_sweep").
ABC: + dc2
ABC: + dretime
ABC: + strash
ABC: + &get -n
ABC: + &dch -f
ABC: + &nf
ABC: + &put
ABC: + write_blif <abc-temp-dir>/output.blif

5.22.10.2. Re-integrating ABC results.
ABC RESULTS:               AND cells:       46
ABC RESULTS:            ANDNOT cells:        6
ABC RESULTS:               MUX cells:        7
ABC RESULTS:              NAND cells:       35
ABC RESULTS:               NOR cells:        9
ABC RESULTS:               NOT cells:        6
ABC RESULTS:                OR cells:        7
ABC RESULTS:             ORNOT cells:        9
ABC RESULTS:        internal signals:      197
ABC RESULTS:           input signals:       64
ABC RESULTS:          output signals:       49
Removing temp directory.
Removing global temp directory.

5.23. Executing OPT pass (performing simple optimizations).

5.23.1. Executing OPT_EXPR pass (perform const folding).
Optimizing module wire_udp_parser.
<suppressed ~4 debug messages>

5.23.2. Executing OPT_MERGE pass (detect identical cells).
Finding identical cells in module `\wire_udp_parser'.
Computing hashes of 838 cells of `\wire_udp_parser'.
Finding duplicate cells in `\wire_udp_parser'.
Computing hashes of 836 cells of `\wire_udp_parser'.
Finding duplicate cells in `\wire_udp_parser'.
<suppressed ~6 debug messages>
Removed a total of 2 cells.

5.23.3. Executing OPT_DFF pass (perform DFF optimizations).

5.23.4. Executing OPT_CLEAN pass (remove unused cells and wires).
Finding unused cells or wires in module \wire_udp_parser..
Removed 0 unused cells and 974 unused wires.
<suppressed ~1 debug messages>

5.23.5. Finished fast OPT passes.

5.24. Executing HIERARCHY pass (managing design hierarchy).
Attribute `top' found on module `wire_udp_parser'. Setting top module to wire_udp_parser.

5.24.1. Analyzing design hierarchy..
Top module:  \wire_udp_parser

5.24.2. Analyzing design hierarchy..
Top module:  \wire_udp_parser
Removed 0 unused modules.

5.25. Printing statistics.

=== wire_udp_parser ===

        +----------Local Count, excluding submodules.
        |
      710 wires
     1188 wire bits
       36 public wires
      292 public wire bits
       15 ports
       46 port bits
      836 cells
       22   $_ANDNOT_
      210   $_AND_
        4   $_DFF_P_
       26   $_MUX_
      202   $_NAND_
       46   $_NOR_
       42   $_NOT_
       24   $_ORNOT_
       74   $_OR_
      101   $_SDFFE_PP0P_
        3   $_SDFFE_PP1P_
        6   $_SDFF_PP0_
       19   $_XNOR_
       57   $_XOR_

5.26. Executing CHECK pass (checking for obvious problems).
Checking module wire_udp_parser...
Found and reported 0 problems.

End of script. Logfile hash: bd28ebad9e, time: 0.32s, user: 0.19s, system: 0.04s, MEM: 37.62 MB peak
Yosys 0.69+154 (git sha1 30d62572e-dirty, Release, Clang /usr/local/osxcross/target/bin/aarch64-apple-darwin25.5-clang++ 21.1.8)
Time spent: 73% 1x abc (0 sec), 6% 33x opt_expr (0 sec), ...

 /----------------------------------------------------------------------------\
 |  yosys -- Yosys Open SYnthesis Suite                                       |
 |  Copyright (C) 2012 - 2026  Claire Xenia Wolf <claire@yosyshq.com>         |
 |  Distributed under an ISC-like license, type "license" to see terms        |
 \----------------------------------------------------------------------------/
 Yosys 0.69+154 (git sha1 30d62572e-dirty, Release, Clang /usr/local/osxcross/target/bin/aarch64-apple-darwin25.5-clang++ 21.1.8)

-- Running command `read_verilog -sv rtl/common/wire_ingress_buffer.sv rtl/arch_a/wire_gearbox_64to8.sv rtl/arch_a/wire_eth_parser.sv rtl/arch_a/wire_ipv4_parser.sv rtl/arch_a/wire_udp_parser.sv rtl/arch_a/wire_buffer_gearbox_eth_ipv4_udp_top.sv; hierarchy -top wire_buffer_gearbox_eth_ipv4_udp_top; proc; check; synth -top wire_buffer_gearbox_eth_ipv4_udp_top' --

1. Executing Verilog-2005 frontend: rtl/common/wire_ingress_buffer.sv
Parsing SystemVerilog input from `rtl/common/wire_ingress_buffer.sv' to AST representation.
Generating RTLIL representation for module `\wire_ingress_buffer'.
Successfully finished Verilog frontend.

2. Executing Verilog-2005 frontend: rtl/arch_a/wire_gearbox_64to8.sv
Parsing SystemVerilog input from `rtl/arch_a/wire_gearbox_64to8.sv' to AST representation.
Generating RTLIL representation for module `\wire_gearbox_64to8'.
Successfully finished Verilog frontend.

3. Executing Verilog-2005 frontend: rtl/arch_a/wire_eth_parser.sv
Parsing SystemVerilog input from `rtl/arch_a/wire_eth_parser.sv' to AST representation.
Generating RTLIL representation for module `\wire_eth_parser'.
Successfully finished Verilog frontend.

4. Executing Verilog-2005 frontend: rtl/arch_a/wire_ipv4_parser.sv
Parsing SystemVerilog input from `rtl/arch_a/wire_ipv4_parser.sv' to AST representation.
Generating RTLIL representation for module `\wire_ipv4_parser'.
Successfully finished Verilog frontend.

5. Executing Verilog-2005 frontend: rtl/arch_a/wire_udp_parser.sv
Parsing SystemVerilog input from `rtl/arch_a/wire_udp_parser.sv' to AST representation.
Generating RTLIL representation for module `\wire_udp_parser'.
Successfully finished Verilog frontend.

6. Executing Verilog-2005 frontend: rtl/arch_a/wire_buffer_gearbox_eth_ipv4_udp_top.sv
Parsing SystemVerilog input from `rtl/arch_a/wire_buffer_gearbox_eth_ipv4_udp_top.sv' to AST representation.
Generating RTLIL representation for module `\wire_buffer_gearbox_eth_ipv4_udp_top'.
Successfully finished Verilog frontend.

7. Executing HIERARCHY pass (managing design hierarchy).

7.1. Analyzing design hierarchy..
Top module:  \wire_buffer_gearbox_eth_ipv4_udp_top
Used module:     \wire_udp_parser
Used module:     \wire_ipv4_parser
Used module:     \wire_eth_parser
Used module:     \wire_gearbox_64to8
Used module:     \wire_ingress_buffer

7.2. Analyzing design hierarchy..
Top module:  \wire_buffer_gearbox_eth_ipv4_udp_top
Used module:     \wire_udp_parser
Used module:     \wire_ipv4_parser
Used module:     \wire_eth_parser
Used module:     \wire_gearbox_64to8
Used module:     \wire_ingress_buffer
Removed 0 unused modules.

8. Executing PROC pass (convert processes to netlists).

8.1. Executing PROC_CLEAN pass (remove empty switches from decision trees).
Cleaned up 0 empty switches.

8.2. Executing PROC_RMDEAD pass (remove dead branches from decision trees).
Marked 19 switch rules as full_case in process $proc$rtl/arch_a/wire_udp_parser.sv:66$241 in module wire_udp_parser.
Marked 7 switch rules as full_case in process $proc$rtl/arch_a/wire_ipv4_parser.sv:102$177 in module wire_ipv4_parser.
Marked 10 switch rules as full_case in process $proc$rtl/arch_a/wire_ipv4_parser.sv:119$113 in module wire_ipv4_parser.
Marked 6 switch rules as full_case in process $proc$rtl/arch_a/wire_eth_parser.sv:55$82 in module wire_eth_parser.
Marked 4 switch rules as full_case in process $proc$rtl/arch_a/wire_gearbox_64to8.sv:49$57 in module wire_gearbox_64to8.
Marked 3 switch rules as full_case in process $proc$rtl/common/wire_ingress_buffer.sv:37$12 in module wire_ingress_buffer.
Removed a total of 0 dead cases.

8.3. Executing PROC_PRUNE pass (remove redundant assignments in processes).
Removed 1 redundant assignment.
Promoted 28 assignments to connections.

8.4. Executing PROC_INIT pass (extract init attributes).

8.5. Executing PROC_ARST pass (detect async resets in processes).

8.6. Executing PROC_ROM pass (convert switches to ROMs).
Converted 0 switches.
<suppressed ~67 debug messages>

8.7. Executing PROC_MUX pass (convert decision trees to multiplexers).
Creating decoders for process `\wire_udp_parser.$proc$rtl/arch_a/wire_udp_parser.sv:66$241'.
     1/22: $5$lookahead\header_q$240[55:0]$260
     2/22: $5$bitselwrite$pos$rtl/arch_a/wire_udp_parser.sv:104$223[31:0]$259
     3/22: $4$lookahead\header_q$240[55:0]$257
     4/22: $4$bitselwrite$pos$rtl/arch_a/wire_udp_parser.sv:104$223[31:0]$256
     5/22: $3$lookahead\header_q$240[55:0]$253
     6/22: $3$bitselwrite$pos$rtl/arch_a/wire_udp_parser.sv:104$223[31:0]$252
     7/22: $2$lookahead\header_q$240[55:0]$251
     8/22: $2$bitselwrite$pos$rtl/arch_a/wire_udp_parser.sv:104$223[31:0]$250
     9/22: $1$lookahead\header_q$240[55:0]$245
    10/22: $1$bitselwrite$pos$rtl/arch_a/wire_udp_parser.sv:104$223[31:0]$244
    11/22: $0\pending_fatal_q[0:0]
    12/22: $0\pending_code_q[2:0]
    13/22: $0\actual_count_q[15:0]
    14/22: $0\declared_length_q[15:0]
    15/22: $0\remaining_q[15:0]
    16/22: $0\reject_code_q[2:0]
    17/22: $0\reject_fatal_q[0:0]
    18/22: $0\payload_valid_q[0:0]
    19/22: $0\payload_last_q[0:0]
    20/22: $0\payload_data_q[7:0]
    21/22: $0\header_index_q[3:0]
    22/22: $0\state_q[1:0]
Creating decoders for process `\wire_ipv4_parser.$proc$rtl/arch_a/wire_ipv4_parser.sv:102$177'.
     1/16: $7\classify_header$func$rtl/arch_a/wire_ipv4_parser.sv:102$94.$result[3:0]$222
     2/16: $6\classify_header$func$rtl/arch_a/wire_ipv4_parser.sv:102$94.$result[3:0]$220
     3/16: $5\classify_header$func$rtl/arch_a/wire_ipv4_parser.sv:102$94.$result[3:0]$218
     4/16: $4\classify_header$func$rtl/arch_a/wire_ipv4_parser.sv:102$94.$result[3:0]$215
     5/16: $3\classify_header$func$rtl/arch_a/wire_ipv4_parser.sv:102$94.$result[3:0]$198
     6/16: $3\checksum_valid$func$rtl/arch_a/wire_ipv4_parser.sv:76$95.sum[17:0]$201
     7/16: $3\checksum_valid$func$rtl/arch_a/wire_ipv4_parser.sv:76$95.h[159:0]$200
     8/16: $3\checksum_valid$func$rtl/arch_a/wire_ipv4_parser.sv:76$95.$result[0:0]$199
     9/16: $2\classify_header$func$rtl/arch_a/wire_ipv4_parser.sv:102$94.$result[3:0]$193
    10/16: $2\checksum_valid$func$rtl/arch_a/wire_ipv4_parser.sv:76$95.sum[17:0]$196
    11/16: $2\checksum_valid$func$rtl/arch_a/wire_ipv4_parser.sv:76$95.h[159:0]$195
    12/16: $2\checksum_valid$func$rtl/arch_a/wire_ipv4_parser.sv:76$95.$result[0:0]$194
    13/16: $1\classify_header$func$rtl/arch_a/wire_ipv4_parser.sv:102$94.$result[3:0]$188
    14/16: $1\checksum_valid$func$rtl/arch_a/wire_ipv4_parser.sv:76$95.sum[17:0]$191
    15/16: $1\checksum_valid$func$rtl/arch_a/wire_ipv4_parser.sv:76$95.h[159:0]$190
    16/16: $1\checksum_valid$func$rtl/arch_a/wire_ipv4_parser.sv:76$95.$result[0:0]$189
Creating decoders for process `\wire_ipv4_parser.$proc$rtl/arch_a/wire_ipv4_parser.sv:119$113'.
     1/31: $6\code_is_fatal$func$rtl/arch_a/wire_ipv4_parser.sv:173$93.code[3:0]$160
     2/31: $6\code_is_fatal$func$rtl/arch_a/wire_ipv4_parser.sv:173$93.$result[0:0]$159
     3/31: $5$lookahead\header_q$112[151:0]$145
     4/31: $5$bitselwrite$pos$rtl/arch_a/wire_ipv4_parser.sv:155$92[31:0]$142
     5/31: $5\code_is_fatal$func$rtl/arch_a/wire_ipv4_parser.sv:173$93.code[3:0]$144
     6/31: $5\code_is_fatal$func$rtl/arch_a/wire_ipv4_parser.sv:173$93.$result[0:0]$143
     7/31: $4$lookahead\header_q$112[151:0]$140
     8/31: $4\code_is_fatal$func$rtl/arch_a/wire_ipv4_parser.sv:173$93.code[3:0]$139
     9/31: $4\code_is_fatal$func$rtl/arch_a/wire_ipv4_parser.sv:173$93.$result[0:0]$138
    10/31: $4$bitselwrite$pos$rtl/arch_a/wire_ipv4_parser.sv:155$92[31:0]$137
    11/31: $3$lookahead\header_q$112[151:0]$134
    12/31: $3\code_is_fatal$func$rtl/arch_a/wire_ipv4_parser.sv:173$93.code[3:0]$133
    13/31: $3\code_is_fatal$func$rtl/arch_a/wire_ipv4_parser.sv:173$93.$result[0:0]$132
    14/31: $3$bitselwrite$pos$rtl/arch_a/wire_ipv4_parser.sv:155$92[31:0]$131
    15/31: $2$lookahead\header_q$112[151:0]$130
    16/31: $2\code_is_fatal$func$rtl/arch_a/wire_ipv4_parser.sv:173$93.code[3:0]$129
    17/31: $2\code_is_fatal$func$rtl/arch_a/wire_ipv4_parser.sv:173$93.$result[0:0]$128
    18/31: $2$bitselwrite$pos$rtl/arch_a/wire_ipv4_parser.sv:155$92[31:0]$127
    19/31: $1$lookahead\header_q$112[151:0]$121
    20/31: $1\code_is_fatal$func$rtl/arch_a/wire_ipv4_parser.sv:173$93.code[3:0]$120
    21/31: $1\code_is_fatal$func$rtl/arch_a/wire_ipv4_parser.sv:173$93.$result[0:0]$119
    22/31: $1$bitselwrite$pos$rtl/arch_a/wire_ipv4_parser.sv:155$92[31:0]$118
    23/31: $0\payload_physical_last_q[0:0]
    24/31: $0\remaining_q[15:0]
    25/31: $0\reject_code_q[3:0]
    26/31: $0\reject_fatal_q[0:0]
    27/31: $0\payload_valid_q[0:0]
    28/31: $0\payload_last_q[0:0]
    29/31: $0\payload_data_q[7:0]
    30/31: $0\header_index_q[4:0]
    31/31: $0\state_q[2:0]
Creating decoders for process `\wire_eth_parser.$proc$rtl/arch_a/wire_eth_parser.sv:55$82'.
     1/8: $0\reject_code_q[1:0]
     2/8: $0\reject_fatal_q[0:0]
     3/8: $0\payload_valid_q[0:0]
     4/8: $0\payload_last_q[0:0]
     5/8: $0\payload_data_q[7:0]
     6/8: $0\ethertype_high_q[7:0]
     7/8: $0\header_index_q[3:0]
     8/8: $0\state_q[1:0]
Creating decoders for process `\wire_gearbox_64to8.$proc$rtl/arch_a/wire_gearbox_64to8.sv:49$57'.
     1/10: $3\keep_count$func$rtl/arch_a/wire_gearbox_64to8.sv:58$44.$result[3:0]$65
     2/10: $2\keep_count$func$rtl/arch_a/wire_gearbox_64to8.sv:58$44.$result[3:0]$63
     3/10: $2\keep_count$func$rtl/arch_a/wire_gearbox_64to8.sv:58$44.keep[7:0]$64
     4/10: $1\keep_count$func$rtl/arch_a/wire_gearbox_64to8.sv:58$44.keep[7:0]$61
     5/10: $1\keep_count$func$rtl/arch_a/wire_gearbox_64to8.sv:58$44.$result[3:0]$60
     6/10: $0\valid_q[0:0]
     7/10: $0\index_q[2:0]
     8/10: $0\count_q[3:0]
     9/10: $0\last_q[0:0]
    10/10: $0\data_q[63:0]
Creating decoders for process `\wire_ingress_buffer.$proc$rtl/common/wire_ingress_buffer.sv:37$12'.
     1/21: $2$memwr$\last_q$rtl/common/wire_ingress_buffer.sv:46$3_EN[0:0]$39
     2/21: $2$memwr$\last_q$rtl/common/wire_ingress_buffer.sv:46$3_DATA[0:0]$38
     3/21: $2$memwr$\last_q$rtl/common/wire_ingress_buffer.sv:46$3_ADDR[0:0]$37
     4/21: $2$memwr$\keep_q$rtl/common/wire_ingress_buffer.sv:45$2_EN[7:0]$36
     5/21: $2$memwr$\keep_q$rtl/common/wire_ingress_buffer.sv:45$2_DATA[7:0]$35
     6/21: $2$memwr$\keep_q$rtl/common/wire_ingress_buffer.sv:45$2_ADDR[0:0]$34
     7/21: $2$memwr$\data_q$rtl/common/wire_ingress_buffer.sv:44$1_EN[63:0]$33
     8/21: $2$memwr$\data_q$rtl/common/wire_ingress_buffer.sv:44$1_DATA[63:0]$32
     9/21: $2$memwr$\data_q$rtl/common/wire_ingress_buffer.sv:44$1_ADDR[0:0]$31
    10/21: $0\count_q[1:0]
    11/21: $1$memwr$\last_q$rtl/common/wire_ingress_buffer.sv:46$3_EN[0:0]$30
    12/21: $1$memwr$\last_q$rtl/common/wire_ingress_buffer.sv:46$3_DATA[0:0]$29
    13/21: $1$memwr$\last_q$rtl/common/wire_ingress_buffer.sv:46$3_ADDR[0:0]$28
    14/21: $1$memwr$\keep_q$rtl/common/wire_ingress_buffer.sv:45$2_EN[7:0]$27
    15/21: $1$memwr$\keep_q$rtl/common/wire_ingress_buffer.sv:45$2_DATA[7:0]$26
    16/21: $1$memwr$\keep_q$rtl/common/wire_ingress_buffer.sv:45$2_ADDR[0:0]$25
    17/21: $1$memwr$\data_q$rtl/common/wire_ingress_buffer.sv:44$1_EN[63:0]$24
    18/21: $1$memwr$\data_q$rtl/common/wire_ingress_buffer.sv:44$1_DATA[63:0]$23
    19/21: $1$memwr$\data_q$rtl/common/wire_ingress_buffer.sv:44$1_ADDR[0:0]$22
    20/21: $0\write_ptr_q[0:0]
    21/21: $0\read_ptr_q[0:0]

8.8. Executing PROC_DLATCH pass (convert process syncs to latches).
No latch inferred for signal `\wire_ipv4_parser.\classify_header$func$rtl/arch_a/wire_ipv4_parser.sv:102$91.$result' from process `\wire_ipv4_parser.$proc$rtl/arch_a/wire_ipv4_parser.sv:102$177'.

8.9. Executing PROC_DFF pass (convert process syncs to FFs).
Creating register for signal `\wire_udp_parser.\state_q' using process `\wire_udp_parser.$proc$rtl/arch_a/wire_udp_parser.sv:66$241'.
  created $dff cell `$procdff$1738' with positive edge clock.
Creating register for signal `\wire_udp_parser.\header_index_q' using process `\wire_udp_parser.$proc$rtl/arch_a/wire_udp_parser.sv:66$241'.
  created $dff cell `$procdff$1739' with positive edge clock.
Creating register for signal `\wire_udp_parser.\payload_data_q' using process `\wire_udp_parser.$proc$rtl/arch_a/wire_udp_parser.sv:66$241'.
  created $dff cell `$procdff$1740' with positive edge clock.
Creating register for signal `\wire_udp_parser.\payload_last_q' using process `\wire_udp_parser.$proc$rtl/arch_a/wire_udp_parser.sv:66$241'.
  created $dff cell `$procdff$1741' with positive edge clock.
Creating register for signal `\wire_udp_parser.\payload_valid_q' using process `\wire_udp_parser.$proc$rtl/arch_a/wire_udp_parser.sv:66$241'.
  created $dff cell `$procdff$1742' with positive edge clock.
Creating register for signal `\wire_udp_parser.\reject_fatal_q' using process `\wire_udp_parser.$proc$rtl/arch_a/wire_udp_parser.sv:66$241'.
  created $dff cell `$procdff$1743' with positive edge clock.
Creating register for signal `\wire_udp_parser.\reject_code_q' using process `\wire_udp_parser.$proc$rtl/arch_a/wire_udp_parser.sv:66$241'.
  created $dff cell `$procdff$1744' with positive edge clock.
Creating register for signal `\wire_udp_parser.\header_q' using process `\wire_udp_parser.$proc$rtl/arch_a/wire_udp_parser.sv:66$241'.
  created $dff cell `$procdff$1745' with positive edge clock.
Creating register for signal `\wire_udp_parser.\remaining_q' using process `\wire_udp_parser.$proc$rtl/arch_a/wire_udp_parser.sv:66$241'.
  created $dff cell `$procdff$1746' with positive edge clock.
Creating register for signal `\wire_udp_parser.\declared_length_q' using process `\wire_udp_parser.$proc$rtl/arch_a/wire_udp_parser.sv:66$241'.
  created $dff cell `$procdff$1747' with positive edge clock.
Creating register for signal `\wire_udp_parser.\actual_count_q' using process `\wire_udp_parser.$proc$rtl/arch_a/wire_udp_parser.sv:66$241'.
  created $dff cell `$procdff$1748' with positive edge clock.
Creating register for signal `\wire_udp_parser.\pending_code_q' using process `\wire_udp_parser.$proc$rtl/arch_a/wire_udp_parser.sv:66$241'.
  created $dff cell `$procdff$1749' with positive edge clock.
Creating register for signal `\wire_udp_parser.\pending_fatal_q' using process `\wire_udp_parser.$proc$rtl/arch_a/wire_udp_parser.sv:66$241'.
  created $dff cell `$procdff$1750' with positive edge clock.
Creating register for signal `\wire_udp_parser.$bitselwrite$pos$rtl/arch_a/wire_udp_parser.sv:104$223' using process `\wire_udp_parser.$proc$rtl/arch_a/wire_udp_parser.sv:66$241'.
  created $dff cell `$procdff$1751' with positive edge clock.
Creating register for signal `\wire_udp_parser.$lookahead\header_q$240' using process `\wire_udp_parser.$proc$rtl/arch_a/wire_udp_parser.sv:66$241'.
  created $dff cell `$procdff$1752' with positive edge clock.
Creating register for signal `\wire_ipv4_parser.\state_q' using process `\wire_ipv4_parser.$proc$rtl/arch_a/wire_ipv4_parser.sv:119$113'.
  created $dff cell `$procdff$1753' with positive edge clock.
Creating register for signal `\wire_ipv4_parser.\header_index_q' using process `\wire_ipv4_parser.$proc$rtl/arch_a/wire_ipv4_parser.sv:119$113'.
  created $dff cell `$procdff$1754' with positive edge clock.
Creating register for signal `\wire_ipv4_parser.\payload_data_q' using process `\wire_ipv4_parser.$proc$rtl/arch_a/wire_ipv4_parser.sv:119$113'.
  created $dff cell `$procdff$1755' with positive edge clock.
Creating register for signal `\wire_ipv4_parser.\payload_last_q' using process `\wire_ipv4_parser.$proc$rtl/arch_a/wire_ipv4_parser.sv:119$113'.
  created $dff cell `$procdff$1756' with positive edge clock.
Creating register for signal `\wire_ipv4_parser.\payload_valid_q' using process `\wire_ipv4_parser.$proc$rtl/arch_a/wire_ipv4_parser.sv:119$113'.
  created $dff cell `$procdff$1757' with positive edge clock.
Creating register for signal `\wire_ipv4_parser.\reject_fatal_q' using process `\wire_ipv4_parser.$proc$rtl/arch_a/wire_ipv4_parser.sv:119$113'.
  created $dff cell `$procdff$1758' with positive edge clock.
Creating register for signal `\wire_ipv4_parser.\reject_code_q' using process `\wire_ipv4_parser.$proc$rtl/arch_a/wire_ipv4_parser.sv:119$113'.
  created $dff cell `$procdff$1759' with positive edge clock.
Creating register for signal `\wire_ipv4_parser.\header_q' using process `\wire_ipv4_parser.$proc$rtl/arch_a/wire_ipv4_parser.sv:119$113'.
  created $dff cell `$procdff$1760' with positive edge clock.
Creating register for signal `\wire_ipv4_parser.\remaining_q' using process `\wire_ipv4_parser.$proc$rtl/arch_a/wire_ipv4_parser.sv:119$113'.
  created $dff cell `$procdff$1761' with positive edge clock.
Creating register for signal `\wire_ipv4_parser.\payload_physical_last_q' using process `\wire_ipv4_parser.$proc$rtl/arch_a/wire_ipv4_parser.sv:119$113'.
  created $dff cell `$procdff$1762' with positive edge clock.
Creating register for signal `\wire_ipv4_parser.$bitselwrite$pos$rtl/arch_a/wire_ipv4_parser.sv:155$92' using process `\wire_ipv4_parser.$proc$rtl/arch_a/wire_ipv4_parser.sv:119$113'.
  created $dff cell `$procdff$1763' with positive edge clock.
Creating register for signal `\wire_ipv4_parser.\code_is_fatal$func$rtl/arch_a/wire_ipv4_parser.sv:173$93.$result' using process `\wire_ipv4_parser.$proc$rtl/arch_a/wire_ipv4_parser.sv:119$113'.
  created $dff cell `$procdff$1764' with positive edge clock.
Creating register for signal `\wire_ipv4_parser.\code_is_fatal$func$rtl/arch_a/wire_ipv4_parser.sv:173$93.code' using process `\wire_ipv4_parser.$proc$rtl/arch_a/wire_ipv4_parser.sv:119$113'.
  created $dff cell `$procdff$1765' with positive edge clock.
Creating register for signal `\wire_ipv4_parser.$lookahead\header_q$112' using process `\wire_ipv4_parser.$proc$rtl/arch_a/wire_ipv4_parser.sv:119$113'.
  created $dff cell `$procdff$1766' with positive edge clock.
Creating register for signal `\wire_eth_parser.\state_q' using process `\wire_eth_parser.$proc$rtl/arch_a/wire_eth_parser.sv:55$82'.
  created $dff cell `$procdff$1767' with positive edge clock.
Creating register for signal `\wire_eth_parser.\header_index_q' using process `\wire_eth_parser.$proc$rtl/arch_a/wire_eth_parser.sv:55$82'.
  created $dff cell `$procdff$1768' with positive edge clock.
Creating register for signal `\wire_eth_parser.\ethertype_high_q' using process `\wire_eth_parser.$proc$rtl/arch_a/wire_eth_parser.sv:55$82'.
  created $dff cell `$procdff$1769' with positive edge clock.
Creating register for signal `\wire_eth_parser.\payload_data_q' using process `\wire_eth_parser.$proc$rtl/arch_a/wire_eth_parser.sv:55$82'.
  created $dff cell `$procdff$1770' with positive edge clock.
Creating register for signal `\wire_eth_parser.\payload_last_q' using process `\wire_eth_parser.$proc$rtl/arch_a/wire_eth_parser.sv:55$82'.
  created $dff cell `$procdff$1771' with positive edge clock.
Creating register for signal `\wire_eth_parser.\payload_valid_q' using process `\wire_eth_parser.$proc$rtl/arch_a/wire_eth_parser.sv:55$82'.
  created $dff cell `$procdff$1772' with positive edge clock.
Creating register for signal `\wire_eth_parser.\reject_fatal_q' using process `\wire_eth_parser.$proc$rtl/arch_a/wire_eth_parser.sv:55$82'.
  created $dff cell `$procdff$1773' with positive edge clock.
Creating register for signal `\wire_eth_parser.\reject_code_q' using process `\wire_eth_parser.$proc$rtl/arch_a/wire_eth_parser.sv:55$82'.
  created $dff cell `$procdff$1774' with positive edge clock.
Creating register for signal `\wire_gearbox_64to8.\data_q' using process `\wire_gearbox_64to8.$proc$rtl/arch_a/wire_gearbox_64to8.sv:49$57'.
  created $dff cell `$procdff$1775' with positive edge clock.
Creating register for signal `\wire_gearbox_64to8.\last_q' using process `\wire_gearbox_64to8.$proc$rtl/arch_a/wire_gearbox_64to8.sv:49$57'.
  created $dff cell `$procdff$1776' with positive edge clock.
Creating register for signal `\wire_gearbox_64to8.\count_q' using process `\wire_gearbox_64to8.$proc$rtl/arch_a/wire_gearbox_64to8.sv:49$57'.
  created $dff cell `$procdff$1777' with positive edge clock.
Creating register for signal `\wire_gearbox_64to8.\index_q' using process `\wire_gearbox_64to8.$proc$rtl/arch_a/wire_gearbox_64to8.sv:49$57'.
  created $dff cell `$procdff$1778' with positive edge clock.
Creating register for signal `\wire_gearbox_64to8.\valid_q' using process `\wire_gearbox_64to8.$proc$rtl/arch_a/wire_gearbox_64to8.sv:49$57'.
  created $dff cell `$procdff$1779' with positive edge clock.
Creating register for signal `\wire_gearbox_64to8.\keep_count$func$rtl/arch_a/wire_gearbox_64to8.sv:58$44.$result' using process `\wire_gearbox_64to8.$proc$rtl/arch_a/wire_gearbox_64to8.sv:49$57'.
  created $dff cell `$procdff$1780' with positive edge clock.
Creating register for signal `\wire_gearbox_64to8.\keep_count$func$rtl/arch_a/wire_gearbox_64to8.sv:58$44.keep' using process `\wire_gearbox_64to8.$proc$rtl/arch_a/wire_gearbox_64to8.sv:49$57'.
  created $dff cell `$procdff$1781' with positive edge clock.
Creating register for signal `\wire_ingress_buffer.\read_ptr_q' using process `\wire_ingress_buffer.$proc$rtl/common/wire_ingress_buffer.sv:37$12'.
  created $dff cell `$procdff$1782' with positive edge clock.
Creating register for signal `\wire_ingress_buffer.\write_ptr_q' using process `\wire_ingress_buffer.$proc$rtl/common/wire_ingress_buffer.sv:37$12'.
  created $dff cell `$procdff$1783' with positive edge clock.
Creating register for signal `\wire_ingress_buffer.\count_q' using process `\wire_ingress_buffer.$proc$rtl/common/wire_ingress_buffer.sv:37$12'.
  created $dff cell `$procdff$1784' with positive edge clock.
Creating register for signal `\wire_ingress_buffer.$memwr$\data_q$rtl/common/wire_ingress_buffer.sv:44$1_ADDR' using process `\wire_ingress_buffer.$proc$rtl/common/wire_ingress_buffer.sv:37$12'.
  created $dff cell `$procdff$1785' with positive edge clock.
Creating register for signal `\wire_ingress_buffer.$memwr$\data_q$rtl/common/wire_ingress_buffer.sv:44$1_DATA' using process `\wire_ingress_buffer.$proc$rtl/common/wire_ingress_buffer.sv:37$12'.
  created $dff cell `$procdff$1786' with positive edge clock.
Creating register for signal `\wire_ingress_buffer.$memwr$\data_q$rtl/common/wire_ingress_buffer.sv:44$1_EN' using process `\wire_ingress_buffer.$proc$rtl/common/wire_ingress_buffer.sv:37$12'.
  created $dff cell `$procdff$1787' with positive edge clock.
Creating register for signal `\wire_ingress_buffer.$memwr$\keep_q$rtl/common/wire_ingress_buffer.sv:45$2_ADDR' using process `\wire_ingress_buffer.$proc$rtl/common/wire_ingress_buffer.sv:37$12'.
  created $dff cell `$procdff$1788' with positive edge clock.
Creating register for signal `\wire_ingress_buffer.$memwr$\keep_q$rtl/common/wire_ingress_buffer.sv:45$2_DATA' using process `\wire_ingress_buffer.$proc$rtl/common/wire_ingress_buffer.sv:37$12'.
  created $dff cell `$procdff$1789' with positive edge clock.
Creating register for signal `\wire_ingress_buffer.$memwr$\keep_q$rtl/common/wire_ingress_buffer.sv:45$2_EN' using process `\wire_ingress_buffer.$proc$rtl/common/wire_ingress_buffer.sv:37$12'.
  created $dff cell `$procdff$1790' with positive edge clock.
Creating register for signal `\wire_ingress_buffer.$memwr$\last_q$rtl/common/wire_ingress_buffer.sv:46$3_ADDR' using process `\wire_ingress_buffer.$proc$rtl/common/wire_ingress_buffer.sv:37$12'.
  created $dff cell `$procdff$1791' with positive edge clock.
Creating register for signal `\wire_ingress_buffer.$memwr$\last_q$rtl/common/wire_ingress_buffer.sv:46$3_DATA' using process `\wire_ingress_buffer.$proc$rtl/common/wire_ingress_buffer.sv:37$12'.
  created $dff cell `$procdff$1792' with positive edge clock.
Creating register for signal `\wire_ingress_buffer.$memwr$\last_q$rtl/common/wire_ingress_buffer.sv:46$3_EN' using process `\wire_ingress_buffer.$proc$rtl/common/wire_ingress_buffer.sv:37$12'.
  created $dff cell `$procdff$1793' with positive edge clock.

8.10. Executing PROC_MEMWR pass (convert process memory writes to cells).

8.11. Executing PROC_CLEAN pass (remove empty switches from decision trees).
Found and cleaned up 23 empty switches in `\wire_udp_parser.$proc$rtl/arch_a/wire_udp_parser.sv:66$241'.
Removing empty process `wire_udp_parser.$proc$rtl/arch_a/wire_udp_parser.sv:66$241'.
Found and cleaned up 7 empty switches in `\wire_ipv4_parser.$proc$rtl/arch_a/wire_ipv4_parser.sv:102$177'.
Removing empty process `wire_ipv4_parser.$proc$rtl/arch_a/wire_ipv4_parser.sv:102$177'.
Found and cleaned up 16 empty switches in `\wire_ipv4_parser.$proc$rtl/arch_a/wire_ipv4_parser.sv:119$113'.
Removing empty process `wire_ipv4_parser.$proc$rtl/arch_a/wire_ipv4_parser.sv:119$113'.
Found and cleaned up 12 empty switches in `\wire_eth_parser.$proc$rtl/arch_a/wire_eth_parser.sv:55$82'.
Removing empty process `wire_eth_parser.$proc$rtl/arch_a/wire_eth_parser.sv:55$82'.
Found and cleaned up 5 empty switches in `\wire_gearbox_64to8.$proc$rtl/arch_a/wire_gearbox_64to8.sv:49$57'.
Removing empty process `wire_gearbox_64to8.$proc$rtl/arch_a/wire_gearbox_64to8.sv:49$57'.
Found and cleaned up 4 empty switches in `\wire_ingress_buffer.$proc$rtl/common/wire_ingress_buffer.sv:37$12'.
Removing empty process `wire_ingress_buffer.$proc$rtl/common/wire_ingress_buffer.sv:37$12'.
Cleaned up 67 empty switches.

8.12. Executing OPT_EXPR pass (perform const folding).
Optimizing module wire_buffer_gearbox_eth_ipv4_udp_top.
Optimizing module wire_udp_parser.
<suppressed ~17 debug messages>
Optimizing module wire_ipv4_parser.
<suppressed ~26 debug messages>
Optimizing module wire_eth_parser.
<suppressed ~6 debug messages>
Optimizing module wire_gearbox_64to8.
Optimizing module wire_ingress_buffer.
<suppressed ~1 debug messages>

9. Executing CHECK pass (checking for obvious problems).
Checking module wire_buffer_gearbox_eth_ipv4_udp_top...
Checking module wire_udp_parser...
Checking module wire_ipv4_parser...
Checking module wire_eth_parser...
Checking module wire_gearbox_64to8...
Checking module wire_ingress_buffer...
Found and reported 0 problems.

10. Executing SYNTH pass.

10.1. Executing HIERARCHY pass (managing design hierarchy).

10.1.1. Analyzing design hierarchy..
Top module:  \wire_buffer_gearbox_eth_ipv4_udp_top
Used module:     \wire_udp_parser
Used module:     \wire_ipv4_parser
Used module:     \wire_eth_parser
Used module:     \wire_gearbox_64to8
Used module:     \wire_ingress_buffer

10.1.2. Analyzing design hierarchy..
Top module:  \wire_buffer_gearbox_eth_ipv4_udp_top
Used module:     \wire_udp_parser
Used module:     \wire_ipv4_parser
Used module:     \wire_eth_parser
Used module:     \wire_gearbox_64to8
Used module:     \wire_ingress_buffer
Removed 0 unused modules.

10.2. Executing PROC pass (convert processes to netlists).

10.2.1. Executing PROC_CLEAN pass (remove empty switches from decision trees).
Cleaned up 0 empty switches.

10.2.2. Executing PROC_RMDEAD pass (remove dead branches from decision trees).
Removed a total of 0 dead cases.

10.2.3. Executing PROC_PRUNE pass (remove redundant assignments in processes).
Removed 0 redundant assignments.
Promoted 0 assignments to connections.

10.2.4. Executing PROC_INIT pass (extract init attributes).

10.2.5. Executing PROC_ARST pass (detect async resets in processes).

10.2.6. Executing PROC_ROM pass (convert switches to ROMs).
Converted 0 switches.

10.2.7. Executing PROC_MUX pass (convert decision trees to multiplexers).

10.2.8. Executing PROC_DLATCH pass (convert process syncs to latches).

10.2.9. Executing PROC_DFF pass (convert process syncs to FFs).

10.2.10. Executing PROC_MEMWR pass (convert process memory writes to cells).

10.2.11. Executing PROC_CLEAN pass (remove empty switches from decision trees).
Cleaned up 0 empty switches.

10.2.12. Executing OPT_EXPR pass (perform const folding).
Optimizing module wire_buffer_gearbox_eth_ipv4_udp_top.
Optimizing module wire_udp_parser.
Optimizing module wire_ipv4_parser.
Optimizing module wire_eth_parser.
Optimizing module wire_gearbox_64to8.
Optimizing module wire_ingress_buffer.

10.3. Executing OPT_EXPR pass (perform const folding).
Optimizing module wire_buffer_gearbox_eth_ipv4_udp_top.
Optimizing module wire_udp_parser.
<suppressed ~2 debug messages>
Optimizing module wire_ipv4_parser.
<suppressed ~2 debug messages>
Optimizing module wire_eth_parser.
Optimizing module wire_gearbox_64to8.
<suppressed ~3 debug messages>
Optimizing module wire_ingress_buffer.

10.4. Executing CHECK pass (checking for obvious problems).
Checking module wire_buffer_gearbox_eth_ipv4_udp_top...
Checking module wire_udp_parser...
Checking module wire_ipv4_parser...
Checking module wire_eth_parser...
Checking module wire_gearbox_64to8...
Checking module wire_ingress_buffer...
Found and reported 0 problems.

10.5. Executing OPT_CLEAN pass (remove unused cells and wires).
Finding unused cells or wires in module \wire_buffer_gearbox_eth_ipv4_udp_top..
Finding unused cells or wires in module \wire_udp_parser..
Finding unused cells or wires in module \wire_ipv4_parser..
Finding unused cells or wires in module \wire_eth_parser..
Finding unused cells or wires in module \wire_gearbox_64to8..
Finding unused cells or wires in module \wire_ingress_buffer..
Removed 128 unused cells and 708 unused wires.
<suppressed ~136 debug messages>

10.6. Executing OPT pass (performing simple optimizations).

10.6.1. Executing OPT_EXPR pass (perform const folding).
Optimizing module wire_buffer_gearbox_eth_ipv4_udp_top.
Optimizing module wire_udp_parser.
Optimizing module wire_ipv4_parser.
Optimizing module wire_eth_parser.
Optimizing module wire_gearbox_64to8.
Optimizing module wire_ingress_buffer.

10.6.2. Executing OPT_MERGE pass (detect identical cells).
Finding identical cells in module `\wire_buffer_gearbox_eth_ipv4_udp_top'.
Computing hashes of 5 cells of `\wire_buffer_gearbox_eth_ipv4_udp_top'.
Finding duplicate cells in `\wire_buffer_gearbox_eth_ipv4_udp_top'.
Finding identical cells in module `\wire_udp_parser'.
Computing hashes of 230 cells of `\wire_udp_parser'.
Finding duplicate cells in `\wire_udp_parser'.
Computing hashes of 199 cells of `\wire_udp_parser'.
Finding duplicate cells in `\wire_udp_parser'.
<suppressed ~93 debug messages>
Finding identical cells in module `\wire_ipv4_parser'.
Computing hashes of 214 cells of `\wire_ipv4_parser'.
Finding duplicate cells in `\wire_ipv4_parser'.
Computing hashes of 192 cells of `\wire_ipv4_parser'.
Finding duplicate cells in `\wire_ipv4_parser'.
<suppressed ~66 debug messages>
Finding identical cells in module `\wire_eth_parser'.
Computing hashes of 102 cells of `\wire_eth_parser'.
Finding duplicate cells in `\wire_eth_parser'.
Computing hashes of 85 cells of `\wire_eth_parser'.
Finding duplicate cells in `\wire_eth_parser'.
<suppressed ~51 debug messages>
Finding identical cells in module `\wire_gearbox_64to8'.
Computing hashes of 45 cells of `\wire_gearbox_64to8'.
Finding duplicate cells in `\wire_gearbox_64to8'.
Computing hashes of 44 cells of `\wire_gearbox_64to8'.
Finding duplicate cells in `\wire_gearbox_64to8'.
<suppressed ~3 debug messages>
Finding identical cells in module `\wire_ingress_buffer'.
Computing hashes of 53 cells of `\wire_ingress_buffer'.
Finding duplicate cells in `\wire_ingress_buffer'.
Removed a total of 71 cells.

10.6.3. Executing OPT_MUXTREE pass (detect dead branches in mux trees).
Running muxtree optimizer on module \wire_buffer_gearbox_eth_ipv4_udp_top..
  Creating internal representation of mux trees.
  No muxes found in this module.
Running muxtree optimizer on module \wire_udp_parser..
  Creating internal representation of mux trees.
  Evaluating internal representation of mux trees.
      Replacing known input bits on port A of cell $procmux$670: \payload_last_q -> 1'0
  Analyzing evaluation results.
    dead port 1/2 on $mux $procmux$372.
    dead port 1/2 on $mux $procmux$355.
    dead port 2/2 on $mux $procmux$352.
    dead port 1/2 on $mux $procmux$330.
    dead port 2/2 on $mux $procmux$327.
    dead port 2/2 on $mux $procmux$325.
    dead port 1/2 on $mux $procmux$299.
    dead port 2/2 on $mux $procmux$296.
    dead port 2/2 on $mux $procmux$294.
    dead port 1/2 on $mux $procmux$292.
Running muxtree optimizer on module \wire_ipv4_parser..
  Creating internal representation of mux trees.
  Evaluating internal representation of mux trees.
      Replacing known input bits on port A of cell $procmux$1312: \payload_last_q -> 1'0
  Analyzing evaluation results.
    dead port 1/2 on $mux $procmux$1112.
    dead port 2/2 on $mux $procmux$1109.
    dead port 1/2 on $mux $procmux$1055.
    dead port 2/2 on $mux $procmux$1052.
    dead port 2/2 on $mux $procmux$1050.
    dead port 1/2 on $mux $procmux$986.
    dead port 2/2 on $mux $procmux$983.
    dead port 2/2 on $mux $procmux$981.
    dead port 1/2 on $mux $procmux$979.
    dead port 1/2 on $mux $procmux$896.
    dead port 1/2 on $mux $procmux$863.
    dead port 1/2 on $mux $procmux$860.
    dead port 1/2 on $mux $procmux$854.
    dead port 1/2 on $mux $procmux$851.
    dead port 1/2 on $mux $procmux$848.
    dead port 1/2 on $mux $procmux$842.
    dead port 1/2 on $mux $procmux$839.
    dead port 1/2 on $mux $procmux$836.
    dead port 2/2 on $mux $procmux$833.
    dead port 1/2 on $mux $procmux$827.
    dead port 1/2 on $mux $procmux$824.
    dead port 1/2 on $mux $procmux$821.
    dead port 2/2 on $mux $procmux$818.
    dead port 1/2 on $mux $procmux$815.
    dead port 1/2 on $mux $procmux$809.
    dead port 1/2 on $mux $procmux$806.
    dead port 1/2 on $mux $procmux$803.
    dead port 2/2 on $mux $procmux$800.
    dead port 1/2 on $mux $procmux$797.
    dead port 1/2 on $mux $procmux$794.
    dead port 1/2 on $mux $procmux$1154.
Running muxtree optimizer on module \wire_eth_parser..
  Creating internal representation of mux trees.
  Evaluating internal representation of mux trees.
      Replacing known input bits on port A of cell $procmux$1471: \payload_last_q -> 1'0
  Analyzing evaluation results.
Running muxtree optimizer on module \wire_gearbox_64to8..
  Creating internal representation of mux trees.
  Evaluating internal representation of mux trees.
  Analyzing evaluation results.
    dead port 1/2 on $mux $procmux$1574.
    dead port 2/2 on $mux $procmux$1571.
Running muxtree optimizer on module \wire_ingress_buffer..
  Creating internal representation of mux trees.
  Evaluating internal representation of mux trees.
  Analyzing evaluation results.
    dead port 1/2 on $mux $procmux$1691.
    dead port 1/2 on $mux $procmux$1685.
    dead port 1/2 on $mux $procmux$1679.
    dead port 1/2 on $mux $procmux$1673.
    dead port 1/2 on $mux $procmux$1667.
    dead port 1/2 on $mux $procmux$1661.
    dead port 1/2 on $mux $procmux$1655.
    dead port 1/2 on $mux $procmux$1649.
    dead port 1/2 on $mux $procmux$1643.
Removed 52 multiplexer ports.
<suppressed ~556 debug messages>

10.6.4. Executing OPT_REDUCE pass (consolidate $*mux and $reduce_* inputs).
  Optimizing cells in module \wire_buffer_gearbox_eth_ipv4_udp_top.
  Optimizing cells in module \wire_udp_parser.
  Optimizing cells in module \wire_udp_parser.
  Optimizing cells in module \wire_ipv4_parser.
  Optimizing cells in module \wire_ipv4_parser.
  Optimizing cells in module \wire_eth_parser.
  Optimizing cells in module \wire_eth_parser.
  Optimizing cells in module \wire_gearbox_64to8.
  Optimizing cells in module \wire_ingress_buffer.
    Consolidated identical input bits for $mux cell $procmux$1676:
      Old ports: A=64'0000000000000000000000000000000000000000000000000000000000000000, B=64'1111111111111111111111111111111111111111111111111111111111111111, Y=$procmux$1676_Y
      New ports: A=1'0, B=1'1, Y=$procmux$1676_Y [0]
      New connections: $procmux$1676_Y [63:1] = { $procmux$1676_Y [0] $procmux$1676_Y [0] $procmux$1676_Y [0] $procmux$1676_Y [0] $procmux$1676_Y [0] $procmux$1676_Y [0] $procmux$1676_Y [0] $procmux$1676_Y [0] $procmux$1676_Y [0] $procmux$1676_Y [0] $procmux$1676_Y [0] $procmux$1676_Y [0] $procmux$1676_Y [0] $procmux$1676_Y [0] $procmux$1676_Y [0] $procmux$1676_Y [0] $procmux$1676_Y [0] $procmux$1676_Y [0] $procmux$1676_Y [0] $procmux$1676_Y [0] $procmux$1676_Y [0] $procmux$1676_Y [0] $procmux$1676_Y [0] $procmux$1676_Y [0] $procmux$1676_Y [0] $procmux$1676_Y [0] $procmux$1676_Y [0] $procmux$1676_Y [0] $procmux$1676_Y [0] $procmux$1676_Y [0] $procmux$1676_Y [0] $procmux$1676_Y [0] $procmux$1676_Y [0] $procmux$1676_Y [0] $procmux$1676_Y [0] $procmux$1676_Y [0] $procmux$1676_Y [0] $procmux$1676_Y [0] $procmux$1676_Y [0] $procmux$1676_Y [0] $procmux$1676_Y [0] $procmux$1676_Y [0] $procmux$1676_Y [0] $procmux$1676_Y [0] $procmux$1676_Y [0] $procmux$1676_Y [0] $procmux$1676_Y [0] $procmux$1676_Y [0] $procmux$1676_Y [0] $procmux$1676_Y [0] $procmux$1676_Y [0] $procmux$1676_Y [0] $procmux$1676_Y [0] $procmux$1676_Y [0] $procmux$1676_Y [0] $procmux$1676_Y [0] $procmux$1676_Y [0] $procmux$1676_Y [0] $procmux$1676_Y [0] $procmux$1676_Y [0] $procmux$1676_Y [0] $procmux$1676_Y [0] $procmux$1676_Y [0] }
    Consolidated identical input bits for $mux cell $procmux$1658:
      Old ports: A=8'00000000, B=8'11111111, Y=$procmux$1658_Y
      New ports: A=1'0, B=1'1, Y=$procmux$1658_Y [0]
      New connections: $procmux$1658_Y [7:1] = { $procmux$1658_Y [0] $procmux$1658_Y [0] $procmux$1658_Y [0] $procmux$1658_Y [0] $procmux$1658_Y [0] $procmux$1658_Y [0] $procmux$1658_Y [0] }
  Optimizing cells in module \wire_ingress_buffer.
    Consolidated identical input bits for $mux cell $procmux$1719:
      Old ports: A=$2$memwr$\data_q$rtl/common/wire_ingress_buffer.sv:44$1_EN[63:0]$33, B=64'0000000000000000000000000000000000000000000000000000000000000000, Y=$0$memwr$\data_q$rtl/common/wire_ingress_buffer.sv:44$1_EN[63:0]$15
      New ports: A=$procmux$1676_Y [0], B=1'0, Y=$0$memwr$\data_q$rtl/common/wire_ingress_buffer.sv:44$1_EN[63:0]$15 [0]
      New connections: $0$memwr$\data_q$rtl/common/wire_ingress_buffer.sv:44$1_EN[63:0]$15 [63:1] = { $0$memwr$\data_q$rtl/common/wire_ingress_buffer.sv:44$1_EN[63:0]$15 [0] $0$memwr$\data_q$rtl/common/wire_ingress_buffer.sv:44$1_EN[63:0]$15 [0] $0$memwr$\data_q$rtl/common/wire_ingress_buffer.sv:44$1_EN[63:0]$15 [0] $0$memwr$\data_q$rtl/common/wire_ingress_buffer.sv:44$1_EN[63:0]$15 [0] $0$memwr$\data_q$rtl/common/wire_ingress_buffer.sv:44$1_EN[63:0]$15 [0] $0$memwr$\data_q$rtl/common/wire_ingress_buffer.sv:44$1_EN[63:0]$15 [0] $0$memwr$\data_q$rtl/common/wire_ingress_buffer.sv:44$1_EN[63:0]$15 [0] $0$memwr$\data_q$rtl/common/wire_ingress_buffer.sv:44$1_EN[63:0]$15 [0] $0$memwr$\data_q$rtl/common/wire_ingress_buffer.sv:44$1_EN[63:0]$15 [0] $0$memwr$\data_q$rtl/common/wire_ingress_buffer.sv:44$1_EN[63:0]$15 [0] $0$memwr$\data_q$rtl/common/wire_ingress_buffer.sv:44$1_EN[63:0]$15 [0] $0$memwr$\data_q$rtl/common/wire_ingress_buffer.sv:44$1_EN[63:0]$15 [0] $0$memwr$\data_q$rtl/common/wire_ingress_buffer.sv:44$1_EN[63:0]$15 [0] $0$memwr$\data_q$rtl/common/wire_ingress_buffer.sv:44$1_EN[63:0]$15 [0] $0$memwr$\data_q$rtl/common/wire_ingress_buffer.sv:44$1_EN[63:0]$15 [0] $0$memwr$\data_q$rtl/common/wire_ingress_buffer.sv:44$1_EN[63:0]$15 [0] $0$memwr$\data_q$rtl/common/wire_ingress_buffer.sv:44$1_EN[63:0]$15 [0] $0$memwr$\data_q$rtl/common/wire_ingress_buffer.sv:44$1_EN[63:0]$15 [0] $0$memwr$\data_q$rtl/common/wire_ingress_buffer.sv:44$1_EN[63:0]$15 [0] $0$memwr$\data_q$rtl/common/wire_ingress_buffer.sv:44$1_EN[63:0]$15 [0] $0$memwr$\data_q$rtl/common/wire_ingress_buffer.sv:44$1_EN[63:0]$15 [0] $0$memwr$\data_q$rtl/common/wire_ingress_buffer.sv:44$1_EN[63:0]$15 [0] $0$memwr$\data_q$rtl/common/wire_ingress_buffer.sv:44$1_EN[63:0]$15 [0] $0$memwr$\data_q$rtl/common/wire_ingress_buffer.sv:44$1_EN[63:0]$15 [0] $0$memwr$\data_q$rtl/common/wire_ingress_buffer.sv:44$1_EN[63:0]$15 [0] $0$memwr$\data_q$rtl/common/wire_ingress_buffer.sv:44$1_EN[63:0]$15 [0] $0$memwr$\data_q$rtl/common/wire_ingress_buffer.sv:44$1_EN[63:0]$15 [0] $0$memwr$\data_q$rtl/common/wire_ingress_buffer.sv:44$1_EN[63:0]$15 [0] $0$memwr$\data_q$rtl/common/wire_ingress_buffer.sv:44$1_EN[63:0]$15 [0] $0$memwr$\data_q$rtl/common/wire_ingress_buffer.sv:44$1_EN[63:0]$15 [0] $0$memwr$\data_q$rtl/common/wire_ingress_buffer.sv:44$1_EN[63:0]$15 [0] $0$memwr$\data_q$rtl/common/wire_ingress_buffer.sv:44$1_EN[63:0]$15 [0] $0$memwr$\data_q$rtl/common/wire_ingress_buffer.sv:44$1_EN[63:0]$15 [0] $0$memwr$\data_q$rtl/common/wire_ingress_buffer.sv:44$1_EN[63:0]$15 [0] $0$memwr$\data_q$rtl/common/wire_ingress_buffer.sv:44$1_EN[63:0]$15 [0] $0$memwr$\data_q$rtl/common/wire_ingress_buffer.sv:44$1_EN[63:0]$15 [0] $0$memwr$\data_q$rtl/common/wire_ingress_buffer.sv:44$1_EN[63:0]$15 [0] $0$memwr$\data_q$rtl/common/wire_ingress_buffer.sv:44$1_EN[63:0]$15 [0] $0$memwr$\data_q$rtl/common/wire_ingress_buffer.sv:44$1_EN[63:0]$15 [0] $0$memwr$\data_q$rtl/common/wire_ingress_buffer.sv:44$1_EN[63:0]$15 [0] $0$memwr$\data_q$rtl/common/wire_ingress_buffer.sv:44$1_EN[63:0]$15 [0] $0$memwr$\data_q$rtl/common/wire_ingress_buffer.sv:44$1_EN[63:0]$15 [0] $0$memwr$\data_q$rtl/common/wire_ingress_buffer.sv:44$1_EN[63:0]$15 [0] $0$memwr$\data_q$rtl/common/wire_ingress_buffer.sv:44$1_EN[63:0]$15 [0] $0$memwr$\data_q$rtl/common/wire_ingress_buffer.sv:44$1_EN[63:0]$15 [0] $0$memwr$\data_q$rtl/common/wire_ingress_buffer.sv:44$1_EN[63:0]$15 [0] $0$memwr$\data_q$rtl/common/wire_ingress_buffer.sv:44$1_EN[63:0]$15 [0] $0$memwr$\data_q$rtl/common/wire_ingress_buffer.sv:44$1_EN[63:0]$15 [0] $0$memwr$\data_q$rtl/common/wire_ingress_buffer.sv:44$1_EN[63:0]$15 [0] $0$memwr$\data_q$rtl/common/wire_ingress_buffer.sv:44$1_EN[63:0]$15 [0] $0$memwr$\data_q$rtl/common/wire_ingress_buffer.sv:44$1_EN[63:0]$15 [0] $0$memwr$\data_q$rtl/common/wire_ingress_buffer.sv:44$1_EN[63:0]$15 [0] $0$memwr$\data_q$rtl/common/wire_ingress_buffer.sv:44$1_EN[63:0]$15 [0] $0$memwr$\data_q$rtl/common/wire_ingress_buffer.sv:44$1_EN[63:0]$15 [0] $0$memwr$\data_q$rtl/common/wire_ingress_buffer.sv:44$1_EN[63:0]$15 [0] $0$memwr$\data_q$rtl/common/wire_ingress_buffer.sv:44$1_EN[63:0]$15 [0] $0$memwr$\data_q$rtl/common/wire_ingress_buffer.sv:44$1_EN[63:0]$15 [0] $0$memwr$\data_q$rtl/common/wire_ingress_buffer.sv:44$1_EN[63:0]$15 [0] $0$memwr$\data_q$rtl/common/wire_ingress_buffer.sv:44$1_EN[63:0]$15 [0] $0$memwr$\data_q$rtl/common/wire_ingress_buffer.sv:44$1_EN[63:0]$15 [0] $0$memwr$\data_q$rtl/common/wire_ingress_buffer.sv:44$1_EN[63:0]$15 [0] $0$memwr$\data_q$rtl/common/wire_ingress_buffer.sv:44$1_EN[63:0]$15 [0] $0$memwr$\data_q$rtl/common/wire_ingress_buffer.sv:44$1_EN[63:0]$15 [0] }
    Consolidated identical input bits for $mux cell $procmux$1710:
      Old ports: A=$2$memwr$\keep_q$rtl/common/wire_ingress_buffer.sv:45$2_EN[7:0]$36, B=8'00000000, Y=$0$memwr$\keep_q$rtl/common/wire_ingress_buffer.sv:45$2_EN[7:0]$18
      New ports: A=$procmux$1658_Y [0], B=1'0, Y=$0$memwr$\keep_q$rtl/common/wire_ingress_buffer.sv:45$2_EN[7:0]$18 [0]
      New connections: $0$memwr$\keep_q$rtl/common/wire_ingress_buffer.sv:45$2_EN[7:0]$18 [7:1] = { $0$memwr$\keep_q$rtl/common/wire_ingress_buffer.sv:45$2_EN[7:0]$18 [0] $0$memwr$\keep_q$rtl/common/wire_ingress_buffer.sv:45$2_EN[7:0]$18 [0] $0$memwr$\keep_q$rtl/common/wire_ingress_buffer.sv:45$2_EN[7:0]$18 [0] $0$memwr$\keep_q$rtl/common/wire_ingress_buffer.sv:45$2_EN[7:0]$18 [0] $0$memwr$\keep_q$rtl/common/wire_ingress_buffer.sv:45$2_EN[7:0]$18 [0] $0$memwr$\keep_q$rtl/common/wire_ingress_buffer.sv:45$2_EN[7:0]$18 [0] $0$memwr$\keep_q$rtl/common/wire_ingress_buffer.sv:45$2_EN[7:0]$18 [0] }
  Optimizing cells in module \wire_ingress_buffer.
Performed a total of 7 changes.

10.6.5. Executing OPT_MERGE pass (detect identical cells).
Finding identical cells in module `\wire_buffer_gearbox_eth_ipv4_udp_top'.
Computing hashes of 5 cells of `\wire_buffer_gearbox_eth_ipv4_udp_top'.
Finding duplicate cells in `\wire_buffer_gearbox_eth_ipv4_udp_top'.
Finding identical cells in module `\wire_udp_parser'.
Computing hashes of 188 cells of `\wire_udp_parser'.
Finding duplicate cells in `\wire_udp_parser'.
Computing hashes of 180 cells of `\wire_udp_parser'.
Finding duplicate cells in `\wire_udp_parser'.
<suppressed ~24 debug messages>
Finding identical cells in module `\wire_ipv4_parser'.
Computing hashes of 160 cells of `\wire_ipv4_parser'.
Finding duplicate cells in `\wire_ipv4_parser'.
Finding identical cells in module `\wire_eth_parser'.
Computing hashes of 84 cells of `\wire_eth_parser'.
Finding duplicate cells in `\wire_eth_parser'.
Computing hashes of 82 cells of `\wire_eth_parser'.
Finding duplicate cells in `\wire_eth_parser'.
<suppressed ~6 debug messages>
Finding identical cells in module `\wire_gearbox_64to8'.
Computing hashes of 42 cells of `\wire_gearbox_64to8'.
Finding duplicate cells in `\wire_gearbox_64to8'.
Finding identical cells in module `\wire_ingress_buffer'.
Computing hashes of 44 cells of `\wire_ingress_buffer'.
Finding duplicate cells in `\wire_ingress_buffer'.
Computing hashes of 40 cells of `\wire_ingress_buffer'.
Finding duplicate cells in `\wire_ingress_buffer'.
Computing hashes of 36 cells of `\wire_ingress_buffer'.
Finding duplicate cells in `\wire_ingress_buffer'.
<suppressed ~24 debug messages>
Removed a total of 18 cells.

10.6.6. Executing OPT_DFF pass (perform DFF optimizations).

10.6.7. Executing OPT_CLEAN pass (remove unused cells and wires).
Finding unused cells or wires in module \wire_buffer_gearbox_eth_ipv4_udp_top..
Finding unused cells or wires in module \wire_udp_parser..
Finding unused cells or wires in module \wire_ipv4_parser..
Finding unused cells or wires in module \wire_eth_parser..
Finding unused cells or wires in module \wire_gearbox_64to8..
Finding unused cells or wires in module \wire_ingress_buffer..
Removed 0 unused cells and 144 unused wires.
<suppressed ~5 debug messages>

10.6.8. Executing OPT_EXPR pass (perform const folding).
Optimizing module wire_buffer_gearbox_eth_ipv4_udp_top.
Optimizing module wire_udp_parser.
<suppressed ~2 debug messages>
Optimizing module wire_ipv4_parser.
Optimizing module wire_eth_parser.
Optimizing module wire_gearbox_64to8.
Optimizing module wire_ingress_buffer.

10.6.9. Rerunning OPT passes. (Maybe there is more to do..)

10.6.10. Executing OPT_MUXTREE pass (detect dead branches in mux trees).
Running muxtree optimizer on module \wire_buffer_gearbox_eth_ipv4_udp_top..
  Creating internal representation of mux trees.
  No muxes found in this module.
Running muxtree optimizer on module \wire_udp_parser..
  Creating internal representation of mux trees.
  Evaluating internal representation of mux trees.
  Analyzing evaluation results.
Running muxtree optimizer on module \wire_ipv4_parser..
  Creating internal representation of mux trees.
  Evaluating internal representation of mux trees.
  Analyzing evaluation results.
Running muxtree optimizer on module \wire_eth_parser..
  Creating internal representation of mux trees.
  Evaluating internal representation of mux trees.
  Analyzing evaluation results.
Running muxtree optimizer on module \wire_gearbox_64to8..
  Creating internal representation of mux trees.
  Evaluating internal representation of mux trees.
  Analyzing evaluation results.
Running muxtree optimizer on module \wire_ingress_buffer..
  Creating internal representation of mux trees.
  Evaluating internal representation of mux trees.
  Analyzing evaluation results.
Removed 0 multiplexer ports.
<suppressed ~490 debug messages>

10.6.11. Executing OPT_REDUCE pass (consolidate $*mux and $reduce_* inputs).
  Optimizing cells in module \wire_buffer_gearbox_eth_ipv4_udp_top.
  Optimizing cells in module \wire_udp_parser.
  Optimizing cells in module \wire_ipv4_parser.
  Optimizing cells in module \wire_eth_parser.
  Optimizing cells in module \wire_gearbox_64to8.
  Optimizing cells in module \wire_ingress_buffer.
Performed a total of 0 changes.

10.6.12. Executing OPT_MERGE pass (detect identical cells).
Finding identical cells in module `\wire_buffer_gearbox_eth_ipv4_udp_top'.
Computing hashes of 5 cells of `\wire_buffer_gearbox_eth_ipv4_udp_top'.
Finding duplicate cells in `\wire_buffer_gearbox_eth_ipv4_udp_top'.
Finding identical cells in module `\wire_udp_parser'.
Computing hashes of 178 cells of `\wire_udp_parser'.
Finding duplicate cells in `\wire_udp_parser'.
Finding identical cells in module `\wire_ipv4_parser'.
Computing hashes of 160 cells of `\wire_ipv4_parser'.
Finding duplicate cells in `\wire_ipv4_parser'.
Finding identical cells in module `\wire_eth_parser'.
Computing hashes of 82 cells of `\wire_eth_parser'.
Finding duplicate cells in `\wire_eth_parser'.
Finding identical cells in module `\wire_gearbox_64to8'.
Computing hashes of 42 cells of `\wire_gearbox_64to8'.
Finding duplicate cells in `\wire_gearbox_64to8'.
Finding identical cells in module `\wire_ingress_buffer'.
Computing hashes of 36 cells of `\wire_ingress_buffer'.
Finding duplicate cells in `\wire_ingress_buffer'.
Removed a total of 0 cells.

10.6.13. Executing OPT_DFF pass (perform DFF optimizations).

10.6.14. Executing OPT_CLEAN pass (remove unused cells and wires).
Finding unused cells or wires in module \wire_buffer_gearbox_eth_ipv4_udp_top..
Finding unused cells or wires in module \wire_udp_parser..
Finding unused cells or wires in module \wire_ipv4_parser..
Finding unused cells or wires in module \wire_eth_parser..
Finding unused cells or wires in module \wire_gearbox_64to8..
Finding unused cells or wires in module \wire_ingress_buffer..
Removed 0 unused cells and 2 unused wires.
<suppressed ~1 debug messages>

10.6.15. Executing OPT_EXPR pass (perform const folding).
Optimizing module wire_buffer_gearbox_eth_ipv4_udp_top.
Optimizing module wire_udp_parser.
Optimizing module wire_ipv4_parser.
Optimizing module wire_eth_parser.
Optimizing module wire_gearbox_64to8.
Optimizing module wire_ingress_buffer.

10.6.16. Rerunning OPT passes. (Maybe there is more to do..)

10.6.17. Executing OPT_MUXTREE pass (detect dead branches in mux trees).
Running muxtree optimizer on module \wire_buffer_gearbox_eth_ipv4_udp_top..
  Creating internal representation of mux trees.
  No muxes found in this module.
Running muxtree optimizer on module \wire_udp_parser..
  Creating internal representation of mux trees.
  Evaluating internal representation of mux trees.
  Analyzing evaluation results.
Running muxtree optimizer on module \wire_ipv4_parser..
  Creating internal representation of mux trees.
  Evaluating internal representation of mux trees.
  Analyzing evaluation results.
Running muxtree optimizer on module \wire_eth_parser..
  Creating internal representation of mux trees.
  Evaluating internal representation of mux trees.
  Analyzing evaluation results.
Running muxtree optimizer on module \wire_gearbox_64to8..
  Creating internal representation of mux trees.
  Evaluating internal representation of mux trees.
  Analyzing evaluation results.
Running muxtree optimizer on module \wire_ingress_buffer..
  Creating internal representation of mux trees.
  Evaluating internal representation of mux trees.
  Analyzing evaluation results.
Removed 0 multiplexer ports.
<suppressed ~490 debug messages>

10.6.18. Executing OPT_REDUCE pass (consolidate $*mux and $reduce_* inputs).
  Optimizing cells in module \wire_buffer_gearbox_eth_ipv4_udp_top.
  Optimizing cells in module \wire_udp_parser.
  Optimizing cells in module \wire_ipv4_parser.
  Optimizing cells in module \wire_eth_parser.
  Optimizing cells in module \wire_gearbox_64to8.
  Optimizing cells in module \wire_ingress_buffer.
Performed a total of 0 changes.

10.6.19. Executing OPT_MERGE pass (detect identical cells).
Finding identical cells in module `\wire_buffer_gearbox_eth_ipv4_udp_top'.
Computing hashes of 5 cells of `\wire_buffer_gearbox_eth_ipv4_udp_top'.
Finding duplicate cells in `\wire_buffer_gearbox_eth_ipv4_udp_top'.
Finding identical cells in module `\wire_udp_parser'.
Computing hashes of 178 cells of `\wire_udp_parser'.
Finding duplicate cells in `\wire_udp_parser'.
Finding identical cells in module `\wire_ipv4_parser'.
Computing hashes of 160 cells of `\wire_ipv4_parser'.
Finding duplicate cells in `\wire_ipv4_parser'.
Finding identical cells in module `\wire_eth_parser'.
Computing hashes of 82 cells of `\wire_eth_parser'.
Finding duplicate cells in `\wire_eth_parser'.
Finding identical cells in module `\wire_gearbox_64to8'.
Computing hashes of 42 cells of `\wire_gearbox_64to8'.
Finding duplicate cells in `\wire_gearbox_64to8'.
Finding identical cells in module `\wire_ingress_buffer'.
Computing hashes of 36 cells of `\wire_ingress_buffer'.
Finding duplicate cells in `\wire_ingress_buffer'.
Removed a total of 0 cells.

10.6.20. Executing OPT_DFF pass (perform DFF optimizations).

10.6.21. Executing OPT_CLEAN pass (remove unused cells and wires).
Finding unused cells or wires in module \wire_buffer_gearbox_eth_ipv4_udp_top..
Finding unused cells or wires in module \wire_udp_parser..
Finding unused cells or wires in module \wire_ipv4_parser..
Finding unused cells or wires in module \wire_eth_parser..
Finding unused cells or wires in module \wire_gearbox_64to8..
Finding unused cells or wires in module \wire_ingress_buffer..

10.6.22. Executing OPT_EXPR pass (perform const folding).
Optimizing module wire_buffer_gearbox_eth_ipv4_udp_top.
Optimizing module wire_udp_parser.
Optimizing module wire_ipv4_parser.
Optimizing module wire_eth_parser.
Optimizing module wire_gearbox_64to8.
Optimizing module wire_ingress_buffer.

10.6.23. Finished fast OPT passes. (There is nothing left to do.)

10.7. Executing FSM pass (extract and optimize FSM).

10.7.1. Executing FSM_DETECT pass (finding FSMs in design).
Not marking wire_udp_parser.pending_code_q as FSM state register:
    Users of register don't seem to benefit from recoding.
Found FSM state register wire_udp_parser.state_q.
Not marking wire_ipv4_parser.reject_code_q as FSM state register:
    Register is connected to module port.
    Users of register don't seem to benefit from recoding.
Found FSM state register wire_ipv4_parser.state_q.
Not marking wire_eth_parser.reject_code_q as FSM state register:
    Register is connected to module port.
    Users of register don't seem to benefit from recoding.
Found FSM state register wire_eth_parser.state_q.
Found FSM state register wire_gearbox_64to8.count_q.

10.7.2. Executing FSM_EXTRACT pass (extracting FSM from design).
Extracting FSM `\state_q' from module `\wire_udp_parser'.
  found $dff cell for state register: $procdff$1738
  root of input selection tree: $0\state_q[1:0]
  found reset state: 2'00 (guessed from mux tree)
  found ctrl input: \rst
  found ctrl input: \input_fire
  found ctrl input: $logic_and$rtl/arch_a/wire_udp_parser.sv:91$249_Y
  found ctrl input: $logic_and$rtl/arch_a/wire_udp_parser.sv:82$247_Y
  found ctrl input: \payload_last_q
  found state code: 2'00
  found ctrl input: $eq$rtl/arch_a/wire_udp_parser.sv:62$231_Y
  found ctrl input: $eq$rtl/arch_a/wire_udp_parser.sv:63$233_Y
  found ctrl input: $eq$rtl/arch_a/wire_udp_parser.sv:62$230_Y
  found ctrl input: \in_last
  found state code: 2'11
  found ctrl input: $logic_and$rtl/arch_a/wire_udp_parser.sv:166$278_Y
  found ctrl input: $eq$rtl/arch_a/wire_udp_parser.sv:170$279_Y
  found state code: 2'10
  found ctrl input: $logic_and$rtl/arch_a/wire_udp_parser.sv:99$255_Y
  found ctrl input: $lt$rtl/arch_a/wire_udp_parser.sv:103$258_Y
  found ctrl input: $lt$rtl/arch_a/wire_udp_parser.sv:111$273_Y
  found ctrl input: $eq$rtl/arch_a/wire_udp_parser.sv:121$274_Y
  found ctrl input: $logic_or$rtl/arch_a/wire_udp_parser.sv:139$275_Y
  found state code: 2'01
  found ctrl output: \reject_valid
  found ctrl output: $eq$rtl/arch_a/wire_udp_parser.sv:62$230_Y
  found ctrl output: $eq$rtl/arch_a/wire_udp_parser.sv:62$231_Y
  found ctrl output: $eq$rtl/arch_a/wire_udp_parser.sv:63$233_Y
  ctrl inputs: { $eq$rtl/arch_a/wire_udp_parser.sv:170$279_Y $logic_and$rtl/arch_a/wire_udp_parser.sv:166$278_Y $logic_or$rtl/arch_a/wire_udp_parser.sv:139$275_Y $eq$rtl/arch_a/wire_udp_parser.sv:121$274_Y $lt$rtl/arch_a/wire_udp_parser.sv:111$273_Y $lt$rtl/arch_a/wire_udp_parser.sv:103$258_Y $logic_and$rtl/arch_a/wire_udp_parser.sv:99$255_Y $logic_and$rtl/arch_a/wire_udp_parser.sv:91$249_Y $logic_and$rtl/arch_a/wire_udp_parser.sv:82$247_Y \input_fire \payload_last_q \in_last \rst }
  ctrl outputs: { $eq$rtl/arch_a/wire_udp_parser.sv:63$233_Y $eq$rtl/arch_a/wire_udp_parser.sv:62$231_Y $eq$rtl/arch_a/wire_udp_parser.sv:62$230_Y $0\state_q[1:0] \reject_valid }
  transition:       2'00 13'-------000--0 ->       2'00 6'001000
  transition:       2'00 13'-------0100-0 ->       2'00 6'001000
  transition:       2'00 13'-------0101-0 ->       2'00 6'001000
  transition:       2'00 13'-------1-0--0 ->       2'00 6'001000
  transition:       2'00 13'--00000--1-00 ->       2'01 6'001010
  transition:       2'00 13'--00000--1-10 ->       2'11 6'001110
  transition:       2'00 13'--10000--1-00 ->       2'10 6'001100
  transition:       2'00 13'--10000--1-10 ->       2'11 6'001110
  transition:       2'00 13'---1000--1-00 ->       2'10 6'001100
  transition:       2'00 13'---1000--1-10 ->       2'11 6'001110
  transition:       2'00 13'----100--1-00 ->       2'10 6'001100
  transition:       2'00 13'----100--1-10 ->       2'11 6'001110
  transition:       2'00 13'-----10001--0 ->       2'00 6'001000
  transition:       2'00 13'-----100110-0 ->       2'00 6'001000
  transition:       2'00 13'-----100111-0 ->       2'00 6'001000
  transition:       2'00 13'-----101-1--0 ->       2'00 6'001000
  transition:       2'00 13'------1--1--0 ->       2'11 6'001110
  transition:       2'00 13'------------1 ->       2'00 6'001000
  transition:       2'10 13'-------000--0 ->       2'10 6'010100
  transition:       2'10 13'-------0100-0 ->       2'10 6'010100
  transition:       2'10 13'-------0101-0 ->       2'00 6'010000
  transition:       2'10 13'-------1-0--0 ->       2'00 6'010000
  transition:       2'10 13'-------001-00 ->       2'10 6'010100
  transition:       2'10 13'-------011000 ->       2'10 6'010100
  transition:       2'10 13'-------011100 ->       2'00 6'010000
  transition:       2'10 13'-------1-1-00 ->       2'00 6'010000
  transition:       2'10 13'---------1-10 ->       2'11 6'010110
  transition:       2'10 13'------------1 ->       2'00 6'010000
  transition:       2'01 13'-------000--0 ->       2'01 6'100010
  transition:       2'01 13'-------0100-0 ->       2'01 6'100010
  transition:       2'01 13'-------0101-0 ->       2'00 6'100000
  transition:       2'01 13'-------1-0--0 ->       2'00 6'100000
  transition:       2'01 13'00-----001--0 ->       2'01 6'100010
  transition:       2'01 13'00-----0110-0 ->       2'01 6'100010
  transition:       2'01 13'00-----0111-0 ->       2'00 6'100000
  transition:       2'01 13'00-----1-1--0 ->       2'00 6'100000
  transition:       2'01 13'10-------1-00 ->       2'10 6'100100
  transition:       2'01 13'10-----001-10 ->       2'01 6'100010
  transition:       2'01 13'10-----011010 ->       2'01 6'100010
  transition:       2'01 13'10-----011110 ->       2'00 6'100000
  transition:       2'01 13'10-----1-1-10 ->       2'00 6'100000
  transition:       2'01 13'-1-------1--0 ->       2'11 6'100110
  transition:       2'01 13'------------1 ->       2'00 6'100000
  transition:       2'11 13'-------000--0 ->       2'11 6'000111
  transition:       2'11 13'-------0100-0 ->       2'11 6'000111
  transition:       2'11 13'-------0101-0 ->       2'00 6'000001
  transition:       2'11 13'-------1-0--0 ->       2'00 6'000001
  transition:       2'11 13'-------001--0 ->       2'11 6'000111
  transition:       2'11 13'-------0110-0 ->       2'11 6'000111
  transition:       2'11 13'-------0111-0 ->       2'00 6'000001
  transition:       2'11 13'-------1-1--0 ->       2'00 6'000001
  transition:       2'11 13'------------1 ->       2'00 6'000001
Extracting FSM `\state_q' from module `\wire_ipv4_parser'.
  found $dff cell for state register: $procdff$1753
  root of input selection tree: $0\state_q[2:0]
  found reset state: 3'000 (guessed from mux tree)
  found ctrl input: \rst
  found ctrl input: \input_fire
  found ctrl input: $logic_and$rtl/arch_a/wire_ipv4_parser.sv:142$126_Y
  found ctrl input: $logic_and$rtl/arch_a/wire_ipv4_parser.sv:132$123_Y
  found ctrl input: \payload_last_q
  found ctrl input: \payload_physical_last_q
  found state code: 3'010
  found state code: 3'000
  found ctrl input: $eq$rtl/arch_a/wire_ipv4_parser.sv:113$101_Y
  found ctrl input: $eq$rtl/arch_a/wire_ipv4_parser.sv:114$103_Y
  found ctrl input: $eq$rtl/arch_a/wire_ipv4_parser.sv:115$105_Y
  found ctrl input: $eq$rtl/arch_a/wire_ipv4_parser.sv:112$100_Y
  found ctrl input: \in_last
  found state code: 3'100
  found ctrl input: $logic_and$rtl/arch_a/wire_ipv4_parser.sv:183$173_Y
  found ctrl input: $logic_and$rtl/arch_a/wire_ipv4_parser.sv:150$136_Y
  found ctrl input: $lt$rtl/arch_a/wire_ipv4_parser.sv:150$135_Y
  found ctrl input: $eq$rtl/arch_a/wire_ipv4_parser.sv:159$158_Y
  found state code: 3'011
  found ctrl input: $eq$rtl/arch_a/wire_ipv4_parser.sv:160$161_Y
  found state code: 3'001
  found ctrl output: \reject_valid
  found ctrl output: $eq$rtl/arch_a/wire_ipv4_parser.sv:115$105_Y
  found ctrl output: $eq$rtl/arch_a/wire_ipv4_parser.sv:112$100_Y
  found ctrl output: $eq$rtl/arch_a/wire_ipv4_parser.sv:113$101_Y
  found ctrl output: $eq$rtl/arch_a/wire_ipv4_parser.sv:114$103_Y
  ctrl inputs: { $logic_and$rtl/arch_a/wire_ipv4_parser.sv:183$173_Y $eq$rtl/arch_a/wire_ipv4_parser.sv:160$161_Y $eq$rtl/arch_a/wire_ipv4_parser.sv:159$158_Y $logic_and$rtl/arch_a/wire_ipv4_parser.sv:150$136_Y $lt$rtl/arch_a/wire_ipv4_parser.sv:150$135_Y $logic_and$rtl/arch_a/wire_ipv4_parser.sv:142$126_Y $logic_and$rtl/arch_a/wire_ipv4_parser.sv:132$123_Y \payload_physical_last_q \input_fire \payload_last_q \in_last \rst }
  ctrl outputs: { $0\state_q[2:0] $eq$rtl/arch_a/wire_ipv4_parser.sv:115$105_Y $eq$rtl/arch_a/wire_ipv4_parser.sv:114$103_Y $eq$rtl/arch_a/wire_ipv4_parser.sv:113$101_Y $eq$rtl/arch_a/wire_ipv4_parser.sv:112$100_Y \reject_valid }
  transition:      3'000 12'-----00-0--0 ->      3'000 8'00000010
  transition:      3'000 12'-----01-00-0 ->      3'000 8'00000010
  transition:      3'000 12'-----01001-0 ->      3'010 8'01000010
  transition:      3'000 12'-----01101-0 ->      3'000 8'00000010
  transition:      3'000 12'-----1--0--0 ->      3'000 8'00000010
  transition:      3'000 12'--000---1-00 ->      3'011 8'01100010
  transition:      3'000 12'--000---1-10 ->      3'100 8'10000010
  transition:      3'000 12'-0100---1-00 ->      3'001 8'00100010
  transition:      3'000 12'-0100---1-10 ->      3'100 8'10000010
  transition:      3'000 12'-1100---1--0 ->      3'100 8'10000010
  transition:      3'000 12'---0100-1--0 ->      3'000 8'00000010
  transition:      3'000 12'---0101-10-0 ->      3'000 8'00000010
  transition:      3'000 12'---0101011-0 ->      3'010 8'01000010
  transition:      3'000 12'---0101111-0 ->      3'000 8'00000010
  transition:      3'000 12'---011--1--0 ->      3'000 8'00000010
  transition:      3'000 12'---1----1--0 ->      3'100 8'10000010
  transition:      3'000 12'-----------1 ->      3'000 8'00000010
  transition:      3'100 12'-----00-0--0 ->      3'100 8'10000001
  transition:      3'100 12'-----01-00-0 ->      3'100 8'10000001
  transition:      3'100 12'-----01001-0 ->      3'010 8'01000001
  transition:      3'100 12'-----01101-0 ->      3'000 8'00000001
  transition:      3'100 12'-----1--0--0 ->      3'000 8'00000001
  transition:      3'100 12'-----00-1--0 ->      3'100 8'10000001
  transition:      3'100 12'-----01-10-0 ->      3'100 8'10000001
  transition:      3'100 12'-----01011-0 ->      3'010 8'01000001
  transition:      3'100 12'-----01111-0 ->      3'000 8'00000001
  transition:      3'100 12'-----1--1--0 ->      3'000 8'00000001
  transition:      3'100 12'-----------1 ->      3'000 8'00000001
  transition:      3'010 12'-----00-0--0 ->      3'010 8'01001000
  transition:      3'010 12'-----01-00-0 ->      3'010 8'01001000
  transition:      3'010 12'-----01001-0 ->      3'010 8'01001000
  transition:      3'010 12'-----01101-0 ->      3'000 8'00001000
  transition:      3'010 12'-----1--0--0 ->      3'000 8'00001000
  transition:      3'010 12'-----00-1-00 ->      3'010 8'01001000
  transition:      3'010 12'-----01-1000 ->      3'010 8'01001000
  transition:      3'010 12'-----0101100 ->      3'010 8'01001000
  transition:      3'010 12'-----0111100 ->      3'000 8'00001000
  transition:      3'010 12'-----1--1-00 ->      3'000 8'00001000
  transition:      3'010 12'--------1-10 ->      3'000 8'00001000
  transition:      3'010 12'-----------1 ->      3'000 8'00001000
  transition:      3'001 12'-----00-0--0 ->      3'001 8'00110000
  transition:      3'001 12'-----01-00-0 ->      3'001 8'00110000
  transition:      3'001 12'-----01001-0 ->      3'010 8'01010000
  transition:      3'001 12'-----01101-0 ->      3'000 8'00010000
  transition:      3'001 12'-----1--0--0 ->      3'000 8'00010000
  transition:      3'001 12'0----00-1--0 ->      3'001 8'00110000
  transition:      3'001 12'0----01-10-0 ->      3'001 8'00110000
  transition:      3'001 12'0----01011-0 ->      3'010 8'01010000
  transition:      3'001 12'0----01111-0 ->      3'000 8'00010000
  transition:      3'001 12'0----1--1--0 ->      3'000 8'00010000
  transition:      3'001 12'1-------1--0 ->      3'100 8'10010000
  transition:      3'001 12'-----------1 ->      3'000 8'00010000
  transition:      3'011 12'-----00-0--0 ->      3'011 8'01100100
  transition:      3'011 12'-----01-00-0 ->      3'011 8'01100100
  transition:      3'011 12'-----01001-0 ->      3'010 8'01000100
  transition:      3'011 12'-----01101-0 ->      3'000 8'00000100
  transition:      3'011 12'-----1--0--0 ->      3'000 8'00000100
  transition:      3'011 12'-----00-1-00 ->      3'011 8'01100100
  transition:      3'011 12'-----01-1000 ->      3'011 8'01100100
  transition:      3'011 12'-----0101100 ->      3'010 8'01000100
  transition:      3'011 12'-----0111100 ->      3'000 8'00000100
  transition:      3'011 12'-----1--1-00 ->      3'000 8'00000100
  transition:      3'011 12'--------1-10 ->      3'100 8'10000100
  transition:      3'011 12'-----------1 ->      3'000 8'00000100
Extracting FSM `\state_q' from module `\wire_eth_parser'.
  found $dff cell for state register: $procdff$1767
  root of input selection tree: $0\state_q[1:0]
  found reset state: 2'00 (guessed from mux tree)
  found ctrl input: \rst
  found ctrl input: \input_fire
  found ctrl input: $logic_and$rtl/arch_a/wire_eth_parser.sv:75$86_Y
  found ctrl input: $logic_and$rtl/arch_a/wire_eth_parser.sv:66$84_Y
  found ctrl input: \payload_last_q
  found state code: 2'00
  found ctrl input: $eq$rtl/arch_a/wire_eth_parser.sv:46$72_Y
  found ctrl input: $eq$rtl/arch_a/wire_eth_parser.sv:45$71_Y
  found ctrl input: \in_last
  found state code: 2'11
  found ctrl input: $logic_and$rtl/arch_a/wire_eth_parser.sv:83$88_Y
  found ctrl input: $procmux$1426_CMP
  found ctrl input: $eq$rtl/arch_a/wire_eth_parser.sv:94$89_Y
  found state code: 2'10
  found state code: 2'01
  found ctrl output: \reject_valid
  found ctrl output: $eq$rtl/arch_a/wire_eth_parser.sv:47$74_Y
  found ctrl output: $eq$rtl/arch_a/wire_eth_parser.sv:46$72_Y
  found ctrl output: $eq$rtl/arch_a/wire_eth_parser.sv:45$71_Y
  ctrl inputs: { $procmux$1426_CMP $eq$rtl/arch_a/wire_eth_parser.sv:94$89_Y $logic_and$rtl/arch_a/wire_eth_parser.sv:83$88_Y $logic_and$rtl/arch_a/wire_eth_parser.sv:75$86_Y $logic_and$rtl/arch_a/wire_eth_parser.sv:66$84_Y \input_fire \payload_last_q \in_last \rst }
  ctrl outputs: { $0\state_q[1:0] $eq$rtl/arch_a/wire_eth_parser.sv:47$74_Y $eq$rtl/arch_a/wire_eth_parser.sv:46$72_Y $eq$rtl/arch_a/wire_eth_parser.sv:45$71_Y \reject_valid }
  transition:       2'00 9'---000--0 ->       2'00 6'000010
  transition:       2'00 9'---0100-0 ->       2'00 6'000010
  transition:       2'00 9'---0101-0 ->       2'00 6'000010
  transition:       2'00 9'---1-0--0 ->       2'00 6'000010
  transition:       2'00 9'0-0001--0 ->       2'00 6'000010
  transition:       2'00 9'0-00110-0 ->       2'00 6'000010
  transition:       2'00 9'0-00111-0 ->       2'00 6'000010
  transition:       2'00 9'0-01-1--0 ->       2'00 6'000010
  transition:       2'00 9'100--1-00 ->       2'10 6'100010
  transition:       2'00 9'100--1-10 ->       2'11 6'110010
  transition:       2'00 9'110--1-00 ->       2'01 6'010010
  transition:       2'00 9'110--1-10 ->       2'11 6'110010
  transition:       2'00 9'--1--1--0 ->       2'11 6'110010
  transition:       2'00 9'--------1 ->       2'00 6'000010
  transition:       2'10 9'---000--0 ->       2'10 6'100100
  transition:       2'10 9'---0100-0 ->       2'10 6'100100
  transition:       2'10 9'---0101-0 ->       2'00 6'000100
  transition:       2'10 9'---1-0--0 ->       2'00 6'000100
  transition:       2'10 9'---001-00 ->       2'10 6'100100
  transition:       2'10 9'---011000 ->       2'10 6'100100
  transition:       2'10 9'---011100 ->       2'00 6'000100
  transition:       2'10 9'---1-1-00 ->       2'00 6'000100
  transition:       2'10 9'-----1-10 ->       2'11 6'110100
  transition:       2'10 9'--------1 ->       2'00 6'000100
  transition:       2'01 9'---000--0 ->       2'01 6'011000
  transition:       2'01 9'---0100-0 ->       2'01 6'011000
  transition:       2'01 9'---0101-0 ->       2'00 6'001000
  transition:       2'01 9'---1-0--0 ->       2'00 6'001000
  transition:       2'01 9'---001--0 ->       2'01 6'011000
  transition:       2'01 9'---0110-0 ->       2'01 6'011000
  transition:       2'01 9'---0111-0 ->       2'00 6'001000
  transition:       2'01 9'---1-1--0 ->       2'00 6'001000
  transition:       2'01 9'--------1 ->       2'00 6'001000
  transition:       2'11 9'---000--0 ->       2'11 6'110001
  transition:       2'11 9'---0100-0 ->       2'11 6'110001
  transition:       2'11 9'---0101-0 ->       2'00 6'000001
  transition:       2'11 9'---1-0--0 ->       2'00 6'000001
  transition:       2'11 9'---001--0 ->       2'11 6'110001
  transition:       2'11 9'---0110-0 ->       2'11 6'110001
  transition:       2'11 9'---0111-0 ->       2'00 6'000001
  transition:       2'11 9'---1-1--0 ->       2'00 6'000001
  transition:       2'11 9'--------1 ->       2'00 6'000001
Extracting FSM `\count_q' from module `\wire_gearbox_64to8'.
  found $dff cell for state register: $procdff$1777
  root of input selection tree: $0\count_q[3:0]
  found reset state: 4'0000 (guessed from mux tree)
  found ctrl input: \rst
  found ctrl input: $logic_and$rtl/arch_a/wire_gearbox_64to8.sv:56$62_Y
  found ctrl input: $procmux$1563_CMP
  found ctrl input: $procmux$1564_CMP
  found ctrl input: $procmux$1565_CMP
  found ctrl input: $procmux$1566_CMP
  found ctrl input: $procmux$1567_CMP
  found ctrl input: $procmux$1568_CMP
  found ctrl input: $procmux$1569_CMP
  found ctrl input: $procmux$1570_CMP
  found state code: 4'0000
  found state code: 4'1000
  found state code: 4'0111
  found state code: 4'0110
  found state code: 4'0101
  found state code: 4'0100
  found state code: 4'0011
  found state code: 4'0010
  found state code: 4'0001
  ctrl inputs: { $procmux$1570_CMP $procmux$1569_CMP $procmux$1568_CMP $procmux$1567_CMP $procmux$1566_CMP $procmux$1565_CMP $procmux$1564_CMP $procmux$1563_CMP $logic_and$rtl/arch_a/wire_gearbox_64to8.sv:56$62_Y \rst }
  ctrl outputs: $0\count_q[3:0]
  transition:     4'0000 10'--------00 ->     4'0000 4'0000
  transition:     4'0000 10'0000000010 ->     4'0000 4'0000
  transition:     4'0000 10'1-------10 ->     4'0001 4'0001
  transition:     4'0000 10'-1------10 ->     4'0010 4'0010
  transition:     4'0000 10'--1-----10 ->     4'0011 4'0011
  transition:     4'0000 10'---1----10 ->     4'0100 4'0100
  transition:     4'0000 10'----1---10 ->     4'0101 4'0101
  transition:     4'0000 10'-----1--10 ->     4'0110 4'0110
  transition:     4'0000 10'------1-10 ->     4'0111 4'0111
  transition:     4'0000 10'-------110 ->     4'1000 4'1000
  transition:     4'0000 10'---------1 ->     4'0000 4'0000
  transition:     4'1000 10'--------00 ->     4'1000 4'1000
  transition:     4'1000 10'0000000010 ->     4'0000 4'0000
  transition:     4'1000 10'1-------10 ->     4'0001 4'0001
  transition:     4'1000 10'-1------10 ->     4'0010 4'0010
  transition:     4'1000 10'--1-----10 ->     4'0011 4'0011
  transition:     4'1000 10'---1----10 ->     4'0100 4'0100
  transition:     4'1000 10'----1---10 ->     4'0101 4'0101
  transition:     4'1000 10'-----1--10 ->     4'0110 4'0110
  transition:     4'1000 10'------1-10 ->     4'0111 4'0111
  transition:     4'1000 10'-------110 ->     4'1000 4'1000
  transition:     4'1000 10'---------1 ->     4'0000 4'0000
  transition:     4'0100 10'--------00 ->     4'0100 4'0100
  transition:     4'0100 10'0000000010 ->     4'0000 4'0000
  transition:     4'0100 10'1-------10 ->     4'0001 4'0001
  transition:     4'0100 10'-1------10 ->     4'0010 4'0010
  transition:     4'0100 10'--1-----10 ->     4'0011 4'0011
  transition:     4'0100 10'---1----10 ->     4'0100 4'0100
  transition:     4'0100 10'----1---10 ->     4'0101 4'0101
  transition:     4'0100 10'-----1--10 ->     4'0110 4'0110
  transition:     4'0100 10'------1-10 ->     4'0111 4'0111
  transition:     4'0100 10'-------110 ->     4'1000 4'1000
  transition:     4'0100 10'---------1 ->     4'0000 4'0000
  transition:     4'0010 10'--------00 ->     4'0010 4'0010
  transition:     4'0010 10'0000000010 ->     4'0000 4'0000
  transition:     4'0010 10'1-------10 ->     4'0001 4'0001
  transition:     4'0010 10'-1------10 ->     4'0010 4'0010
  transition:     4'0010 10'--1-----10 ->     4'0011 4'0011
  transition:     4'0010 10'---1----10 ->     4'0100 4'0100
  transition:     4'0010 10'----1---10 ->     4'0101 4'0101
  transition:     4'0010 10'-----1--10 ->     4'0110 4'0110
  transition:     4'0010 10'------1-10 ->     4'0111 4'0111
  transition:     4'0010 10'-------110 ->     4'1000 4'1000
  transition:     4'0010 10'---------1 ->     4'0000 4'0000
  transition:     4'0110 10'--------00 ->     4'0110 4'0110
  transition:     4'0110 10'0000000010 ->     4'0000 4'0000
  transition:     4'0110 10'1-------10 ->     4'0001 4'0001
  transition:     4'0110 10'-1------10 ->     4'0010 4'0010
  transition:     4'0110 10'--1-----10 ->     4'0011 4'0011
  transition:     4'0110 10'---1----10 ->     4'0100 4'0100
  transition:     4'0110 10'----1---10 ->     4'0101 4'0101
  transition:     4'0110 10'-----1--10 ->     4'0110 4'0110
  transition:     4'0110 10'------1-10 ->     4'0111 4'0111
  transition:     4'0110 10'-------110 ->     4'1000 4'1000
  transition:     4'0110 10'---------1 ->     4'0000 4'0000
  transition:     4'0001 10'--------00 ->     4'0001 4'0001
  transition:     4'0001 10'0000000010 ->     4'0000 4'0000
  transition:     4'0001 10'1-------10 ->     4'0001 4'0001
  transition:     4'0001 10'-1------10 ->     4'0010 4'0010
  transition:     4'0001 10'--1-----10 ->     4'0011 4'0011
  transition:     4'0001 10'---1----10 ->     4'0100 4'0100
  transition:     4'0001 10'----1---10 ->     4'0101 4'0101
  transition:     4'0001 10'-----1--10 ->     4'0110 4'0110
  transition:     4'0001 10'------1-10 ->     4'0111 4'0111
  transition:     4'0001 10'-------110 ->     4'1000 4'1000
  transition:     4'0001 10'---------1 ->     4'0000 4'0000
  transition:     4'0101 10'--------00 ->     4'0101 4'0101
  transition:     4'0101 10'0000000010 ->     4'0000 4'0000
  transition:     4'0101 10'1-------10 ->     4'0001 4'0001
  transition:     4'0101 10'-1------10 ->     4'0010 4'0010
  transition:     4'0101 10'--1-----10 ->     4'0011 4'0011
  transition:     4'0101 10'---1----10 ->     4'0100 4'0100
  transition:     4'0101 10'----1---10 ->     4'0101 4'0101
  transition:     4'0101 10'-----1--10 ->     4'0110 4'0110
  transition:     4'0101 10'------1-10 ->     4'0111 4'0111
  transition:     4'0101 10'-------110 ->     4'1000 4'1000
  transition:     4'0101 10'---------1 ->     4'0000 4'0000
  transition:     4'0011 10'--------00 ->     4'0011 4'0011
  transition:     4'0011 10'0000000010 ->     4'0000 4'0000
  transition:     4'0011 10'1-------10 ->     4'0001 4'0001
  transition:     4'0011 10'-1------10 ->     4'0010 4'0010
  transition:     4'0011 10'--1-----10 ->     4'0011 4'0011
  transition:     4'0011 10'---1----10 ->     4'0100 4'0100
  transition:     4'0011 10'----1---10 ->     4'0101 4'0101
  transition:     4'0011 10'-----1--10 ->     4'0110 4'0110
  transition:     4'0011 10'------1-10 ->     4'0111 4'0111
  transition:     4'0011 10'-------110 ->     4'1000 4'1000
  transition:     4'0011 10'---------1 ->     4'0000 4'0000
  transition:     4'0111 10'--------00 ->     4'0111 4'0111
  transition:     4'0111 10'0000000010 ->     4'0000 4'0000
  transition:     4'0111 10'1-------10 ->     4'0001 4'0001
  transition:     4'0111 10'-1------10 ->     4'0010 4'0010
  transition:     4'0111 10'--1-----10 ->     4'0011 4'0011
  transition:     4'0111 10'---1----10 ->     4'0100 4'0100
  transition:     4'0111 10'----1---10 ->     4'0101 4'0101
  transition:     4'0111 10'-----1--10 ->     4'0110 4'0110
  transition:     4'0111 10'------1-10 ->     4'0111 4'0111
  transition:     4'0111 10'-------110 ->     4'1000 4'1000
  transition:     4'0111 10'---------1 ->     4'0000 4'0000

10.7.3. Executing FSM_OPT pass (simple optimizations of FSMs).
Optimizing FSM `$fsm$\state_q$1797' from module `\wire_udp_parser'.
  Merging pattern 13'-------0100-0 and 13'-------0101-0 from group (0 0 6'001000).
  Merging pattern 13'-----100110-0 and 13'-----100111-0 from group (0 0 6'001000).
  Merging pattern 13'-------0101-0 and 13'-------0100-0 from group (0 0 6'001000).
  Merging pattern 13'-----100111-0 and 13'-----100110-0 from group (0 0 6'001000).
  Merging pattern 13'-------000--0 and 13'-------010--0 from group (0 0 6'001000).
  Merging pattern 13'-------010--0 and 13'-------000--0 from group (0 0 6'001000).
  Merging pattern 13'-----10001--0 and 13'-----10011--0 from group (0 0 6'001000).
  Merging pattern 13'-----10011--0 and 13'-----10001--0 from group (0 0 6'001000).
  Merging pattern 13'-------0-0--0 and 13'-------1-0--0 from group (0 0 6'001000).
  Merging pattern 13'-------1-0--0 and 13'-------0-0--0 from group (0 0 6'001000).
  Merging pattern 13'-----100-1--0 and 13'-----101-1--0 from group (0 0 6'001000).
  Merging pattern 13'-----101-1--0 and 13'-----100-1--0 from group (0 0 6'001000).
  Merging pattern 13'--00000--1-10 and 13'--10000--1-10 from group (0 3 6'001110).
  Merging pattern 13'--10000--1-10 and 13'--00000--1-10 from group (0 3 6'001110).
  Merging pattern 13'---0000--1-10 and 13'---1000--1-10 from group (0 3 6'001110).
  Merging pattern 13'---1000--1-10 and 13'---0000--1-10 from group (0 3 6'001110).
  Merging pattern 13'----000--1-10 and 13'----100--1-10 from group (0 3 6'001110).
  Merging pattern 13'----100--1-10 and 13'----000--1-10 from group (0 3 6'001110).
  Merging pattern 13'-------0101-0 and 13'-------0111-0 from group (3 0 6'000001).
  Merging pattern 13'-------0111-0 and 13'-------0101-0 from group (3 0 6'000001).
  Merging pattern 13'-------1-0--0 and 13'-------1-1--0 from group (3 0 6'000001).
  Merging pattern 13'-------1-1--0 and 13'-------1-0--0 from group (3 0 6'000001).
  Merging pattern 13'-------0100-0 and 13'-------0110-0 from group (3 3 6'000111).
  Merging pattern 13'-------0110-0 and 13'-------0100-0 from group (3 3 6'000111).
  Merging pattern 13'-------000--0 and 13'-------001--0 from group (3 3 6'000111).
  Merging pattern 13'-------001--0 and 13'-------000--0 from group (3 3 6'000111).
Optimizing FSM `$fsm$\state_q$1803' from module `\wire_ipv4_parser'.
  Merging pattern 12'-----01101-0 and 12'-----01111-0 from group (1 0 8'00000001).
  Merging pattern 12'-----01111-0 and 12'-----01101-0 from group (1 0 8'00000001).
  Merging pattern 12'-----1--0--0 and 12'-----1--1--0 from group (1 0 8'00000001).
  Merging pattern 12'-----1--1--0 and 12'-----1--0--0 from group (1 0 8'00000001).
  Merging pattern 12'-----01-00-0 and 12'-----01-10-0 from group (1 1 8'10000001).
  Merging pattern 12'-----01-10-0 and 12'-----01-00-0 from group (1 1 8'10000001).
  Merging pattern 12'-----00-0--0 and 12'-----00-1--0 from group (1 1 8'10000001).
  Merging pattern 12'-----00-1--0 and 12'-----00-0--0 from group (1 1 8'10000001).
  Merging pattern 12'-----01001-0 and 12'-----01011-0 from group (1 2 8'01000001).
  Merging pattern 12'-----01011-0 and 12'-----01001-0 from group (1 2 8'01000001).
Optimizing FSM `$fsm$\state_q$1810' from module `\wire_eth_parser'.
  Merging pattern 9'---0100-0 and 9'---0101-0 from group (0 0 6'000010).
  Merging pattern 9'0-00110-0 and 9'0-00111-0 from group (0 0 6'000010).
  Merging pattern 9'---0101-0 and 9'---0100-0 from group (0 0 6'000010).
  Merging pattern 9'0-00111-0 and 9'0-00110-0 from group (0 0 6'000010).
  Merging pattern 9'---000--0 and 9'---010--0 from group (0 0 6'000010).
  Merging pattern 9'---010--0 and 9'---000--0 from group (0 0 6'000010).
  Merging pattern 9'0-0001--0 and 9'0-0011--0 from group (0 0 6'000010).
  Merging pattern 9'0-0011--0 and 9'0-0001--0 from group (0 0 6'000010).
  Merging pattern 9'---0-0--0 and 9'---1-0--0 from group (0 0 6'000010).
  Merging pattern 9'---1-0--0 and 9'---0-0--0 from group (0 0 6'000010).
  Merging pattern 9'0-00-1--0 and 9'0-01-1--0 from group (0 0 6'000010).
  Merging pattern 9'0-01-1--0 and 9'0-00-1--0 from group (0 0 6'000010).
  Merging pattern 9'100--1-10 and 9'110--1-10 from group (0 3 6'110010).
  Merging pattern 9'110--1-10 and 9'100--1-10 from group (0 3 6'110010).
  Merging pattern 9'---0101-0 and 9'---0111-0 from group (2 0 6'001000).
  Merging pattern 9'---0111-0 and 9'---0101-0 from group (2 0 6'001000).
  Merging pattern 9'---1-0--0 and 9'---1-1--0 from group (2 0 6'001000).
  Merging pattern 9'---1-1--0 and 9'---1-0--0 from group (2 0 6'001000).
  Merging pattern 9'---0100-0 and 9'---0110-0 from group (2 2 6'011000).
  Merging pattern 9'---0110-0 and 9'---0100-0 from group (2 2 6'011000).
  Merging pattern 9'---000--0 and 9'---001--0 from group (2 2 6'011000).
  Merging pattern 9'---001--0 and 9'---000--0 from group (2 2 6'011000).
  Merging pattern 9'---0101-0 and 9'---0111-0 from group (3 0 6'000001).
  Merging pattern 9'---0111-0 and 9'---0101-0 from group (3 0 6'000001).
  Merging pattern 9'---1-0--0 and 9'---1-1--0 from group (3 0 6'000001).
  Merging pattern 9'---1-1--0 and 9'---1-0--0 from group (3 0 6'000001).
  Merging pattern 9'---0100-0 and 9'---0110-0 from group (3 3 6'110001).
  Merging pattern 9'---0110-0 and 9'---0100-0 from group (3 3 6'110001).
  Merging pattern 9'---000--0 and 9'---001--0 from group (3 3 6'110001).
  Merging pattern 9'---001--0 and 9'---000--0 from group (3 3 6'110001).
Optimizing FSM `$fsm$\count_q$1816' from module `\wire_gearbox_64to8'.

10.7.4. Executing OPT_CLEAN pass (remove unused cells and wires).
Finding unused cells or wires in module \wire_buffer_gearbox_eth_ipv4_udp_top..
Finding unused cells or wires in module \wire_udp_parser..
Finding unused cells or wires in module \wire_ipv4_parser..
Finding unused cells or wires in module \wire_eth_parser..
Finding unused cells or wires in module \wire_gearbox_64to8..
Finding unused cells or wires in module \wire_ingress_buffer..
Removed 64 unused cells and 64 unused wires.
<suppressed ~68 debug messages>

10.7.5. Executing FSM_OPT pass (simple optimizations of FSMs).
Optimizing FSM `$fsm$\state_q$1797' from module `\wire_udp_parser'.
  Removing unused output signal $0\state_q[1:0] [0].
  Removing unused output signal $0\state_q[1:0] [1].
Optimizing FSM `$fsm$\state_q$1803' from module `\wire_ipv4_parser'.
  Removing unused output signal $0\state_q[2:0] [0].
  Removing unused output signal $0\state_q[2:0] [1].
  Removing unused output signal $0\state_q[2:0] [2].
Optimizing FSM `$fsm$\state_q$1810' from module `\wire_eth_parser'.
  Removing unused output signal $0\state_q[1:0] [0].
  Removing unused output signal $0\state_q[1:0] [1].
Optimizing FSM `$fsm$\count_q$1816' from module `\wire_gearbox_64to8'.

10.7.6. Executing FSM_RECODE pass (re-assigning FSM state encoding).
Recoding FSM `$fsm$\state_q$1797' from module `\wire_udp_parser' using `auto' encoding:
  mapping auto encoding to `one-hot` for this FSM.
  00 -> ---1
  10 -> --1-
  01 -> -1--
  11 -> 1---
Recoding FSM `$fsm$\state_q$1803' from module `\wire_ipv4_parser' using `auto' encoding:
  mapping auto encoding to `one-hot` for this FSM.
  000 -> ----1
  100 -> ---1-
  010 -> --1--
  001 -> -1---
  011 -> 1----
Recoding FSM `$fsm$\state_q$1810' from module `\wire_eth_parser' using `auto' encoding:
  mapping auto encoding to `one-hot` for this FSM.
  00 -> ---1
  10 -> --1-
  01 -> -1--
  11 -> 1---
Recoding FSM `$fsm$\count_q$1816' from module `\wire_gearbox_64to8' using `auto' encoding:
  mapping auto encoding to `one-hot` for this FSM.
  0000 -> --------1
  1000 -> -------1-
  0100 -> ------1--
  0010 -> -----1---
  0110 -> ----1----
  0001 -> ---1-----
  0101 -> --1------
  0011 -> -1-------
  0111 -> 1--------

10.7.7. Executing FSM_INFO pass (dumping all available information on FSM cells).

FSM `$fsm$\state_q$1797' from module `wire_udp_parser':
-------------------------------------

  Information on FSM $fsm$\state_q$1797 (\state_q):

  Number of input signals:   13
  Number of output signals:   4
  Number of state bits:       4

  Input signals:
    0: \rst
    1: \in_last
    2: \payload_last_q
    3: \input_fire
    4: $logic_and$rtl/arch_a/wire_udp_parser.sv:82$247_Y
    5: $logic_and$rtl/arch_a/wire_udp_parser.sv:91$249_Y
    6: $logic_and$rtl/arch_a/wire_udp_parser.sv:99$255_Y
    7: $lt$rtl/arch_a/wire_udp_parser.sv:103$258_Y
    8: $lt$rtl/arch_a/wire_udp_parser.sv:111$273_Y
    9: $eq$rtl/arch_a/wire_udp_parser.sv:121$274_Y
   10: $logic_or$rtl/arch_a/wire_udp_parser.sv:139$275_Y
   11: $logic_and$rtl/arch_a/wire_udp_parser.sv:166$278_Y
   12: $eq$rtl/arch_a/wire_udp_parser.sv:170$279_Y

  Output signals:
    0: \reject_valid
    1: $eq$rtl/arch_a/wire_udp_parser.sv:62$230_Y
    2: $eq$rtl/arch_a/wire_udp_parser.sv:62$231_Y
    3: $eq$rtl/arch_a/wire_udp_parser.sv:63$233_Y

  State encoding:
    0:     4'---1  <RESET STATE>
    1:     4'--1-
    2:     4'-1--
    3:     4'1---

  Transition Table (state_in, ctrl_in, state_out, ctrl_out):
      0:     0 13'---------0--0   ->     0 4'0010
      1:     0 13'-----10--1--0   ->     0 4'0010
      2:     0 13'------------1   ->     0 4'0010
      3:     0 13'--10000--1-00   ->     1 4'0010
      4:     0 13'---1000--1-00   ->     1 4'0010
      5:     0 13'----100--1-00   ->     1 4'0010
      6:     0 13'--00000--1-00   ->     2 4'0010
      7:     0 13'-----00--1-10   ->     3 4'0010
      8:     0 13'------1--1--0   ->     3 4'0010
      9:     1 13'-------011100   ->     0 4'0100
     10:     1 13'-------1-1-00   ->     0 4'0100
     11:     1 13'-------0101-0   ->     0 4'0100
     12:     1 13'-------1-0--0   ->     0 4'0100
     13:     1 13'------------1   ->     0 4'0100
     14:     1 13'-------011000   ->     1 4'0100
     15:     1 13'-------001-00   ->     1 4'0100
     16:     1 13'-------0100-0   ->     1 4'0100
     17:     1 13'-------000--0   ->     1 4'0100
     18:     1 13'---------1-10   ->     3 4'0100
     19:     2 13'10-----011110   ->     0 4'1000
     20:     2 13'10-----1-1-10   ->     0 4'1000
     21:     2 13'-------0101-0   ->     0 4'1000
     22:     2 13'00-----0111-0   ->     0 4'1000
     23:     2 13'-------1-0--0   ->     0 4'1000
     24:     2 13'00-----1-1--0   ->     0 4'1000
     25:     2 13'------------1   ->     0 4'1000
     26:     2 13'10-------1-00   ->     1 4'1000
     27:     2 13'10-----011010   ->     2 4'1000
     28:     2 13'10-----001-10   ->     2 4'1000
     29:     2 13'-------0100-0   ->     2 4'1000
     30:     2 13'00-----0110-0   ->     2 4'1000
     31:     2 13'-------000--0   ->     2 4'1000
     32:     2 13'00-----001--0   ->     2 4'1000
     33:     2 13'-1-------1--0   ->     3 4'1000
     34:     3 13'-------01-1-0   ->     0 4'0001
     35:     3 13'-------1----0   ->     0 4'0001
     36:     3 13'------------1   ->     0 4'0001
     37:     3 13'-------01-0-0   ->     3 4'0001
     38:     3 13'-------00---0   ->     3 4'0001

-------------------------------------

FSM `$fsm$\state_q$1803' from module `wire_ipv4_parser':
-------------------------------------

  Information on FSM $fsm$\state_q$1803 (\state_q):

  Number of input signals:   12
  Number of output signals:   5
  Number of state bits:       5

  Input signals:
    0: \rst
    1: \in_last
    2: \payload_last_q
    3: \input_fire
    4: \payload_physical_last_q
    5: $logic_and$rtl/arch_a/wire_ipv4_parser.sv:132$123_Y
    6: $logic_and$rtl/arch_a/wire_ipv4_parser.sv:142$126_Y
    7: $lt$rtl/arch_a/wire_ipv4_parser.sv:150$135_Y
    8: $logic_and$rtl/arch_a/wire_ipv4_parser.sv:150$136_Y
    9: $eq$rtl/arch_a/wire_ipv4_parser.sv:159$158_Y
   10: $eq$rtl/arch_a/wire_ipv4_parser.sv:160$161_Y
   11: $logic_and$rtl/arch_a/wire_ipv4_parser.sv:183$173_Y

  Output signals:
    0: \reject_valid
    1: $eq$rtl/arch_a/wire_ipv4_parser.sv:112$100_Y
    2: $eq$rtl/arch_a/wire_ipv4_parser.sv:113$101_Y
    3: $eq$rtl/arch_a/wire_ipv4_parser.sv:114$103_Y
    4: $eq$rtl/arch_a/wire_ipv4_parser.sv:115$105_Y

  State encoding:
    0:    5'----1  <RESET STATE>
    1:    5'---1-
    2:    5'--1--
    3:    5'-1---
    4:    5'1----

  Transition Table (state_in, ctrl_in, state_out, ctrl_out):
      0:     0 12'-----01-00-0   ->     0 5'00010
      1:     0 12'---0101-10-0   ->     0 5'00010
      2:     0 12'-----01101-0   ->     0 5'00010
      3:     0 12'---0101111-0   ->     0 5'00010
      4:     0 12'-----00-0--0   ->     0 5'00010
      5:     0 12'-----1--0--0   ->     0 5'00010
      6:     0 12'---0100-1--0   ->     0 5'00010
      7:     0 12'---011--1--0   ->     0 5'00010
      8:     0 12'-----------1   ->     0 5'00010
      9:     0 12'--000---1-10   ->     1 5'00010
     10:     0 12'-0100---1-10   ->     1 5'00010
     11:     0 12'-1100---1--0   ->     1 5'00010
     12:     0 12'---1----1--0   ->     1 5'00010
     13:     0 12'-----01001-0   ->     2 5'00010
     14:     0 12'---0101011-0   ->     2 5'00010
     15:     0 12'-0100---1-00   ->     3 5'00010
     16:     0 12'--000---1-00   ->     4 5'00010
     17:     1 12'-----011-1-0   ->     0 5'00001
     18:     1 12'-----1-----0   ->     0 5'00001
     19:     1 12'-----------1   ->     0 5'00001
     20:     1 12'-----01--0-0   ->     1 5'00001
     21:     1 12'-----00----0   ->     1 5'00001
     22:     1 12'-----010-1-0   ->     2 5'00001
     23:     2 12'-----0111100   ->     0 5'01000
     24:     2 12'-----1--1-00   ->     0 5'01000
     25:     2 12'--------1-10   ->     0 5'01000
     26:     2 12'-----01101-0   ->     0 5'01000
     27:     2 12'-----1--0--0   ->     0 5'01000
     28:     2 12'-----------1   ->     0 5'01000
     29:     2 12'-----01-1000   ->     2 5'01000
     30:     2 12'-----0101100   ->     2 5'01000
     31:     2 12'-----00-1-00   ->     2 5'01000
     32:     2 12'-----01-00-0   ->     2 5'01000
     33:     2 12'-----01001-0   ->     2 5'01000
     34:     2 12'-----00-0--0   ->     2 5'01000
     35:     3 12'-----01101-0   ->     0 5'10000
     36:     3 12'0----01111-0   ->     0 5'10000
     37:     3 12'-----1--0--0   ->     0 5'10000
     38:     3 12'0----1--1--0   ->     0 5'10000
     39:     3 12'-----------1   ->     0 5'10000
     40:     3 12'1-------1--0   ->     1 5'10000
     41:     3 12'-----01001-0   ->     2 5'10000
     42:     3 12'0----01011-0   ->     2 5'10000
     43:     3 12'-----01-00-0   ->     3 5'10000
     44:     3 12'0----01-10-0   ->     3 5'10000
     45:     3 12'-----00-0--0   ->     3 5'10000
     46:     3 12'0----00-1--0   ->     3 5'10000
     47:     4 12'-----0111100   ->     0 5'00100
     48:     4 12'-----1--1-00   ->     0 5'00100
     49:     4 12'-----01101-0   ->     0 5'00100
     50:     4 12'-----1--0--0   ->     0 5'00100
     51:     4 12'-----------1   ->     0 5'00100
     52:     4 12'--------1-10   ->     1 5'00100
     53:     4 12'-----0101100   ->     2 5'00100
     54:     4 12'-----01001-0   ->     2 5'00100
     55:     4 12'-----01-1000   ->     4 5'00100
     56:     4 12'-----00-1-00   ->     4 5'00100
     57:     4 12'-----01-00-0   ->     4 5'00100
     58:     4 12'-----00-0--0   ->     4 5'00100

-------------------------------------

FSM `$fsm$\state_q$1810' from module `wire_eth_parser':
-------------------------------------

  Information on FSM $fsm$\state_q$1810 (\state_q):

  Number of input signals:    9
  Number of output signals:   4
  Number of state bits:       4

  Input signals:
    0: \rst
    1: \in_last
    2: \payload_last_q
    3: \input_fire
    4: $logic_and$rtl/arch_a/wire_eth_parser.sv:66$84_Y
    5: $logic_and$rtl/arch_a/wire_eth_parser.sv:75$86_Y
    6: $logic_and$rtl/arch_a/wire_eth_parser.sv:83$88_Y
    7: $eq$rtl/arch_a/wire_eth_parser.sv:94$89_Y
    8: $procmux$1426_CMP

  Output signals:
    0: \reject_valid
    1: $eq$rtl/arch_a/wire_eth_parser.sv:45$71_Y
    2: $eq$rtl/arch_a/wire_eth_parser.sv:46$72_Y
    3: $eq$rtl/arch_a/wire_eth_parser.sv:47$74_Y

  State encoding:
    0:     4'---1  <RESET STATE>
    1:     4'--1-
    2:     4'-1--
    3:     4'1---

  Transition Table (state_in, ctrl_in, state_out, ctrl_out):
      0:     0 9'-----0--0   ->     0 4'0010
      1:     0 9'0-0--1--0   ->     0 4'0010
      2:     0 9'--------1   ->     0 4'0010
      3:     0 9'100--1-00   ->     1 4'0010
      4:     0 9'110--1-00   ->     2 4'0010
      5:     0 9'1-0--1-10   ->     3 4'0010
      6:     0 9'--1--1--0   ->     3 4'0010
      7:     1 9'---011100   ->     0 4'0100
      8:     1 9'---1-1-00   ->     0 4'0100
      9:     1 9'---0101-0   ->     0 4'0100
     10:     1 9'---1-0--0   ->     0 4'0100
     11:     1 9'--------1   ->     0 4'0100
     12:     1 9'---011000   ->     1 4'0100
     13:     1 9'---001-00   ->     1 4'0100
     14:     1 9'---0100-0   ->     1 4'0100
     15:     1 9'---000--0   ->     1 4'0100
     16:     1 9'-----1-10   ->     3 4'0100
     17:     2 9'---01-1-0   ->     0 4'1000
     18:     2 9'---1----0   ->     0 4'1000
     19:     2 9'--------1   ->     0 4'1000
     20:     2 9'---01-0-0   ->     2 4'1000
     21:     2 9'---00---0   ->     2 4'1000
     22:     3 9'---01-1-0   ->     0 4'0001
     23:     3 9'---1----0   ->     0 4'0001
     24:     3 9'--------1   ->     0 4'0001
     25:     3 9'---01-0-0   ->     3 4'0001
     26:     3 9'---00---0   ->     3 4'0001

-------------------------------------

FSM `$fsm$\count_q$1816' from module `wire_gearbox_64to8':
-------------------------------------

  Information on FSM $fsm$\count_q$1816 (\count_q):

  Number of input signals:   10
  Number of output signals:   4
  Number of state bits:       9

  Input signals:
    0: \rst
    1: $logic_and$rtl/arch_a/wire_gearbox_64to8.sv:56$62_Y
    2: $procmux$1563_CMP
    3: $procmux$1564_CMP
    4: $procmux$1565_CMP
    5: $procmux$1566_CMP
    6: $procmux$1567_CMP
    7: $procmux$1568_CMP
    8: $procmux$1569_CMP
    9: $procmux$1570_CMP

  Output signals:
    0: $0\count_q[3:0] [0]
    1: $0\count_q[3:0] [1]
    2: $0\count_q[3:0] [2]
    3: $0\count_q[3:0] [3]

  State encoding:
    0: 9'--------1  <RESET STATE>
    1: 9'-------1-
    2: 9'------1--
    3: 9'-----1---
    4: 9'----1----
    5: 9'---1-----
    6: 9'--1------
    7: 9'-1-------
    8: 9'1--------

  Transition Table (state_in, ctrl_in, state_out, ctrl_out):
      0:     0 10'--------00   ->     0 4'0000
      1:     0 10'0000000010   ->     0 4'0000
      2:     0 10'---------1   ->     0 4'0000
      3:     0 10'-------110   ->     1 4'1000
      4:     0 10'---1----10   ->     2 4'0100
      5:     0 10'-1------10   ->     3 4'0010
      6:     0 10'-----1--10   ->     4 4'0110
      7:     0 10'1-------10   ->     5 4'0001
      8:     0 10'----1---10   ->     6 4'0101
      9:     0 10'--1-----10   ->     7 4'0011
     10:     0 10'------1-10   ->     8 4'0111
     11:     1 10'0000000010   ->     0 4'0000
     12:     1 10'---------1   ->     0 4'0000
     13:     1 10'--------00   ->     1 4'1000
     14:     1 10'-------110   ->     1 4'1000
     15:     1 10'---1----10   ->     2 4'0100
     16:     1 10'-1------10   ->     3 4'0010
     17:     1 10'-----1--10   ->     4 4'0110
     18:     1 10'1-------10   ->     5 4'0001
     19:     1 10'----1---10   ->     6 4'0101
     20:     1 10'--1-----10   ->     7 4'0011
     21:     1 10'------1-10   ->     8 4'0111
     22:     2 10'0000000010   ->     0 4'0000
     23:     2 10'---------1   ->     0 4'0000
     24:     2 10'-------110   ->     1 4'1000
     25:     2 10'--------00   ->     2 4'0100
     26:     2 10'---1----10   ->     2 4'0100
     27:     2 10'-1------10   ->     3 4'0010
     28:     2 10'-----1--10   ->     4 4'0110
     29:     2 10'1-------10   ->     5 4'0001
     30:     2 10'----1---10   ->     6 4'0101
     31:     2 10'--1-----10   ->     7 4'0011
     32:     2 10'------1-10   ->     8 4'0111
     33:     3 10'0000000010   ->     0 4'0000
     34:     3 10'---------1   ->     0 4'0000
     35:     3 10'-------110   ->     1 4'1000
     36:     3 10'---1----10   ->     2 4'0100
     37:     3 10'--------00   ->     3 4'0010
     38:     3 10'-1------10   ->     3 4'0010
     39:     3 10'-----1--10   ->     4 4'0110
     40:     3 10'1-------10   ->     5 4'0001
     41:     3 10'----1---10   ->     6 4'0101
     42:     3 10'--1-----10   ->     7 4'0011
     43:     3 10'------1-10   ->     8 4'0111
     44:     4 10'0000000010   ->     0 4'0000
     45:     4 10'---------1   ->     0 4'0000
     46:     4 10'-------110   ->     1 4'1000
     47:     4 10'---1----10   ->     2 4'0100
     48:     4 10'-1------10   ->     3 4'0010
     49:     4 10'--------00   ->     4 4'0110
     50:     4 10'-----1--10   ->     4 4'0110
     51:     4 10'1-------10   ->     5 4'0001
     52:     4 10'----1---10   ->     6 4'0101
     53:     4 10'--1-----10   ->     7 4'0011
     54:     4 10'------1-10   ->     8 4'0111
     55:     5 10'0000000010   ->     0 4'0000
     56:     5 10'---------1   ->     0 4'0000
     57:     5 10'-------110   ->     1 4'1000
     58:     5 10'---1----10   ->     2 4'0100
     59:     5 10'-1------10   ->     3 4'0010
     60:     5 10'-----1--10   ->     4 4'0110
     61:     5 10'--------00   ->     5 4'0001
     62:     5 10'1-------10   ->     5 4'0001
     63:     5 10'----1---10   ->     6 4'0101
     64:     5 10'--1-----10   ->     7 4'0011
     65:     5 10'------1-10   ->     8 4'0111
     66:     6 10'0000000010   ->     0 4'0000
     67:     6 10'---------1   ->     0 4'0000
     68:     6 10'-------110   ->     1 4'1000
     69:     6 10'---1----10   ->     2 4'0100
     70:     6 10'-1------10   ->     3 4'0010
     71:     6 10'-----1--10   ->     4 4'0110
     72:     6 10'1-------10   ->     5 4'0001
     73:     6 10'--------00   ->     6 4'0101
     74:     6 10'----1---10   ->     6 4'0101
     75:     6 10'--1-----10   ->     7 4'0011
     76:     6 10'------1-10   ->     8 4'0111
     77:     7 10'0000000010   ->     0 4'0000
     78:     7 10'---------1   ->     0 4'0000
     79:     7 10'-------110   ->     1 4'1000
     80:     7 10'---1----10   ->     2 4'0100
     81:     7 10'-1------10   ->     3 4'0010
     82:     7 10'-----1--10   ->     4 4'0110
     83:     7 10'1-------10   ->     5 4'0001
     84:     7 10'----1---10   ->     6 4'0101
     85:     7 10'--------00   ->     7 4'0011
     86:     7 10'--1-----10   ->     7 4'0011
     87:     7 10'------1-10   ->     8 4'0111
     88:     8 10'0000000010   ->     0 4'0000
     89:     8 10'---------1   ->     0 4'0000
     90:     8 10'-------110   ->     1 4'1000
     91:     8 10'---1----10   ->     2 4'0100
     92:     8 10'-1------10   ->     3 4'0010
     93:     8 10'-----1--10   ->     4 4'0110
     94:     8 10'1-------10   ->     5 4'0001
     95:     8 10'----1---10   ->     6 4'0101
     96:     8 10'--1-----10   ->     7 4'0011
     97:     8 10'--------00   ->     8 4'0111
     98:     8 10'------1-10   ->     8 4'0111

-------------------------------------

10.7.8. Executing FSM_MAP pass (mapping FSMs to basic logic).
Mapping FSM `$fsm$\state_q$1797' from module `\wire_udp_parser'.
Mapping FSM `$fsm$\state_q$1803' from module `\wire_ipv4_parser'.
Mapping FSM `$fsm$\state_q$1810' from module `\wire_eth_parser'.
Mapping FSM `$fsm$\count_q$1816' from module `\wire_gearbox_64to8'.

10.8. Executing OPT pass (performing simple optimizations).

10.8.1. Executing OPT_EXPR pass (perform const folding).
Optimizing module wire_buffer_gearbox_eth_ipv4_udp_top.
Optimizing module wire_udp_parser.
<suppressed ~5 debug messages>
Optimizing module wire_ipv4_parser.
<suppressed ~6 debug messages>
Optimizing module wire_eth_parser.
<suppressed ~5 debug messages>
Optimizing module wire_gearbox_64to8.
<suppressed ~14 debug messages>
Optimizing module wire_ingress_buffer.

10.8.2. Executing OPT_MERGE pass (detect identical cells).
Finding identical cells in module `\wire_buffer_gearbox_eth_ipv4_udp_top'.
Computing hashes of 5 cells of `\wire_buffer_gearbox_eth_ipv4_udp_top'.
Finding duplicate cells in `\wire_buffer_gearbox_eth_ipv4_udp_top'.
Finding identical cells in module `\wire_udp_parser'.
Computing hashes of 225 cells of `\wire_udp_parser'.
Finding duplicate cells in `\wire_udp_parser'.
Computing hashes of 223 cells of `\wire_udp_parser'.
Finding duplicate cells in `\wire_udp_parser'.
<suppressed ~6 debug messages>
Finding identical cells in module `\wire_ipv4_parser'.
Computing hashes of 228 cells of `\wire_ipv4_parser'.
Finding duplicate cells in `\wire_ipv4_parser'.
Computing hashes of 217 cells of `\wire_ipv4_parser'.
Finding duplicate cells in `\wire_ipv4_parser'.
<suppressed ~33 debug messages>
Finding identical cells in module `\wire_eth_parser'.
Computing hashes of 112 cells of `\wire_eth_parser'.
Finding duplicate cells in `\wire_eth_parser'.
Computing hashes of 109 cells of `\wire_eth_parser'.
Finding duplicate cells in `\wire_eth_parser'.
<suppressed ~9 debug messages>
Finding identical cells in module `\wire_gearbox_64to8'.
Computing hashes of 104 cells of `\wire_gearbox_64to8'.
Finding duplicate cells in `\wire_gearbox_64to8'.
Computing hashes of 79 cells of `\wire_gearbox_64to8'.
Finding duplicate cells in `\wire_gearbox_64to8'.
Computing hashes of 78 cells of `\wire_gearbox_64to8'.
Finding duplicate cells in `\wire_gearbox_64to8'.
Computing hashes of 77 cells of `\wire_gearbox_64to8'.
Finding duplicate cells in `\wire_gearbox_64to8'.
<suppressed ~81 debug messages>
Finding identical cells in module `\wire_ingress_buffer'.
Computing hashes of 36 cells of `\wire_ingress_buffer'.
Finding duplicate cells in `\wire_ingress_buffer'.
Removed a total of 43 cells.

10.8.3. Executing OPT_MUXTREE pass (detect dead branches in mux trees).
Running muxtree optimizer on module \wire_buffer_gearbox_eth_ipv4_udp_top..
  Creating internal representation of mux trees.
  No muxes found in this module.
Running muxtree optimizer on module \wire_udp_parser..
  Creating internal representation of mux trees.
  Evaluating internal representation of mux trees.
  Analyzing evaluation results.
Running muxtree optimizer on module \wire_ipv4_parser..
  Creating internal representation of mux trees.
  Evaluating internal representation of mux trees.
  Analyzing evaluation results.
Running muxtree optimizer on module \wire_eth_parser..
  Creating internal representation of mux trees.
  Evaluating internal representation of mux trees.
  Analyzing evaluation results.
Running muxtree optimizer on module \wire_gearbox_64to8..
  Creating internal representation of mux trees.
  Evaluating internal representation of mux trees.
  Analyzing evaluation results.
Running muxtree optimizer on module \wire_ingress_buffer..
  Creating internal representation of mux trees.
  Evaluating internal representation of mux trees.
  Analyzing evaluation results.
Removed 0 multiplexer ports.
<suppressed ~377 debug messages>

10.8.4. Executing OPT_REDUCE pass (consolidate $*mux and $reduce_* inputs).
  Optimizing cells in module \wire_buffer_gearbox_eth_ipv4_udp_top.
  Optimizing cells in module \wire_udp_parser.
  Optimizing cells in module \wire_ipv4_parser.
  Optimizing cells in module \wire_eth_parser.
  Optimizing cells in module \wire_gearbox_64to8.
  Optimizing cells in module \wire_ingress_buffer.
Performed a total of 0 changes.

10.8.5. Executing OPT_MERGE pass (detect identical cells).
Finding identical cells in module `\wire_buffer_gearbox_eth_ipv4_udp_top'.
Computing hashes of 5 cells of `\wire_buffer_gearbox_eth_ipv4_udp_top'.
Finding duplicate cells in `\wire_buffer_gearbox_eth_ipv4_udp_top'.
Finding identical cells in module `\wire_udp_parser'.
Computing hashes of 223 cells of `\wire_udp_parser'.
Finding duplicate cells in `\wire_udp_parser'.
Finding identical cells in module `\wire_ipv4_parser'.
Computing hashes of 217 cells of `\wire_ipv4_parser'.
Finding duplicate cells in `\wire_ipv4_parser'.
Finding identical cells in module `\wire_eth_parser'.
Computing hashes of 109 cells of `\wire_eth_parser'.
Finding duplicate cells in `\wire_eth_parser'.
Finding identical cells in module `\wire_gearbox_64to8'.
Computing hashes of 77 cells of `\wire_gearbox_64to8'.
Finding duplicate cells in `\wire_gearbox_64to8'.
Finding identical cells in module `\wire_ingress_buffer'.
Computing hashes of 36 cells of `\wire_ingress_buffer'.
Finding duplicate cells in `\wire_ingress_buffer'.
Removed a total of 0 cells.

10.8.6. Executing OPT_DFF pass (perform DFF optimizations).
Adding SRST signal on $procdff$1750 ($dff) from module wire_udp_parser (D = $procmux$421_Y, Q = \pending_fatal_q, rval = 1'1).
Adding EN signal on $auto$ff.cc:337:slice$2350 ($sdff) from module wire_udp_parser (D = $procmux$398_Y, Q = \pending_fatal_q).
Adding SRST signal on $procdff$1749 ($dff) from module wire_udp_parser (D = $procmux$462_Y, Q = \pending_code_q, rval = 3'001).
Adding EN signal on $auto$ff.cc:337:slice$2366 ($sdff) from module wire_udp_parser (D = $procmux$438_Y, Q = \pending_code_q).
Adding SRST signal on $procdff$1748 ($dff) from module wire_udp_parser (D = $procmux$488_Y, Q = \actual_count_q, rval = 16'0000000000000000).
Adding EN signal on $auto$ff.cc:337:slice$2382 ($sdff) from module wire_udp_parser (D = $procmux$469_Y, Q = \actual_count_q).
Adding SRST signal on $procdff$1747 ($dff) from module wire_udp_parser (D = $procmux$505_Y, Q = \declared_length_q, rval = 16'0000000000000000).
Adding EN signal on $auto$ff.cc:337:slice$2398 ($sdff) from module wire_udp_parser (D = \header_q [23:8], Q = \declared_length_q).
Adding SRST signal on $procdff$1746 ($dff) from module wire_udp_parser (D = $procmux$540_Y, Q = \remaining_q, rval = 16'0000000000000000).
Adding EN signal on $auto$ff.cc:337:slice$2406 ($sdff) from module wire_udp_parser (D = $procmux$519_Y, Q = \remaining_q).
Adding SRST signal on $procdff$1745 ($dff) from module wire_udp_parser (D = $2$lookahead\header_q$240[55:0]$251, Q = \header_q, rval = 56'00000000000000000000000000000000000000000000000000000000).
Adding EN signal on $auto$ff.cc:337:slice$2426 ($sdff) from module wire_udp_parser (D = $or$rtl/arch_a/wire_udp_parser.sv:104$271_Y, Q = \header_q).
Adding SRST signal on $procdff$1744 ($dff) from module wire_udp_parser (D = $procmux$592_Y, Q = \reject_code_q, rval = 3'001).
Adding EN signal on $auto$ff.cc:337:slice$2432 ($sdff) from module wire_udp_parser (D = $procmux$552_Y, Q = \reject_code_q).
Adding SRST signal on $procdff$1743 ($dff) from module wire_udp_parser (D = $procmux$644_Y, Q = \reject_fatal_q, rval = 1'0).
Adding EN signal on $auto$ff.cc:337:slice$2446 ($sdff) from module wire_udp_parser (D = $procmux$604_Y, Q = \reject_fatal_q).
Adding SRST signal on $procdff$1742 ($dff) from module wire_udp_parser (D = $procmux$665_Y, Q = \payload_valid_q, rval = 1'0).
Adding SRST signal on $procdff$1741 ($dff) from module wire_udp_parser (D = $procmux$688_Y, Q = \payload_last_q, rval = 1'0).
Adding SRST signal on $procdff$1740 ($dff) from module wire_udp_parser (D = $procmux$707_Y, Q = \payload_data_q, rval = 8'00000000).
Adding EN signal on $auto$ff.cc:337:slice$2462 ($sdff) from module wire_udp_parser (D = $procmux$700_Y, Q = \payload_data_q).
Adding SRST signal on $procdff$1739 ($dff) from module wire_udp_parser (D = $procmux$730_Y, Q = \header_index_q, rval = 4'0000).
Adding SRST signal on $procdff$1762 ($dff) from module wire_ipv4_parser (D = $procmux$1199_Y, Q = \payload_physical_last_q, rval = 1'0).
Adding SRST signal on $procdff$1761 ($dff) from module wire_ipv4_parser (D = $procmux$1231_Y, Q = \remaining_q, rval = 16'0000000000000000).
Adding EN signal on $auto$ff.cc:337:slice$2472 ($sdff) from module wire_ipv4_parser (D = $procmux$1213_Y, Q = \remaining_q).
Adding SRST signal on $procdff$1760 ($dff) from module wire_ipv4_parser (D = $2$lookahead\header_q$112[151:0]$130, Q = \header_q, rval = 152'00000000000000000000000000000000000000000000000000000000000000000000000000000000000000000000000000000000000000000000000000000000000000000000000000000000).
Adding EN signal on $auto$ff.cc:337:slice$2492 ($sdff) from module wire_ipv4_parser (D = $or$rtl/arch_a/wire_ipv4_parser.sv:155$156_Y, Q = \header_q).
Adding SRST signal on $procdff$1759 ($dff) from module wire_ipv4_parser (D = $procmux$1261_Y, Q = \reject_code_q, rval = 4'0000).
Adding EN signal on $auto$ff.cc:337:slice$2498 ($sdff) from module wire_ipv4_parser (D = $procmux$1243_Y, Q = \reject_code_q).
Adding SRST signal on $procdff$1758 ($dff) from module wire_ipv4_parser (D = $procmux$1291_Y, Q = \reject_fatal_q, rval = 1'0).
Adding EN signal on $auto$ff.cc:337:slice$2510 ($sdff) from module wire_ipv4_parser (D = $procmux$1273_Y, Q = \reject_fatal_q).
Adding SRST signal on $procdff$1757 ($dff) from module wire_ipv4_parser (D = $procmux$1307_Y, Q = \payload_valid_q, rval = 1'0).
Adding SRST signal on $procdff$1756 ($dff) from module wire_ipv4_parser (D = $procmux$1325_Y, Q = \payload_last_q, rval = 1'0).
Adding SRST signal on $procdff$1755 ($dff) from module wire_ipv4_parser (D = $procmux$1339_Y, Q = \payload_data_q, rval = 8'00000000).
Adding EN signal on $auto$ff.cc:337:slice$2524 ($sdff) from module wire_ipv4_parser (D = \in_data, Q = \payload_data_q).
Adding SRST signal on $procdff$1754 ($dff) from module wire_ipv4_parser (D = $procmux$1363_Y, Q = \header_index_q, rval = 5'00000).
Adding SRST signal on $procdff$1773 ($dff) from module wire_eth_parser (D = $procmux$1456_Y, Q = \reject_fatal_q, rval = 1'0).
Adding EN signal on $auto$ff.cc:337:slice$2531 ($sdff) from module wire_eth_parser (D = $procmux$1438_Y, Q = \reject_fatal_q).
Adding SRST signal on $procdff$1768 ($dff) from module wire_eth_parser (D = $procmux$1524_Y, Q = \header_index_q, rval = 4'0000).
Adding SRST signal on $procdff$1769 ($dff) from module wire_eth_parser (D = $procmux$1502_Y, Q = \ethertype_high_q, rval = 8'00000000).
Adding EN signal on $auto$ff.cc:337:slice$2542 ($sdff) from module wire_eth_parser (D = \in_data, Q = \ethertype_high_q).
Adding SRST signal on $procdff$1774 ($dff) from module wire_eth_parser (D = $procmux$1431_Y, Q = \reject_code_q, rval = 2'00).
Adding EN signal on $auto$ff.cc:337:slice$2548 ($sdff) from module wire_eth_parser (D = $procmux$1413_Y, Q = \reject_code_q).
Adding SRST signal on $procdff$1770 ($dff) from module wire_eth_parser (D = $procmux$1486_Y, Q = \payload_data_q, rval = 8'00000000).
Adding EN signal on $auto$ff.cc:337:slice$2558 ($sdff) from module wire_eth_parser (D = \in_data, Q = \payload_data_q).
Adding SRST signal on $procdff$1771 ($dff) from module wire_eth_parser (D = $procmux$1478_Y, Q = \payload_last_q, rval = 1'0).
Adding SRST signal on $procdff$1772 ($dff) from module wire_eth_parser (D = $procmux$1466_Y, Q = \payload_valid_q, rval = 1'0).
Adding SRST signal on $procdff$1779 ($dff) from module wire_gearbox_64to8 (D = $procmux$1600_Y, Q = \valid_q, rval = 1'0).
Adding EN signal on $auto$ff.cc:337:slice$2564 ($sdff) from module wire_gearbox_64to8 (D = $procmux$1600_Y, Q = \valid_q).
Adding SRST signal on $procdff$1778 ($dff) from module wire_gearbox_64to8 (D = $procmux$1608_Y, Q = \index_q, rval = 3'000).
Adding EN signal on $auto$ff.cc:337:slice$2572 ($sdff) from module wire_gearbox_64to8 (D = $procmux$1606_Y, Q = \index_q).
Adding SRST signal on $procdff$1776 ($dff) from module wire_gearbox_64to8 (D = $procmux$1628_Y, Q = \last_q, rval = 1'0).
Adding EN signal on $auto$ff.cc:337:slice$2576 ($sdff) from module wire_gearbox_64to8 (D = $procmux$1628_Y, Q = \last_q).
Adding SRST signal on $procdff$1775 ($dff) from module wire_gearbox_64to8 (D = $procmux$1634_Y, Q = \data_q, rval = 64'0000000000000000000000000000000000000000000000000000000000000000).
Adding EN signal on $auto$ff.cc:337:slice$2584 ($sdff) from module wire_gearbox_64to8 (D = \in_data, Q = \data_q).
Adding SRST signal on $procdff$1782 ($dff) from module wire_ingress_buffer (D = $procmux$1733_Y, Q = \read_ptr_q, rval = 1'0).
Adding EN signal on $auto$ff.cc:337:slice$2586 ($sdff) from module wire_ingress_buffer (D = $add$rtl/common/wire_ingress_buffer.sv:51$41_Y, Q = \read_ptr_q).
Adding SRST signal on $procdff$1783 ($dff) from module wire_ingress_buffer (D = $procmux$1728_Y, Q = \write_ptr_q, rval = 1'0).
Adding EN signal on $auto$ff.cc:337:slice$2588 ($sdff) from module wire_ingress_buffer (D = $add$rtl/common/wire_ingress_buffer.sv:47$40_Y, Q = \write_ptr_q).
Adding SRST signal on $procdff$1784 ($dff) from module wire_ingress_buffer (D = $procmux$1694_Y, Q = \count_q, rval = 2'00).
Adding EN signal on $auto$ff.cc:337:slice$2590 ($sdff) from module wire_ingress_buffer (D = $procmux$1694_Y, Q = \count_q).

10.8.7. Executing OPT_CLEAN pass (remove unused cells and wires).
Finding unused cells or wires in module \wire_buffer_gearbox_eth_ipv4_udp_top..
Finding unused cells or wires in module \wire_udp_parser..
Finding unused cells or wires in module \wire_ipv4_parser..
Finding unused cells or wires in module \wire_eth_parser..
Finding unused cells or wires in module \wire_gearbox_64to8..
Finding unused cells or wires in module \wire_ingress_buffer..
Removed 75 unused cells and 142 unused wires.
<suppressed ~80 debug messages>

10.8.8. Executing OPT_EXPR pass (perform const folding).
Optimizing module wire_buffer_gearbox_eth_ipv4_udp_top.
Optimizing module wire_udp_parser.
<suppressed ~6 debug messages>
Optimizing module wire_ipv4_parser.
<suppressed ~3 debug messages>
Optimizing module wire_eth_parser.
<suppressed ~2 debug messages>
Optimizing module wire_gearbox_64to8.
<suppressed ~4 debug messages>
Optimizing module wire_ingress_buffer.
<suppressed ~1 debug messages>

10.8.9. Rerunning OPT passes. (Maybe there is more to do..)

10.8.10. Executing OPT_MUXTREE pass (detect dead branches in mux trees).
Running muxtree optimizer on module \wire_buffer_gearbox_eth_ipv4_udp_top..
  Creating internal representation of mux trees.
  No muxes found in this module.
Running muxtree optimizer on module \wire_udp_parser..
  Creating internal representation of mux trees.
  Evaluating internal representation of mux trees.
  Analyzing evaluation results.
Running muxtree optimizer on module \wire_ipv4_parser..
  Creating internal representation of mux trees.
  Evaluating internal representation of mux trees.
  Analyzing evaluation results.
Running muxtree optimizer on module \wire_eth_parser..
  Creating internal representation of mux trees.
  Evaluating internal representation of mux trees.
  Analyzing evaluation results.
Running muxtree optimizer on module \wire_gearbox_64to8..
  Creating internal representation of mux trees.
  Evaluating internal representation of mux trees.
  Analyzing evaluation results.
Running muxtree optimizer on module \wire_ingress_buffer..
  Creating internal representation of mux trees.
  Evaluating internal representation of mux trees.
  Analyzing evaluation results.
Removed 0 multiplexer ports.
<suppressed ~293 debug messages>

10.8.11. Executing OPT_REDUCE pass (consolidate $*mux and $reduce_* inputs).
  Optimizing cells in module \wire_buffer_gearbox_eth_ipv4_udp_top.
  Optimizing cells in module \wire_udp_parser.
  Optimizing cells in module \wire_ipv4_parser.
  Optimizing cells in module \wire_eth_parser.
  Optimizing cells in module \wire_gearbox_64to8.
  Optimizing cells in module \wire_ingress_buffer.
Performed a total of 0 changes.

10.8.12. Executing OPT_MERGE pass (detect identical cells).
Finding identical cells in module `\wire_buffer_gearbox_eth_ipv4_udp_top'.
Computing hashes of 5 cells of `\wire_buffer_gearbox_eth_ipv4_udp_top'.
Finding duplicate cells in `\wire_buffer_gearbox_eth_ipv4_udp_top'.
Finding identical cells in module `\wire_udp_parser'.
Computing hashes of 244 cells of `\wire_udp_parser'.
Finding duplicate cells in `\wire_udp_parser'.
Computing hashes of 223 cells of `\wire_udp_parser'.
Finding duplicate cells in `\wire_udp_parser'.
Computing hashes of 221 cells of `\wire_udp_parser'.
Finding duplicate cells in `\wire_udp_parser'.
<suppressed ~69 debug messages>
Finding identical cells in module `\wire_ipv4_parser'.
Computing hashes of 221 cells of `\wire_ipv4_parser'.
Finding duplicate cells in `\wire_ipv4_parser'.
Computing hashes of 216 cells of `\wire_ipv4_parser'.
Finding duplicate cells in `\wire_ipv4_parser'.
Computing hashes of 215 cells of `\wire_ipv4_parser'.
Finding duplicate cells in `\wire_ipv4_parser'.
<suppressed ~18 debug messages>
Finding identical cells in module `\wire_eth_parser'.
Computing hashes of 105 cells of `\wire_eth_parser'.
Finding duplicate cells in `\wire_eth_parser'.
Computing hashes of 102 cells of `\wire_eth_parser'.
Finding duplicate cells in `\wire_eth_parser'.
Computing hashes of 101 cells of `\wire_eth_parser'.
Finding duplicate cells in `\wire_eth_parser'.
<suppressed ~12 debug messages>
Finding identical cells in module `\wire_gearbox_64to8'.
Computing hashes of 77 cells of `\wire_gearbox_64to8'.
Finding duplicate cells in `\wire_gearbox_64to8'.
Computing hashes of 74 cells of `\wire_gearbox_64to8'.
Finding duplicate cells in `\wire_gearbox_64to8'.
Computing hashes of 72 cells of `\wire_gearbox_64to8'.
Finding duplicate cells in `\wire_gearbox_64to8'.
<suppressed ~15 debug messages>
Finding identical cells in module `\wire_ingress_buffer'.
Computing hashes of 32 cells of `\wire_ingress_buffer'.
Finding duplicate cells in `\wire_ingress_buffer'.
Removed a total of 38 cells.

10.8.13. Executing OPT_DFF pass (perform DFF optimizations).

10.8.14. Executing OPT_CLEAN pass (remove unused cells and wires).
Finding unused cells or wires in module \wire_buffer_gearbox_eth_ipv4_udp_top..
Finding unused cells or wires in module \wire_udp_parser..
Finding unused cells or wires in module \wire_ipv4_parser..
Finding unused cells or wires in module \wire_eth_parser..
Finding unused cells or wires in module \wire_gearbox_64to8..
Finding unused cells or wires in module \wire_ingress_buffer..
Removed 0 unused cells and 38 unused wires.
<suppressed ~4 debug messages>

10.8.15. Executing OPT_EXPR pass (perform const folding).
Optimizing module wire_buffer_gearbox_eth_ipv4_udp_top.
Optimizing module wire_udp_parser.
Optimizing module wire_ipv4_parser.
Optimizing module wire_eth_parser.
Optimizing module wire_gearbox_64to8.
Optimizing module wire_ingress_buffer.

10.8.16. Rerunning OPT passes. (Maybe there is more to do..)

10.8.17. Executing OPT_MUXTREE pass (detect dead branches in mux trees).
Running muxtree optimizer on module \wire_buffer_gearbox_eth_ipv4_udp_top..
  Creating internal representation of mux trees.
  No muxes found in this module.
Running muxtree optimizer on module \wire_udp_parser..
  Creating internal representation of mux trees.
  Evaluating internal representation of mux trees.
  Analyzing evaluation results.
Running muxtree optimizer on module \wire_ipv4_parser..
  Creating internal representation of mux trees.
  Evaluating internal representation of mux trees.
  Analyzing evaluation results.
Running muxtree optimizer on module \wire_eth_parser..
  Creating internal representation of mux trees.
  Evaluating internal representation of mux trees.
  Analyzing evaluation results.
Running muxtree optimizer on module \wire_gearbox_64to8..
  Creating internal representation of mux trees.
  Evaluating internal representation of mux trees.
  Analyzing evaluation results.
Running muxtree optimizer on module \wire_ingress_buffer..
  Creating internal representation of mux trees.
  Evaluating internal representation of mux trees.
  Analyzing evaluation results.
Removed 0 multiplexer ports.
<suppressed ~296 debug messages>

10.8.18. Executing OPT_REDUCE pass (consolidate $*mux and $reduce_* inputs).
  Optimizing cells in module \wire_buffer_gearbox_eth_ipv4_udp_top.
  Optimizing cells in module \wire_udp_parser.
  Optimizing cells in module \wire_ipv4_parser.
  Optimizing cells in module \wire_eth_parser.
  Optimizing cells in module \wire_gearbox_64to8.
  Optimizing cells in module \wire_ingress_buffer.
Performed a total of 0 changes.

10.8.19. Executing OPT_MERGE pass (detect identical cells).
Finding identical cells in module `\wire_buffer_gearbox_eth_ipv4_udp_top'.
Computing hashes of 5 cells of `\wire_buffer_gearbox_eth_ipv4_udp_top'.
Finding duplicate cells in `\wire_buffer_gearbox_eth_ipv4_udp_top'.
Finding identical cells in module `\wire_udp_parser'.
Computing hashes of 221 cells of `\wire_udp_parser'.
Finding duplicate cells in `\wire_udp_parser'.
Finding identical cells in module `\wire_ipv4_parser'.
Computing hashes of 215 cells of `\wire_ipv4_parser'.
Finding duplicate cells in `\wire_ipv4_parser'.
Finding identical cells in module `\wire_eth_parser'.
Computing hashes of 101 cells of `\wire_eth_parser'.
Finding duplicate cells in `\wire_eth_parser'.
Finding identical cells in module `\wire_gearbox_64to8'.
Computing hashes of 72 cells of `\wire_gearbox_64to8'.
Finding duplicate cells in `\wire_gearbox_64to8'.
Finding identical cells in module `\wire_ingress_buffer'.
Computing hashes of 32 cells of `\wire_ingress_buffer'.
Finding duplicate cells in `\wire_ingress_buffer'.
Removed a total of 0 cells.

10.8.20. Executing OPT_DFF pass (perform DFF optimizations).

10.8.21. Executing OPT_CLEAN pass (remove unused cells and wires).
Finding unused cells or wires in module \wire_buffer_gearbox_eth_ipv4_udp_top..
Finding unused cells or wires in module \wire_udp_parser..
Finding unused cells or wires in module \wire_ipv4_parser..
Finding unused cells or wires in module \wire_eth_parser..
Finding unused cells or wires in module \wire_gearbox_64to8..
Finding unused cells or wires in module \wire_ingress_buffer..

10.8.22. Executing OPT_EXPR pass (perform const folding).
Optimizing module wire_buffer_gearbox_eth_ipv4_udp_top.
Optimizing module wire_udp_parser.
Optimizing module wire_ipv4_parser.
Optimizing module wire_eth_parser.
Optimizing module wire_gearbox_64to8.
Optimizing module wire_ingress_buffer.

10.8.23. Finished fast OPT passes. (There is nothing left to do.)

10.9. Executing WREDUCE pass (reducing word size of cells).
Removed top 1 bits (of 2) from port B of cell wire_udp_parser.$auto$simple.cc:194:make_patterns_logic$2443 ($ne).
Removed top 1 bits (of 2) from port B of cell wire_udp_parser.$auto$simple.cc:194:make_patterns_logic$2395 ($ne).
Removed top 3 bits (of 4) from port B of cell wire_udp_parser.$auto$simple.cc:194:make_patterns_logic$2375 ($ne).
Removed top 1 bits (of 4) from port B of cell wire_udp_parser.$auto$fsm_map.cc:77:implement_pattern_cache$1940 ($eq).
Removed top 2 bits (of 5) from port B of cell wire_udp_parser.$auto$fsm_map.cc:77:implement_pattern_cache$1932 ($eq).
Removed top 4 bits (of 6) from port B of cell wire_udp_parser.$auto$fsm_map.cc:77:implement_pattern_cache$1927 ($eq).
Removed top 3 bits (of 7) from port B of cell wire_udp_parser.$auto$fsm_map.cc:77:implement_pattern_cache$1919 ($eq).
Removed top 1 bits (of 5) from port B of cell wire_udp_parser.$auto$fsm_map.cc:77:implement_pattern_cache$1915 ($eq).
Removed top 5 bits (of 8) from port B of cell wire_udp_parser.$auto$fsm_map.cc:77:implement_pattern_cache$1903 ($eq).
Removed top 2 bits (of 5) from port B of cell wire_udp_parser.$auto$fsm_map.cc:77:implement_pattern_cache$1874 ($eq).
Removed top 1 bits (of 6) from port B of cell wire_udp_parser.$auto$fsm_map.cc:77:implement_pattern_cache$1870 ($eq).
Removed top 2 bits (of 5) from port B of cell wire_udp_parser.$auto$fsm_map.cc:77:implement_pattern_cache$1855 ($eq).
Removed top 1 bits (of 4) from port B of cell wire_udp_parser.$auto$fsm_map.cc:77:implement_pattern_cache$1845 ($eq).
Removed top 3 bits (of 7) from port B of cell wire_udp_parser.$auto$fsm_map.cc:77:implement_pattern_cache$1841 ($eq).
Removed top 1 bits (of 5) from port B of cell wire_udp_parser.$auto$fsm_map.cc:77:implement_pattern_cache$1839 ($eq).
Removed top 1 bits (of 6) from port B of cell wire_udp_parser.$auto$fsm_map.cc:77:implement_pattern_cache$1823 ($eq).
Removed top 1 bits (of 4) from port B of cell wire_udp_parser.$lt$rtl/arch_a/wire_udp_parser.sv:103$258 ($lt).
Removed top 26 bits (of 32) from port A of cell wire_udp_parser.$sub$rtl/arch_a/wire_udp_parser.sv:104$262 ($sub).
Removed top 25 bits (of 32) from port B of cell wire_udp_parser.$sub$rtl/arch_a/wire_udp_parser.sv:104$262 ($sub).
Removed top 24 bits (of 32) from port Y of cell wire_udp_parser.$sub$rtl/arch_a/wire_udp_parser.sv:104$262 ($sub).
Converting cell wire_udp_parser.$add$rtl/arch_a/wire_udp_parser.sv:104$263 ($add) from unsigned to signed.
Removed top 24 bits (of 32) from port A of cell wire_udp_parser.$add$rtl/arch_a/wire_udp_parser.sv:104$263 ($add).
Removed top 30 bits (of 32) from port B of cell wire_udp_parser.$add$rtl/arch_a/wire_udp_parser.sv:104$263 ($add).
Removed top 23 bits (of 32) from port Y of cell wire_udp_parser.$add$rtl/arch_a/wire_udp_parser.sv:104$263 ($add).
Converting cell wire_udp_parser.$sub$rtl/arch_a/wire_udp_parser.sv:104$264 ($sub) from unsigned to signed.
Removed top 23 bits (of 32) from port A of cell wire_udp_parser.$sub$rtl/arch_a/wire_udp_parser.sv:104$264 ($sub).
Removed top 27 bits (of 32) from port B of cell wire_udp_parser.$sub$rtl/arch_a/wire_udp_parser.sv:104$264 ($sub).
Removed top 22 bits (of 32) from port Y of cell wire_udp_parser.$sub$rtl/arch_a/wire_udp_parser.sv:104$264 ($sub).
Converting cell wire_udp_parser.$neg$rtl/arch_a/wire_udp_parser.sv:104$269 ($neg) from signed to unsigned.
Removed top 1 bits (of 33) from port A of cell wire_udp_parser.$neg$rtl/arch_a/wire_udp_parser.sv:104$269 ($neg).
Removed top 3 bits (of 4) from port B of cell wire_udp_parser.$add$rtl/arch_a/wire_udp_parser.sv:105$272 ($add).
Removed top 12 bits (of 16) from port B of cell wire_udp_parser.$lt$rtl/arch_a/wire_udp_parser.sv:111$273 ($lt).
Removed top 12 bits (of 16) from port B of cell wire_udp_parser.$eq$rtl/arch_a/wire_udp_parser.sv:121$274 ($eq).
Removed top 12 bits (of 16) from port B of cell wire_udp_parser.$sub$rtl/arch_a/wire_udp_parser.sv:159$276 ($sub).
Removed top 15 bits (of 16) from port B of cell wire_udp_parser.$gt$rtl/arch_a/wire_udp_parser.sv:166$277 ($gt).
Removed top 15 bits (of 16) from port B of cell wire_udp_parser.$eq$rtl/arch_a/wire_udp_parser.sv:170$279 ($eq).
Removed top 15 bits (of 16) from port B of cell wire_udp_parser.$sub$rtl/arch_a/wire_udp_parser.sv:186$280 ($sub).
Removed top 15 bits (of 16) from port B of cell wire_udp_parser.$add$rtl/arch_a/wire_udp_parser.sv:193$282 ($add).
Removed top 2 bits (of 3) from mux cell wire_udp_parser.$procmux$442 ($mux).
Removed top 2 bits (of 3) from wire wire_udp_parser.$procmux$442_Y.
Removed top 1 bits (of 2) from port B of cell wire_ipv4_parser.$auto$simple.cc:194:make_patterns_logic$2507 ($ne).
Removed top 1 bits (of 3) from port B of cell wire_ipv4_parser.$auto$simple.cc:194:make_patterns_logic$2505 ($ne).
Removed top 1 bits (of 5) from port B of cell wire_ipv4_parser.$auto$simple.cc:194:make_patterns_logic$2501 ($ne).
Removed top 1 bits (of 2) from port B of cell wire_ipv4_parser.$auto$simple.cc:194:make_patterns_logic$2489 ($ne).
Removed top 1 bits (of 2) from port B of cell wire_ipv4_parser.$auto$simple.cc:194:make_patterns_logic$2483 ($ne).
Removed top 1 bits (of 5) from port B of cell wire_ipv4_parser.$auto$fsm_map.cc:77:implement_pattern_cache$2127 ($eq).
Removed top 3 bits (of 6) from port B of cell wire_ipv4_parser.$auto$fsm_map.cc:77:implement_pattern_cache$2123 ($eq).
Removed top 2 bits (of 5) from port B of cell wire_ipv4_parser.$auto$fsm_map.cc:77:implement_pattern_cache$2119 ($eq).
Removed top 1 bits (of 6) from port B of cell wire_ipv4_parser.$auto$fsm_map.cc:77:implement_pattern_cache$2115 ($eq).
Removed top 3 bits (of 5) from port B of cell wire_ipv4_parser.$auto$fsm_map.cc:77:implement_pattern_cache$2110 ($eq).
Removed top 2 bits (of 6) from port B of cell wire_ipv4_parser.$auto$fsm_map.cc:77:implement_pattern_cache$2102 ($eq).
Removed top 1 bits (of 7) from port B of cell wire_ipv4_parser.$auto$fsm_map.cc:77:implement_pattern_cache$2094 ($eq).
Removed top 1 bits (of 5) from port B of cell wire_ipv4_parser.$auto$fsm_map.cc:77:implement_pattern_cache$2085 ($eq).
Removed top 2 bits (of 7) from port B of cell wire_ipv4_parser.$auto$fsm_map.cc:77:implement_pattern_cache$2081 ($eq).
Removed top 1 bits (of 8) from port B of cell wire_ipv4_parser.$auto$fsm_map.cc:77:implement_pattern_cache$2077 ($eq).
Removed top 1 bits (of 6) from port B of cell wire_ipv4_parser.$auto$fsm_map.cc:77:implement_pattern_cache$2075 ($eq).
Removed top 1 bits (of 7) from port B of cell wire_ipv4_parser.$auto$fsm_map.cc:77:implement_pattern_cache$2061 ($eq).
Removed top 1 bits (of 4) from port B of cell wire_ipv4_parser.$auto$fsm_map.cc:77:implement_pattern_cache$2036 ($eq).
Removed top 1 bits (of 7) from port B of cell wire_ipv4_parser.$auto$fsm_map.cc:77:implement_pattern_cache$2028 ($eq).
Removed top 3 bits (of 6) from port B of cell wire_ipv4_parser.$auto$fsm_map.cc:77:implement_pattern_cache$2024 ($eq).
Removed top 1 bits (of 4) from port B of cell wire_ipv4_parser.$auto$fsm_map.cc:77:implement_pattern_cache$2013 ($eq).
Removed top 1 bits (of 5) from port B of cell wire_ipv4_parser.$auto$fsm_map.cc:77:implement_pattern_cache$2009 ($eq).
Removed top 1 bits (of 6) from port B of cell wire_ipv4_parser.$auto$fsm_map.cc:77:implement_pattern_cache$2005 ($eq).
Removed top 1 bits (of 5) from port B of cell wire_ipv4_parser.$auto$fsm_map.cc:77:implement_pattern_cache$1995 ($eq).
Removed top 2 bits (of 7) from port B of cell wire_ipv4_parser.$auto$fsm_map.cc:77:implement_pattern_cache$1991 ($eq).
Removed top 1 bits (of 8) from port B of cell wire_ipv4_parser.$auto$fsm_map.cc:77:implement_pattern_cache$1987 ($eq).
Removed top 1 bits (of 6) from port B of cell wire_ipv4_parser.$auto$fsm_map.cc:77:implement_pattern_cache$1985 ($eq).
Removed top 1 bits (of 7) from port B of cell wire_ipv4_parser.$auto$fsm_map.cc:77:implement_pattern_cache$1981 ($eq).
Removed top 1 bits (of 7) from port B of cell wire_ipv4_parser.$auto$fsm_map.cc:77:implement_pattern_cache$1961 ($eq).
Removed top 24 bits (of 32) from port A of cell wire_ipv4_parser.$sub$rtl/arch_a/wire_ipv4_parser.sv:155$147 ($sub).
Removed top 24 bits (of 32) from port B of cell wire_ipv4_parser.$sub$rtl/arch_a/wire_ipv4_parser.sv:155$147 ($sub).
Removed top 23 bits (of 32) from port Y of cell wire_ipv4_parser.$sub$rtl/arch_a/wire_ipv4_parser.sv:155$147 ($sub).
Converting cell wire_ipv4_parser.$add$rtl/arch_a/wire_ipv4_parser.sv:155$148 ($add) from unsigned to signed.
Removed top 23 bits (of 32) from port A of cell wire_ipv4_parser.$add$rtl/arch_a/wire_ipv4_parser.sv:155$148 ($add).
Removed top 30 bits (of 32) from port B of cell wire_ipv4_parser.$add$rtl/arch_a/wire_ipv4_parser.sv:155$148 ($add).
Removed top 22 bits (of 32) from port Y of cell wire_ipv4_parser.$add$rtl/arch_a/wire_ipv4_parser.sv:155$148 ($add).
Converting cell wire_ipv4_parser.$sub$rtl/arch_a/wire_ipv4_parser.sv:155$149 ($sub) from unsigned to signed.
Removed top 22 bits (of 32) from port A of cell wire_ipv4_parser.$sub$rtl/arch_a/wire_ipv4_parser.sv:155$149 ($sub).
Removed top 27 bits (of 32) from port B of cell wire_ipv4_parser.$sub$rtl/arch_a/wire_ipv4_parser.sv:155$149 ($sub).
Removed top 21 bits (of 32) from port Y of cell wire_ipv4_parser.$sub$rtl/arch_a/wire_ipv4_parser.sv:155$149 ($sub).
Converting cell wire_ipv4_parser.$neg$rtl/arch_a/wire_ipv4_parser.sv:155$154 ($neg) from signed to unsigned.
Removed top 1 bits (of 33) from port A of cell wire_ipv4_parser.$neg$rtl/arch_a/wire_ipv4_parser.sv:155$154 ($neg).
Removed top 4 bits (of 5) from port B of cell wire_ipv4_parser.$add$rtl/arch_a/wire_ipv4_parser.sv:156$157 ($add).
Removed top 11 bits (of 16) from port B of cell wire_ipv4_parser.$eq$rtl/arch_a/wire_ipv4_parser.sv:160$161 ($eq).
Removed top 11 bits (of 16) from port B of cell wire_ipv4_parser.$sub$rtl/arch_a/wire_ipv4_parser.sv:169$162 ($sub).
Removed top 2 bits (of 4) from port B of cell wire_ipv4_parser.$eq$rtl/arch_a/wire_ipv4_parser.sv:91$163 ($eq).
Removed top 2 bits (of 4) from port B of cell wire_ipv4_parser.$eq$rtl/arch_a/wire_ipv4_parser.sv:92$164 ($eq).
Removed top 1 bits (of 4) from port B of cell wire_ipv4_parser.$eq$rtl/arch_a/wire_ipv4_parser.sv:93$166 ($eq).
Removed top 1 bits (of 4) from port B of cell wire_ipv4_parser.$eq$rtl/arch_a/wire_ipv4_parser.sv:94$168 ($eq).
Removed top 15 bits (of 16) from port B of cell wire_ipv4_parser.$gt$rtl/arch_a/wire_ipv4_parser.sv:183$172 ($gt).
Removed top 15 bits (of 16) from port B of cell wire_ipv4_parser.$eq$rtl/arch_a/wire_ipv4_parser.sv:189$174 ($eq).
Removed top 15 bits (of 16) from port B of cell wire_ipv4_parser.$sub$rtl/arch_a/wire_ipv4_parser.sv:193$176 ($sub).
Removed top 1 bits (of 4) from port B of cell wire_ipv4_parser.$ne$rtl/arch_a/wire_ipv4_parser.sv:70$187 ($ne).
Removed top 1 bits (of 4) from port B of cell wire_ipv4_parser.$ne$rtl/arch_a/wire_ipv4_parser.sv:72$192 ($ne).
Removed top 11 bits (of 16) from port B of cell wire_ipv4_parser.$lt$rtl/arch_a/wire_ipv4_parser.sv:74$197 ($lt).
Removed top 2 bits (of 18) from port A of cell wire_ipv4_parser.$add$rtl/arch_a/wire_ipv4_parser.sv:50$202 ($add).
Removed top 2 bits (of 18) from port B of cell wire_ipv4_parser.$add$rtl/arch_a/wire_ipv4_parser.sv:50$202 ($add).
Removed top 1 bits (of 18) from port Y of cell wire_ipv4_parser.$add$rtl/arch_a/wire_ipv4_parser.sv:50$202 ($add).
Removed top 1 bits (of 18) from port A of cell wire_ipv4_parser.$add$rtl/arch_a/wire_ipv4_parser.sv:50$203 ($add).
Removed top 2 bits (of 18) from port B of cell wire_ipv4_parser.$add$rtl/arch_a/wire_ipv4_parser.sv:50$203 ($add).
Removed top 2 bits (of 18) from port B of cell wire_ipv4_parser.$add$rtl/arch_a/wire_ipv4_parser.sv:50$204 ($add).
Removed top 2 bits (of 18) from port B of cell wire_ipv4_parser.$add$rtl/arch_a/wire_ipv4_parser.sv:50$205 ($add).
Removed top 2 bits (of 18) from port B of cell wire_ipv4_parser.$add$rtl/arch_a/wire_ipv4_parser.sv:50$206 ($add).
Removed top 2 bits (of 18) from port B of cell wire_ipv4_parser.$add$rtl/arch_a/wire_ipv4_parser.sv:50$207 ($add).
Removed top 2 bits (of 18) from port B of cell wire_ipv4_parser.$add$rtl/arch_a/wire_ipv4_parser.sv:50$208 ($add).
Removed top 2 bits (of 18) from port B of cell wire_ipv4_parser.$add$rtl/arch_a/wire_ipv4_parser.sv:50$209 ($add).
Removed top 2 bits (of 18) from port B of cell wire_ipv4_parser.$add$rtl/arch_a/wire_ipv4_parser.sv:50$210 ($add).
Removed top 2 bits (of 18) from port A of cell wire_ipv4_parser.$add$rtl/arch_a/wire_ipv4_parser.sv:55$211 ($add).
Removed top 16 bits (of 18) from port B of cell wire_ipv4_parser.$add$rtl/arch_a/wire_ipv4_parser.sv:55$211 ($add).
Removed top 1 bits (of 18) from port Y of cell wire_ipv4_parser.$add$rtl/arch_a/wire_ipv4_parser.sv:55$211 ($add).
Removed top 2 bits (of 18) from port A of cell wire_ipv4_parser.$add$rtl/arch_a/wire_ipv4_parser.sv:56$212 ($add).
Removed top 17 bits (of 18) from port B of cell wire_ipv4_parser.$add$rtl/arch_a/wire_ipv4_parser.sv:56$212 ($add).
Removed top 2 bits (of 18) from port Y of cell wire_ipv4_parser.$add$rtl/arch_a/wire_ipv4_parser.sv:56$212 ($add).
Removed top 3 bits (of 8) from port B of cell wire_ipv4_parser.$ne$rtl/arch_a/wire_ipv4_parser.sv:82$221 ($ne).
Removed top 1 bits (of 18) from wire wire_ipv4_parser.$add$rtl/arch_a/wire_ipv4_parser.sv:50$202_Y.
Removed top 2 bits (of 18) from wire wire_ipv4_parser.$add$rtl/arch_a/wire_ipv4_parser.sv:56$212_Y.
Removed top 1 bits (of 18) from wire wire_ipv4_parser.$add$rtl/arch_a/wire_ipv4_parser.sv:55$211_Y.
Removed top 2 bits (of 3) from port B of cell wire_eth_parser.$auto$simple.cc:194:make_patterns_logic$2538 ($ne).
Removed top 1 bits (of 4) from port B of cell wire_eth_parser.$auto$fsm_map.cc:77:implement_pattern_cache$2217 ($eq).
Removed top 1 bits (of 5) from port B of cell wire_eth_parser.$auto$fsm_map.cc:77:implement_pattern_cache$2187 ($eq).
Removed top 2 bits (of 5) from port B of cell wire_eth_parser.$auto$fsm_map.cc:77:implement_pattern_cache$2179 ($eq).
Removed top 1 bits (of 6) from port B of cell wire_eth_parser.$auto$fsm_map.cc:77:implement_pattern_cache$2175 ($eq).
Removed top 2 bits (of 4) from port B of cell wire_eth_parser.$auto$fsm_map.cc:77:implement_pattern_cache$2162 ($eq).
Removed top 1 bits (of 4) from port B of cell wire_eth_parser.$auto$fsm_map.cc:77:implement_pattern_cache$2150 ($eq).
Removed top 1 bits (of 5) from port B of cell wire_eth_parser.$auto$fsm_map.cc:77:implement_pattern_cache$2148 ($eq).
Removed top 1 bits (of 6) from port B of cell wire_eth_parser.$auto$fsm_map.cc:77:implement_pattern_cache$2140 ($eq).
Removed top 4 bits (of 16) from port B of cell wire_eth_parser.$eq$rtl/arch_a/wire_eth_parser.sv:94$89 ($eq).
Removed top 3 bits (of 4) from port B of cell wire_eth_parser.$add$rtl/arch_a/wire_eth_parser.sv:110$90 ($add).
Removed top 8 bits (of 10) from port B of cell wire_gearbox_64to8.$auto$fsm_map.cc:77:implement_pattern_cache$2238 ($eq).
Removed top 3 bits (of 4) from port B of cell wire_gearbox_64to8.$sub$rtl/arch_a/wire_gearbox_64to8.sv:38$45 ($sub).
Removed top 1 bits (of 4) from port A of cell wire_gearbox_64to8.$eq$rtl/arch_a/wire_gearbox_64to8.sv:38$46 ($eq).
Removed top 25 bits (of 32) from port B of cell wire_gearbox_64to8.$shiftx$rtl/arch_a/wire_gearbox_64to8.sv:42$51 ($shiftx).
Removed top 2 bits (of 3) from port B of cell wire_gearbox_64to8.$add$rtl/arch_a/wire_gearbox_64to8.sv:68$67 ($add).
Removed top 1 bits (of 8) from port B of cell wire_gearbox_64to8.$procmux$1564_CMP0 ($eq).
Removed top 2 bits (of 8) from port B of cell wire_gearbox_64to8.$procmux$1565_CMP0 ($eq).
Removed top 3 bits (of 8) from port B of cell wire_gearbox_64to8.$procmux$1566_CMP0 ($eq).
Removed top 4 bits (of 8) from port B of cell wire_gearbox_64to8.$procmux$1567_CMP0 ($eq).
Removed top 5 bits (of 8) from port B of cell wire_gearbox_64to8.$procmux$1568_CMP0 ($eq).
Removed top 6 bits (of 8) from port B of cell wire_gearbox_64to8.$procmux$1569_CMP0 ($eq).
Removed top 7 bits (of 8) from port B of cell wire_gearbox_64to8.$procmux$1570_CMP0 ($eq).
Removed top 1 bits (of 2) from port B of cell wire_ingress_buffer.$add$rtl/common/wire_ingress_buffer.sv:54$42 ($add).
Removed top 1 bits (of 2) from port B of cell wire_ingress_buffer.$sub$rtl/common/wire_ingress_buffer.sv:55$43 ($sub).
Removed top 1 bits (of 2) from port B of cell wire_ingress_buffer.$procmux$1695_CMP0 ($eq).

10.10. Executing PEEPOPT pass (run peephole optimizers).
shiftpow2 pattern in wire_gearbox_64to8: shift=$shiftx$rtl/arch_a/wire_gearbox_64to8.sv:42$51, index=\index_q, stride=8, width=8, ways=8

10.11. Executing OPT_CLEAN pass (remove unused cells and wires).
Finding unused cells or wires in module \wire_buffer_gearbox_eth_ipv4_udp_top..
Finding unused cells or wires in module \wire_udp_parser..
Finding unused cells or wires in module \wire_ipv4_parser..
Finding unused cells or wires in module \wire_eth_parser..
Finding unused cells or wires in module \wire_gearbox_64to8..
Finding unused cells or wires in module \wire_ingress_buffer..
Removed 0 unused cells and 4 unused wires.
<suppressed ~2 debug messages>

10.12. Executing ALUMACC pass (create $alu and $macc cells).
Extracting $alu and $macc cells in module wire_buffer_gearbox_eth_ipv4_udp_top:
  created 0 $alu and 0 $macc cells.
Extracting $alu and $macc cells in module wire_udp_parser:
  creating $macc model for $add$rtl/arch_a/wire_udp_parser.sv:193$282 ($add).
  creating $macc model for $sub$rtl/arch_a/wire_udp_parser.sv:186$280 ($sub).
  creating $macc model for $sub$rtl/arch_a/wire_udp_parser.sv:159$276 ($sub).
  creating $macc model for $add$rtl/arch_a/wire_udp_parser.sv:105$272 ($add).
  creating $macc model for $neg$rtl/arch_a/wire_udp_parser.sv:104$269 ($neg).
  creating $macc model for $sub$rtl/arch_a/wire_udp_parser.sv:104$264 ($sub).
  creating $macc model for $add$rtl/arch_a/wire_udp_parser.sv:104$263 ($add).
  creating $macc model for $sub$rtl/arch_a/wire_udp_parser.sv:104$262 ($sub).
  merging $macc model for $add$rtl/arch_a/wire_udp_parser.sv:104$263 into $sub$rtl/arch_a/wire_udp_parser.sv:104$264.
  creating $alu model for $macc $sub$rtl/arch_a/wire_udp_parser.sv:104$262.
  creating $alu model for $macc $neg$rtl/arch_a/wire_udp_parser.sv:104$269.
  creating $alu model for $macc $add$rtl/arch_a/wire_udp_parser.sv:105$272.
  creating $alu model for $macc $sub$rtl/arch_a/wire_udp_parser.sv:159$276.
  creating $alu model for $macc $sub$rtl/arch_a/wire_udp_parser.sv:186$280.
  creating $alu model for $macc $add$rtl/arch_a/wire_udp_parser.sv:193$282.
  creating $macc cell for $sub$rtl/arch_a/wire_udp_parser.sv:104$264: $auto$alumacc.cc:427:replace_macc$2599
  creating $alu model for $gt$rtl/arch_a/wire_udp_parser.sv:166$277 ($gt): merged with $sub$rtl/arch_a/wire_udp_parser.sv:186$280.
  creating $alu model for $lt$rtl/arch_a/wire_udp_parser.sv:111$273 ($lt): merged with $sub$rtl/arch_a/wire_udp_parser.sv:159$276.
  creating $alu model for $lt$rtl/arch_a/wire_udp_parser.sv:103$258 ($lt): new $alu
  creating $alu model for $eq$rtl/arch_a/wire_udp_parser.sv:170$279 ($eq): merged with $sub$rtl/arch_a/wire_udp_parser.sv:186$280.
  creating $alu model for $eq$rtl/arch_a/wire_udp_parser.sv:121$274 ($eq): merged with $sub$rtl/arch_a/wire_udp_parser.sv:159$276.
  creating $alu cell for $lt$rtl/arch_a/wire_udp_parser.sv:103$258: $auto$alumacc.cc:576:replace_alu$2601
  creating $alu cell for $add$rtl/arch_a/wire_udp_parser.sv:193$282: $auto$alumacc.cc:576:replace_alu$2606
  creating $alu cell for $sub$rtl/arch_a/wire_udp_parser.sv:186$280, $gt$rtl/arch_a/wire_udp_parser.sv:166$277, $eq$rtl/arch_a/wire_udp_parser.sv:170$279: $auto$alumacc.cc:576:replace_alu$2609
  creating $alu cell for $sub$rtl/arch_a/wire_udp_parser.sv:159$276, $lt$rtl/arch_a/wire_udp_parser.sv:111$273, $eq$rtl/arch_a/wire_udp_parser.sv:121$274: $auto$alumacc.cc:576:replace_alu$2620
  creating $alu cell for $add$rtl/arch_a/wire_udp_parser.sv:105$272: $auto$alumacc.cc:576:replace_alu$2627
  creating $alu cell for $neg$rtl/arch_a/wire_udp_parser.sv:104$269: $auto$alumacc.cc:576:replace_alu$2630
  creating $alu cell for $sub$rtl/arch_a/wire_udp_parser.sv:104$262: $auto$alumacc.cc:576:replace_alu$2633
  created 7 $alu and 1 $macc cells.
Extracting $alu and $macc cells in module wire_ipv4_parser:
  creating $macc model for $add$rtl/arch_a/wire_ipv4_parser.sv:56$212 ($add).
  creating $macc model for $add$rtl/arch_a/wire_ipv4_parser.sv:55$211 ($add).
  creating $macc model for $add$rtl/arch_a/wire_ipv4_parser.sv:50$210 ($add).
  creating $macc model for $add$rtl/arch_a/wire_ipv4_parser.sv:50$209 ($add).
  creating $macc model for $add$rtl/arch_a/wire_ipv4_parser.sv:50$208 ($add).
  creating $macc model for $add$rtl/arch_a/wire_ipv4_parser.sv:50$207 ($add).
  creating $macc model for $add$rtl/arch_a/wire_ipv4_parser.sv:50$206 ($add).
  creating $macc model for $add$rtl/arch_a/wire_ipv4_parser.sv:50$205 ($add).
  creating $macc model for $add$rtl/arch_a/wire_ipv4_parser.sv:50$204 ($add).
  creating $macc model for $add$rtl/arch_a/wire_ipv4_parser.sv:50$203 ($add).
  creating $macc model for $add$rtl/arch_a/wire_ipv4_parser.sv:50$202 ($add).
  creating $macc model for $sub$rtl/arch_a/wire_ipv4_parser.sv:193$176 ($sub).
  creating $macc model for $sub$rtl/arch_a/wire_ipv4_parser.sv:169$162 ($sub).
  creating $macc model for $add$rtl/arch_a/wire_ipv4_parser.sv:156$157 ($add).
  creating $macc model for $neg$rtl/arch_a/wire_ipv4_parser.sv:155$154 ($neg).
  creating $macc model for $sub$rtl/arch_a/wire_ipv4_parser.sv:155$149 ($sub).
  creating $macc model for $add$rtl/arch_a/wire_ipv4_parser.sv:155$148 ($add).
  creating $macc model for $sub$rtl/arch_a/wire_ipv4_parser.sv:155$147 ($sub).
  merging $macc model for $add$rtl/arch_a/wire_ipv4_parser.sv:155$148 into $sub$rtl/arch_a/wire_ipv4_parser.sv:155$149.
  merging $macc model for $add$rtl/arch_a/wire_ipv4_parser.sv:50$202 into $add$rtl/arch_a/wire_ipv4_parser.sv:50$203.
  merging $macc model for $add$rtl/arch_a/wire_ipv4_parser.sv:50$203 into $add$rtl/arch_a/wire_ipv4_parser.sv:50$204.
  merging $macc model for $add$rtl/arch_a/wire_ipv4_parser.sv:50$204 into $add$rtl/arch_a/wire_ipv4_parser.sv:50$205.
  merging $macc model for $add$rtl/arch_a/wire_ipv4_parser.sv:50$205 into $add$rtl/arch_a/wire_ipv4_parser.sv:50$206.
  merging $macc model for $add$rtl/arch_a/wire_ipv4_parser.sv:50$206 into $add$rtl/arch_a/wire_ipv4_parser.sv:50$207.
  merging $macc model for $add$rtl/arch_a/wire_ipv4_parser.sv:50$207 into $add$rtl/arch_a/wire_ipv4_parser.sv:50$208.
  merging $macc model for $add$rtl/arch_a/wire_ipv4_parser.sv:50$208 into $add$rtl/arch_a/wire_ipv4_parser.sv:50$209.
  merging $macc model for $add$rtl/arch_a/wire_ipv4_parser.sv:50$209 into $add$rtl/arch_a/wire_ipv4_parser.sv:50$210.
  creating $alu model for $macc $sub$rtl/arch_a/wire_ipv4_parser.sv:169$162.
  creating $alu model for $macc $add$rtl/arch_a/wire_ipv4_parser.sv:156$157.
  creating $alu model for $macc $neg$rtl/arch_a/wire_ipv4_parser.sv:155$154.
  creating $alu model for $macc $sub$rtl/arch_a/wire_ipv4_parser.sv:193$176.
  creating $alu model for $macc $sub$rtl/arch_a/wire_ipv4_parser.sv:155$147.
  creating $alu model for $macc $add$rtl/arch_a/wire_ipv4_parser.sv:55$211.
  creating $alu model for $macc $add$rtl/arch_a/wire_ipv4_parser.sv:56$212.
  creating $macc cell for $sub$rtl/arch_a/wire_ipv4_parser.sv:155$149: $auto$alumacc.cc:427:replace_macc$2636
  creating $macc cell for $add$rtl/arch_a/wire_ipv4_parser.sv:50$210: $auto$alumacc.cc:427:replace_macc$2637
  creating $alu model for $lt$rtl/arch_a/wire_ipv4_parser.sv:74$197 ($lt): merged with $sub$rtl/arch_a/wire_ipv4_parser.sv:169$162.
  creating $alu model for $gt$rtl/arch_a/wire_ipv4_parser.sv:183$172 ($gt): merged with $sub$rtl/arch_a/wire_ipv4_parser.sv:193$176.
  creating $alu model for $lt$rtl/arch_a/wire_ipv4_parser.sv:154$141 ($lt): new $alu
  creating $alu model for $eq$rtl/arch_a/wire_ipv4_parser.sv:189$174 ($eq): merged with $sub$rtl/arch_a/wire_ipv4_parser.sv:193$176.
  creating $alu model for $eq$rtl/arch_a/wire_ipv4_parser.sv:160$161 ($eq): merged with $sub$rtl/arch_a/wire_ipv4_parser.sv:169$162.
  creating $alu cell for $lt$rtl/arch_a/wire_ipv4_parser.sv:154$141: $auto$alumacc.cc:576:replace_alu$2639
  creating $alu cell for $add$rtl/arch_a/wire_ipv4_parser.sv:56$212: $auto$alumacc.cc:576:replace_alu$2644
  creating $alu cell for $add$rtl/arch_a/wire_ipv4_parser.sv:55$211: $auto$alumacc.cc:576:replace_alu$2647
  creating $alu cell for $sub$rtl/arch_a/wire_ipv4_parser.sv:155$147: $auto$alumacc.cc:576:replace_alu$2650
  creating $alu cell for $sub$rtl/arch_a/wire_ipv4_parser.sv:193$176, $gt$rtl/arch_a/wire_ipv4_parser.sv:183$172, $eq$rtl/arch_a/wire_ipv4_parser.sv:189$174: $auto$alumacc.cc:576:replace_alu$2653
  creating $alu cell for $neg$rtl/arch_a/wire_ipv4_parser.sv:155$154: $auto$alumacc.cc:576:replace_alu$2664
  creating $alu cell for $add$rtl/arch_a/wire_ipv4_parser.sv:156$157: $auto$alumacc.cc:576:replace_alu$2667
  creating $alu cell for $sub$rtl/arch_a/wire_ipv4_parser.sv:169$162, $lt$rtl/arch_a/wire_ipv4_parser.sv:74$197, $eq$rtl/arch_a/wire_ipv4_parser.sv:160$161: $auto$alumacc.cc:576:replace_alu$2670
  created 8 $alu and 2 $macc cells.
Extracting $alu and $macc cells in module wire_eth_parser:
  creating $macc model for $add$rtl/arch_a/wire_eth_parser.sv:110$90 ($add).
  creating $alu model for $macc $add$rtl/arch_a/wire_eth_parser.sv:110$90.
  creating $alu model for $lt$rtl/arch_a/wire_eth_parser.sv:83$87 ($lt): new $alu
  creating $alu model for $procmux$1550_CMP0 ($eq): merged with $lt$rtl/arch_a/wire_eth_parser.sv:83$87.
  creating $alu cell for $lt$rtl/arch_a/wire_eth_parser.sv:83$87, $procmux$1550_CMP0: $auto$alumacc.cc:576:replace_alu$2678
  creating $alu cell for $add$rtl/arch_a/wire_eth_parser.sv:110$90: $auto$alumacc.cc:576:replace_alu$2685
  created 2 $alu and 0 $macc cells.
Extracting $alu and $macc cells in module wire_gearbox_64to8:
  creating $macc model for $add$rtl/arch_a/wire_gearbox_64to8.sv:68$67 ($add).
  creating $macc model for $sub$rtl/arch_a/wire_gearbox_64to8.sv:38$45 ($sub).
  creating $alu model for $macc $sub$rtl/arch_a/wire_gearbox_64to8.sv:38$45.
  creating $alu model for $macc $add$rtl/arch_a/wire_gearbox_64to8.sv:68$67.
  creating $alu cell for $add$rtl/arch_a/wire_gearbox_64to8.sv:68$67: $auto$alumacc.cc:576:replace_alu$2688
  creating $alu cell for $sub$rtl/arch_a/wire_gearbox_64to8.sv:38$45: $auto$alumacc.cc:576:replace_alu$2691
  created 2 $alu and 0 $macc cells.
Extracting $alu and $macc cells in module wire_ingress_buffer:
  creating $macc model for $sub$rtl/common/wire_ingress_buffer.sv:55$43 ($sub).
  creating $macc model for $add$rtl/common/wire_ingress_buffer.sv:54$42 ($add).
  creating $macc model for $add$rtl/common/wire_ingress_buffer.sv:51$41 ($add).
  creating $macc model for $add$rtl/common/wire_ingress_buffer.sv:47$40 ($add).
  creating $alu model for $macc $add$rtl/common/wire_ingress_buffer.sv:47$40.
  creating $alu model for $macc $add$rtl/common/wire_ingress_buffer.sv:51$41.
  creating $alu model for $macc $add$rtl/common/wire_ingress_buffer.sv:54$42.
  creating $alu model for $macc $sub$rtl/common/wire_ingress_buffer.sv:55$43.
  creating $alu cell for $sub$rtl/common/wire_ingress_buffer.sv:55$43: $auto$alumacc.cc:576:replace_alu$2694
  creating $alu cell for $add$rtl/common/wire_ingress_buffer.sv:54$42: $auto$alumacc.cc:576:replace_alu$2697
  creating $alu cell for $add$rtl/common/wire_ingress_buffer.sv:51$41: $auto$alumacc.cc:576:replace_alu$2700
  creating $alu cell for $add$rtl/common/wire_ingress_buffer.sv:47$40: $auto$alumacc.cc:576:replace_alu$2703
  created 4 $alu and 0 $macc cells.

10.13. Executing SHARE pass (SAT-based resource sharing).

10.14. Executing OPT pass (performing simple optimizations).

10.14.1. Executing OPT_EXPR pass (perform const folding).
Optimizing module wire_buffer_gearbox_eth_ipv4_udp_top.
Optimizing module wire_udp_parser.
<suppressed ~13 debug messages>
Optimizing module wire_ipv4_parser.
<suppressed ~5 debug messages>
Optimizing module wire_eth_parser.
Optimizing module wire_gearbox_64to8.
Optimizing module wire_ingress_buffer.

10.14.2. Executing OPT_MERGE pass (detect identical cells).
Finding identical cells in module `\wire_buffer_gearbox_eth_ipv4_udp_top'.
Computing hashes of 5 cells of `\wire_buffer_gearbox_eth_ipv4_udp_top'.
Finding duplicate cells in `\wire_buffer_gearbox_eth_ipv4_udp_top'.
Finding identical cells in module `\wire_udp_parser'.
Computing hashes of 223 cells of `\wire_udp_parser'.
Finding duplicate cells in `\wire_udp_parser'.
Finding identical cells in module `\wire_ipv4_parser'.
Computing hashes of 218 cells of `\wire_ipv4_parser'.
Finding duplicate cells in `\wire_ipv4_parser'.
Finding identical cells in module `\wire_eth_parser'.
Computing hashes of 102 cells of `\wire_eth_parser'.
Finding duplicate cells in `\wire_eth_parser'.
Finding identical cells in module `\wire_gearbox_64to8'.
Computing hashes of 72 cells of `\wire_gearbox_64to8'.
Finding duplicate cells in `\wire_gearbox_64to8'.
Finding identical cells in module `\wire_ingress_buffer'.
Computing hashes of 32 cells of `\wire_ingress_buffer'.
Finding duplicate cells in `\wire_ingress_buffer'.
Removed a total of 0 cells.

10.14.3. Executing OPT_MUXTREE pass (detect dead branches in mux trees).
Running muxtree optimizer on module \wire_buffer_gearbox_eth_ipv4_udp_top..
  Creating internal representation of mux trees.
  No muxes found in this module.
Running muxtree optimizer on module \wire_udp_parser..
  Creating internal representation of mux trees.
  Evaluating internal representation of mux trees.
  Analyzing evaluation results.
Running muxtree optimizer on module \wire_ipv4_parser..
  Creating internal representation of mux trees.
  Evaluating internal representation of mux trees.
  Analyzing evaluation results.
Running muxtree optimizer on module \wire_eth_parser..
  Creating internal representation of mux trees.
  Evaluating internal representation of mux trees.
  Analyzing evaluation results.
Running muxtree optimizer on module \wire_gearbox_64to8..
  Creating internal representation of mux trees.
  Evaluating internal representation of mux trees.
  Analyzing evaluation results.
Running muxtree optimizer on module \wire_ingress_buffer..
  Creating internal representation of mux trees.
  Evaluating internal representation of mux trees.
  Analyzing evaluation results.
Removed 0 multiplexer ports.
<suppressed ~296 debug messages>

10.14.4. Executing OPT_REDUCE pass (consolidate $*mux and $reduce_* inputs).
  Optimizing cells in module \wire_buffer_gearbox_eth_ipv4_udp_top.
  Optimizing cells in module \wire_udp_parser.
  Optimizing cells in module \wire_ipv4_parser.
  Optimizing cells in module \wire_eth_parser.
  Optimizing cells in module \wire_gearbox_64to8.
  Optimizing cells in module \wire_ingress_buffer.
Performed a total of 0 changes.

10.14.5. Executing OPT_MERGE pass (detect identical cells).
Finding identical cells in module `\wire_buffer_gearbox_eth_ipv4_udp_top'.
Computing hashes of 5 cells of `\wire_buffer_gearbox_eth_ipv4_udp_top'.
Finding duplicate cells in `\wire_buffer_gearbox_eth_ipv4_udp_top'.
Finding identical cells in module `\wire_udp_parser'.
Computing hashes of 223 cells of `\wire_udp_parser'.
Finding duplicate cells in `\wire_udp_parser'.
Finding identical cells in module `\wire_ipv4_parser'.
Computing hashes of 218 cells of `\wire_ipv4_parser'.
Finding duplicate cells in `\wire_ipv4_parser'.
Finding identical cells in module `\wire_eth_parser'.
Computing hashes of 102 cells of `\wire_eth_parser'.
Finding duplicate cells in `\wire_eth_parser'.
Finding identical cells in module `\wire_gearbox_64to8'.
Computing hashes of 72 cells of `\wire_gearbox_64to8'.
Finding duplicate cells in `\wire_gearbox_64to8'.
Finding identical cells in module `\wire_ingress_buffer'.
Computing hashes of 32 cells of `\wire_ingress_buffer'.
Finding duplicate cells in `\wire_ingress_buffer'.
Removed a total of 0 cells.

10.14.6. Executing OPT_DFF pass (perform DFF optimizations).

10.14.7. Executing OPT_CLEAN pass (remove unused cells and wires).
Finding unused cells or wires in module \wire_buffer_gearbox_eth_ipv4_udp_top..
Finding unused cells or wires in module \wire_udp_parser..
Finding unused cells or wires in module \wire_ipv4_parser..
Finding unused cells or wires in module \wire_eth_parser..
Finding unused cells or wires in module \wire_gearbox_64to8..
Finding unused cells or wires in module \wire_ingress_buffer..
Removed 11 unused cells and 24 unused wires.
<suppressed ~14 debug messages>

10.14.8. Executing OPT_EXPR pass (perform const folding).
Optimizing module wire_buffer_gearbox_eth_ipv4_udp_top.
Optimizing module wire_udp_parser.
Optimizing module wire_ipv4_parser.
Optimizing module wire_eth_parser.
Optimizing module wire_gearbox_64to8.
Optimizing module wire_ingress_buffer.

10.14.9. Rerunning OPT passes. (Maybe there is more to do..)

10.14.10. Executing OPT_MUXTREE pass (detect dead branches in mux trees).
Running muxtree optimizer on module \wire_buffer_gearbox_eth_ipv4_udp_top..
  Creating internal representation of mux trees.
  No muxes found in this module.
Running muxtree optimizer on module \wire_udp_parser..
  Creating internal representation of mux trees.
  Evaluating internal representation of mux trees.
  Analyzing evaluation results.
Running muxtree optimizer on module \wire_ipv4_parser..
  Creating internal representation of mux trees.
  Evaluating internal representation of mux trees.
  Analyzing evaluation results.
Running muxtree optimizer on module \wire_eth_parser..
  Creating internal representation of mux trees.
  Evaluating internal representation of mux trees.
  Analyzing evaluation results.
Running muxtree optimizer on module \wire_gearbox_64to8..
  Creating internal representation of mux trees.
  Evaluating internal representation of mux trees.
  Analyzing evaluation results.
Running muxtree optimizer on module \wire_ingress_buffer..
  Creating internal representation of mux trees.
  Evaluating internal representation of mux trees.
  Analyzing evaluation results.
Removed 0 multiplexer ports.
<suppressed ~296 debug messages>

10.14.11. Executing OPT_REDUCE pass (consolidate $*mux and $reduce_* inputs).
  Optimizing cells in module \wire_buffer_gearbox_eth_ipv4_udp_top.
  Optimizing cells in module \wire_udp_parser.
  Optimizing cells in module \wire_ipv4_parser.
  Optimizing cells in module \wire_eth_parser.
  Optimizing cells in module \wire_gearbox_64to8.
  Optimizing cells in module \wire_ingress_buffer.
Performed a total of 0 changes.

10.14.12. Executing OPT_MERGE pass (detect identical cells).
Finding identical cells in module `\wire_buffer_gearbox_eth_ipv4_udp_top'.
Computing hashes of 5 cells of `\wire_buffer_gearbox_eth_ipv4_udp_top'.
Finding duplicate cells in `\wire_buffer_gearbox_eth_ipv4_udp_top'.
Finding identical cells in module `\wire_udp_parser'.
Computing hashes of 222 cells of `\wire_udp_parser'.
Finding duplicate cells in `\wire_udp_parser'.
Finding identical cells in module `\wire_ipv4_parser'.
Computing hashes of 208 cells of `\wire_ipv4_parser'.
Finding duplicate cells in `\wire_ipv4_parser'.
Finding identical cells in module `\wire_eth_parser'.
Computing hashes of 102 cells of `\wire_eth_parser'.
Finding duplicate cells in `\wire_eth_parser'.
Finding identical cells in module `\wire_gearbox_64to8'.
Computing hashes of 72 cells of `\wire_gearbox_64to8'.
Finding duplicate cells in `\wire_gearbox_64to8'.
Finding identical cells in module `\wire_ingress_buffer'.
Computing hashes of 32 cells of `\wire_ingress_buffer'.
Finding duplicate cells in `\wire_ingress_buffer'.
Removed a total of 0 cells.

10.14.13. Executing OPT_DFF pass (perform DFF optimizations).

10.14.14. Executing OPT_CLEAN pass (remove unused cells and wires).
Finding unused cells or wires in module \wire_buffer_gearbox_eth_ipv4_udp_top..
Finding unused cells or wires in module \wire_udp_parser..
Finding unused cells or wires in module \wire_ipv4_parser..
Finding unused cells or wires in module \wire_eth_parser..
Finding unused cells or wires in module \wire_gearbox_64to8..
Finding unused cells or wires in module \wire_ingress_buffer..

10.14.15. Executing OPT_EXPR pass (perform const folding).
Optimizing module wire_buffer_gearbox_eth_ipv4_udp_top.
Optimizing module wire_udp_parser.
Optimizing module wire_ipv4_parser.
Optimizing module wire_eth_parser.
Optimizing module wire_gearbox_64to8.
Optimizing module wire_ingress_buffer.

10.14.16. Finished fast OPT passes. (There is nothing left to do.)

10.15. Executing MEMORY pass.

10.15.1. Executing OPT_MEM pass (optimize memories).
Performed a total of 0 transformations.

10.15.2. Executing OPT_MEM_PRIORITY pass (removing unnecessary memory write priority relations).
Performed a total of 0 transformations.

10.15.3. Executing OPT_MEM_FEEDBACK pass (finding memory read-to-write feedback paths).
  Analyzing wire_ingress_buffer.last_q write port 0.
  Analyzing wire_ingress_buffer.keep_q write port 0.
  Analyzing wire_ingress_buffer.data_q write port 0.

10.15.4. Executing MEMORY_BMUX2ROM pass (converting muxes to ROMs).

10.15.5. Executing MEMORY_DFF pass (merging $dff cells to $memrd).
Checking read port `\last_q'[0] in module `\wire_ingress_buffer': no output FF found.
Checking read port `\keep_q'[0] in module `\wire_ingress_buffer': no output FF found.
Checking read port `\data_q'[0] in module `\wire_ingress_buffer': no output FF found.
Checking read port address `\last_q'[0] in module `\wire_ingress_buffer': merged address FF to cell.
Checking read port address `\keep_q'[0] in module `\wire_ingress_buffer': merged address FF to cell.
Checking read port address `\data_q'[0] in module `\wire_ingress_buffer': merged address FF to cell.

10.15.6. Executing OPT_CLEAN pass (remove unused cells and wires).
Finding unused cells or wires in module \wire_buffer_gearbox_eth_ipv4_udp_top..
Finding unused cells or wires in module \wire_udp_parser..
Finding unused cells or wires in module \wire_ipv4_parser..
Finding unused cells or wires in module \wire_eth_parser..
Finding unused cells or wires in module \wire_gearbox_64to8..
Finding unused cells or wires in module \wire_ingress_buffer..

10.15.7. Executing MEMORY_SHARE pass (consolidating $memrd/$memwr cells).

10.15.8. Executing OPT_MEM_WIDEN pass (optimize memories where all ports are wide).
Performed a total of 0 transformations.

10.15.9. Executing OPT_CLEAN pass (remove unused cells and wires).
Finding unused cells or wires in module \wire_buffer_gearbox_eth_ipv4_udp_top..
Finding unused cells or wires in module \wire_udp_parser..
Finding unused cells or wires in module \wire_ipv4_parser..
Finding unused cells or wires in module \wire_eth_parser..
Finding unused cells or wires in module \wire_gearbox_64to8..
Finding unused cells or wires in module \wire_ingress_buffer..

10.15.10. Executing MEMORY_COLLECT pass (generating $mem cells).

10.16. Executing OPT_CLEAN pass (remove unused cells and wires).
Finding unused cells or wires in module \wire_buffer_gearbox_eth_ipv4_udp_top..
Finding unused cells or wires in module \wire_udp_parser..
Finding unused cells or wires in module \wire_ipv4_parser..
Finding unused cells or wires in module \wire_eth_parser..
Finding unused cells or wires in module \wire_gearbox_64to8..
Finding unused cells or wires in module \wire_ingress_buffer..

10.17. Executing OPT pass (performing simple optimizations).

10.17.1. Executing OPT_EXPR pass (perform const folding).
Optimizing module wire_buffer_gearbox_eth_ipv4_udp_top.
Optimizing module wire_udp_parser.
<suppressed ~51 debug messages>
Optimizing module wire_ipv4_parser.
<suppressed ~23 debug messages>
Optimizing module wire_eth_parser.
<suppressed ~8 debug messages>
Optimizing module wire_gearbox_64to8.
<suppressed ~4 debug messages>
Optimizing module wire_ingress_buffer.
<suppressed ~10 debug messages>

10.17.2. Executing OPT_MERGE pass (detect identical cells).
Finding identical cells in module `\wire_buffer_gearbox_eth_ipv4_udp_top'.
Computing hashes of 5 cells of `\wire_buffer_gearbox_eth_ipv4_udp_top'.
Finding duplicate cells in `\wire_buffer_gearbox_eth_ipv4_udp_top'.
Finding identical cells in module `\wire_udp_parser'.
Computing hashes of 193 cells of `\wire_udp_parser'.
Finding duplicate cells in `\wire_udp_parser'.
Finding identical cells in module `\wire_ipv4_parser'.
Computing hashes of 196 cells of `\wire_ipv4_parser'.
Finding duplicate cells in `\wire_ipv4_parser'.
Finding identical cells in module `\wire_eth_parser'.
Computing hashes of 98 cells of `\wire_eth_parser'.
Finding duplicate cells in `\wire_eth_parser'.
Finding identical cells in module `\wire_gearbox_64to8'.
Computing hashes of 69 cells of `\wire_gearbox_64to8'.
Finding duplicate cells in `\wire_gearbox_64to8'.
Finding identical cells in module `\wire_ingress_buffer'.
Computing hashes of 26 cells of `\wire_ingress_buffer'.
Finding duplicate cells in `\wire_ingress_buffer'.
Computing hashes of 24 cells of `\wire_ingress_buffer'.
Finding duplicate cells in `\wire_ingress_buffer'.
Computing hashes of 22 cells of `\wire_ingress_buffer'.
Finding duplicate cells in `\wire_ingress_buffer'.
<suppressed ~12 debug messages>
Removed a total of 4 cells.

10.17.3. Executing OPT_DFF pass (perform DFF optimizations).

10.17.4. Executing OPT_CLEAN pass (remove unused cells and wires).
Finding unused cells or wires in module \wire_buffer_gearbox_eth_ipv4_udp_top..
Finding unused cells or wires in module \wire_udp_parser..
Finding unused cells or wires in module \wire_ipv4_parser..
Finding unused cells or wires in module \wire_eth_parser..
Finding unused cells or wires in module \wire_gearbox_64to8..
Finding unused cells or wires in module \wire_ingress_buffer..
Removed 0 unused cells and 77 unused wires.
<suppressed ~5 debug messages>

10.17.5. Finished fast OPT passes.

10.18. Executing MEMORY_MAP pass (converting memories to logic and flip-flops).
Mapping memory \last_q in module \wire_ingress_buffer:
  created 2 $dff cells and 0 static cells of width 1.
Extracted addr FF from read port 0 of wire_ingress_buffer.last_q: $\last_q$rdreg[0]
  read interface: 1 $dff and 1 $mux cells.
  write interface: 2 write mux blocks.
Mapping memory \keep_q in module \wire_ingress_buffer:
  created 2 $dff cells and 0 static cells of width 8.
Extracted addr FF from read port 0 of wire_ingress_buffer.keep_q: $\keep_q$rdreg[0]
  read interface: 1 $dff and 1 $mux cells.
  write interface: 2 write mux blocks.
Mapping memory \data_q in module \wire_ingress_buffer:
  created 2 $dff cells and 0 static cells of width 64.
Extracted addr FF from read port 0 of wire_ingress_buffer.data_q: $\data_q$rdreg[0]
  read interface: 1 $dff and 1 $mux cells.
  write interface: 2 write mux blocks.

10.19. Executing OPT pass (performing simple optimizations).

10.19.1. Executing OPT_EXPR pass (perform const folding).
Optimizing module wire_buffer_gearbox_eth_ipv4_udp_top.
Optimizing module wire_udp_parser.
<suppressed ~1 debug messages>
Optimizing module wire_ipv4_parser.
<suppressed ~2 debug messages>
Optimizing module wire_eth_parser.
<suppressed ~1 debug messages>
Optimizing module wire_gearbox_64to8.
<suppressed ~1 debug messages>
Optimizing module wire_ingress_buffer.
<suppressed ~2 debug messages>

10.19.2. Executing OPT_MERGE pass (detect identical cells).
Finding identical cells in module `\wire_buffer_gearbox_eth_ipv4_udp_top'.
Computing hashes of 5 cells of `\wire_buffer_gearbox_eth_ipv4_udp_top'.
Finding duplicate cells in `\wire_buffer_gearbox_eth_ipv4_udp_top'.
Finding identical cells in module `\wire_udp_parser'.
Computing hashes of 193 cells of `\wire_udp_parser'.
Finding duplicate cells in `\wire_udp_parser'.
Finding identical cells in module `\wire_ipv4_parser'.
Computing hashes of 196 cells of `\wire_ipv4_parser'.
Finding duplicate cells in `\wire_ipv4_parser'.
Finding identical cells in module `\wire_eth_parser'.
Computing hashes of 98 cells of `\wire_eth_parser'.
Finding duplicate cells in `\wire_eth_parser'.
Finding identical cells in module `\wire_gearbox_64to8'.
Computing hashes of 69 cells of `\wire_gearbox_64to8'.
Finding duplicate cells in `\wire_gearbox_64to8'.
Finding identical cells in module `\wire_ingress_buffer'.
Computing hashes of 44 cells of `\wire_ingress_buffer'.
Finding duplicate cells in `\wire_ingress_buffer'.
Computing hashes of 38 cells of `\wire_ingress_buffer'.
Finding duplicate cells in `\wire_ingress_buffer'.
<suppressed ~18 debug messages>
Removed a total of 6 cells.

10.19.3. Executing OPT_MUXTREE pass (detect dead branches in mux trees).
Running muxtree optimizer on module \wire_buffer_gearbox_eth_ipv4_udp_top..
  Creating internal representation of mux trees.
  No muxes found in this module.
Running muxtree optimizer on module \wire_udp_parser..
  Creating internal representation of mux trees.
  Evaluating internal representation of mux trees.
  Analyzing evaluation results.
Running muxtree optimizer on module \wire_ipv4_parser..
  Creating internal representation of mux trees.
  Evaluating internal representation of mux trees.
  Analyzing evaluation results.
Running muxtree optimizer on module \wire_eth_parser..
  Creating internal representation of mux trees.
  Evaluating internal representation of mux trees.
  Analyzing evaluation results.
Running muxtree optimizer on module \wire_gearbox_64to8..
  Creating internal representation of mux trees.
  Evaluating internal representation of mux trees.
  Analyzing evaluation results.
Running muxtree optimizer on module \wire_ingress_buffer..
  Creating internal representation of mux trees.
  Evaluating internal representation of mux trees.
  Analyzing evaluation results.
Removed 0 multiplexer ports.
<suppressed ~210 debug messages>

10.19.4. Executing OPT_REDUCE pass (consolidate $*mux and $reduce_* inputs).
  Optimizing cells in module \wire_buffer_gearbox_eth_ipv4_udp_top.
  Optimizing cells in module \wire_udp_parser.
    Consolidated identical input bits for $mux cell $procmux$570:
      Old ports: A=3'100, B=3'011, Y=$procmux$570_Y
      New ports: A=2'10, B=2'01, Y={ $procmux$570_Y [2] $procmux$570_Y [0] }
      New connections: $procmux$570_Y [1] = $procmux$570_Y [0]
  Optimizing cells in module \wire_udp_parser.
  Optimizing cells in module \wire_ipv4_parser.
    Consolidated identical input bits for $mux cell $procmux$1250:
      Old ports: A=4'0010, B=4'1000, Y=$procmux$1250_Y
      New ports: A=2'01, B=2'10, Y={ $procmux$1250_Y [3] $procmux$1250_Y [1] }
      New connections: { $procmux$1250_Y [2] $procmux$1250_Y [0] } = 2'00
    Consolidated identical input bits for $mux cell $procmux$791:
      Old ports: A=4'1111, B=4'0110, Y=$7\classify_header$func$rtl/arch_a/wire_ipv4_parser.sv:102$94.$result[3:0]$222
      New ports: A=1'1, B=1'0, Y=$7\classify_header$func$rtl/arch_a/wire_ipv4_parser.sv:102$94.$result[3:0]$222 [0]
      New connections: $7\classify_header$func$rtl/arch_a/wire_ipv4_parser.sv:102$94.$result[3:0]$222 [3:1] = { $7\classify_header$func$rtl/arch_a/wire_ipv4_parser.sv:102$94.$result[3:0]$222 [0] 2'11 }
  Optimizing cells in module \wire_ipv4_parser.
    Consolidated identical input bits for $mux cell $procmux$812:
      Old ports: A=$7\classify_header$func$rtl/arch_a/wire_ipv4_parser.sv:102$94.$result[3:0]$222, B=4'0101, Y=$6\classify_header$func$rtl/arch_a/wire_ipv4_parser.sv:102$94.$result[3:0]$220
      New ports: A={ $7\classify_header$func$rtl/arch_a/wire_ipv4_parser.sv:102$94.$result[3:0]$222 [0] 1'1 $7\classify_header$func$rtl/arch_a/wire_ipv4_parser.sv:102$94.$result[3:0]$222 [0] }, B=3'001, Y={ $6\classify_header$func$rtl/arch_a/wire_ipv4_parser.sv:102$94.$result[3:0]$220 [3] $6\classify_header$func$rtl/arch_a/wire_ipv4_parser.sv:102$94.$result[3:0]$220 [1:0] }
      New connections: $6\classify_header$func$rtl/arch_a/wire_ipv4_parser.sv:102$94.$result[3:0]$220 [2] = 1'1
  Optimizing cells in module \wire_ipv4_parser.
    Consolidated identical input bits for $mux cell $procmux$830:
      Old ports: A=$6\classify_header$func$rtl/arch_a/wire_ipv4_parser.sv:102$94.$result[3:0]$220, B=4'0100, Y=$5\classify_header$func$rtl/arch_a/wire_ipv4_parser.sv:102$94.$result[3:0]$218
      New ports: A={ $6\classify_header$func$rtl/arch_a/wire_ipv4_parser.sv:102$94.$result[3:0]$220 [3] $6\classify_header$func$rtl/arch_a/wire_ipv4_parser.sv:102$94.$result[3:0]$220 [1:0] }, B=3'000, Y={ $5\classify_header$func$rtl/arch_a/wire_ipv4_parser.sv:102$94.$result[3:0]$218 [3] $5\classify_header$func$rtl/arch_a/wire_ipv4_parser.sv:102$94.$result[3:0]$218 [1:0] }
      New connections: $5\classify_header$func$rtl/arch_a/wire_ipv4_parser.sv:102$94.$result[3:0]$218 [2] = 1'1
  Optimizing cells in module \wire_ipv4_parser.
  Optimizing cells in module \wire_eth_parser.
  Optimizing cells in module \wire_gearbox_64to8.
  Optimizing cells in module \wire_ingress_buffer.
Performed a total of 5 changes.

10.19.5. Executing OPT_MERGE pass (detect identical cells).
Finding identical cells in module `\wire_buffer_gearbox_eth_ipv4_udp_top'.
Computing hashes of 5 cells of `\wire_buffer_gearbox_eth_ipv4_udp_top'.
Finding duplicate cells in `\wire_buffer_gearbox_eth_ipv4_udp_top'.
Finding identical cells in module `\wire_udp_parser'.
Computing hashes of 193 cells of `\wire_udp_parser'.
Finding duplicate cells in `\wire_udp_parser'.
Finding identical cells in module `\wire_ipv4_parser'.
Computing hashes of 196 cells of `\wire_ipv4_parser'.
Finding duplicate cells in `\wire_ipv4_parser'.
Finding identical cells in module `\wire_eth_parser'.
Computing hashes of 98 cells of `\wire_eth_parser'.
Finding duplicate cells in `\wire_eth_parser'.
Finding identical cells in module `\wire_gearbox_64to8'.
Computing hashes of 69 cells of `\wire_gearbox_64to8'.
Finding duplicate cells in `\wire_gearbox_64to8'.
Finding identical cells in module `\wire_ingress_buffer'.
Computing hashes of 38 cells of `\wire_ingress_buffer'.
Finding duplicate cells in `\wire_ingress_buffer'.
Removed a total of 0 cells.

10.19.6. Executing OPT_SHARE pass.
    Found cells that share an operand and can be merged by moving the $mux $procmux$1694 in front of them:
        $auto$alumacc.cc:576:replace_alu$2694
        $auto$alumacc.cc:576:replace_alu$2697

10.19.7. Executing OPT_DFF pass (perform DFF optimizations).
Adding SRST signal on $\data_q$rdreg[0] ($dff) from module wire_ingress_buffer (D = $auto$rtlil.cc:3369:Mux$2711, Q = $\data_q$rdreg[0]$q, rval = 1'0).

10.19.8. Executing OPT_CLEAN pass (remove unused cells and wires).
Finding unused cells or wires in module \wire_buffer_gearbox_eth_ipv4_udp_top..
Finding unused cells or wires in module \wire_udp_parser..
Finding unused cells or wires in module \wire_ipv4_parser..
Finding unused cells or wires in module \wire_eth_parser..
Finding unused cells or wires in module \wire_gearbox_64to8..
Finding unused cells or wires in module \wire_ingress_buffer..
Removed 1 unused cells and 26 unused wires.
<suppressed ~2 debug messages>

10.19.9. Executing OPT_EXPR pass (perform const folding).
Optimizing module wire_buffer_gearbox_eth_ipv4_udp_top.
Optimizing module wire_udp_parser.
Optimizing module wire_ipv4_parser.
<suppressed ~1 debug messages>
Optimizing module wire_eth_parser.
Optimizing module wire_gearbox_64to8.
Optimizing module wire_ingress_buffer.
<suppressed ~2 debug messages>

10.19.10. Rerunning OPT passes. (Maybe there is more to do..)

10.19.11. Executing OPT_MUXTREE pass (detect dead branches in mux trees).
Running muxtree optimizer on module \wire_buffer_gearbox_eth_ipv4_udp_top..
  Creating internal representation of mux trees.
  No muxes found in this module.
Running muxtree optimizer on module \wire_udp_parser..
  Creating internal representation of mux trees.
  Evaluating internal representation of mux trees.
  Analyzing evaluation results.
Running muxtree optimizer on module \wire_ipv4_parser..
  Creating internal representation of mux trees.
  Evaluating internal representation of mux trees.
  Analyzing evaluation results.
Running muxtree optimizer on module \wire_eth_parser..
  Creating internal representation of mux trees.
  Evaluating internal representation of mux trees.
  Analyzing evaluation results.
Running muxtree optimizer on module \wire_gearbox_64to8..
  Creating internal representation of mux trees.
  Evaluating internal representation of mux trees.
  Analyzing evaluation results.
Running muxtree optimizer on module \wire_ingress_buffer..
  Creating internal representation of mux trees.
  Evaluating internal representation of mux trees.
  Analyzing evaluation results.
Removed 0 multiplexer ports.
<suppressed ~208 debug messages>

10.19.12. Executing OPT_REDUCE pass (consolidate $*mux and $reduce_* inputs).
  Optimizing cells in module \wire_buffer_gearbox_eth_ipv4_udp_top.
  Optimizing cells in module \wire_udp_parser.
  Optimizing cells in module \wire_ipv4_parser.
  Optimizing cells in module \wire_eth_parser.
  Optimizing cells in module \wire_gearbox_64to8.
  Optimizing cells in module \wire_ingress_buffer.
    Consolidated identical input bits for $mux cell $auto$opt_share.cc:244:merge_operators$2798:
      Old ports: A=2'11, B=2'01, Y=$auto$rtlil.cc:3369:Mux$2799
      New ports: A=1'1, B=1'0, Y=$auto$rtlil.cc:3369:Mux$2799 [1]
      New connections: $auto$rtlil.cc:3369:Mux$2799 [0] = 1'1
  Optimizing cells in module \wire_ingress_buffer.
Performed a total of 1 changes.

10.19.13. Executing OPT_MERGE pass (detect identical cells).
Finding identical cells in module `\wire_buffer_gearbox_eth_ipv4_udp_top'.
Computing hashes of 5 cells of `\wire_buffer_gearbox_eth_ipv4_udp_top'.
Finding duplicate cells in `\wire_buffer_gearbox_eth_ipv4_udp_top'.
Finding identical cells in module `\wire_udp_parser'.
Computing hashes of 193 cells of `\wire_udp_parser'.
Finding duplicate cells in `\wire_udp_parser'.
Finding identical cells in module `\wire_ipv4_parser'.
Computing hashes of 196 cells of `\wire_ipv4_parser'.
Finding duplicate cells in `\wire_ipv4_parser'.
Finding identical cells in module `\wire_eth_parser'.
Computing hashes of 98 cells of `\wire_eth_parser'.
Finding duplicate cells in `\wire_eth_parser'.
Finding identical cells in module `\wire_gearbox_64to8'.
Computing hashes of 69 cells of `\wire_gearbox_64to8'.
Finding duplicate cells in `\wire_gearbox_64to8'.
Finding identical cells in module `\wire_ingress_buffer'.
Computing hashes of 36 cells of `\wire_ingress_buffer'.
Finding duplicate cells in `\wire_ingress_buffer'.
Removed a total of 0 cells.

10.19.14. Executing OPT_SHARE pass.

10.19.15. Executing OPT_DFF pass (perform DFF optimizations).
Adding EN signal on $memory\last_q[0]$2746 ($dff) from module wire_ingress_buffer (D = \in_last, Q = \last_q[0]).
Adding EN signal on $memory\last_q[1]$2748 ($dff) from module wire_ingress_buffer (D = \in_last, Q = \last_q[1]).
Adding EN signal on $memory\data_q[0]$2780 ($dff) from module wire_ingress_buffer (D = \in_data, Q = \data_q[0]).
Adding EN signal on $memory\data_q[1]$2782 ($dff) from module wire_ingress_buffer (D = \in_data, Q = \data_q[1]).
Adding EN signal on $memory\keep_q[0]$2765 ($dff) from module wire_ingress_buffer (D = \in_keep, Q = \keep_q[0]).
Adding EN signal on $memory\keep_q[1]$2767 ($dff) from module wire_ingress_buffer (D = \in_keep, Q = \keep_q[1]).

10.19.16. Executing OPT_CLEAN pass (remove unused cells and wires).
Finding unused cells or wires in module \wire_buffer_gearbox_eth_ipv4_udp_top..
Finding unused cells or wires in module \wire_udp_parser..
Finding unused cells or wires in module \wire_ipv4_parser..
Finding unused cells or wires in module \wire_eth_parser..
Finding unused cells or wires in module \wire_gearbox_64to8..
Finding unused cells or wires in module \wire_ingress_buffer..
Removed 6 unused cells and 8 unused wires.
<suppressed ~7 debug messages>

10.19.17. Executing OPT_EXPR pass (perform const folding).
Optimizing module wire_buffer_gearbox_eth_ipv4_udp_top.
Optimizing module wire_udp_parser.
Optimizing module wire_ipv4_parser.
Optimizing module wire_eth_parser.
Optimizing module wire_gearbox_64to8.
Optimizing module wire_ingress_buffer.
<suppressed ~1 debug messages>

10.19.18. Rerunning OPT passes. (Maybe there is more to do..)

10.19.19. Executing OPT_MUXTREE pass (detect dead branches in mux trees).
Running muxtree optimizer on module \wire_buffer_gearbox_eth_ipv4_udp_top..
  Creating internal representation of mux trees.
  No muxes found in this module.
Running muxtree optimizer on module \wire_udp_parser..
  Creating internal representation of mux trees.
  Evaluating internal representation of mux trees.
  Analyzing evaluation results.
Running muxtree optimizer on module \wire_ipv4_parser..
  Creating internal representation of mux trees.
  Evaluating internal representation of mux trees.
  Analyzing evaluation results.
Running muxtree optimizer on module \wire_eth_parser..
  Creating internal representation of mux trees.
  Evaluating internal representation of mux trees.
  Analyzing evaluation results.
Running muxtree optimizer on module \wire_gearbox_64to8..
  Creating internal representation of mux trees.
  Evaluating internal representation of mux trees.
  Analyzing evaluation results.
Running muxtree optimizer on module \wire_ingress_buffer..
  Creating internal representation of mux trees.
  Evaluating internal representation of mux trees.
  Analyzing evaluation results.
Removed 0 multiplexer ports.
<suppressed ~194 debug messages>

10.19.20. Executing OPT_REDUCE pass (consolidate $*mux and $reduce_* inputs).
  Optimizing cells in module \wire_buffer_gearbox_eth_ipv4_udp_top.
  Optimizing cells in module \wire_udp_parser.
  Optimizing cells in module \wire_ipv4_parser.
  Optimizing cells in module \wire_eth_parser.
  Optimizing cells in module \wire_gearbox_64to8.
  Optimizing cells in module \wire_ingress_buffer.
Performed a total of 0 changes.

10.19.21. Executing OPT_MERGE pass (detect identical cells).
Finding identical cells in module `\wire_buffer_gearbox_eth_ipv4_udp_top'.
Computing hashes of 5 cells of `\wire_buffer_gearbox_eth_ipv4_udp_top'.
Finding duplicate cells in `\wire_buffer_gearbox_eth_ipv4_udp_top'.
Finding identical cells in module `\wire_udp_parser'.
Computing hashes of 193 cells of `\wire_udp_parser'.
Finding duplicate cells in `\wire_udp_parser'.
Finding identical cells in module `\wire_ipv4_parser'.
Computing hashes of 196 cells of `\wire_ipv4_parser'.
Finding duplicate cells in `\wire_ipv4_parser'.
Finding identical cells in module `\wire_eth_parser'.
Computing hashes of 98 cells of `\wire_eth_parser'.
Finding duplicate cells in `\wire_eth_parser'.
Finding identical cells in module `\wire_gearbox_64to8'.
Computing hashes of 69 cells of `\wire_gearbox_64to8'.
Finding duplicate cells in `\wire_gearbox_64to8'.
Finding identical cells in module `\wire_ingress_buffer'.
Computing hashes of 30 cells of `\wire_ingress_buffer'.
Finding duplicate cells in `\wire_ingress_buffer'.
Removed a total of 0 cells.

10.19.22. Executing OPT_SHARE pass.

10.19.23. Executing OPT_DFF pass (perform DFF optimizations).

10.19.24. Executing OPT_CLEAN pass (remove unused cells and wires).
Finding unused cells or wires in module \wire_buffer_gearbox_eth_ipv4_udp_top..
Finding unused cells or wires in module \wire_udp_parser..
Finding unused cells or wires in module \wire_ipv4_parser..
Finding unused cells or wires in module \wire_eth_parser..
Finding unused cells or wires in module \wire_gearbox_64to8..
Finding unused cells or wires in module \wire_ingress_buffer..

10.19.25. Executing OPT_EXPR pass (perform const folding).
Optimizing module wire_buffer_gearbox_eth_ipv4_udp_top.
Optimizing module wire_udp_parser.
Optimizing module wire_ipv4_parser.
Optimizing module wire_eth_parser.
Optimizing module wire_gearbox_64to8.
Optimizing module wire_ingress_buffer.

10.19.26. Finished fast OPT passes. (There is nothing left to do.)

10.20. Executing TECHMAP pass (map to technology primitives).

10.20.1. Executing Verilog-2005 frontend: /Users/Dilan/eda/wire-to-decision/oss-cad-suite/libexec/../share/yosys/techmap.v
Parsing Verilog input from `/Users/Dilan/eda/wire-to-decision/oss-cad-suite/libexec/../share/yosys/techmap.v' to AST representation.
Generating RTLIL representation for module `\_90_simplemap_bool_ops'.
Generating RTLIL representation for module `\_90_simplemap_reduce_ops'.
Generating RTLIL representation for module `\_90_simplemap_logic_ops'.
Generating RTLIL representation for module `\_90_simplemap_compare_ops'.
Generating RTLIL representation for module `\_90_simplemap_various'.
Generating RTLIL representation for module `\_90_simplemap_registers'.
Generating RTLIL representation for module `\_90_shift_ops_shr_shl_sshl_sshr'.
Generating RTLIL representation for module `\_90_shift_shiftx'.
Generating RTLIL representation for module `\_90_fa'.
Generating RTLIL representation for module `\_90_lcu_brent_kung'.
Generating RTLIL representation for module `\_90_alu'.
Generating RTLIL representation for module `\_90_macc'.
Generating RTLIL representation for module `\_90_alumacc'.
Generating RTLIL representation for module `$__div_mod_u'.
Generating RTLIL representation for module `$__div_mod_trunc'.
Generating RTLIL representation for module `\_90_div'.
Generating RTLIL representation for module `\_90_mod'.
Generating RTLIL representation for module `$__div_mod_floor'.
Generating RTLIL representation for module `\_90_divfloor'.
Generating RTLIL representation for module `\_90_modfloor'.
Generating RTLIL representation for module `\_90_pow'.
Generating RTLIL representation for module `\_90_demux'.
Generating RTLIL representation for module `\_90_lut'.
Generating RTLIL representation for module `$connect'.
Generating RTLIL representation for module `$input_port'.
Successfully finished Verilog frontend.

10.20.2. Continuing TECHMAP pass.
Using extmapper simplemap for cells of type $dffe.
Using extmapper simplemap for cells of type $sdff.
Using extmapper simplemap for cells of type $not.
Using extmapper simplemap for cells of type $mux.
Using template $paramod$fc972a7a46956c1788f3cb5257b53c8f1df2d0cc\_90_alu for cells of type $alu.
Using template $paramod$7e708ae28ab761f11d0fb59d3ffc72f6a4baf5d9\_90_alu for cells of type $alu.
Using extmapper simplemap for cells of type $reduce_bool.
Using extmapper simplemap for cells of type $sdffe.
Using extmapper simplemap for cells of type $logic_and.
Using extmapper simplemap for cells of type $ne.
Using extmapper simplemap for cells of type $logic_or.
Using extmapper simplemap for cells of type $and.
Using extmapper simplemap for cells of type $eq.
Using extmapper simplemap for cells of type $pos.
Using template $paramod\_90_fa\WIDTH=32'00000000000000000000000000000010 for cells of type $fa.
Using template $paramod\_90_lcu_brent_kung\WIDTH=32'00000000000000000000000000000010 for cells of type $lcu.
Using extmapper simplemap for cells of type $xor.
Using template $paramod\_90_fa\WIDTH=32'00000000000000000000000000000001 for cells of type $fa.
Using template $paramod\_90_lcu_brent_kung\WIDTH=32'00000000000000000000000000000001 for cells of type $lcu.
Using extmapper simplemap for cells of type $or.
Using template $paramod$8742280fdebca84e1c87f2a86ed84f62d558f4cc\_90_alu for cells of type $alu.
Using template $paramod$3ef7d3dd227da7627a99c5e5a6a4deb817573e39\_90_alu for cells of type $alu.
Using extmapper simplemap for cells of type $bmux.
Using extmapper simplemap for cells of type $reduce_and.
Using extmapper simplemap for cells of type $reduce_or.
Using extmapper simplemap for cells of type $logic_not.
Using extmapper simplemap for cells of type $dff.
Using template $paramod\_90_fa\WIDTH=32'00000000000000000000000000000100 for cells of type $fa.
Using template $paramod\_90_lcu_brent_kung\WIDTH=32'00000000000000000000000000000100 for cells of type $lcu.
Using template $paramod\_90_fa\WIDTH=32'00000000000000000000000000000011 for cells of type $fa.
Using template $paramod\_90_lcu_brent_kung\WIDTH=32'00000000000000000000000000000011 for cells of type $lcu.
Using template $paramod$32a7b7b86c07519b7537abc18e96f0331f97914d\_90_alu for cells of type $alu.
Using template $paramod$740b056ede97228d3eae64ea2fdc81f0a33e0fe7\_90_alu for cells of type $alu.
Using extmapper simplemap for cells of type $pmux.
Using template $paramod$680bc57ce8b3d7fda2b446d0be16effb4fbc004f\_90_alu for cells of type $alu.
Using template $paramod$672a140277c71df8314410f22acc08d55222c3c7\_90_alu for cells of type $alu.
Using template $paramod$99501223b6f7e5af250351eeb57edb5403a5ad0b\_90_alu for cells of type $alu.
Using template $paramod$a1665ef28c749ebcdbe9aecd466e644647b56463\_90_alu for cells of type $alu.
Using template $paramod$719aadea7a94d31a13cd25a777432aacb0e462b5\_90_alu for cells of type $alu.
Using template $paramod$98d5b101fc40d541c293178ad5465fa81dcb4a40\_90_alu for cells of type $alu.
Using template $paramod$2af30114e9bd4ccb04dad757b3f0a8f6bf0615b0\_90_alu for cells of type $alu.
Using template $paramod$b18e16801adf491a64caa0542270798e5d4ac6b6\_90_alu for cells of type $alu.
Using extmapper maccmap for cells of type $macc_v2.
  add \header_q [151:136] (16 bits, unsigned)
  add \header_q [135:120] (16 bits, unsigned)
  add \header_q [119:104] (16 bits, unsigned)
  add \header_q [103:88] (16 bits, unsigned)
  add \header_q [87:72] (16 bits, unsigned)
  add \header_q [71:56] (16 bits, unsigned)
  add \header_q [55:40] (16 bits, unsigned)
  add \header_q [39:24] (16 bits, unsigned)
  add \header_q [23:8] (16 bits, unsigned)
  add { \header_q [7:0] \in_data } (16 bits, unsigned)
  add { $sub$rtl/arch_a/wire_ipv4_parser.sv:155$147_Y [8:3] 3'111 } (9 bits, signed)
  add 11'11111111001 (11 bits, unsigned)
Using template $paramod$constmap:c921208d5594ebb799e960dd14577284fe309283$paramod$9f7c24d1a70db3698635b7e5db0ae450c9f3726d\_90_shift_shiftx for cells of type $shift.
Analyzing pattern of constant bits for this cell:
Creating constmapped module `$paramod$constmap:fce774570ecf5985d8817e21c43c65b66fb12b62$paramod$9f7c24d1a70db3698635b7e5db0ae450c9f3726d\_90_shift_shiftx'.

10.20.60. Executing OPT_MUXTREE pass (detect dead branches in mux trees).
Running muxtree optimizer on module $paramod$constmap:fce774570ecf5985d8817e21c43c65b66fb12b62$paramod$9f7c24d1a70db3698635b7e5db0ae450c9f3726d\_90_shift_shiftx..
  Creating internal representation of mux trees.
  Evaluating internal representation of mux trees.
  Analyzing evaluation results.
    dead port 2/2 on $mux $procmux$5666.
    dead port 2/2 on $mux $procmux$5672.
    dead port 2/2 on $mux $procmux$5678.
    dead port 2/2 on $mux $procmux$5684.
    dead port 2/2 on $mux $procmux$5690.
    dead port 2/2 on $mux $procmux$5696.
    dead port 2/2 on $mux $procmux$5702.
    dead port 2/2 on $mux $procmux$5708.
    dead port 2/2 on $mux $procmux$5714.
Removed 9 multiplexer ports.
<suppressed ~1691 debug messages>

10.20.61. Executing OPT_EXPR pass (perform const folding).
Optimizing module $paramod$constmap:fce774570ecf5985d8817e21c43c65b66fb12b62$paramod$9f7c24d1a70db3698635b7e5db0ae450c9f3726d\_90_shift_shiftx.
<suppressed ~25 debug messages>
Removed 0 unused cells and 14 unused wires.
Using template $paramod$constmap:fce774570ecf5985d8817e21c43c65b66fb12b62$paramod$9f7c24d1a70db3698635b7e5db0ae450c9f3726d\_90_shift_shiftx for cells of type $shift.
Using template $paramod\_90_fa\WIDTH=32'00000000000000000000000000010000 for cells of type $fa.
Using template $paramod\_90_fa\WIDTH=32'00000000000000000000000000010001 for cells of type $fa.
Using template $paramod\_90_fa\WIDTH=32'00000000000000000000000000010010 for cells of type $fa.
Using template $paramod$12350b8c8422a70d10b7db4eaae1202a7148b784\_90_alu for cells of type $alu.
Using template $paramod\_90_fa\WIDTH=32'00000000000000000000000000000101 for cells of type $fa.
Using template $paramod\_90_lcu_brent_kung\WIDTH=32'00000000000000000000000000000101 for cells of type $lcu.
Using template $paramod\_90_lcu_brent_kung\WIDTH=32'00000000000000000000000000010000 for cells of type $lcu.
Using template $paramod\_90_lcu_brent_kung\WIDTH=32'00000000000000000000000000010001 for cells of type $lcu.
Using template $paramod\_90_fa\WIDTH=32'00000000000000000000000000000110 for cells of type $fa.
Using template $paramod\_90_lcu_brent_kung\WIDTH=32'00000000000000000000000000000110 for cells of type $lcu.
Using template $paramod\_90_fa\WIDTH=32'00000000000000000000000000100001 for cells of type $fa.
Using template $paramod\_90_lcu_brent_kung\WIDTH=32'00000000000000000000000000100001 for cells of type $lcu.
Using template $paramod\_90_fa\WIDTH=32'00000000000000000000000000001110 for cells of type $fa.
Using template $paramod\_90_lcu_brent_kung\WIDTH=32'00000000000000000000000000001110 for cells of type $lcu.
Using template $paramod\_90_lcu_brent_kung\WIDTH=32'00000000000000000000000000010010 for cells of type $lcu.
Using template $paramod$90579471a6bf6bd40b5ef9b7e45de3774567ccf7\_90_alu for cells of type $alu.
Using template $paramod$c15aee48e26a714a5f3d013cd387ce60c26c192c\_90_alu for cells of type $alu.
Using template $paramod$f956edc9fe4df758d9fdb10bfc518a364c99e75e\_90_alu for cells of type $alu.
  add { $sub$rtl/arch_a/wire_udp_parser.sv:104$262_Y [7:3] 3'111 } (8 bits, signed)
  add 10'1111111001 (10 bits, unsigned)
Using template $paramod$constmap:d8a3c44b818804315f1b65cc06ddb441021e8a7f$paramod$823591ec664b39d3cfb9e058aa66174669feadaf\_90_shift_shiftx for cells of type $shift.
Analyzing pattern of constant bits for this cell:
Creating constmapped module `$paramod$constmap:7b6cf79afb8b4a492f1a278168ac5472e97a76a6$paramod$823591ec664b39d3cfb9e058aa66174669feadaf\_90_shift_shiftx'.

10.20.117. Executing OPT_MUXTREE pass (detect dead branches in mux trees).
Running muxtree optimizer on module $paramod$constmap:7b6cf79afb8b4a492f1a278168ac5472e97a76a6$paramod$823591ec664b39d3cfb9e058aa66174669feadaf\_90_shift_shiftx..
  Creating internal representation of mux trees.
  Evaluating internal representation of mux trees.
  Analyzing evaluation results.
    dead port 2/2 on $mux $procmux$25365.
    dead port 2/2 on $mux $procmux$25371.
    dead port 2/2 on $mux $procmux$25377.
    dead port 2/2 on $mux $procmux$25383.
    dead port 2/2 on $mux $procmux$25389.
    dead port 2/2 on $mux $procmux$25395.
    dead port 2/2 on $mux $procmux$25401.
Removed 7 multiplexer ports.
<suppressed ~2281 debug messages>

10.20.118. Executing OPT_EXPR pass (perform const folding).
Optimizing module $paramod$constmap:7b6cf79afb8b4a492f1a278168ac5472e97a76a6$paramod$823591ec664b39d3cfb9e058aa66174669feadaf\_90_shift_shiftx.
<suppressed ~27 debug messages>
Removed 0 unused cells and 12 unused wires.
Using template $paramod$constmap:7b6cf79afb8b4a492f1a278168ac5472e97a76a6$paramod$823591ec664b39d3cfb9e058aa66174669feadaf\_90_shift_shiftx for cells of type $shift.
Using template $paramod\_90_fa\WIDTH=32'00000000000000000000000000001101 for cells of type $fa.
Using template $paramod\_90_lcu_brent_kung\WIDTH=32'00000000000000000000000000001101 for cells of type $lcu.
No more expansions possible.
<suppressed ~716 debug messages>

10.21. Executing OPT pass (performing simple optimizations).

10.21.1. Executing OPT_EXPR pass (perform const folding).
Optimizing module wire_buffer_gearbox_eth_ipv4_udp_top.
Optimizing module wire_udp_parser.
<suppressed ~3730 debug messages>
Optimizing module wire_ipv4_parser.
<suppressed ~13829 debug messages>
Optimizing module wire_eth_parser.
<suppressed ~176 debug messages>
Optimizing module wire_gearbox_64to8.
<suppressed ~163 debug messages>
Optimizing module wire_ingress_buffer.
<suppressed ~42 debug messages>

10.21.2. Executing OPT_MERGE pass (detect identical cells).
Finding identical cells in module `\wire_buffer_gearbox_eth_ipv4_udp_top'.
Computing hashes of 5 cells of `\wire_buffer_gearbox_eth_ipv4_udp_top'.
Finding duplicate cells in `\wire_buffer_gearbox_eth_ipv4_udp_top'.
Finding identical cells in module `\wire_udp_parser'.
Computing hashes of 1993 cells of `\wire_udp_parser'.
Finding duplicate cells in `\wire_udp_parser'.
Computing hashes of 1836 cells of `\wire_udp_parser'.
Finding duplicate cells in `\wire_udp_parser'.
Computing hashes of 1769 cells of `\wire_udp_parser'.
Finding duplicate cells in `\wire_udp_parser'.
Computing hashes of 1724 cells of `\wire_udp_parser'.
Finding duplicate cells in `\wire_udp_parser'.
Computing hashes of 1681 cells of `\wire_udp_parser'.
Finding duplicate cells in `\wire_udp_parser'.
Computing hashes of 1615 cells of `\wire_udp_parser'.
Finding duplicate cells in `\wire_udp_parser'.
Computing hashes of 1495 cells of `\wire_udp_parser'.
Finding duplicate cells in `\wire_udp_parser'.
Computing hashes of 1445 cells of `\wire_udp_parser'.
Finding duplicate cells in `\wire_udp_parser'.
Computing hashes of 1444 cells of `\wire_udp_parser'.
Finding duplicate cells in `\wire_udp_parser'.
Computing hashes of 1443 cells of `\wire_udp_parser'.
Finding duplicate cells in `\wire_udp_parser'.
Computing hashes of 1442 cells of `\wire_udp_parser'.
Finding duplicate cells in `\wire_udp_parser'.
Computing hashes of 1441 cells of `\wire_udp_parser'.
Finding duplicate cells in `\wire_udp_parser'.
Computing hashes of 1440 cells of `\wire_udp_parser'.
Finding duplicate cells in `\wire_udp_parser'.
Computing hashes of 1439 cells of `\wire_udp_parser'.
Finding duplicate cells in `\wire_udp_parser'.
Computing hashes of 1438 cells of `\wire_udp_parser'.
Finding duplicate cells in `\wire_udp_parser'.
Computing hashes of 1437 cells of `\wire_udp_parser'.
Finding duplicate cells in `\wire_udp_parser'.
Computing hashes of 1436 cells of `\wire_udp_parser'.
Finding duplicate cells in `\wire_udp_parser'.
Computing hashes of 1435 cells of `\wire_udp_parser'.
Finding duplicate cells in `\wire_udp_parser'.
Computing hashes of 1434 cells of `\wire_udp_parser'.
Finding duplicate cells in `\wire_udp_parser'.
Computing hashes of 1433 cells of `\wire_udp_parser'.
Finding duplicate cells in `\wire_udp_parser'.
Computing hashes of 1432 cells of `\wire_udp_parser'.
Finding duplicate cells in `\wire_udp_parser'.
Computing hashes of 1431 cells of `\wire_udp_parser'.
Finding duplicate cells in `\wire_udp_parser'.
Computing hashes of 1430 cells of `\wire_udp_parser'.
Finding duplicate cells in `\wire_udp_parser'.
Computing hashes of 1429 cells of `\wire_udp_parser'.
Finding duplicate cells in `\wire_udp_parser'.
Computing hashes of 1428 cells of `\wire_udp_parser'.
Finding duplicate cells in `\wire_udp_parser'.
Computing hashes of 1427 cells of `\wire_udp_parser'.
Finding duplicate cells in `\wire_udp_parser'.
<suppressed ~1698 debug messages>
Finding identical cells in module `\wire_ipv4_parser'.
Computing hashes of 4772 cells of `\wire_ipv4_parser'.
Finding duplicate cells in `\wire_ipv4_parser'.
Computing hashes of 4603 cells of `\wire_ipv4_parser'.
Finding duplicate cells in `\wire_ipv4_parser'.
Computing hashes of 4531 cells of `\wire_ipv4_parser'.
Finding duplicate cells in `\wire_ipv4_parser'.
Computing hashes of 4482 cells of `\wire_ipv4_parser'.
Finding duplicate cells in `\wire_ipv4_parser'.
Computing hashes of 4439 cells of `\wire_ipv4_parser'.
Finding duplicate cells in `\wire_ipv4_parser'.
Computing hashes of 4373 cells of `\wire_ipv4_parser'.
Finding duplicate cells in `\wire_ipv4_parser'.
Computing hashes of 4253 cells of `\wire_ipv4_parser'.
Finding duplicate cells in `\wire_ipv4_parser'.
Computing hashes of 4021 cells of `\wire_ipv4_parser'.
Finding duplicate cells in `\wire_ipv4_parser'.
Computing hashes of 3565 cells of `\wire_ipv4_parser'.
Finding duplicate cells in `\wire_ipv4_parser'.
Computing hashes of 3431 cells of `\wire_ipv4_parser'.
Finding duplicate cells in `\wire_ipv4_parser'.
Computing hashes of 3430 cells of `\wire_ipv4_parser'.
Finding duplicate cells in `\wire_ipv4_parser'.
Computing hashes of 3429 cells of `\wire_ipv4_parser'.
Finding duplicate cells in `\wire_ipv4_parser'.
Computing hashes of 3428 cells of `\wire_ipv4_parser'.
Finding duplicate cells in `\wire_ipv4_parser'.
Computing hashes of 3427 cells of `\wire_ipv4_parser'.
Finding duplicate cells in `\wire_ipv4_parser'.
Computing hashes of 3426 cells of `\wire_ipv4_parser'.
Finding duplicate cells in `\wire_ipv4_parser'.
Computing hashes of 3425 cells of `\wire_ipv4_parser'.
Finding duplicate cells in `\wire_ipv4_parser'.
Computing hashes of 3424 cells of `\wire_ipv4_parser'.
Finding duplicate cells in `\wire_ipv4_parser'.
Computing hashes of 3423 cells of `\wire_ipv4_parser'.
Finding duplicate cells in `\wire_ipv4_parser'.
Computing hashes of 3422 cells of `\wire_ipv4_parser'.
Finding duplicate cells in `\wire_ipv4_parser'.
Computing hashes of 3421 cells of `\wire_ipv4_parser'.
Finding duplicate cells in `\wire_ipv4_parser'.
Computing hashes of 3420 cells of `\wire_ipv4_parser'.
Finding duplicate cells in `\wire_ipv4_parser'.
Computing hashes of 3419 cells of `\wire_ipv4_parser'.
Finding duplicate cells in `\wire_ipv4_parser'.
Computing hashes of 3418 cells of `\wire_ipv4_parser'.
Finding duplicate cells in `\wire_ipv4_parser'.
Computing hashes of 3417 cells of `\wire_ipv4_parser'.
Finding duplicate cells in `\wire_ipv4_parser'.
<suppressed ~4065 debug messages>
Finding identical cells in module `\wire_eth_parser'.
Computing hashes of 307 cells of `\wire_eth_parser'.
Finding duplicate cells in `\wire_eth_parser'.
Computing hashes of 266 cells of `\wire_eth_parser'.
Finding duplicate cells in `\wire_eth_parser'.
Computing hashes of 257 cells of `\wire_eth_parser'.
Finding duplicate cells in `\wire_eth_parser'.
Computing hashes of 256 cells of `\wire_eth_parser'.
Finding duplicate cells in `\wire_eth_parser'.
<suppressed ~153 debug messages>
Finding identical cells in module `\wire_gearbox_64to8'.
Computing hashes of 380 cells of `\wire_gearbox_64to8'.
Finding duplicate cells in `\wire_gearbox_64to8'.
Computing hashes of 331 cells of `\wire_gearbox_64to8'.
Finding duplicate cells in `\wire_gearbox_64to8'.
Computing hashes of 308 cells of `\wire_gearbox_64to8'.
Finding duplicate cells in `\wire_gearbox_64to8'.
Computing hashes of 304 cells of `\wire_gearbox_64to8'.
Finding duplicate cells in `\wire_gearbox_64to8'.
<suppressed ~228 debug messages>
Finding identical cells in module `\wire_ingress_buffer'.
Computing hashes of 253 cells of `\wire_ingress_buffer'.
Finding duplicate cells in `\wire_ingress_buffer'.
Computing hashes of 249 cells of `\wire_ingress_buffer'.
Finding duplicate cells in `\wire_ingress_buffer'.
<suppressed ~12 debug messages>
Removed a total of 2052 cells.

10.21.3. Executing OPT_DFF pass (perform DFF optimizations).

10.21.4. Executing OPT_CLEAN pass (remove unused cells and wires).
Finding unused cells or wires in module \wire_buffer_gearbox_eth_ipv4_udp_top..
Finding unused cells or wires in module \wire_udp_parser..
Finding unused cells or wires in module \wire_ipv4_parser..
Finding unused cells or wires in module \wire_eth_parser..
Finding unused cells or wires in module \wire_gearbox_64to8..
Finding unused cells or wires in module \wire_ingress_buffer..
Removed 862 unused cells and 2428 unused wires.
<suppressed ~867 debug messages>

10.21.5. Finished fast OPT passes.

10.22. Executing ABC pass (technology mapping using ABC).

10.22.1. Summary of detected clock domains:
  161 cells in clk=\clk, en={ }, arst={ }, srst=\rst
  9 cells in clk=\clk, en=$auto$simple.cc:210:make_patterns_logic$2528, arst={ }, srst=\rst
  423 cells in clk=\clk, en=$auto$simple.cc:210:make_patterns_logic$2508, arst={ }, srst=\rst
  1804 cells in clk=\clk, en=$auto$simple.cc:210:make_patterns_logic$2496, arst={ }, srst=\rst
  156 cells in clk=\clk, en=$auto$simple.cc:210:make_patterns_logic$2490, arst={ }, srst=\rst
  256 cells in clk=\clk, en={ }, arst={ }, srst={ }

10.22.2. Extracting gate netlist of module `\wire_ipv4_parser' to `<abc-temp-dir>/input.blif'..
Found matching posedge clock domain: \clk, synchronously reset by \rst

10.22.3. Extracting gate netlist of module `\wire_ipv4_parser' to `<abc-temp-dir>/input.blif'..
Found matching posedge clock domain: \clk, enabled by $auto$simple.cc:210:make_patterns_logic$2528, synchronously reset by \rst

10.22.4. Extracting gate netlist of module `\wire_ipv4_parser' to `<abc-temp-dir>/input.blif'..
Found matching posedge clock domain: \clk, enabled by $auto$simple.cc:210:make_patterns_logic$2508, synchronously reset by \rst

10.22.5. Extracting gate netlist of module `\wire_ipv4_parser' to `<abc-temp-dir>/input.blif'..
Found matching posedge clock domain: \clk, enabled by $auto$simple.cc:210:make_patterns_logic$2496, synchronously reset by \rst

10.22.6. Extracting gate netlist of module `\wire_ipv4_parser' to `<abc-temp-dir>/input.blif'..
Found matching posedge clock domain: \clk, enabled by $auto$simple.cc:210:make_patterns_logic$2490, synchronously reset by \rst

10.22.7. Extracting gate netlist of module `\wire_ipv4_parser' to `<abc-temp-dir>/input.blif'..
Found matching posedge clock domain: \clk

10.22.8. Summary of detected clock domains:
  151 cells in clk=\clk, en={ }, arst={ }, srst=\rst
  12 cells in clk=\clk, en=$auto$simple.cc:210:make_patterns_logic$2468, arst={ }, srst=\rst
  54 cells in clk=\clk, en=$auto$simple.cc:210:make_patterns_logic$2444, arst={ }, srst=\rst
  358 cells in clk=\clk, en=$auto$simple.cc:210:make_patterns_logic$2430, arst={ }, srst=\rst
  160 cells in clk=\clk, en=$auto$simple.cc:210:make_patterns_logic$2424, arst={ }, srst=\rst
  51 cells in clk=\clk, en=$auto$simple.cc:210:make_patterns_logic$2404, arst={ }, srst=\rst
  95 cells in clk=\clk, en=$auto$simple.cc:210:make_patterns_logic$2396, arst={ }, srst=\rst
  81 cells in clk=\clk, en=$auto$simple.cc:210:make_patterns_logic$2364, arst={ }, srst=\rst
  248 cells in clk=\clk, en={ }, arst={ }, srst={ }

10.22.9. Extracting gate netlist of module `\wire_udp_parser' to `<abc-temp-dir>/input.blif'..
Found matching posedge clock domain: \clk, synchronously reset by \rst

10.22.10. Extracting gate netlist of module `\wire_udp_parser' to `<abc-temp-dir>/input.blif'..
Found matching posedge clock domain: \clk, enabled by $auto$simple.cc:210:make_patterns_logic$2468, synchronously reset by \rst

10.22.11. Extracting gate netlist of module `\wire_udp_parser' to `<abc-temp-dir>/input.blif'..
Found matching posedge clock domain: \clk, enabled by $auto$simple.cc:210:make_patterns_logic$2444, synchronously reset by \rst

10.22.12. Extracting gate netlist of module `\wire_udp_parser' to `<abc-temp-dir>/input.blif'..
Found matching posedge clock domain: \clk, enabled by $auto$simple.cc:210:make_patterns_logic$2430, synchronously reset by \rst

10.22.13. Extracting gate netlist of module `\wire_udp_parser' to `<abc-temp-dir>/input.blif'..
Found matching posedge clock domain: \clk, enabled by $auto$simple.cc:210:make_patterns_logic$2424, synchronously reset by \rst

10.22.14. Extracting gate netlist of module `\wire_udp_parser' to `<abc-temp-dir>/input.blif'..
Found matching posedge clock domain: \clk, enabled by $auto$simple.cc:210:make_patterns_logic$2404, synchronously reset by \rst

10.22.15. Extracting gate netlist of module `\wire_udp_parser' to `<abc-temp-dir>/input.blif'..
Found matching posedge clock domain: \clk, enabled by $auto$simple.cc:210:make_patterns_logic$2396, synchronously reset by \rst

10.22.16. Extracting gate netlist of module `\wire_udp_parser' to `<abc-temp-dir>/input.blif'..
Found matching posedge clock domain: \clk, enabled by $auto$simple.cc:210:make_patterns_logic$2364, synchronously reset by \rst

10.22.17. Extracting gate netlist of module `\wire_udp_parser' to `<abc-temp-dir>/input.blif'..
Found matching posedge clock domain: \clk

10.22.18. Summary of detected clock domains:
  26 cells in clk=\clk, en=$auto$simple.cc:210:make_patterns_logic$2570, arst={ }, srst=\rst
  96 cells in clk=\clk, en=$logic_and$rtl/arch_a/wire_gearbox_64to8.sv:56$62_Y, arst={ }, srst=\rst
  39 cells in clk=\clk, en=$logic_and$rtl/arch_a/wire_gearbox_64to8.sv:47$54_Y, arst={ }, srst=$auto$simple.cc:234:combine_resets$2573
  114 cells in clk=\clk, en={ }, arst={ }, srst={ }

10.22.19. Extracting gate netlist of module `\wire_gearbox_64to8' to `<abc-temp-dir>/input.blif'..
Found matching posedge clock domain: \clk, enabled by $auto$simple.cc:210:make_patterns_logic$2570, synchronously reset by \rst

10.22.20. Extracting gate netlist of module `\wire_gearbox_64to8' to `<abc-temp-dir>/input.blif'..
Found matching posedge clock domain: \clk, enabled by $logic_and$rtl/arch_a/wire_gearbox_64to8.sv:56$62_Y, synchronously reset by \rst

10.22.21. Extracting gate netlist of module `\wire_gearbox_64to8' to `<abc-temp-dir>/input.blif'..
Found matching posedge clock domain: \clk, enabled by $logic_and$rtl/arch_a/wire_gearbox_64to8.sv:47$54_Y, synchronously reset by $auto$simple.cc:234:combine_resets$2573

10.22.22. Extracting gate netlist of module `\wire_gearbox_64to8' to `<abc-temp-dir>/input.blif'..
Found matching posedge clock domain: \clk

10.22.23. Summary of detected clock domains:
  9 cells in clk=\clk, en=$auto$simple.cc:210:make_patterns_logic$2560, arst={ }, srst=\rst
  39 cells in clk=\clk, en=$auto$simple.cc:210:make_patterns_logic$2539, arst={ }, srst=\rst
  18 cells in clk=\clk, en=$auto$simple.cc:210:make_patterns_logic$2546, arst={ }, srst=\rst
  46 cells in clk=\clk, en={ }, arst={ }, srst=\rst
  139 cells in clk=\clk, en={ }, arst={ }, srst={ }

10.22.24. Extracting gate netlist of module `\wire_eth_parser' to `<abc-temp-dir>/input.blif'..
Found matching posedge clock domain: \clk, enabled by $auto$simple.cc:210:make_patterns_logic$2560, synchronously reset by \rst

10.22.25. Extracting gate netlist of module `\wire_eth_parser' to `<abc-temp-dir>/input.blif'..
Found matching posedge clock domain: \clk, enabled by $auto$simple.cc:210:make_patterns_logic$2539, synchronously reset by \rst

10.22.26. Extracting gate netlist of module `\wire_eth_parser' to `<abc-temp-dir>/input.blif'..
Found matching posedge clock domain: \clk, enabled by $auto$simple.cc:210:make_patterns_logic$2546, synchronously reset by \rst

10.22.27. Extracting gate netlist of module `\wire_eth_parser' to `<abc-temp-dir>/input.blif'..
Found matching posedge clock domain: \clk, synchronously reset by \rst

10.22.28. Extracting gate netlist of module `\wire_eth_parser' to `<abc-temp-dir>/input.blif'..
Found matching posedge clock domain: \clk

10.22.29. Summary of detected clock domains:
  4 cells in clk=\clk, en=\pop, arst={ }, srst=\rst
  4 cells in clk=\clk, en=\push, arst={ }, srst=\rst
  71 cells in clk=\clk, en={ }, arst={ }, srst=\rst
  75 cells in clk=\clk, en=$memory\data_q$wren[1][0][0]$y$2792, arst={ }, srst={ }
  77 cells in clk=\clk, en=$memory\data_q$wren[0][0][0]$y$2788, arst={ }, srst={ }
  15 cells in clk=\clk, en=$auto$simple.cc:193:make_patterns_logic$2592, arst={ }, srst=\rst

10.22.30. Extracting gate netlist of module `\wire_ingress_buffer' to `<abc-temp-dir>/input.blif'..
Found matching posedge clock domain: \clk, enabled by \pop, synchronously reset by \rst

10.22.30.1. Executed ABC.
Extracted 153 gates and 188 wires to a netlist network with 34 inputs and 67 outputs.
Running ABC script: <abc-temp-dir>/abc.script
ABC: ======== ABC command line "source <abc-temp-dir>/abc.script"
ABC: + read_blif <abc-temp-dir>/input.blif
ABC: + read_library <abc-temp-dir>/stdcells.genlib
ABC: + strash
ABC: + &get -n
ABC: + &fraig -x
ABC: + &put
ABC: + scorr
ABC: Warning: The network is combinational (run "fraig" or "fraig_sweep").
ABC: + dc2
ABC: + dretime
ABC: + strash
ABC: + &get -n
ABC: + &dch -f
ABC: + &nf
ABC: + &put
ABC: + write_blif <abc-temp-dir>/output.blif

10.22.30.2. Re-integrating ABC results.
ABC RESULTS:               AND cells:       37
ABC RESULTS:            ANDNOT cells:        4
ABC RESULTS:               MUX cells:        8
ABC RESULTS:              NAND cells:        3
ABC RESULTS:               NOR cells:        1
ABC RESULTS:               NOT cells:       11
ABC RESULTS:                OR cells:        4
ABC RESULTS:             ORNOT cells:        3
ABC RESULTS:              XNOR cells:        4
ABC RESULTS:        internal signals:       87
ABC RESULTS:           input signals:       34
ABC RESULTS:          output signals:       67
Removing temp directory.

10.22.30.1. Executed ABC.
Extracted 1 gates and 3 wires to a netlist network with 2 inputs and 1 outputs.
Running ABC script: <abc-temp-dir>/abc.script
ABC: ======== ABC command line "source <abc-temp-dir>/abc.script"
ABC: + read_blif <abc-temp-dir>/input.blif
ABC: + read_library <abc-temp-dir>/stdcells.genlib
ABC: + strash
ABC: + &get -n
ABC: + &fraig -x
ABC: + &put
ABC: + scorr
ABC: Warning: The network is combinational (run "fraig" or "fraig_sweep").
ABC: + dc2
ABC: + dretime
ABC: + strash
ABC: + &get -n
ABC: + &dch -f
ABC: + &nf
ABC: + &put
ABC: + write_blif <abc-temp-dir>/output.blif

10.22.30.2. Re-integrating ABC results.
ABC RESULTS:               AND cells:        1
ABC RESULTS:        internal signals:        0
ABC RESULTS:           input signals:        2
ABC RESULTS:          output signals:        1
Removing temp directory.

10.22.31. Extracting gate netlist of module `\wire_ingress_buffer' to `<abc-temp-dir>/input.blif'..
Found matching posedge clock domain: \clk, enabled by \push, synchronously reset by \rst

10.22.32. Extracting gate netlist of module `\wire_ingress_buffer' to `<abc-temp-dir>/input.blif'..
Found matching posedge clock domain: \clk, synchronously reset by \rst

10.22.33. Extracting gate netlist of module `\wire_ingress_buffer' to `<abc-temp-dir>/input.blif'..
Found matching posedge clock domain: \clk, enabled by $memory\data_q$wren[1][0][0]$y$2792

10.22.34. Extracting gate netlist of module `\wire_ingress_buffer' to `<abc-temp-dir>/input.blif'..
Found matching posedge clock domain: \clk, enabled by $memory\data_q$wren[0][0][0]$y$2788

10.22.35. Extracting gate netlist of module `\wire_ingress_buffer' to `<abc-temp-dir>/input.blif'..
Found matching posedge clock domain: \clk, enabled by $auto$simple.cc:193:make_patterns_logic$2592, synchronously reset by \rst

10.22.36. Summary of detected clock domains:
  5 cells in clk={ }, en={ }, arst={ }, srst={ }

10.22.37. Extracting gate netlist of module `\wire_buffer_gearbox_eth_ipv4_udp_top' to `<abc-temp-dir>/input.blif'..
No matching clock domain found. Not extracting any FF cells.

10.22.37.1. Executed ABC.
Extracted 418 gates and 573 wires to a netlist network with 153 inputs and 11 outputs.
Running ABC script: <abc-temp-dir>/abc.script
ABC: ======== ABC command line "source <abc-temp-dir>/abc.script"
ABC: + read_blif <abc-temp-dir>/input.blif
ABC: + read_library <abc-temp-dir>/stdcells.genlib
ABC: + strash
ABC: + &get -n
ABC: + &fraig -x
ABC: + &put
ABC: + scorr
ABC: Warning: The network is combinational (run "fraig" or "fraig_sweep").
ABC: + dc2
ABC: + dretime
ABC: + strash
ABC: + &get -n
ABC: + &dch -f
ABC: + &nf
ABC: + &put
ABC: + write_blif <abc-temp-dir>/output.blif

10.22.37.2. Re-integrating ABC results.
ABC RESULTS:               AND cells:       97
ABC RESULTS:            ANDNOT cells:        8
ABC RESULTS:              NAND cells:       72
ABC RESULTS:               NOR cells:       22
ABC RESULTS:               NOT cells:        2
ABC RESULTS:                OR cells:       43
ABC RESULTS:             ORNOT cells:        5
ABC RESULTS:              XNOR cells:       14
ABC RESULTS:               XOR cells:       18
ABC RESULTS:        internal signals:      409
ABC RESULTS:           input signals:      153
ABC RESULTS:          output signals:       11
Removing temp directory.

10.22.37.1. Executed ABC.
Extracted 1652 gates and 1877 wires to a netlist network with 224 inputs and 307 outputs.
Running ABC script: <abc-temp-dir>/abc.script
ABC: ======== ABC command line "source <abc-temp-dir>/abc.script"
ABC: + read_blif <abc-temp-dir>/input.blif
ABC: + read_library <abc-temp-dir>/stdcells.genlib
ABC: + strash
ABC: + &get -n
ABC: + &fraig -x
ABC: + &put
ABC: + scorr
ABC: Warning: The network is combinational (run "fraig" or "fraig_sweep").
ABC: + dc2
ABC: + dretime
ABC: + strash
ABC: + &get -n
ABC: + &dch -f
ABC: + &nf
ABC: + &put
ABC: + write_blif <abc-temp-dir>/output.blif

10.22.37.2. Re-integrating ABC results.
ABC RESULTS:               AND cells:      153
ABC RESULTS:            ANDNOT cells:       46
ABC RESULTS:               MUX cells:        2
ABC RESULTS:              NAND cells:      696
ABC RESULTS:               NOR cells:       13
ABC RESULTS:               NOT cells:       22
ABC RESULTS:                OR cells:       53
ABC RESULTS:             ORNOT cells:       19
ABC RESULTS:              XNOR cells:       73
ABC RESULTS:               XOR cells:      208
ABC RESULTS:        internal signals:     1346
ABC RESULTS:           input signals:      224
ABC RESULTS:          output signals:      307
Removing temp directory.

10.22.37.1. Executed ABC.
Extracted 140 gates and 192 wires to a netlist network with 52 inputs and 29 outputs.
Running ABC script: <abc-temp-dir>/abc.script
ABC: ======== ABC command line "source <abc-temp-dir>/abc.script"
ABC: + read_blif <abc-temp-dir>/input.blif
ABC: + read_library <abc-temp-dir>/stdcells.genlib
ABC: + strash
ABC: + &get -n
ABC: + &fraig -x
ABC: + &put
ABC: + scorr
ABC: Warning: The network is combinational (run "fraig" or "fraig_sweep").
ABC: + dc2
ABC: + dretime
ABC: + strash
ABC: + &get -n
ABC: + &dch -f
ABC: + &nf
ABC: + &put
ABC: + write_blif <abc-temp-dir>/output.blif

10.22.37.2. Re-integrating ABC results.
ABC RESULTS:               AND cells:       10
ABC RESULTS:            ANDNOT cells:        2
ABC RESULTS:               MUX cells:       14
ABC RESULTS:              NAND cells:        2
ABC RESULTS:               NOR cells:        6
ABC RESULTS:               NOT cells:        5
ABC RESULTS:                OR cells:       14
ABC RESULTS:             ORNOT cells:        4
ABC RESULTS:              XNOR cells:       14
ABC RESULTS:               XOR cells:       11
ABC RESULTS:        internal signals:      111
ABC RESULTS:           input signals:       52
ABC RESULTS:          output signals:       29
Removing temp directory.

10.22.37.1. Executed ABC.
Extracted 251 gates and 306 wires to a netlist network with 53 inputs and 30 outputs.
Running ABC script: <abc-temp-dir>/abc.script
ABC: ======== ABC command line "source <abc-temp-dir>/abc.script"
ABC: + read_blif <abc-temp-dir>/input.blif
ABC: + read_library <abc-temp-dir>/stdcells.genlib
ABC: + strash
ABC: + &get -n
ABC: + &fraig -x
ABC: + &put
ABC: + scorr
ABC: Warning: The network is combinational (run "fraig" or "fraig_sweep").
ABC: + dc2
ABC: + dretime
ABC: + strash
ABC: + &get -n
ABC: + &dch -f
ABC: + &nf
ABC: + &put
ABC: + write_blif <abc-temp-dir>/output.blif

10.22.37.2. Re-integrating ABC results.
ABC RESULTS:               AND cells:       35
ABC RESULTS:            ANDNOT cells:        7
ABC RESULTS:               MUX cells:        5
ABC RESULTS:              NAND cells:       43
ABC RESULTS:               NOR cells:       10
ABC RESULTS:               NOT cells:        8
ABC RESULTS:                OR cells:       17
ABC RESULTS:             ORNOT cells:        7
ABC RESULTS:        internal signals:      223
ABC RESULTS:           input signals:       53
ABC RESULTS:          output signals:       30
Removing temp directory.

10.22.37.1. Executed ABC.
Extracted 145 gates and 177 wires to a netlist network with 31 inputs and 56 outputs.
Running ABC script: <abc-temp-dir>/abc.script
ABC: ======== ABC command line "source <abc-temp-dir>/abc.script"
ABC: + read_blif <abc-temp-dir>/input.blif
ABC: + read_library <abc-temp-dir>/stdcells.genlib
ABC: + strash
ABC: + &get -n
ABC: + &fraig -x
ABC: + &put
ABC: + scorr
ABC: Warning: The network is combinational (run "fraig" or "fraig_sweep").
ABC: + dc2
ABC: + dretime
ABC: + strash
ABC: + &get -n
ABC: + &dch -f
ABC: + &nf
ABC: + &put
ABC: + write_blif <abc-temp-dir>/output.blif

10.22.37.2. Re-integrating ABC results.
ABC RESULTS:               AND cells:       37
ABC RESULTS:            ANDNOT cells:        4
ABC RESULTS:               MUX cells:        6
ABC RESULTS:              NAND cells:        3
ABC RESULTS:               NOR cells:        1
ABC RESULTS:               NOT cells:        9
ABC RESULTS:                OR cells:        1
ABC RESULTS:             ORNOT cells:        2
ABC RESULTS:              XNOR cells:        3
ABC RESULTS:        internal signals:       90
ABC RESULTS:           input signals:       31
ABC RESULTS:          output signals:       56
Removing temp directory.

10.22.37.1. Executed ABC.
Extracted 4 gates and 8 wires to a netlist network with 4 inputs and 2 outputs.
Running ABC script: <abc-temp-dir>/abc.script
ABC: ======== ABC command line "source <abc-temp-dir>/abc.script"
ABC: + read_blif <abc-temp-dir>/input.blif
ABC: + read_library <abc-temp-dir>/stdcells.genlib
ABC: + strash
ABC: + &get -n
ABC: + &fraig -x
ABC: + &put
ABC: + scorr
ABC: Warning: The network is combinational (run "fraig" or "fraig_sweep").
ABC: + dc2
ABC: + dretime
ABC: + strash
ABC: + &get -n
ABC: + &dch -f
ABC: + &nf
ABC: + &put
ABC: + write_blif <abc-temp-dir>/output.blif

10.22.37.2. Re-integrating ABC results.
ABC RESULTS:               AND cells:        1
ABC RESULTS:            ANDNOT cells:        1
ABC RESULTS:               NOT cells:        1
ABC RESULTS:                OR cells:        1
ABC RESULTS:        internal signals:        2
ABC RESULTS:           input signals:        4
ABC RESULTS:          output signals:        2
Removing temp directory.

10.22.37.1. Executed ABC.
Extracted 50 gates and 86 wires to a netlist network with 34 inputs and 8 outputs.
Running ABC script: <abc-temp-dir>/abc.script
ABC: ======== ABC command line "source <abc-temp-dir>/abc.script"
ABC: + read_blif <abc-temp-dir>/input.blif
ABC: + read_library <abc-temp-dir>/stdcells.genlib
ABC: + strash
ABC: + &get -n
ABC: + &fraig -x
ABC: + &put
ABC: + scorr
ABC: Warning: The network is combinational (run "fraig" or "fraig_sweep").
ABC: + dc2
ABC: + dretime
ABC: + strash
ABC: + &get -n
ABC: + &dch -f
ABC: + &nf
ABC: + &put
ABC: + write_blif <abc-temp-dir>/output.blif

10.22.37.2. Re-integrating ABC results.
ABC RESULTS:               AND cells:       12
ABC RESULTS:            ANDNOT cells:        1
ABC RESULTS:              NAND cells:       19
ABC RESULTS:               NOR cells:        8
ABC RESULTS:               NOT cells:        1
ABC RESULTS:                OR cells:        7
ABC RESULTS:             ORNOT cells:        4
ABC RESULTS:        internal signals:       44
ABC RESULTS:           input signals:       34
ABC RESULTS:          output signals:        8
Removing temp directory.

10.22.37.1. Executed ABC.
Extracted 318 gates and 418 wires to a netlist network with 99 inputs and 99 outputs.
Running ABC script: <abc-temp-dir>/abc.script
ABC: ======== ABC command line "source <abc-temp-dir>/abc.script"
ABC: + read_blif <abc-temp-dir>/input.blif
ABC: + read_library <abc-temp-dir>/stdcells.genlib
ABC: + strash
ABC: + &get -n
ABC: + &fraig -x
ABC: + &put
ABC: + scorr
ABC: Warning: The network is combinational (run "fraig" or "fraig_sweep").
ABC: + dc2
ABC: + dretime
ABC: + strash
ABC: + &get -n
ABC: + &dch -f
ABC: + &nf
ABC: + &put
ABC: + write_blif <abc-temp-dir>/output.blif

10.22.37.2. Re-integrating ABC results.
ABC RESULTS:               AND cells:        6
ABC RESULTS:            ANDNOT cells:        6
ABC RESULTS:               MUX cells:        1
ABC RESULTS:              NAND cells:      132
ABC RESULTS:               NOR cells:        3
ABC RESULTS:               NOT cells:       17
ABC RESULTS:                OR cells:       18
ABC RESULTS:             ORNOT cells:        3
ABC RESULTS:              XNOR cells:        3
ABC RESULTS:               XOR cells:       16
ABC RESULTS:        internal signals:      220
ABC RESULTS:           input signals:       99
ABC RESULTS:          output signals:       99
Removing temp directory.

10.22.37.1. Executed ABC.
Extracted 144 gates and 197 wires to a netlist network with 52 inputs and 27 outputs.
Running ABC script: <abc-temp-dir>/abc.script
ABC: ======== ABC command line "source <abc-temp-dir>/abc.script"
ABC: + read_blif <abc-temp-dir>/input.blif
ABC: + read_library <abc-temp-dir>/stdcells.genlib
ABC: + strash
ABC: + &get -n
ABC: + &fraig -x
ABC: + &put
ABC: + scorr
ABC: Warning: The network is combinational (run "fraig" or "fraig_sweep").
ABC: + dc2
ABC: + dretime
ABC: + strash
ABC: + &get -n
ABC: + &dch -f
ABC: + &nf
ABC: + &put
ABC: + write_blif <abc-temp-dir>/output.blif

10.22.37.2. Re-integrating ABC results.
ABC RESULTS:               AND cells:       18
ABC RESULTS:            ANDNOT cells:        1
ABC RESULTS:               MUX cells:       12
ABC RESULTS:              NAND cells:        6
ABC RESULTS:               NOR cells:        8
ABC RESULTS:               NOT cells:        5
ABC RESULTS:                OR cells:       13
ABC RESULTS:             ORNOT cells:        4
ABC RESULTS:              XNOR cells:       12
ABC RESULTS:               XOR cells:       11
ABC RESULTS:        internal signals:      118
ABC RESULTS:           input signals:       52
ABC RESULTS:          output signals:       27
Removing temp directory.

10.22.37.1. Executed ABC.
Extracted 35 gates and 71 wires to a netlist network with 36 inputs and 34 outputs.
Running ABC script: <abc-temp-dir>/abc.script
ABC: ======== ABC command line "source <abc-temp-dir>/abc.script"
ABC: + read_blif <abc-temp-dir>/input.blif
ABC: + read_library <abc-temp-dir>/stdcells.genlib
ABC: + strash
ABC: + &get -n
ABC: + &fraig -x
ABC: + &put
ABC: + scorr
ABC: Warning: The network is combinational (run "fraig" or "fraig_sweep").
ABC: + dc2
ABC: + dretime
ABC: + strash
ABC: + &get -n
ABC: + &dch -f
ABC: + &nf
ABC: + &put
ABC: + write_blif <abc-temp-dir>/output.blif

10.22.37.2. Re-integrating ABC results.
ABC RESULTS:               AND cells:       18
ABC RESULTS:               NOT cells:        1
ABC RESULTS:               XOR cells:       16
ABC RESULTS:        internal signals:        1
ABC RESULTS:           input signals:       36
ABC RESULTS:          output signals:       34
Removing temp directory.

10.22.37.1. Executed ABC.
Extracted 79 gates and 138 wires to a netlist network with 57 inputs and 36 outputs.
Running ABC script: <abc-temp-dir>/abc.script
ABC: ======== ABC command line "source <abc-temp-dir>/abc.script"
ABC: + read_blif <abc-temp-dir>/input.blif
ABC: + read_library <abc-temp-dir>/stdcells.genlib
ABC: + strash
ABC: + &get -n
ABC: + &fraig -x
ABC: + &put
ABC: + scorr
ABC: Warning: The network is combinational (run "fraig" or "fraig_sweep").
ABC: + dc2
ABC: + dretime
ABC: + strash
ABC: + &get -n
ABC: + &dch -f
ABC: + &nf
ABC: + &put
ABC: + write_blif <abc-temp-dir>/output.blif

10.22.37.2. Re-integrating ABC results.
ABC RESULTS:               AND cells:       33
ABC RESULTS:              NAND cells:        1
ABC RESULTS:               NOT cells:        2
ABC RESULTS:                OR cells:       18
ABC RESULTS:             ORNOT cells:        2
ABC RESULTS:              XNOR cells:        1
ABC RESULTS:               XOR cells:       14
ABC RESULTS:        internal signals:       45
ABC RESULTS:           input signals:       57
ABC RESULTS:          output signals:       36
Removing temp directory.

10.22.37.1. Executed ABC.
Extracted 77 gates and 143 wires to a netlist network with 64 inputs and 16 outputs.
Running ABC script: <abc-temp-dir>/abc.script
ABC: ======== ABC command line "source <abc-temp-dir>/abc.script"
ABC: + read_blif <abc-temp-dir>/input.blif
ABC: + read_library <abc-temp-dir>/stdcells.genlib
ABC: + strash
ABC: + &get -n
ABC: + &fraig -x
ABC: + &put
ABC: + scorr
ABC: Warning: The network is combinational (run "fraig" or "fraig_sweep").
ABC: + dc2
ABC: + dretime
ABC: + strash
ABC: + &get -n
ABC: + &dch -f
ABC: + &nf
ABC: + &put
ABC: + write_blif <abc-temp-dir>/output.blif

10.22.37.2. Re-integrating ABC results.
ABC RESULTS:               AND cells:       39
ABC RESULTS:            ANDNOT cells:        2
ABC RESULTS:              NAND cells:        8
ABC RESULTS:               NOR cells:       17
ABC RESULTS:               NOT cells:        2
ABC RESULTS:                OR cells:        9
ABC RESULTS:             ORNOT cells:        1
ABC RESULTS:        internal signals:       63
ABC RESULTS:           input signals:       64
ABC RESULTS:          output signals:       16
Removing temp directory.

10.22.37.1. Executed ABC.
Extracted 244 gates and 310 wires to a netlist network with 64 inputs and 49 outputs.
Running ABC script: <abc-temp-dir>/abc.script
ABC: ======== ABC command line "source <abc-temp-dir>/abc.script"
ABC: + read_blif <abc-temp-dir>/input.blif
ABC: + read_library <abc-temp-dir>/stdcells.genlib
ABC: + strash
ABC: + &get -n
ABC: + &fraig -x
ABC: + &put
ABC: + scorr
ABC: Warning: The network is combinational (run "fraig" or "fraig_sweep").
ABC: + dc2
ABC: + dretime
ABC: + strash
ABC: + &get -n
ABC: + &dch -f
ABC: + &nf
ABC: + &put
ABC: + write_blif <abc-temp-dir>/output.blif

10.22.37.2. Re-integrating ABC results.
ABC RESULTS:               AND cells:       46
ABC RESULTS:            ANDNOT cells:        7
ABC RESULTS:               MUX cells:        7
ABC RESULTS:              NAND cells:       35
ABC RESULTS:               NOR cells:        9
ABC RESULTS:               NOT cells:        6
ABC RESULTS:                OR cells:        6
ABC RESULTS:             ORNOT cells:        9
ABC RESULTS:        internal signals:      197
ABC RESULTS:           input signals:       64
ABC RESULTS:          output signals:       49
Removing temp directory.

10.22.37.1. Executed ABC.
Extracted 24 gates and 43 wires to a netlist network with 18 inputs and 15 outputs.
Running ABC script: <abc-temp-dir>/abc.script
ABC: ======== ABC command line "source <abc-temp-dir>/abc.script"
ABC: + read_blif <abc-temp-dir>/input.blif
ABC: + read_library <abc-temp-dir>/stdcells.genlib
ABC: + strash
ABC: + &get -n
ABC: + &fraig -x
ABC: + &put
ABC: + scorr
ABC: Warning: The network is combinational (run "fraig" or "fraig_sweep").
ABC: + dc2
ABC: + dretime
ABC: + strash
ABC: + &get -n
ABC: + &dch -f
ABC: + &nf
ABC: + &put
ABC: + write_blif <abc-temp-dir>/output.blif

10.22.37.2. Re-integrating ABC results.
ABC RESULTS:               AND cells:       13
ABC RESULTS:            ANDNOT cells:        1
ABC RESULTS:              NAND cells:        4
ABC RESULTS:               NOR cells:        1
ABC RESULTS:               NOT cells:        1
ABC RESULTS:              XNOR cells:        1
ABC RESULTS:        internal signals:       10
ABC RESULTS:           input signals:       18
ABC RESULTS:          output signals:       15
Removing temp directory.

10.22.37.1. Executed ABC.
Extracted 32 gates and 97 wires to a netlist network with 65 inputs and 32 outputs.
Running ABC script: <abc-temp-dir>/abc.script
ABC: ======== ABC command line "source <abc-temp-dir>/abc.script"
ABC: + read_blif <abc-temp-dir>/input.blif
ABC: + read_library <abc-temp-dir>/stdcells.genlib
ABC: + strash
ABC: + &get -n
ABC: + &fraig -x
ABC: + &put
ABC: + scorr
ABC: Warning: The network is combinational (run "fraig" or "fraig_sweep").
ABC: + dc2
ABC: + dretime
ABC: + strash
ABC: + &get -n
ABC: + &dch -f
ABC: + &nf
ABC: + &put
ABC: + write_blif <abc-temp-dir>/output.blif

10.22.37.2. Re-integrating ABC results.
ABC RESULTS:               MUX cells:       32
ABC RESULTS:        internal signals:        0
ABC RESULTS:           input signals:       65
ABC RESULTS:          output signals:       32
Removing temp directory.

10.22.37.1. Executed ABC.
Extracted 36 gates and 79 wires to a netlist network with 42 inputs and 15 outputs.
Running ABC script: <abc-temp-dir>/abc.script
ABC: ======== ABC command line "source <abc-temp-dir>/abc.script"
ABC: + read_blif <abc-temp-dir>/input.blif
ABC: + read_library <abc-temp-dir>/stdcells.genlib
ABC: + strash
ABC: + &get -n
ABC: + &fraig -x
ABC: + &put
ABC: + scorr
ABC: Warning: The network is combinational (run "fraig" or "fraig_sweep").
ABC: + dc2
ABC: + dretime
ABC: + strash
ABC: + &get -n
ABC: + &dch -f
ABC: + &nf
ABC: + &put
ABC: + write_blif <abc-temp-dir>/output.blif

10.22.37.2. Re-integrating ABC results.
ABC RESULTS:               AND cells:        1
ABC RESULTS:            ANDNOT cells:        1
ABC RESULTS:               MUX cells:       24
ABC RESULTS:               NOR cells:        4
ABC RESULTS:                OR cells:        1
ABC RESULTS:              XNOR cells:        3
ABC RESULTS:               XOR cells:        2
ABC RESULTS:        internal signals:       22
ABC RESULTS:           input signals:       42
ABC RESULTS:          output signals:       15
Removing temp directory.

10.22.37.1. Executed ABC.
Extracted 103 gates and 125 wires to a netlist network with 22 inputs and 17 outputs.
Running ABC script: <abc-temp-dir>/abc.script
ABC: ======== ABC command line "source <abc-temp-dir>/abc.script"
ABC: + read_blif <abc-temp-dir>/input.blif
ABC: + read_library <abc-temp-dir>/stdcells.genlib
ABC: + strash
ABC: + &get -n
ABC: + &fraig -x
ABC: + &put
ABC: + scorr
ABC: Warning: The network is combinational (run "fraig" or "fraig_sweep").
ABC: + dc2
ABC: + dretime
ABC: + strash
ABC: + &get -n
ABC: + &dch -f
ABC: + &nf
ABC: + &put
ABC: + write_blif <abc-temp-dir>/output.blif

10.22.37.2. Re-integrating ABC results.
ABC RESULTS:               AND cells:       30
ABC RESULTS:            ANDNOT cells:        4
ABC RESULTS:              NAND cells:       17
ABC RESULTS:               NOR cells:        2
ABC RESULTS:               NOT cells:        5
ABC RESULTS:                OR cells:        6
ABC RESULTS:             ORNOT cells:        8
ABC RESULTS:              XNOR cells:        1
ABC RESULTS:        internal signals:       86
ABC RESULTS:           input signals:       22
ABC RESULTS:          output signals:       17
Removing temp directory.

10.22.37.1. Executed ABC.
Extracted 1 gates and 3 wires to a netlist network with 2 inputs and 1 outputs.
Running ABC script: <abc-temp-dir>/abc.script
ABC: ======== ABC command line "source <abc-temp-dir>/abc.script"
ABC: + read_blif <abc-temp-dir>/input.blif
ABC: + read_library <abc-temp-dir>/stdcells.genlib
ABC: + strash
ABC: + &get -n
ABC: + &fraig -x
ABC: + &put
ABC: + scorr
ABC: Warning: The network is combinational (run "fraig" or "fraig_sweep").
ABC: + dc2
ABC: + dretime
ABC: + strash
ABC: + &get -n
ABC: + &dch -f
ABC: + &nf
ABC: + &put
ABC: + write_blif <abc-temp-dir>/output.blif

10.22.37.2. Re-integrating ABC results.
ABC RESULTS:               AND cells:        1
ABC RESULTS:        internal signals:        0
ABC RESULTS:           input signals:        2
ABC RESULTS:          output signals:        1
Removing temp directory.

10.22.37.1. Executed ABC.
Extracted 36 gates and 61 wires to a netlist network with 23 inputs and 8 outputs.
Running ABC script: <abc-temp-dir>/abc.script
ABC: ======== ABC command line "source <abc-temp-dir>/abc.script"
ABC: + read_blif <abc-temp-dir>/input.blif
ABC: + read_library <abc-temp-dir>/stdcells.genlib
ABC: + strash
ABC: + &get -n
ABC: + &fraig -x
ABC: + &put
ABC: + scorr
ABC: Warning: The network is combinational (run "fraig" or "fraig_sweep").
ABC: + dc2
ABC: + dretime
ABC: + strash
ABC: + &get -n
ABC: + &dch -f
ABC: + &nf
ABC: + &put
ABC: + write_blif <abc-temp-dir>/output.blif

10.22.37.2. Re-integrating ABC results.
ABC RESULTS:               AND cells:       10
ABC RESULTS:            ANDNOT cells:        1
ABC RESULTS:              NAND cells:        7
ABC RESULTS:               NOR cells:        6
ABC RESULTS:               NOT cells:        2
ABC RESULTS:                OR cells:        4
ABC RESULTS:             ORNOT cells:        3
ABC RESULTS:        internal signals:       30
ABC RESULTS:           input signals:       23
ABC RESULTS:          output signals:        8
Removing temp directory.

10.22.37.1. Executed ABC.
Extracted 10 gates and 23 wires to a netlist network with 13 inputs and 6 outputs.
Running ABC script: <abc-temp-dir>/abc.script
ABC: ======== ABC command line "source <abc-temp-dir>/abc.script"
ABC: + read_blif <abc-temp-dir>/input.blif
ABC: + read_library <abc-temp-dir>/stdcells.genlib
ABC: + strash
ABC: + &get -n
ABC: + &fraig -x
ABC: + &put
ABC: + scorr
ABC: Warning: The network is combinational (run "fraig" or "fraig_sweep").
ABC: + dc2
ABC: + dretime
ABC: + strash
ABC: + &get -n
ABC: + &dch -f
ABC: + &nf
ABC: + &put
ABC: + write_blif <abc-temp-dir>/output.blif

10.22.37.2. Re-integrating ABC results.
ABC RESULTS:               AND cells:        2
ABC RESULTS:            ANDNOT cells:        1
ABC RESULTS:               NOR cells:        1
ABC RESULTS:                OR cells:        3
ABC RESULTS:             ORNOT cells:        1
ABC RESULTS:        internal signals:        4
ABC RESULTS:           input signals:       13
ABC RESULTS:          output signals:        6
Removing temp directory.

10.22.37.1. Executed ABC.
Extracted 40 gates and 63 wires to a netlist network with 22 inputs and 30 outputs.
Running ABC script: <abc-temp-dir>/abc.script
ABC: ======== ABC command line "source <abc-temp-dir>/abc.script"
ABC: + read_blif <abc-temp-dir>/input.blif
ABC: + read_library <abc-temp-dir>/stdcells.genlib
ABC: + strash
ABC: + &get -n
ABC: + &fraig -x
ABC: + &put
ABC: + scorr
ABC: Warning: The network is combinational (run "fraig" or "fraig_sweep").
ABC: + dc2
ABC: + dretime
ABC: + strash
ABC: + &get -n
ABC: + &dch -f
ABC: + &nf
ABC: + &put
ABC: + write_blif <abc-temp-dir>/output.blif

10.22.37.2. Re-integrating ABC results.
ABC RESULTS:               AND cells:       11
ABC RESULTS:            ANDNOT cells:        3
ABC RESULTS:               MUX cells:        6
ABC RESULTS:              NAND cells:        2
ABC RESULTS:               NOT cells:        5
ABC RESULTS:                OR cells:        4
ABC RESULTS:             ORNOT cells:        1
ABC RESULTS:              XNOR cells:        2
ABC RESULTS:               XOR cells:        1
ABC RESULTS:        internal signals:       11
ABC RESULTS:           input signals:       22
ABC RESULTS:          output signals:       30
Removing temp directory.

10.22.37.1. Executed ABC.
Extracted 135 gates and 164 wires to a netlist network with 28 inputs and 19 outputs.
Running ABC script: <abc-temp-dir>/abc.script
ABC: ======== ABC command line "source <abc-temp-dir>/abc.script"
ABC: + read_blif <abc-temp-dir>/input.blif
ABC: + read_library <abc-temp-dir>/stdcells.genlib
ABC: + strash
ABC: + &get -n
ABC: + &fraig -x
ABC: + &put
ABC: + scorr
ABC: Warning: The network is combinational (run "fraig" or "fraig_sweep").
ABC: + dc2
ABC: + dretime
ABC: + strash
ABC: + &get -n
ABC: + &dch -f
ABC: + &nf
ABC: + &put
ABC: + write_blif <abc-temp-dir>/output.blif

10.22.37.2. Re-integrating ABC results.
ABC RESULTS:               AND cells:       11
ABC RESULTS:            ANDNOT cells:        6
ABC RESULTS:               MUX cells:        5
ABC RESULTS:              NAND cells:       17
ABC RESULTS:               NOR cells:        3
ABC RESULTS:               NOT cells:        2
ABC RESULTS:                OR cells:       14
ABC RESULTS:             ORNOT cells:        4
ABC RESULTS:        internal signals:      117
ABC RESULTS:           input signals:       28
ABC RESULTS:          output signals:       19
Removing temp directory.

10.22.37.1. Executed ABC.
Extracted 3 gates and 6 wires to a netlist network with 3 inputs and 3 outputs.
Running ABC script: <abc-temp-dir>/abc.script
ABC: ======== ABC command line "source <abc-temp-dir>/abc.script"
ABC: + read_blif <abc-temp-dir>/input.blif
ABC: + read_library <abc-temp-dir>/stdcells.genlib
ABC: + strash
ABC: + &get -n
ABC: + &fraig -x
ABC: + &put
ABC: + scorr
ABC: Warning: The network is combinational (run "fraig" or "fraig_sweep").
ABC: + dc2
ABC: + dretime
ABC: + strash
ABC: + &get -n
ABC: + &dch -f
ABC: + &nf
ABC: + &put
ABC: + write_blif <abc-temp-dir>/output.blif

10.22.37.2. Re-integrating ABC results.
ABC RESULTS:               AND cells:        1
ABC RESULTS:               NOT cells:        1
ABC RESULTS:              XNOR cells:        1
ABC RESULTS:        internal signals:        0
ABC RESULTS:           input signals:        3
ABC RESULTS:          output signals:        3
Removing temp directory.

10.22.37.1. Executed ABC.
Extracted 3 gates and 7 wires to a netlist network with 4 inputs and 3 outputs.
Running ABC script: <abc-temp-dir>/abc.script
ABC: ======== ABC command line "source <abc-temp-dir>/abc.script"
ABC: + read_blif <abc-temp-dir>/input.blif
ABC: + read_library <abc-temp-dir>/stdcells.genlib
ABC: + strash
ABC: + &get -n
ABC: + &fraig -x
ABC: + &put
ABC: + scorr
ABC: Warning: The network is combinational (run "fraig" or "fraig_sweep").
ABC: + dc2
ABC: + dretime
ABC: + strash
ABC: + &get -n
ABC: + &dch -f
ABC: + &nf
ABC: + &put
ABC: + write_blif <abc-temp-dir>/output.blif

10.22.37.2. Re-integrating ABC results.
ABC RESULTS:               AND cells:        1
ABC RESULTS:               NOT cells:        1
ABC RESULTS:                OR cells:        1
ABC RESULTS:        internal signals:        0
ABC RESULTS:           input signals:        4
ABC RESULTS:          output signals:        3
Removing temp directory.

10.22.37.1. Executed ABC.
Extracted 70 gates and 211 wires to a netlist network with 141 inputs and 70 outputs.
Running ABC script: <abc-temp-dir>/abc.script
ABC: ======== ABC command line "source <abc-temp-dir>/abc.script"
ABC: + read_blif <abc-temp-dir>/input.blif
ABC: + read_library <abc-temp-dir>/stdcells.genlib
ABC: + strash
ABC: + &get -n
ABC: + &fraig -x
ABC: + &put
ABC: + scorr
ABC: Warning: The network is combinational (run "fraig" or "fraig_sweep").
ABC: + dc2
ABC: + dretime
ABC: + strash
ABC: + &get -n
ABC: + &dch -f
ABC: + &nf
ABC: + &put
ABC: + write_blif <abc-temp-dir>/output.blif

10.22.37.2. Re-integrating ABC results.
ABC RESULTS:               MUX cells:       70
ABC RESULTS:        internal signals:        0
ABC RESULTS:           input signals:      141
ABC RESULTS:          output signals:       70
Removing temp directory.

10.22.37.1. Executed ABC.
Extracted 2 gates and 6 wires to a netlist network with 3 inputs and 2 outputs.
Running ABC script: <abc-temp-dir>/abc.script
ABC: ======== ABC command line "source <abc-temp-dir>/abc.script"
ABC: + read_blif <abc-temp-dir>/input.blif
ABC: + read_library <abc-temp-dir>/stdcells.genlib
ABC: + strash
ABC: + &get -n
ABC: + &fraig -x
ABC: + &put
ABC: + scorr
ABC: Warning: The network is combinational (run "fraig" or "fraig_sweep").
ABC: + dc2
ABC: + dretime
ABC: + strash
ABC: + &get -n
ABC: + &dch -f
ABC: + &nf
ABC: + &put
ABC: + write_blif <abc-temp-dir>/output.blif

10.22.37.2. Re-integrating ABC results.
ABC RESULTS:               AND cells:        1
ABC RESULTS:            ANDNOT cells:        1
ABC RESULTS:        internal signals:        1
ABC RESULTS:           input signals:        3
ABC RESULTS:          output signals:        2
Removing temp directory.

10.22.37.1. Executed ABC.
Extracted 4 gates and 13 wires to a netlist network with 9 inputs and 4 outputs.
Running ABC script: <abc-temp-dir>/abc.script
ABC: ======== ABC command line "source <abc-temp-dir>/abc.script"
ABC: + read_blif <abc-temp-dir>/input.blif
ABC: + read_library <abc-temp-dir>/stdcells.genlib
ABC: + strash
ABC: + &get -n
ABC: + &fraig -x
ABC: + &put
ABC: + scorr
ABC: Warning: The network is combinational (run "fraig" or "fraig_sweep").
ABC: + dc2
ABC: + dretime
ABC: + strash
ABC: + &get -n
ABC: + &dch -f
ABC: + &nf
ABC: + &put
ABC: + write_blif <abc-temp-dir>/output.blif

10.22.37.2. Re-integrating ABC results.
ABC RESULTS:               AND cells:        1
ABC RESULTS:               MUX cells:        3
ABC RESULTS:        internal signals:        0
ABC RESULTS:           input signals:        9
ABC RESULTS:          output signals:        4
Removing temp directory.

10.22.37.1. Executed ABC.
Extracted 13 gates and 17 wires to a netlist network with 4 inputs and 5 outputs.
Running ABC script: <abc-temp-dir>/abc.script
ABC: ======== ABC command line "source <abc-temp-dir>/abc.script"
ABC: + read_blif <abc-temp-dir>/input.blif
ABC: + read_library <abc-temp-dir>/stdcells.genlib
ABC: + strash
ABC: + &get -n
ABC: + &fraig -x
ABC: + &put
ABC: + scorr
ABC: Warning: The network is combinational (run "fraig" or "fraig_sweep").
ABC: + dc2
ABC: + dretime
ABC: + strash
ABC: + &get -n
ABC: + &dch -f
ABC: + &nf
ABC: + &put
ABC: + write_blif <abc-temp-dir>/output.blif

10.22.37.2. Re-integrating ABC results.
ABC RESULTS:            ANDNOT cells:        1
ABC RESULTS:               NOT cells:        1
ABC RESULTS:                OR cells:        1
ABC RESULTS:             ORNOT cells:        1
ABC RESULTS:              XNOR cells:        2
ABC RESULTS:               XOR cells:        1
ABC RESULTS:        internal signals:        8
ABC RESULTS:           input signals:        4
ABC RESULTS:          output signals:        5
Removing temp directory.

10.22.37.1. Executed ABC.
Extracted 0 gates and 0 wires to a netlist network with 0 inputs and 0 outputs.
Don't call ABC as there is nothing to map.
Removing temp directory.
Removing global temp directory.

10.23. Executing OPT pass (performing simple optimizations).

10.23.1. Executing OPT_EXPR pass (perform const folding).
Optimizing module wire_buffer_gearbox_eth_ipv4_udp_top.
Optimizing module wire_udp_parser.
<suppressed ~4 debug messages>
Optimizing module wire_ipv4_parser.
<suppressed ~5 debug messages>
Optimizing module wire_eth_parser.
Optimizing module wire_gearbox_64to8.
Optimizing module wire_ingress_buffer.

10.23.2. Executing OPT_MERGE pass (detect identical cells).
Finding identical cells in module `\wire_buffer_gearbox_eth_ipv4_udp_top'.
Computing hashes of 5 cells of `\wire_buffer_gearbox_eth_ipv4_udp_top'.
Finding duplicate cells in `\wire_buffer_gearbox_eth_ipv4_udp_top'.
Finding identical cells in module `\wire_udp_parser'.
Computing hashes of 838 cells of `\wire_udp_parser'.
Finding duplicate cells in `\wire_udp_parser'.
Computing hashes of 837 cells of `\wire_udp_parser'.
Finding duplicate cells in `\wire_udp_parser'.
<suppressed ~3 debug messages>
Finding identical cells in module `\wire_ipv4_parser'.
Computing hashes of 2048 cells of `\wire_ipv4_parser'.
Finding duplicate cells in `\wire_ipv4_parser'.
Computing hashes of 2046 cells of `\wire_ipv4_parser'.
Finding duplicate cells in `\wire_ipv4_parser'.
<suppressed ~6 debug messages>
Finding identical cells in module `\wire_eth_parser'.
Computing hashes of 168 cells of `\wire_eth_parser'.
Finding duplicate cells in `\wire_eth_parser'.
Computing hashes of 167 cells of `\wire_eth_parser'.
Finding duplicate cells in `\wire_eth_parser'.
<suppressed ~3 debug messages>
Finding identical cells in module `\wire_gearbox_64to8'.
Computing hashes of 242 cells of `\wire_gearbox_64to8'.
Finding duplicate cells in `\wire_gearbox_64to8'.
Finding identical cells in module `\wire_ingress_buffer'.
Computing hashes of 240 cells of `\wire_ingress_buffer'.
Finding duplicate cells in `\wire_ingress_buffer'.
Removed a total of 4 cells.

10.23.3. Executing OPT_DFF pass (perform DFF optimizations).

10.23.4. Executing OPT_CLEAN pass (remove unused cells and wires).
Finding unused cells or wires in module \wire_buffer_gearbox_eth_ipv4_udp_top..
Finding unused cells or wires in module \wire_udp_parser..
Finding unused cells or wires in module \wire_ipv4_parser..
Finding unused cells or wires in module \wire_eth_parser..
Finding unused cells or wires in module \wire_gearbox_64to8..
Finding unused cells or wires in module \wire_ingress_buffer..
Removed 0 unused cells and 2949 unused wires.
<suppressed ~6 debug messages>

10.23.5. Finished fast OPT passes.

10.24. Executing HIERARCHY pass (managing design hierarchy).
Attribute `top' found on module `wire_buffer_gearbox_eth_ipv4_udp_top'. Setting top module to wire_buffer_gearbox_eth_ipv4_udp_top.

10.24.1. Analyzing design hierarchy..
Top module:  \wire_buffer_gearbox_eth_ipv4_udp_top
Used module:     \wire_udp_parser
Used module:     \wire_ipv4_parser
Used module:     \wire_eth_parser
Used module:     \wire_gearbox_64to8
Used module:     \wire_ingress_buffer

10.24.2. Analyzing design hierarchy..
Top module:  \wire_buffer_gearbox_eth_ipv4_udp_top
Used module:     \wire_udp_parser
Used module:     \wire_ipv4_parser
Used module:     \wire_eth_parser
Used module:     \wire_gearbox_64to8
Used module:     \wire_ingress_buffer
Removed 0 unused modules.

10.25. Printing statistics.

=== wire_buffer_gearbox_eth_ipv4_udp_top ===

        +----------Local Count, excluding submodules.
        |
       42 wires
      262 wire bits
       42 public wires
      262 public wire bits
       25 ports
      154 port bits
        5 submodules
        1   wire_eth_parser
        1   wire_gearbox_64to8
        1   wire_ingress_buffer
        1   wire_ipv4_parser
        1   wire_udp_parser

=== wire_udp_parser ===

        +----------Local Count, excluding submodules.
        |
      711 wires
     1189 wire bits
       36 public wires
      292 public wire bits
       15 ports
       46 port bits
      837 cells
       22   $_ANDNOT_
      209   $_AND_
        4   $_DFF_P_
       26   $_MUX_
      204   $_NAND_
       46   $_NOR_
       42   $_NOT_
       25   $_ORNOT_
       73   $_OR_
      101   $_SDFFE_PP0P_
        3   $_SDFFE_PP1P_
        6   $_SDFF_PP0_
       19   $_XNOR_
       57   $_XOR_

=== wire_ipv4_parser ===

        +----------Local Count, excluding submodules.
        |
     1798 wires
     3169 wire bits
       34 public wires
      819 public wire bits
       15 ports
       63 port bits
     2046 cells
       67   $_ANDNOT_
      332   $_AND_
        5   $_DFF_P_
       29   $_MUX_
      816   $_NAND_
       52   $_NOR_
       45   $_NOT_
       38   $_ORNOT_
      131   $_OR_
      181   $_SDFFE_PP0P_
        8   $_SDFF_PP0_
      105   $_XNOR_
      237   $_XOR_

=== wire_eth_parser ===

        +----------Local Count, excluding submodules.
        |
      156 wires
      201 wire bits
       24 public wires
       60 public wire bits
       14 ports
       29 port bits
      167 cells
       11   $_ANDNOT_
       35   $_AND_
        4   $_DFF_P_
       11   $_MUX_
       26   $_NAND_
       10   $_NOR_
        9   $_NOT_
        9   $_ORNOT_
       24   $_OR_
       19   $_SDFFE_PP0P_
        6   $_SDFF_PP0_
        2   $_XNOR_
        1   $_XOR_

=== wire_gearbox_64to8 ===

        +----------Local Count, excluding submodules.
        |
      164 wires
      329 wire bits
       18 public wires
      168 public wire bits
       11 ports
       88 port bits
      242 cells
        6   $_ANDNOT_
       44   $_AND_
       11   $_DFF_P_
       56   $_MUX_
       21   $_NAND_
        7   $_NOR_
        6   $_NOT_
        8   $_ORNOT_
        7   $_OR_
       69   $_SDFFE_PP0P_
        5   $_XNOR_
        2   $_XOR_

=== wire_ingress_buffer ===

        +----------Local Count, excluding submodules.
        |
       35 wires
      380 wire bits
       23 public wires
      304 public wire bits
       12 ports
      152 port bits
      240 cells
        2   $_ANDNOT_
        4   $_AND_
      146   $_DFFE_PP_
       73   $_MUX_
        3   $_NOT_
        1   $_ORNOT_
        2   $_OR_
        4   $_SDFFE_PP0P_
        1   $_SDFF_PP0_
        3   $_XNOR_
        1   $_XOR_

=== design hierarchy ===

        +----------Count including submodules.
        |
     3532 wire_buffer_gearbox_eth_ipv4_udp_top
      167 wire_eth_parser
      242 wire_gearbox_64to8
      240 wire_ingress_buffer
     2046 wire_ipv4_parser
      837 wire_udp_parser

        +----------Count including submodules.
        |
     2906 wires
     5530 wire bits
      177 public wires
     1905 public wire bits
       92 ports
      532 port bits
        - memories
        - memory bits
        - processes
     3532 cells
      108   $_ANDNOT_
      624   $_AND_
      146   $_DFFE_PP_
       24   $_DFF_P_
      195   $_MUX_
     1067   $_NAND_
      115   $_NOR_
      105   $_NOT_
       81   $_ORNOT_
      237   $_OR_
      374   $_SDFFE_PP0P_
        3   $_SDFFE_PP1P_
       21   $_SDFF_PP0_
      134   $_XNOR_
      298   $_XOR_
        5 submodules
        1   wire_eth_parser
        1   wire_gearbox_64to8
        1   wire_ingress_buffer
        1   wire_ipv4_parser
        1   wire_udp_parser

10.26. Executing CHECK pass (checking for obvious problems).
Checking module wire_buffer_gearbox_eth_ipv4_udp_top...
Checking module wire_udp_parser...
Checking module wire_ipv4_parser...
Checking module wire_eth_parser...
Checking module wire_gearbox_64to8...
Checking module wire_ingress_buffer...
Found and reported 0 problems.

End of script. Logfile hash: ac3b7349cd, time: 0.80s, user: 0.65s, system: 0.07s, MEM: 78.95 MB peak
Yosys 0.69+154 (git sha1 30d62572e-dirty, Release, Clang /usr/local/osxcross/target/bin/aarch64-apple-darwin25.5-clang++ 21.1.8)
Time spent: 70% 1x abc (1 sec), 7% 51x opt_expr (0 sec), ...
