
-- Running command `read_verilog -sv rtl/arch_a/wire_mold_header_seq.sv rtl/arch_a/wire_mold_message_framer.sv rtl/arch_a/wire_itch_decoder.sv rtl/arch_a/wire_mold_itch_top.sv; hierarchy -check -top wire_mold_itch_top; synth -top wire_mold_itch_top; check' --

1. Executing Verilog-2005 frontend: rtl/arch_a/wire_mold_header_seq.sv
Parsing SystemVerilog input from `rtl/arch_a/wire_mold_header_seq.sv' to AST representation.
Generating RTLIL representation for module `\wire_mold_header_seq'.
Successfully finished Verilog frontend.

2. Executing Verilog-2005 frontend: rtl/arch_a/wire_mold_message_framer.sv
Parsing SystemVerilog input from `rtl/arch_a/wire_mold_message_framer.sv' to AST representation.
Generating RTLIL representation for module `\wire_mold_message_framer'.
Successfully finished Verilog frontend.

3. Executing Verilog-2005 frontend: rtl/arch_a/wire_itch_decoder.sv
Parsing SystemVerilog input from `rtl/arch_a/wire_itch_decoder.sv' to AST representation.
Generating RTLIL representation for module `\wire_itch_decoder'.
Successfully finished Verilog frontend.

4. Executing Verilog-2005 frontend: rtl/arch_a/wire_mold_itch_top.sv
Parsing SystemVerilog input from `rtl/arch_a/wire_mold_itch_top.sv' to AST representation.
Generating RTLIL representation for module `\wire_mold_itch_top'.
Successfully finished Verilog frontend.

5. Executing HIERARCHY pass (managing design hierarchy).

5.1. Analyzing design hierarchy..
Top module:  \wire_mold_itch_top
Used module:     \wire_itch_decoder
Used module:     \wire_mold_message_framer
Used module:     \wire_mold_header_seq

5.2. Analyzing design hierarchy..
Top module:  \wire_mold_itch_top
Used module:     \wire_itch_decoder
Used module:     \wire_mold_message_framer
Used module:     \wire_mold_header_seq
Removed 0 unused modules.

6. Executing SYNTH pass.

6.1. Executing HIERARCHY pass (managing design hierarchy).

6.1.1. Analyzing design hierarchy..
Top module:  \wire_mold_itch_top
Used module:     \wire_itch_decoder
Used module:     \wire_mold_message_framer
Used module:     \wire_mold_header_seq

6.1.2. Analyzing design hierarchy..
Top module:  \wire_mold_itch_top
Used module:     \wire_itch_decoder
Used module:     \wire_mold_message_framer
Used module:     \wire_mold_header_seq
Removed 0 unused modules.

6.2. Executing PROC pass (convert processes to netlists).

6.2.1. Executing PROC_CLEAN pass (remove empty switches from decision trees).
Cleaned up 0 empty switches.

6.2.2. Executing PROC_RMDEAD pass (remove dead branches from decision trees).
Marked 1 switch rules as full_case in process $proc$rtl/arch_a/wire_itch_decoder.sv:112$454 in module wire_itch_decoder.
Marked 1 switch rules as full_case in process $proc$rtl/arch_a/wire_itch_decoder.sv:112$449 in module wire_itch_decoder.
Marked 15 switch rules as full_case in process $proc$rtl/arch_a/wire_itch_decoder.sv:137$145 in module wire_itch_decoder.
Marked 13 switch rules as full_case in process $proc$rtl/arch_a/wire_mold_message_framer.sv:112$87 in module wire_mold_message_framer.
Marked 15 switch rules as full_case in process $proc$rtl/arch_a/wire_mold_header_seq.sv:111$26 in module wire_mold_header_seq.
Removed a total of 0 dead cases.

6.2.3. Executing PROC_PRUNE pass (remove redundant assignments in processes).
Removed 0 redundant assignments.
Promoted 29 assignments to connections.

6.2.4. Executing PROC_INIT pass (extract init attributes).

6.2.5. Executing PROC_ARST pass (detect async resets in processes).

6.2.6. Executing PROC_ROM pass (convert switches to ROMs).
Converted 0 switches.
<suppressed ~92 debug messages>

6.2.7. Executing PROC_MUX pass (convert decision trees to multiplexers).
Creating decoders for process `\wire_itch_decoder.$proc$rtl/arch_a/wire_itch_decoder.sv:112$454'.
     1/1: $1\required_length$func$rtl/arch_a/wire_itch_decoder.sv:112$125.$result[15:0]$458
Creating decoders for process `\wire_itch_decoder.$proc$rtl/arch_a/wire_itch_decoder.sv:112$449'.
     1/1: $1\required_length$func$rtl/arch_a/wire_itch_decoder.sv:112$124.$result[15:0]$453
Creating decoders for process `\wire_itch_decoder.$proc$rtl/arch_a/wire_itch_decoder.sv:137$145'.
     1/131: $6\u32$func$rtl/arch_a/wire_itch_decoder.sv:218$114.$result[31:0]$366
     2/131: $6\u64$func$rtl/arch_a/wire_itch_decoder.sv:218$113.$result[63:0]$365
     3/131: $6\u32$func$rtl/arch_a/wire_itch_decoder.sv:222$123.$result[31:0]$375
     4/131: $6\u32$func$rtl/arch_a/wire_itch_decoder.sv:222$122.$result[31:0]$374
     5/131: $6\u64$func$rtl/arch_a/wire_itch_decoder.sv:222$121.$result[63:0]$373
     6/131: $6\u64$func$rtl/arch_a/wire_itch_decoder.sv:222$120.$result[63:0]$372
     7/131: $6\u64$func$rtl/arch_a/wire_itch_decoder.sv:221$119.$result[63:0]$371
     8/131: $6\u32$func$rtl/arch_a/wire_itch_decoder.sv:220$118.$result[31:0]$370
     9/131: $6\u64$func$rtl/arch_a/wire_itch_decoder.sv:220$117.$result[63:0]$369
    10/131: $6\u32$func$rtl/arch_a/wire_itch_decoder.sv:219$116.$result[31:0]$368
    11/131: $6\u64$func$rtl/arch_a/wire_itch_decoder.sv:219$115.$result[63:0]$367
    12/131: $7\u32$func$rtl/arch_a/wire_itch_decoder.sv:212$112.$result[31:0]$344
    13/131: $7\u32$func$rtl/arch_a/wire_itch_decoder.sv:212$111.$result[31:0]$343
    14/131: $7\u64$func$rtl/arch_a/wire_itch_decoder.sv:212$110.$result[63:0]$342
    15/131: $6\u32$func$rtl/arch_a/wire_itch_decoder.sv:212$112.$result[31:0]$335
    16/131: $6\u32$func$rtl/arch_a/wire_itch_decoder.sv:212$111.$result[31:0]$334
    17/131: $6\u64$func$rtl/arch_a/wire_itch_decoder.sv:212$110.$result[63:0]$333
    18/131: $5\u32$func$rtl/arch_a/wire_itch_decoder.sv:212$112.$result[31:0]$311
    19/131: $5\u32$func$rtl/arch_a/wire_itch_decoder.sv:212$111.$result[31:0]$310
    20/131: $5\u64$func$rtl/arch_a/wire_itch_decoder.sv:212$110.$result[63:0]$309
    21/131: $5\u32$func$rtl/arch_a/wire_itch_decoder.sv:222$123.$result[31:0]$322
    22/131: $5\u32$func$rtl/arch_a/wire_itch_decoder.sv:222$122.$result[31:0]$321
    23/131: $5\u64$func$rtl/arch_a/wire_itch_decoder.sv:222$121.$result[63:0]$320
    24/131: $5\u64$func$rtl/arch_a/wire_itch_decoder.sv:222$120.$result[63:0]$319
    25/131: $5\u64$func$rtl/arch_a/wire_itch_decoder.sv:221$119.$result[63:0]$318
    26/131: $5\u32$func$rtl/arch_a/wire_itch_decoder.sv:220$118.$result[31:0]$317
    27/131: $5\u64$func$rtl/arch_a/wire_itch_decoder.sv:220$117.$result[63:0]$316
    28/131: $5\u32$func$rtl/arch_a/wire_itch_decoder.sv:219$116.$result[31:0]$315
    29/131: $5\u64$func$rtl/arch_a/wire_itch_decoder.sv:219$115.$result[63:0]$314
    30/131: $5\u32$func$rtl/arch_a/wire_itch_decoder.sv:218$114.$result[31:0]$313
    31/131: $5\u64$func$rtl/arch_a/wire_itch_decoder.sv:218$113.$result[63:0]$312
    32/131: $4\u32$func$rtl/arch_a/wire_itch_decoder.sv:222$123.$result[31:0]$303
    33/131: $4\u32$func$rtl/arch_a/wire_itch_decoder.sv:222$122.$result[31:0]$302
    34/131: $4\u64$func$rtl/arch_a/wire_itch_decoder.sv:222$121.$result[63:0]$301
    35/131: $4\u64$func$rtl/arch_a/wire_itch_decoder.sv:222$120.$result[63:0]$300
    36/131: $4\u64$func$rtl/arch_a/wire_itch_decoder.sv:221$119.$result[63:0]$299
    37/131: $4\u32$func$rtl/arch_a/wire_itch_decoder.sv:220$118.$result[31:0]$298
    38/131: $4\u64$func$rtl/arch_a/wire_itch_decoder.sv:220$117.$result[63:0]$297
    39/131: $4\u32$func$rtl/arch_a/wire_itch_decoder.sv:219$116.$result[31:0]$296
    40/131: $4\u64$func$rtl/arch_a/wire_itch_decoder.sv:219$115.$result[63:0]$295
    41/131: $4\u32$func$rtl/arch_a/wire_itch_decoder.sv:218$114.$result[31:0]$294
    42/131: $4\u64$func$rtl/arch_a/wire_itch_decoder.sv:218$113.$result[63:0]$293
    43/131: $4\u32$func$rtl/arch_a/wire_itch_decoder.sv:212$112.$result[31:0]$292
    44/131: $4\u32$func$rtl/arch_a/wire_itch_decoder.sv:212$111.$result[31:0]$291
    45/131: $4\u64$func$rtl/arch_a/wire_itch_decoder.sv:212$110.$result[63:0]$290
    46/131: $3\u32$func$rtl/arch_a/wire_itch_decoder.sv:222$123.$result[31:0]$286
    47/131: $3\u32$func$rtl/arch_a/wire_itch_decoder.sv:222$122.$result[31:0]$285
    48/131: $3\u64$func$rtl/arch_a/wire_itch_decoder.sv:222$121.$result[63:0]$284
    49/131: $3\u64$func$rtl/arch_a/wire_itch_decoder.sv:222$120.$result[63:0]$283
    50/131: $3\u64$func$rtl/arch_a/wire_itch_decoder.sv:221$119.$result[63:0]$282
    51/131: $3\u32$func$rtl/arch_a/wire_itch_decoder.sv:220$118.$result[31:0]$281
    52/131: $3\u64$func$rtl/arch_a/wire_itch_decoder.sv:220$117.$result[63:0]$280
    53/131: $3\u32$func$rtl/arch_a/wire_itch_decoder.sv:219$116.$result[31:0]$279
    54/131: $3\u64$func$rtl/arch_a/wire_itch_decoder.sv:219$115.$result[63:0]$278
    55/131: $3\u32$func$rtl/arch_a/wire_itch_decoder.sv:218$114.$result[31:0]$277
    56/131: $3\u64$func$rtl/arch_a/wire_itch_decoder.sv:218$113.$result[63:0]$276
    57/131: $3\u32$func$rtl/arch_a/wire_itch_decoder.sv:212$112.$result[31:0]$275
    58/131: $3\u32$func$rtl/arch_a/wire_itch_decoder.sv:212$111.$result[31:0]$274
    59/131: $3\u64$func$rtl/arch_a/wire_itch_decoder.sv:212$110.$result[63:0]$273
    60/131: $3\u16$func$rtl/arch_a/wire_itch_decoder.sv:205$109.$result[15:0]$272
    61/131: $4$memwr$\bytes_q$rtl/arch_a/wire_itch_decoder.sv:167$126_EN[7:0]$217
    62/131: $4$memwr$\bytes_q$rtl/arch_a/wire_itch_decoder.sv:167$126_DATA[7:0]$216
    63/131: $4$memwr$\bytes_q$rtl/arch_a/wire_itch_decoder.sv:167$126_ADDR[5:0]$215
    64/131: $3$memwr$\bytes_q$rtl/arch_a/wire_itch_decoder.sv:167$126_EN[7:0]$213
    65/131: $3$memwr$\bytes_q$rtl/arch_a/wire_itch_decoder.sv:167$126_DATA[7:0]$212
    66/131: $3$memwr$\bytes_q$rtl/arch_a/wire_itch_decoder.sv:167$126_ADDR[5:0]$211
    67/131: $2$memwr$\bytes_q$rtl/arch_a/wire_itch_decoder.sv:167$126_EN[7:0]$207
    68/131: $2$memwr$\bytes_q$rtl/arch_a/wire_itch_decoder.sv:167$126_DATA[7:0]$206
    69/131: $2$memwr$\bytes_q$rtl/arch_a/wire_itch_decoder.sv:167$126_ADDR[5:0]$205
    70/131: $2\u32$func$rtl/arch_a/wire_itch_decoder.sv:222$123.$result[31:0]$204
    71/131: $2\u32$func$rtl/arch_a/wire_itch_decoder.sv:222$122.$result[31:0]$203
    72/131: $2\u64$func$rtl/arch_a/wire_itch_decoder.sv:222$121.$result[63:0]$202
    73/131: $2\u64$func$rtl/arch_a/wire_itch_decoder.sv:222$120.$result[63:0]$201
    74/131: $2\u64$func$rtl/arch_a/wire_itch_decoder.sv:221$119.$result[63:0]$200
    75/131: $2\u32$func$rtl/arch_a/wire_itch_decoder.sv:220$118.$result[31:0]$199
    76/131: $2\u64$func$rtl/arch_a/wire_itch_decoder.sv:220$117.$result[63:0]$198
    77/131: $2\u32$func$rtl/arch_a/wire_itch_decoder.sv:219$116.$result[31:0]$197
    78/131: $2\u64$func$rtl/arch_a/wire_itch_decoder.sv:219$115.$result[63:0]$196
    79/131: $2\u32$func$rtl/arch_a/wire_itch_decoder.sv:218$114.$result[31:0]$195
    80/131: $2\u64$func$rtl/arch_a/wire_itch_decoder.sv:218$113.$result[63:0]$194
    81/131: $2\u32$func$rtl/arch_a/wire_itch_decoder.sv:212$112.$result[31:0]$193
    82/131: $2\u32$func$rtl/arch_a/wire_itch_decoder.sv:212$111.$result[31:0]$192
    83/131: $2\u64$func$rtl/arch_a/wire_itch_decoder.sv:212$110.$result[63:0]$191
    84/131: $2\u16$func$rtl/arch_a/wire_itch_decoder.sv:205$109.$result[15:0]$190
    85/131: $2\u16$func$rtl/arch_a/wire_itch_decoder.sv:200$108.$result[15:0]$189
    86/131: $2\u48$func$rtl/arch_a/wire_itch_decoder.sv:199$107.$result[47:0]$188
    87/131: $1$memwr$\bytes_q$rtl/arch_a/wire_itch_decoder.sv:167$126_EN[7:0]$186
    88/131: $1$memwr$\bytes_q$rtl/arch_a/wire_itch_decoder.sv:167$126_DATA[7:0]$185
    89/131: $1$memwr$\bytes_q$rtl/arch_a/wire_itch_decoder.sv:167$126_ADDR[5:0]$184
    90/131: $1\u32$func$rtl/arch_a/wire_itch_decoder.sv:222$123.$result[31:0]$183
    91/131: $1\u32$func$rtl/arch_a/wire_itch_decoder.sv:222$122.$result[31:0]$182
    92/131: $1\u64$func$rtl/arch_a/wire_itch_decoder.sv:222$121.$result[63:0]$181
    93/131: $1\u64$func$rtl/arch_a/wire_itch_decoder.sv:222$120.$result[63:0]$180
    94/131: $1\u64$func$rtl/arch_a/wire_itch_decoder.sv:221$119.$result[63:0]$179
    95/131: $1\u32$func$rtl/arch_a/wire_itch_decoder.sv:220$118.$result[31:0]$178
    96/131: $1\u64$func$rtl/arch_a/wire_itch_decoder.sv:220$117.$result[63:0]$177
    97/131: $1\u32$func$rtl/arch_a/wire_itch_decoder.sv:219$116.$result[31:0]$176
    98/131: $1\u64$func$rtl/arch_a/wire_itch_decoder.sv:219$115.$result[63:0]$175
    99/131: $1\u32$func$rtl/arch_a/wire_itch_decoder.sv:218$114.$result[31:0]$174
   100/131: $1\u64$func$rtl/arch_a/wire_itch_decoder.sv:218$113.$result[63:0]$173
   101/131: $1\u32$func$rtl/arch_a/wire_itch_decoder.sv:212$112.$result[31:0]$172
   102/131: $1\u32$func$rtl/arch_a/wire_itch_decoder.sv:212$111.$result[31:0]$171
   103/131: $1\u64$func$rtl/arch_a/wire_itch_decoder.sv:212$110.$result[63:0]$170
   104/131: $1\u16$func$rtl/arch_a/wire_itch_decoder.sv:205$109.$result[15:0]$169
   105/131: $1\u16$func$rtl/arch_a/wire_itch_decoder.sv:200$108.$result[15:0]$168
   106/131: $1\u48$func$rtl/arch_a/wire_itch_decoder.sv:199$107.$result[47:0]$167
   107/131: $0\side_valid_q[0:0]
   108/131: $0\price_valid_q[0:0]
   109/131: $0\quantity_valid_q[0:0]
   110/131: $0\new_valid_q[0:0]
   111/131: $0\old_valid_q[0:0]
   112/131: $0\side_q[0:0]
   113/131: $0\price_q[31:0]
   114/131: $0\quantity_q[31:0]
   115/131: $0\new_ref_q[63:0]
   116/131: $0\old_ref_q[63:0]
   117/131: $0\stock_locate_q[15:0]
   118/131: $0\timestamp_q[47:0]
   119/131: $0\mold_sequence_q[63:0]
   120/131: $0\source_type_q[7:0]
   121/131: $0\event_kind_q[2:0]
   122/131: $0\expected_symbol_q[63:0]
   123/131: $0\symbol_enable_q[0:0]
   124/131: $0\tracked_locate_q[15:0]
   125/131: $0\message_sequence_q[63:0]
   126/131: $0\declared_length_q[15:0]
   127/131: $0\byte_index_q[5:0]
   128/131: $0\reject_pending_q[0:0]
   129/131: $0\reject_code_q[2:0]
   130/131: $0\state_q[2:0]
   131/131: $0\recovery_required[0:0]
Creating decoders for process `\wire_mold_message_framer.$proc$rtl/arch_a/wire_mold_message_framer.sv:112$87'.
     1/16: $0\result_pending_q[0:0]
     2/16: $0\reject_pending_q[0:0]
     3/16: $0\payload_last_q[0:0]
     4/16: $0\payload_valid_q[0:0]
     5/16: $0\payload_data_q[7:0]
     6/16: $0\header_ended_q[0:0]
     7/16: $0\message_empty_q[0:0]
     8/16: $0\payload_remaining_q[15:0]
     9/16: $0\message_length_q[15:0]
    10/16: $0\length_hi_q[7:0]
    11/16: $0\messages_done_q[15:0]
    12/16: $0\payload_action_q[2:0]
    13/16: $0\reject_code_q[1:0]
    14/16: $0\packet_count_q[15:0]
    15/16: $0\packet_sequence_q[63:0]
    16/16: $0\state_q[3:0]
Creating decoders for process `\wire_mold_header_seq.$proc$rtl/arch_a/wire_mold_header_seq.sv:111$26'.
     1/27: $5$lookahead\header_q$25[151:0]$41
     2/27: $5$bitselwrite$pos$rtl/arch_a/wire_mold_header_seq.sv:180$1[31:0]$40
     3/27: $4$lookahead\header_q$25[151:0]$39
     4/27: $4$bitselwrite$pos$rtl/arch_a/wire_mold_header_seq.sv:180$1[31:0]$38
     5/27: $3$lookahead\header_q$25[151:0]$36
     6/27: $3$bitselwrite$pos$rtl/arch_a/wire_mold_header_seq.sv:180$1[31:0]$35
     7/27: $2$lookahead\header_q$25[151:0]$34
     8/27: $2$bitselwrite$pos$rtl/arch_a/wire_mold_header_seq.sv:180$1[31:0]$33
     9/27: $1$lookahead\header_q$25[151:0]$31
    10/27: $1$bitselwrite$pos$rtl/arch_a/wire_mold_header_seq.sv:180$1[31:0]$30
    11/27: $0\recovery_required_q[0:0]
    12/27: $0\controller_valid_q[0:0]
    13/27: $0\pending_fatal_q[0:0]
    14/27: $0\pending_code_q[2:0]
    15/27: $0\reject_fatal_q[0:0]
    16/27: $0\reject_code_q[2:0]
    17/27: $0\body_last_q[0:0]
    18/27: $0\body_valid_q[0:0]
    19/27: $0\body_data_q[7:0]
    20/27: $0\packet_valid_q[0:0]
    21/27: $0\packet_empty_q[0:0]
    22/27: $0\packet_count_q[15:0]
    23/27: $0\packet_sequence_q[63:0]
    24/27: $0\expected_sequence_q[63:0]
    25/27: $0\active_session_q[79:0]
    26/27: $0\header_index_q[4:0]
    27/27: $0\state_q[2:0]

6.2.8. Executing PROC_DLATCH pass (convert process syncs to latches).
No latch inferred for signal `\wire_itch_decoder.\required_length$func$rtl/arch_a/wire_itch_decoder.sv:112$106.$result' from process `\wire_itch_decoder.$proc$rtl/arch_a/wire_itch_decoder.sv:112$454'.
No latch inferred for signal `\wire_itch_decoder.\required_length$func$rtl/arch_a/wire_itch_decoder.sv:112$105.$result' from process `\wire_itch_decoder.$proc$rtl/arch_a/wire_itch_decoder.sv:112$449'.

6.2.9. Executing PROC_DFF pass (convert process syncs to FFs).
Creating register for signal `\wire_itch_decoder.\recovery_required' using process `\wire_itch_decoder.$proc$rtl/arch_a/wire_itch_decoder.sv:137$145'.
  created $dff cell `$procdff$3487' with positive edge clock.
Creating register for signal `\wire_itch_decoder.\state_q' using process `\wire_itch_decoder.$proc$rtl/arch_a/wire_itch_decoder.sv:137$145'.
  created $dff cell `$procdff$3488' with positive edge clock.
Creating register for signal `\wire_itch_decoder.\reject_code_q' using process `\wire_itch_decoder.$proc$rtl/arch_a/wire_itch_decoder.sv:137$145'.
  created $dff cell `$procdff$3489' with positive edge clock.
Creating register for signal `\wire_itch_decoder.\reject_pending_q' using process `\wire_itch_decoder.$proc$rtl/arch_a/wire_itch_decoder.sv:137$145'.
  created $dff cell `$procdff$3490' with positive edge clock.
Creating register for signal `\wire_itch_decoder.\byte_index_q' using process `\wire_itch_decoder.$proc$rtl/arch_a/wire_itch_decoder.sv:137$145'.
  created $dff cell `$procdff$3491' with positive edge clock.
Creating register for signal `\wire_itch_decoder.\declared_length_q' using process `\wire_itch_decoder.$proc$rtl/arch_a/wire_itch_decoder.sv:137$145'.
  created $dff cell `$procdff$3492' with positive edge clock.
Creating register for signal `\wire_itch_decoder.\message_sequence_q' using process `\wire_itch_decoder.$proc$rtl/arch_a/wire_itch_decoder.sv:137$145'.
  created $dff cell `$procdff$3493' with positive edge clock.
Creating register for signal `\wire_itch_decoder.\tracked_locate_q' using process `\wire_itch_decoder.$proc$rtl/arch_a/wire_itch_decoder.sv:137$145'.
  created $dff cell `$procdff$3494' with positive edge clock.
Creating register for signal `\wire_itch_decoder.\symbol_enable_q' using process `\wire_itch_decoder.$proc$rtl/arch_a/wire_itch_decoder.sv:137$145'.
  created $dff cell `$procdff$3495' with positive edge clock.
Creating register for signal `\wire_itch_decoder.\expected_symbol_q' using process `\wire_itch_decoder.$proc$rtl/arch_a/wire_itch_decoder.sv:137$145'.
  created $dff cell `$procdff$3496' with positive edge clock.
Creating register for signal `\wire_itch_decoder.\event_kind_q' using process `\wire_itch_decoder.$proc$rtl/arch_a/wire_itch_decoder.sv:137$145'.
  created $dff cell `$procdff$3497' with positive edge clock.
Creating register for signal `\wire_itch_decoder.\source_type_q' using process `\wire_itch_decoder.$proc$rtl/arch_a/wire_itch_decoder.sv:137$145'.
  created $dff cell `$procdff$3498' with positive edge clock.
Creating register for signal `\wire_itch_decoder.\mold_sequence_q' using process `\wire_itch_decoder.$proc$rtl/arch_a/wire_itch_decoder.sv:137$145'.
  created $dff cell `$procdff$3499' with positive edge clock.
Creating register for signal `\wire_itch_decoder.\timestamp_q' using process `\wire_itch_decoder.$proc$rtl/arch_a/wire_itch_decoder.sv:137$145'.
  created $dff cell `$procdff$3500' with positive edge clock.
Creating register for signal `\wire_itch_decoder.\stock_locate_q' using process `\wire_itch_decoder.$proc$rtl/arch_a/wire_itch_decoder.sv:137$145'.
  created $dff cell `$procdff$3501' with positive edge clock.
Creating register for signal `\wire_itch_decoder.\old_ref_q' using process `\wire_itch_decoder.$proc$rtl/arch_a/wire_itch_decoder.sv:137$145'.
  created $dff cell `$procdff$3502' with positive edge clock.
Creating register for signal `\wire_itch_decoder.\new_ref_q' using process `\wire_itch_decoder.$proc$rtl/arch_a/wire_itch_decoder.sv:137$145'.
  created $dff cell `$procdff$3503' with positive edge clock.
Creating register for signal `\wire_itch_decoder.\quantity_q' using process `\wire_itch_decoder.$proc$rtl/arch_a/wire_itch_decoder.sv:137$145'.
  created $dff cell `$procdff$3504' with positive edge clock.
Creating register for signal `\wire_itch_decoder.\price_q' using process `\wire_itch_decoder.$proc$rtl/arch_a/wire_itch_decoder.sv:137$145'.
  created $dff cell `$procdff$3505' with positive edge clock.
Creating register for signal `\wire_itch_decoder.\side_q' using process `\wire_itch_decoder.$proc$rtl/arch_a/wire_itch_decoder.sv:137$145'.
  created $dff cell `$procdff$3506' with positive edge clock.
Creating register for signal `\wire_itch_decoder.\old_valid_q' using process `\wire_itch_decoder.$proc$rtl/arch_a/wire_itch_decoder.sv:137$145'.
  created $dff cell `$procdff$3507' with positive edge clock.
Creating register for signal `\wire_itch_decoder.\new_valid_q' using process `\wire_itch_decoder.$proc$rtl/arch_a/wire_itch_decoder.sv:137$145'.
  created $dff cell `$procdff$3508' with positive edge clock.
Creating register for signal `\wire_itch_decoder.\quantity_valid_q' using process `\wire_itch_decoder.$proc$rtl/arch_a/wire_itch_decoder.sv:137$145'.
  created $dff cell `$procdff$3509' with positive edge clock.
Creating register for signal `\wire_itch_decoder.\price_valid_q' using process `\wire_itch_decoder.$proc$rtl/arch_a/wire_itch_decoder.sv:137$145'.
  created $dff cell `$procdff$3510' with positive edge clock.
Creating register for signal `\wire_itch_decoder.\side_valid_q' using process `\wire_itch_decoder.$proc$rtl/arch_a/wire_itch_decoder.sv:137$145'.
  created $dff cell `$procdff$3511' with positive edge clock.
Creating register for signal `\wire_itch_decoder.\u48$func$rtl/arch_a/wire_itch_decoder.sv:199$107.$result' using process `\wire_itch_decoder.$proc$rtl/arch_a/wire_itch_decoder.sv:137$145'.
  created $dff cell `$procdff$3512' with positive edge clock.
Creating register for signal `\wire_itch_decoder.\u16$func$rtl/arch_a/wire_itch_decoder.sv:200$108.$result' using process `\wire_itch_decoder.$proc$rtl/arch_a/wire_itch_decoder.sv:137$145'.
  created $dff cell `$procdff$3513' with positive edge clock.
Creating register for signal `\wire_itch_decoder.\u16$func$rtl/arch_a/wire_itch_decoder.sv:205$109.$result' using process `\wire_itch_decoder.$proc$rtl/arch_a/wire_itch_decoder.sv:137$145'.
  created $dff cell `$procdff$3514' with positive edge clock.
Creating register for signal `\wire_itch_decoder.\u64$func$rtl/arch_a/wire_itch_decoder.sv:212$110.$result' using process `\wire_itch_decoder.$proc$rtl/arch_a/wire_itch_decoder.sv:137$145'.
  created $dff cell `$procdff$3515' with positive edge clock.
Creating register for signal `\wire_itch_decoder.\u32$func$rtl/arch_a/wire_itch_decoder.sv:212$111.$result' using process `\wire_itch_decoder.$proc$rtl/arch_a/wire_itch_decoder.sv:137$145'.
  created $dff cell `$procdff$3516' with positive edge clock.
Creating register for signal `\wire_itch_decoder.\u32$func$rtl/arch_a/wire_itch_decoder.sv:212$112.$result' using process `\wire_itch_decoder.$proc$rtl/arch_a/wire_itch_decoder.sv:137$145'.
  created $dff cell `$procdff$3517' with positive edge clock.
Creating register for signal `\wire_itch_decoder.\u64$func$rtl/arch_a/wire_itch_decoder.sv:218$113.$result' using process `\wire_itch_decoder.$proc$rtl/arch_a/wire_itch_decoder.sv:137$145'.
  created $dff cell `$procdff$3518' with positive edge clock.
Creating register for signal `\wire_itch_decoder.\u32$func$rtl/arch_a/wire_itch_decoder.sv:218$114.$result' using process `\wire_itch_decoder.$proc$rtl/arch_a/wire_itch_decoder.sv:137$145'.
  created $dff cell `$procdff$3519' with positive edge clock.
Creating register for signal `\wire_itch_decoder.\u64$func$rtl/arch_a/wire_itch_decoder.sv:219$115.$result' using process `\wire_itch_decoder.$proc$rtl/arch_a/wire_itch_decoder.sv:137$145'.
  created $dff cell `$procdff$3520' with positive edge clock.
Creating register for signal `\wire_itch_decoder.\u32$func$rtl/arch_a/wire_itch_decoder.sv:219$116.$result' using process `\wire_itch_decoder.$proc$rtl/arch_a/wire_itch_decoder.sv:137$145'.
  created $dff cell `$procdff$3521' with positive edge clock.
Creating register for signal `\wire_itch_decoder.\u64$func$rtl/arch_a/wire_itch_decoder.sv:220$117.$result' using process `\wire_itch_decoder.$proc$rtl/arch_a/wire_itch_decoder.sv:137$145'.
  created $dff cell `$procdff$3522' with positive edge clock.
Creating register for signal `\wire_itch_decoder.\u32$func$rtl/arch_a/wire_itch_decoder.sv:220$118.$result' using process `\wire_itch_decoder.$proc$rtl/arch_a/wire_itch_decoder.sv:137$145'.
  created $dff cell `$procdff$3523' with positive edge clock.
Creating register for signal `\wire_itch_decoder.\u64$func$rtl/arch_a/wire_itch_decoder.sv:221$119.$result' using process `\wire_itch_decoder.$proc$rtl/arch_a/wire_itch_decoder.sv:137$145'.
  created $dff cell `$procdff$3524' with positive edge clock.
Creating register for signal `\wire_itch_decoder.\u64$func$rtl/arch_a/wire_itch_decoder.sv:222$120.$result' using process `\wire_itch_decoder.$proc$rtl/arch_a/wire_itch_decoder.sv:137$145'.
  created $dff cell `$procdff$3525' with positive edge clock.
Creating register for signal `\wire_itch_decoder.\u64$func$rtl/arch_a/wire_itch_decoder.sv:222$121.$result' using process `\wire_itch_decoder.$proc$rtl/arch_a/wire_itch_decoder.sv:137$145'.
  created $dff cell `$procdff$3526' with positive edge clock.
Creating register for signal `\wire_itch_decoder.\u32$func$rtl/arch_a/wire_itch_decoder.sv:222$122.$result' using process `\wire_itch_decoder.$proc$rtl/arch_a/wire_itch_decoder.sv:137$145'.
  created $dff cell `$procdff$3527' with positive edge clock.
Creating register for signal `\wire_itch_decoder.\u32$func$rtl/arch_a/wire_itch_decoder.sv:222$123.$result' using process `\wire_itch_decoder.$proc$rtl/arch_a/wire_itch_decoder.sv:137$145'.
  created $dff cell `$procdff$3528' with positive edge clock.
Creating register for signal `\wire_itch_decoder.$memwr$\bytes_q$rtl/arch_a/wire_itch_decoder.sv:167$126_ADDR' using process `\wire_itch_decoder.$proc$rtl/arch_a/wire_itch_decoder.sv:137$145'.
  created $dff cell `$procdff$3529' with positive edge clock.
Creating register for signal `\wire_itch_decoder.$memwr$\bytes_q$rtl/arch_a/wire_itch_decoder.sv:167$126_DATA' using process `\wire_itch_decoder.$proc$rtl/arch_a/wire_itch_decoder.sv:137$145'.
  created $dff cell `$procdff$3530' with positive edge clock.
Creating register for signal `\wire_itch_decoder.$memwr$\bytes_q$rtl/arch_a/wire_itch_decoder.sv:167$126_EN' using process `\wire_itch_decoder.$proc$rtl/arch_a/wire_itch_decoder.sv:137$145'.
  created $dff cell `$procdff$3531' with positive edge clock.
Creating register for signal `\wire_mold_message_framer.\state_q' using process `\wire_mold_message_framer.$proc$rtl/arch_a/wire_mold_message_framer.sv:112$87'.
  created $dff cell `$procdff$3532' with positive edge clock.
Creating register for signal `\wire_mold_message_framer.\packet_sequence_q' using process `\wire_mold_message_framer.$proc$rtl/arch_a/wire_mold_message_framer.sv:112$87'.
  created $dff cell `$procdff$3533' with positive edge clock.
Creating register for signal `\wire_mold_message_framer.\packet_count_q' using process `\wire_mold_message_framer.$proc$rtl/arch_a/wire_mold_message_framer.sv:112$87'.
  created $dff cell `$procdff$3534' with positive edge clock.
Creating register for signal `\wire_mold_message_framer.\reject_code_q' using process `\wire_mold_message_framer.$proc$rtl/arch_a/wire_mold_message_framer.sv:112$87'.
  created $dff cell `$procdff$3535' with positive edge clock.
Creating register for signal `\wire_mold_message_framer.\payload_action_q' using process `\wire_mold_message_framer.$proc$rtl/arch_a/wire_mold_message_framer.sv:112$87'.
  created $dff cell `$procdff$3536' with positive edge clock.
Creating register for signal `\wire_mold_message_framer.\messages_done_q' using process `\wire_mold_message_framer.$proc$rtl/arch_a/wire_mold_message_framer.sv:112$87'.
  created $dff cell `$procdff$3537' with positive edge clock.
Creating register for signal `\wire_mold_message_framer.\length_hi_q' using process `\wire_mold_message_framer.$proc$rtl/arch_a/wire_mold_message_framer.sv:112$87'.
  created $dff cell `$procdff$3538' with positive edge clock.
Creating register for signal `\wire_mold_message_framer.\message_length_q' using process `\wire_mold_message_framer.$proc$rtl/arch_a/wire_mold_message_framer.sv:112$87'.
  created $dff cell `$procdff$3539' with positive edge clock.
Creating register for signal `\wire_mold_message_framer.\payload_remaining_q' using process `\wire_mold_message_framer.$proc$rtl/arch_a/wire_mold_message_framer.sv:112$87'.
  created $dff cell `$procdff$3540' with positive edge clock.
Creating register for signal `\wire_mold_message_framer.\message_empty_q' using process `\wire_mold_message_framer.$proc$rtl/arch_a/wire_mold_message_framer.sv:112$87'.
  created $dff cell `$procdff$3541' with positive edge clock.
Creating register for signal `\wire_mold_message_framer.\header_ended_q' using process `\wire_mold_message_framer.$proc$rtl/arch_a/wire_mold_message_framer.sv:112$87'.
  created $dff cell `$procdff$3542' with positive edge clock.
Creating register for signal `\wire_mold_message_framer.\payload_data_q' using process `\wire_mold_message_framer.$proc$rtl/arch_a/wire_mold_message_framer.sv:112$87'.
  created $dff cell `$procdff$3543' with positive edge clock.
Creating register for signal `\wire_mold_message_framer.\payload_valid_q' using process `\wire_mold_message_framer.$proc$rtl/arch_a/wire_mold_message_framer.sv:112$87'.
  created $dff cell `$procdff$3544' with positive edge clock.
Creating register for signal `\wire_mold_message_framer.\payload_last_q' using process `\wire_mold_message_framer.$proc$rtl/arch_a/wire_mold_message_framer.sv:112$87'.
  created $dff cell `$procdff$3545' with positive edge clock.
Creating register for signal `\wire_mold_message_framer.\reject_pending_q' using process `\wire_mold_message_framer.$proc$rtl/arch_a/wire_mold_message_framer.sv:112$87'.
  created $dff cell `$procdff$3546' with positive edge clock.
Creating register for signal `\wire_mold_message_framer.\result_pending_q' using process `\wire_mold_message_framer.$proc$rtl/arch_a/wire_mold_message_framer.sv:112$87'.
  created $dff cell `$procdff$3547' with positive edge clock.
Creating register for signal `\wire_mold_header_seq.\state_q' using process `\wire_mold_header_seq.$proc$rtl/arch_a/wire_mold_header_seq.sv:111$26'.
  created $dff cell `$procdff$3548' with positive edge clock.
Creating register for signal `\wire_mold_header_seq.\header_index_q' using process `\wire_mold_header_seq.$proc$rtl/arch_a/wire_mold_header_seq.sv:111$26'.
  created $dff cell `$procdff$3549' with positive edge clock.
Creating register for signal `\wire_mold_header_seq.\header_q' using process `\wire_mold_header_seq.$proc$rtl/arch_a/wire_mold_header_seq.sv:111$26'.
  created $dff cell `$procdff$3550' with positive edge clock.
Creating register for signal `\wire_mold_header_seq.\active_session_q' using process `\wire_mold_header_seq.$proc$rtl/arch_a/wire_mold_header_seq.sv:111$26'.
  created $dff cell `$procdff$3551' with positive edge clock.
Creating register for signal `\wire_mold_header_seq.\expected_sequence_q' using process `\wire_mold_header_seq.$proc$rtl/arch_a/wire_mold_header_seq.sv:111$26'.
  created $dff cell `$procdff$3552' with positive edge clock.
Creating register for signal `\wire_mold_header_seq.\packet_sequence_q' using process `\wire_mold_header_seq.$proc$rtl/arch_a/wire_mold_header_seq.sv:111$26'.
  created $dff cell `$procdff$3553' with positive edge clock.
Creating register for signal `\wire_mold_header_seq.\packet_count_q' using process `\wire_mold_header_seq.$proc$rtl/arch_a/wire_mold_header_seq.sv:111$26'.
  created $dff cell `$procdff$3554' with positive edge clock.
Creating register for signal `\wire_mold_header_seq.\packet_empty_q' using process `\wire_mold_header_seq.$proc$rtl/arch_a/wire_mold_header_seq.sv:111$26'.
  created $dff cell `$procdff$3555' with positive edge clock.
Creating register for signal `\wire_mold_header_seq.\packet_valid_q' using process `\wire_mold_header_seq.$proc$rtl/arch_a/wire_mold_header_seq.sv:111$26'.
  created $dff cell `$procdff$3556' with positive edge clock.
Creating register for signal `\wire_mold_header_seq.\body_data_q' using process `\wire_mold_header_seq.$proc$rtl/arch_a/wire_mold_header_seq.sv:111$26'.
  created $dff cell `$procdff$3557' with positive edge clock.
Creating register for signal `\wire_mold_header_seq.\body_valid_q' using process `\wire_mold_header_seq.$proc$rtl/arch_a/wire_mold_header_seq.sv:111$26'.
  created $dff cell `$procdff$3558' with positive edge clock.
Creating register for signal `\wire_mold_header_seq.\body_last_q' using process `\wire_mold_header_seq.$proc$rtl/arch_a/wire_mold_header_seq.sv:111$26'.
  created $dff cell `$procdff$3559' with positive edge clock.
Creating register for signal `\wire_mold_header_seq.\reject_code_q' using process `\wire_mold_header_seq.$proc$rtl/arch_a/wire_mold_header_seq.sv:111$26'.
  created $dff cell `$procdff$3560' with positive edge clock.
Creating register for signal `\wire_mold_header_seq.\reject_fatal_q' using process `\wire_mold_header_seq.$proc$rtl/arch_a/wire_mold_header_seq.sv:111$26'.
  created $dff cell `$procdff$3561' with positive edge clock.
Creating register for signal `\wire_mold_header_seq.\pending_code_q' using process `\wire_mold_header_seq.$proc$rtl/arch_a/wire_mold_header_seq.sv:111$26'.
  created $dff cell `$procdff$3562' with positive edge clock.
Creating register for signal `\wire_mold_header_seq.\pending_fatal_q' using process `\wire_mold_header_seq.$proc$rtl/arch_a/wire_mold_header_seq.sv:111$26'.
  created $dff cell `$procdff$3563' with positive edge clock.
Creating register for signal `\wire_mold_header_seq.\controller_valid_q' using process `\wire_mold_header_seq.$proc$rtl/arch_a/wire_mold_header_seq.sv:111$26'.
  created $dff cell `$procdff$3564' with positive edge clock.
Creating register for signal `\wire_mold_header_seq.\recovery_required_q' using process `\wire_mold_header_seq.$proc$rtl/arch_a/wire_mold_header_seq.sv:111$26'.
  created $dff cell `$procdff$3565' with positive edge clock.
Creating register for signal `\wire_mold_header_seq.$bitselwrite$pos$rtl/arch_a/wire_mold_header_seq.sv:180$1' using process `\wire_mold_header_seq.$proc$rtl/arch_a/wire_mold_header_seq.sv:111$26'.
  created $dff cell `$procdff$3566' with positive edge clock.
Creating register for signal `\wire_mold_header_seq.$lookahead\header_q$25' using process `\wire_mold_header_seq.$proc$rtl/arch_a/wire_mold_header_seq.sv:111$26'.
  created $dff cell `$procdff$3567' with positive edge clock.

6.2.10. Executing PROC_MEMWR pass (convert process memory writes to cells).

6.2.11. Executing PROC_CLEAN pass (remove empty switches from decision trees).
Found and cleaned up 1 empty switch in `\wire_itch_decoder.$proc$rtl/arch_a/wire_itch_decoder.sv:112$454'.
Removing empty process `wire_itch_decoder.$proc$rtl/arch_a/wire_itch_decoder.sv:112$454'.
Found and cleaned up 1 empty switch in `\wire_itch_decoder.$proc$rtl/arch_a/wire_itch_decoder.sv:112$449'.
Removing empty process `wire_itch_decoder.$proc$rtl/arch_a/wire_itch_decoder.sv:112$449'.
Found and cleaned up 43 empty switches in `\wire_itch_decoder.$proc$rtl/arch_a/wire_itch_decoder.sv:137$145'.
Removing empty process `wire_itch_decoder.$proc$rtl/arch_a/wire_itch_decoder.sv:137$145'.
Found and cleaned up 26 empty switches in `\wire_mold_message_framer.$proc$rtl/arch_a/wire_mold_message_framer.sv:112$87'.
Removing empty process `wire_mold_message_framer.$proc$rtl/arch_a/wire_mold_message_framer.sv:112$87'.
Found and cleaned up 21 empty switches in `\wire_mold_header_seq.$proc$rtl/arch_a/wire_mold_header_seq.sv:111$26'.
Removing empty process `wire_mold_header_seq.$proc$rtl/arch_a/wire_mold_header_seq.sv:111$26'.
Cleaned up 92 empty switches.

6.2.12. Executing OPT_EXPR pass (perform const folding).
Optimizing module wire_mold_itch_top.
Optimizing module wire_itch_decoder.
<suppressed ~49 debug messages>
Optimizing module wire_mold_message_framer.
<suppressed ~3 debug messages>
Optimizing module wire_mold_header_seq.
<suppressed ~20 debug messages>

6.3. Executing OPT_EXPR pass (perform const folding).
Optimizing module wire_mold_itch_top.
Optimizing module wire_itch_decoder.
Optimizing module wire_mold_message_framer.
Optimizing module wire_mold_header_seq.
<suppressed ~2 debug messages>

6.4. Executing CHECK pass (checking for obvious problems).
Checking module wire_mold_itch_top...
Checking module wire_itch_decoder...
Checking module wire_mold_message_framer...
Checking module wire_mold_header_seq...
Found and reported 0 problems.

6.5. Executing OPT_CLEAN pass (remove unused cells and wires).
Finding unused cells or wires in module \wire_mold_itch_top..
Finding unused cells or wires in module \wire_itch_decoder..
Finding unused cells or wires in module \wire_mold_message_framer..
Finding unused cells or wires in module \wire_mold_header_seq..
Removed 467 unused cells and 1434 unused wires.
<suppressed ~471 debug messages>

6.6. Executing OPT pass (performing simple optimizations).

6.6.1. Executing OPT_EXPR pass (perform const folding).
Optimizing module wire_mold_itch_top.
Optimizing module wire_itch_decoder.
Optimizing module wire_mold_message_framer.
Optimizing module wire_mold_header_seq.

6.6.2. Executing OPT_MERGE pass (detect identical cells).
Finding identical cells in module `\wire_mold_itch_top'.
Computing hashes of 4 cells of `\wire_mold_itch_top'.
Finding duplicate cells in `\wire_mold_itch_top'.
Finding identical cells in module `\wire_itch_decoder'.
Computing hashes of 607 cells of `\wire_itch_decoder'.
Finding duplicate cells in `\wire_itch_decoder'.
Computing hashes of 419 cells of `\wire_itch_decoder'.
Finding duplicate cells in `\wire_itch_decoder'.
Computing hashes of 416 cells of `\wire_itch_decoder'.
Finding duplicate cells in `\wire_itch_decoder'.
<suppressed ~573 debug messages>
Finding identical cells in module `\wire_mold_message_framer'.
Computing hashes of 212 cells of `\wire_mold_message_framer'.
Finding duplicate cells in `\wire_mold_message_framer'.
Computing hashes of 177 cells of `\wire_mold_message_framer'.
Finding duplicate cells in `\wire_mold_message_framer'.
<suppressed ~105 debug messages>
Finding identical cells in module `\wire_mold_header_seq'.
Computing hashes of 248 cells of `\wire_mold_header_seq'.
Finding duplicate cells in `\wire_mold_header_seq'.
Computing hashes of 224 cells of `\wire_mold_header_seq'.
Finding duplicate cells in `\wire_mold_header_seq'.
<suppressed ~72 debug messages>
Removed a total of 250 cells.

6.6.3. Executing OPT_MUXTREE pass (detect dead branches in mux trees).
Running muxtree optimizer on module \wire_mold_itch_top..
  Creating internal representation of mux trees.
  No muxes found in this module.
Running muxtree optimizer on module \wire_itch_decoder..
  Creating internal representation of mux trees.
  Evaluating internal representation of mux trees.
      Replacing known input bits on port B of cell $procmux$2564: \recovery_required -> 1'1
      Replacing known input bits on port B of cell $procmux$2527: \recovery_required -> 1'1
      Replacing known input bits on port B of cell $procmux$2533: \recovery_required -> 1'1
      Replacing known input bits on port B of cell $procmux$2538: \recovery_required -> 1'1
      Replacing known input bits on port B of cell $procmux$2543: \recovery_required -> 1'1
      Replacing known input bits on port B of cell $procmux$2548: \recovery_required -> 1'1
      Replacing known input bits on port B of cell $procmux$2553: \recovery_required -> 1'1
      Replacing known input bits on port B of cell $procmux$2558: \recovery_required -> 1'1
      Replacing known input bits on port B of cell $procmux$2512: \recovery_required -> 1'1
      Replacing known input bits on port B of cell $procmux$2507: \recovery_required -> 1'1
      Replacing known input bits on port B of cell $procmux$2585: \recovery_required -> 1'1
  Analyzing evaluation results.
    dead port 2/2 on $mux $procmux$1516.
    dead port 1/2 on $mux $procmux$1622.
    dead port 1/2 on $mux $procmux$1612.
    dead port 1/2 on $mux $procmux$1602.
    dead port 1/2 on $mux $procmux$1592.
    dead port 2/2 on $mux $procmux$1589.
    dead port 1/2 on $mux $procmux$1579.
    dead port 2/2 on $mux $procmux$1576.
    dead port 1/2 on $mux $procmux$1566.
    dead port 2/2 on $mux $procmux$1563.
    dead port 1/2 on $mux $procmux$1553.
    dead port 2/2 on $mux $procmux$1550.
    dead port 2/2 on $mux $procmux$1548.
    dead port 1/2 on $mux $procmux$1537.
    dead port 2/2 on $mux $procmux$1534.
    dead port 2/2 on $mux $procmux$1532.
    dead port 1/2 on $mux $procmux$1521.
    dead port 2/2 on $mux $procmux$1518.
    dead port 1/2 on $mux $ternary$rtl/arch_a/wire_itch_decoder.sv:182$256.
    dead port 1/2 on $mux $ternary$rtl/arch_a/wire_itch_decoder.sv:181$253.
    dead port 1/2 on $mux $ternary$rtl/arch_a/wire_itch_decoder.sv:180$250.
    dead port 1/2 on $mux $ternary$rtl/arch_a/wire_itch_decoder.sv:179$247.
    dead port 1/2 on $mux $ternary$rtl/arch_a/wire_itch_decoder.sv:178$244.
    dead port 1/2 on $mux $ternary$rtl/arch_a/wire_itch_decoder.sv:177$241.
    dead port 1/2 on $mux $ternary$rtl/arch_a/wire_itch_decoder.sv:176$238.
    dead port 1/2 on $mux $ternary$rtl/arch_a/wire_itch_decoder.sv:173$235.
Running muxtree optimizer on module \wire_mold_message_framer..
  Creating internal representation of mux trees.
  Evaluating internal representation of mux trees.
  Analyzing evaluation results.
Running muxtree optimizer on module \wire_mold_header_seq..
  Creating internal representation of mux trees.
  Evaluating internal representation of mux trees.
      Replacing known input bits on port A of cell $procmux$3256: \body_last_q -> 1'0
  Analyzing evaluation results.
    dead port 1/2 on $mux $procmux$3004.
    dead port 1/2 on $mux $procmux$2987.
    dead port 2/2 on $mux $procmux$2984.
    dead port 1/2 on $mux $procmux$2962.
    dead port 2/2 on $mux $procmux$2959.
    dead port 2/2 on $mux $procmux$2957.
    dead port 1/2 on $mux $procmux$2931.
    dead port 2/2 on $mux $procmux$2928.
    dead port 2/2 on $mux $procmux$2926.
    dead port 2/2 on $mux $procmux$2924.
Removed 36 multiplexer ports.
<suppressed ~1713 debug messages>

6.6.4. Executing OPT_REDUCE pass (consolidate $*mux and $reduce_* inputs).
  Optimizing cells in module \wire_mold_itch_top.
  Optimizing cells in module \wire_itch_decoder.
    New ctrl vector for $pmux cell $procmux$2430: $auto$opt_reduce.cc:137:opt_pmux$3570
    New ctrl vector for $pmux cell $procmux$1950: $auto$opt_reduce.cc:137:opt_pmux$3572
    New ctrl vector for $pmux cell $procmux$2026: { $procmux$1894_CMP $auto$opt_reduce.cc:137:opt_pmux$3574 }
    New ctrl vector for $pmux cell $procmux$471: { $procmux$2257_CMP $procmux$2262_CMP $procmux$2267_CMP $procmux$2272_CMP $auto$opt_reduce.cc:137:opt_pmux$3576 $procmux$2277_CMP $procmux$2282_CMP }
    New ctrl vector for $pmux cell $procmux$1893: $auto$opt_reduce.cc:137:opt_pmux$3578
    New ctrl vector for $pmux cell $procmux$461: { $procmux$2257_CMP $procmux$2262_CMP $procmux$2267_CMP $procmux$2272_CMP $auto$opt_reduce.cc:137:opt_pmux$3580 $procmux$2277_CMP $procmux$2282_CMP }
    New ctrl vector for $pmux cell $procmux$2083: $auto$opt_reduce.cc:137:opt_pmux$3582
    Consolidated identical input bits for $mux cell $procmux$1514:
      Old ports: A=8'00000000, B=8'11111111, Y=$procmux$1514_Y
      New ports: A=1'0, B=1'1, Y=$procmux$1514_Y [0]
      New connections: $procmux$1514_Y [7:1] = { $procmux$1514_Y [0] $procmux$1514_Y [0] $procmux$1514_Y [0] $procmux$1514_Y [0] $procmux$1514_Y [0] $procmux$1514_Y [0] $procmux$1514_Y [0] }
  Optimizing cells in module \wire_itch_decoder.
    Consolidated identical input bits for $mux cell $procmux$1561:
      Old ports: A=8'00000000, B=$4$memwr$\bytes_q$rtl/arch_a/wire_itch_decoder.sv:167$126_EN[7:0]$217, Y=$procmux$1561_Y
      New ports: A=1'0, B=$procmux$1514_Y [0], Y=$procmux$1561_Y [0]
      New connections: $procmux$1561_Y [7:1] = { $procmux$1561_Y [0] $procmux$1561_Y [0] $procmux$1561_Y [0] $procmux$1561_Y [0] $procmux$1561_Y [0] $procmux$1561_Y [0] $procmux$1561_Y [0] }
  Optimizing cells in module \wire_itch_decoder.
    Consolidated identical input bits for $mux cell $procmux$1599:
      Old ports: A=8'00000000, B=$3$memwr$\bytes_q$rtl/arch_a/wire_itch_decoder.sv:167$126_EN[7:0]$213, Y=$procmux$1599_Y
      New ports: A=1'0, B=$procmux$1561_Y [0], Y=$procmux$1599_Y [0]
      New connections: $procmux$1599_Y [7:1] = { $procmux$1599_Y [0] $procmux$1599_Y [0] $procmux$1599_Y [0] $procmux$1599_Y [0] $procmux$1599_Y [0] $procmux$1599_Y [0] $procmux$1599_Y [0] }
  Optimizing cells in module \wire_itch_decoder.
    Consolidated identical input bits for $mux cell $procmux$1778:
      Old ports: A=$2$memwr$\bytes_q$rtl/arch_a/wire_itch_decoder.sv:167$126_EN[7:0]$207, B=8'00000000, Y=$0$memwr$\bytes_q$rtl/arch_a/wire_itch_decoder.sv:167$126_EN[7:0]$165
      New ports: A=$procmux$1599_Y [0], B=1'0, Y=$0$memwr$\bytes_q$rtl/arch_a/wire_itch_decoder.sv:167$126_EN[7:0]$165 [0]
      New connections: $0$memwr$\bytes_q$rtl/arch_a/wire_itch_decoder.sv:167$126_EN[7:0]$165 [7:1] = { $0$memwr$\bytes_q$rtl/arch_a/wire_itch_decoder.sv:167$126_EN[7:0]$165 [0] $0$memwr$\bytes_q$rtl/arch_a/wire_itch_decoder.sv:167$126_EN[7:0]$165 [0] $0$memwr$\bytes_q$rtl/arch_a/wire_itch_decoder.sv:167$126_EN[7:0]$165 [0] $0$memwr$\bytes_q$rtl/arch_a/wire_itch_decoder.sv:167$126_EN[7:0]$165 [0] $0$memwr$\bytes_q$rtl/arch_a/wire_itch_decoder.sv:167$126_EN[7:0]$165 [0] $0$memwr$\bytes_q$rtl/arch_a/wire_itch_decoder.sv:167$126_EN[7:0]$165 [0] $0$memwr$\bytes_q$rtl/arch_a/wire_itch_decoder.sv:167$126_EN[7:0]$165 [0] }
  Optimizing cells in module \wire_itch_decoder.
  Optimizing cells in module \wire_mold_message_framer.
    New ctrl vector for $pmux cell $procmux$2859: { $auto$opt_reduce.cc:137:opt_pmux$3584 $procmux$2862_CMP $procmux$2863_CMP }
    New ctrl vector for $pmux cell $procmux$2642: $auto$opt_reduce.cc:137:opt_pmux$3586
    New ctrl vector for $pmux cell $procmux$2596: $auto$opt_reduce.cc:137:opt_pmux$3588
  Optimizing cells in module \wire_mold_message_framer.
  Optimizing cells in module \wire_mold_header_seq.
  Optimizing cells in module \wire_mold_header_seq.
Performed a total of 26 changes.

6.6.5. Executing OPT_MERGE pass (detect identical cells).
Finding identical cells in module `\wire_mold_itch_top'.
Computing hashes of 4 cells of `\wire_mold_itch_top'.
Finding duplicate cells in `\wire_mold_itch_top'.
Finding identical cells in module `\wire_itch_decoder'.
Computing hashes of 386 cells of `\wire_itch_decoder'.
Finding duplicate cells in `\wire_itch_decoder'.
Computing hashes of 362 cells of `\wire_itch_decoder'.
Finding duplicate cells in `\wire_itch_decoder'.
Computing hashes of 358 cells of `\wire_itch_decoder'.
Finding duplicate cells in `\wire_itch_decoder'.
Computing hashes of 357 cells of `\wire_itch_decoder'.
Finding duplicate cells in `\wire_itch_decoder'.
Computing hashes of 356 cells of `\wire_itch_decoder'.
Finding duplicate cells in `\wire_itch_decoder'.
Computing hashes of 355 cells of `\wire_itch_decoder'.
Finding duplicate cells in `\wire_itch_decoder'.
<suppressed ~93 debug messages>
Finding identical cells in module `\wire_mold_message_framer'.
Computing hashes of 180 cells of `\wire_mold_message_framer'.
Finding duplicate cells in `\wire_mold_message_framer'.
Computing hashes of 176 cells of `\wire_mold_message_framer'.
Finding duplicate cells in `\wire_mold_message_framer'.
<suppressed ~12 debug messages>
Finding identical cells in module `\wire_mold_header_seq'.
Computing hashes of 213 cells of `\wire_mold_header_seq'.
Finding duplicate cells in `\wire_mold_header_seq'.
Computing hashes of 203 cells of `\wire_mold_header_seq'.
Finding duplicate cells in `\wire_mold_header_seq'.
<suppressed ~30 debug messages>
Removed a total of 45 cells.

6.6.6. Executing OPT_DFF pass (perform DFF optimizations).

6.6.7. Executing OPT_CLEAN pass (remove unused cells and wires).
Finding unused cells or wires in module \wire_mold_itch_top..
Finding unused cells or wires in module \wire_itch_decoder..
Finding unused cells or wires in module \wire_mold_message_framer..
Finding unused cells or wires in module \wire_mold_header_seq..
Removed 0 unused cells and 340 unused wires.
<suppressed ~3 debug messages>

6.6.8. Executing OPT_EXPR pass (perform const folding).
Optimizing module wire_mold_itch_top.
Optimizing module wire_itch_decoder.
Optimizing module wire_mold_message_framer.
<suppressed ~1 debug messages>
Optimizing module wire_mold_header_seq.

6.6.9. Rerunning OPT passes. (Maybe there is more to do..)

6.6.10. Executing OPT_MUXTREE pass (detect dead branches in mux trees).
Running muxtree optimizer on module \wire_mold_itch_top..
  Creating internal representation of mux trees.
  No muxes found in this module.
Running muxtree optimizer on module \wire_itch_decoder..
  Creating internal representation of mux trees.
  Evaluating internal representation of mux trees.
  Analyzing evaluation results.
Running muxtree optimizer on module \wire_mold_message_framer..
  Creating internal representation of mux trees.
  Evaluating internal representation of mux trees.
  Analyzing evaluation results.
Running muxtree optimizer on module \wire_mold_header_seq..
  Creating internal representation of mux trees.
  Evaluating internal representation of mux trees.
  Analyzing evaluation results.
Removed 0 multiplexer ports.
<suppressed ~1463 debug messages>

6.6.11. Executing OPT_REDUCE pass (consolidate $*mux and $reduce_* inputs).
  Optimizing cells in module \wire_mold_itch_top.
  Optimizing cells in module \wire_itch_decoder.
  Optimizing cells in module \wire_mold_message_framer.
    New ctrl vector for $pmux cell $procmux$2670: $auto$opt_reduce.cc:137:opt_pmux$3590
    New ctrl vector for $pmux cell $procmux$2624: $auto$opt_reduce.cc:137:opt_pmux$3592
  Optimizing cells in module \wire_mold_message_framer.
  Optimizing cells in module \wire_mold_header_seq.
Performed a total of 2 changes.

6.6.12. Executing OPT_MERGE pass (detect identical cells).
Finding identical cells in module `\wire_mold_itch_top'.
Computing hashes of 4 cells of `\wire_mold_itch_top'.
Finding duplicate cells in `\wire_mold_itch_top'.
Finding identical cells in module `\wire_itch_decoder'.
Computing hashes of 355 cells of `\wire_itch_decoder'.
Finding duplicate cells in `\wire_itch_decoder'.
Finding identical cells in module `\wire_mold_message_framer'.
Computing hashes of 177 cells of `\wire_mold_message_framer'.
Finding duplicate cells in `\wire_mold_message_framer'.
Computing hashes of 176 cells of `\wire_mold_message_framer'.
Finding duplicate cells in `\wire_mold_message_framer'.
<suppressed ~3 debug messages>
Finding identical cells in module `\wire_mold_header_seq'.
Computing hashes of 203 cells of `\wire_mold_header_seq'.
Finding duplicate cells in `\wire_mold_header_seq'.
Removed a total of 1 cells.

6.6.13. Executing OPT_DFF pass (perform DFF optimizations).

6.6.14. Executing OPT_CLEAN pass (remove unused cells and wires).
Finding unused cells or wires in module \wire_mold_itch_top..
Finding unused cells or wires in module \wire_itch_decoder..
Finding unused cells or wires in module \wire_mold_message_framer..
Finding unused cells or wires in module \wire_mold_header_seq..
Removed 0 unused cells and 2 unused wires.
<suppressed ~1 debug messages>

6.6.15. Executing OPT_EXPR pass (perform const folding).
Optimizing module wire_mold_itch_top.
Optimizing module wire_itch_decoder.
Optimizing module wire_mold_message_framer.
Optimizing module wire_mold_header_seq.

6.6.16. Rerunning OPT passes. (Maybe there is more to do..)

6.6.17. Executing OPT_MUXTREE pass (detect dead branches in mux trees).
Running muxtree optimizer on module \wire_mold_itch_top..
  Creating internal representation of mux trees.
  No muxes found in this module.
Running muxtree optimizer on module \wire_itch_decoder..
  Creating internal representation of mux trees.
  Evaluating internal representation of mux trees.
  Analyzing evaluation results.
Running muxtree optimizer on module \wire_mold_message_framer..
  Creating internal representation of mux trees.
  Evaluating internal representation of mux trees.
  Analyzing evaluation results.
Running muxtree optimizer on module \wire_mold_header_seq..
  Creating internal representation of mux trees.
  Evaluating internal representation of mux trees.
  Analyzing evaluation results.
Removed 0 multiplexer ports.
<suppressed ~1559 debug messages>

6.6.18. Executing OPT_REDUCE pass (consolidate $*mux and $reduce_* inputs).
  Optimizing cells in module \wire_mold_itch_top.
  Optimizing cells in module \wire_itch_decoder.
  Optimizing cells in module \wire_mold_message_framer.
  Optimizing cells in module \wire_mold_header_seq.
Performed a total of 0 changes.

6.6.19. Executing OPT_MERGE pass (detect identical cells).
Finding identical cells in module `\wire_mold_itch_top'.
Computing hashes of 4 cells of `\wire_mold_itch_top'.
Finding duplicate cells in `\wire_mold_itch_top'.
Finding identical cells in module `\wire_itch_decoder'.
Computing hashes of 355 cells of `\wire_itch_decoder'.
Finding duplicate cells in `\wire_itch_decoder'.
Finding identical cells in module `\wire_mold_message_framer'.
Computing hashes of 176 cells of `\wire_mold_message_framer'.
Finding duplicate cells in `\wire_mold_message_framer'.
Finding identical cells in module `\wire_mold_header_seq'.
Computing hashes of 203 cells of `\wire_mold_header_seq'.
Finding duplicate cells in `\wire_mold_header_seq'.
Removed a total of 0 cells.

6.6.20. Executing OPT_DFF pass (perform DFF optimizations).

6.6.21. Executing OPT_CLEAN pass (remove unused cells and wires).
Finding unused cells or wires in module \wire_mold_itch_top..
Finding unused cells or wires in module \wire_itch_decoder..
Finding unused cells or wires in module \wire_mold_message_framer..
Finding unused cells or wires in module \wire_mold_header_seq..

6.6.22. Executing OPT_EXPR pass (perform const folding).
Optimizing module wire_mold_itch_top.
Optimizing module wire_itch_decoder.
Optimizing module wire_mold_message_framer.
Optimizing module wire_mold_header_seq.

6.6.23. Finished fast OPT passes. (There is nothing left to do.)

6.7. Executing FSM pass (extract and optimize FSM).

6.7.1. Executing FSM_DETECT pass (finding FSMs in design).
Not marking wire_itch_decoder.event_kind_q as FSM state register:
    Register is connected to module port.
    Users of register don't seem to benefit from recoding.
Not marking wire_itch_decoder.reject_code_q as FSM state register:
    Register is connected to module port.
    Users of register don't seem to benefit from recoding.
Found FSM state register wire_itch_decoder.state_q.
Not marking wire_mold_message_framer.reject_code_q as FSM state register:
    Register is connected to module port.
    Users of register don't seem to benefit from recoding.
Found FSM state register wire_mold_message_framer.payload_action_q.
Found FSM state register wire_mold_message_framer.state_q.
Not marking wire_mold_header_seq.pending_code_q as FSM state register:
    Users of register don't seem to benefit from recoding.
Found FSM state register wire_mold_header_seq.state_q.

6.7.2. Executing FSM_EXTRACT pass (extracting FSM from design).
Extracting FSM `\state_q' from module `\wire_itch_decoder'.
  found $dff cell for state register: $procdff$3488
  root of input selection tree: $0\state_q[2:0]
  found reset state: 3'000 (guessed from mux tree)
  found ctrl input: $logic_or$rtl/arch_a/wire_itch_decoder.sv:138$166_Y
  found ctrl input: $eq$rtl/arch_a/wire_itch_decoder.sv:113$136_Y
  found ctrl input: $eq$rtl/arch_a/wire_itch_decoder.sv:114$139_Y
  found ctrl input: \event_valid
  found ctrl input: $procmux$1857_CMP
  found ctrl input: $eq$rtl/arch_a/wire_itch_decoder.sv:114$138_Y
  found ctrl input: $eq$rtl/arch_a/wire_itch_decoder.sv:113$135_Y
  found state code: 3'000
  found ctrl input: $logic_and$rtl/arch_a/wire_itch_decoder.sv:228$444_Y
  found ctrl input: \message_fire
  found ctrl input: $logic_and$rtl/arch_a/wire_itch_decoder.sv:231$447_Y
  found state code: 3'100
  found state code: 3'101
  found ctrl input: \event_fire
  found ctrl input: $eq$rtl/arch_a/wire_itch_decoder.sv:204$271_Y
  found ctrl input: $ne$rtl/arch_a/wire_itch_decoder.sv:205$289_Y
  found ctrl input: $logic_or$rtl/arch_a/wire_itch_decoder.sv:206$308_Y
  found ctrl input: $auto$opt_reduce.cc:137:opt_pmux$3570
  found state code: 3'011
  found ctrl input: $logic_and$rtl/arch_a/wire_itch_decoder.sv:207$332_Y
  found ctrl input: $logic_and$rtl/arch_a/wire_itch_decoder.sv:209$341_Y
  found ctrl input: \byte_fire
  found ctrl input: \in_last
  found ctrl input: $eq$rtl/arch_a/wire_itch_decoder.sv:111$130_Y
  found ctrl input: $logic_and$rtl/arch_a/wire_itch_decoder.sv:169$233_Y
  found ctrl input: $procmux$2257_CMP
  found ctrl input: $procmux$2262_CMP
  found ctrl input: $procmux$2267_CMP
  found ctrl input: $procmux$2272_CMP
  found ctrl input: $procmux$2277_CMP
  found ctrl input: $procmux$2282_CMP
  found ctrl input: $auto$opt_reduce.cc:137:opt_pmux$3576
  found ctrl input: $ne$rtl/arch_a/wire_itch_decoder.sv:182$254_Y
  found ctrl input: $ne$rtl/arch_a/wire_itch_decoder.sv:181$251_Y
  found ctrl input: $ne$rtl/arch_a/wire_itch_decoder.sv:180$248_Y
  found ctrl input: $ne$rtl/arch_a/wire_itch_decoder.sv:179$245_Y
  found ctrl input: $ne$rtl/arch_a/wire_itch_decoder.sv:178$242_Y
  found ctrl input: $ne$rtl/arch_a/wire_itch_decoder.sv:177$239_Y
  found ctrl input: $ne$rtl/arch_a/wire_itch_decoder.sv:176$236_Y
  found ctrl input: \first_byte_invalid
  found ctrl input: $ne$rtl/arch_a/wire_itch_decoder.sv:190$258_Y
  found state code: 3'010
  found ctrl input: $logic_or$rtl/arch_a/wire_itch_decoder.sv:161$209_Y
  found state code: 3'001
  found ctrl output: $eq$rtl/arch_a/wire_itch_decoder.sv:114$138_Y
  found ctrl output: $procmux$1857_CMP
  found ctrl output: $eq$rtl/arch_a/wire_itch_decoder.sv:113$135_Y
  found ctrl output: $eq$rtl/arch_a/wire_itch_decoder.sv:113$136_Y
  found ctrl output: $eq$rtl/arch_a/wire_itch_decoder.sv:114$139_Y
  found ctrl output: \event_valid
  ctrl inputs: { $procmux$2282_CMP $procmux$2277_CMP $procmux$2272_CMP $procmux$2267_CMP $procmux$2262_CMP $procmux$2257_CMP $logic_and$rtl/arch_a/wire_itch_decoder.sv:231$447_Y $logic_and$rtl/arch_a/wire_itch_decoder.sv:228$444_Y $logic_and$rtl/arch_a/wire_itch_decoder.sv:209$341_Y $logic_and$rtl/arch_a/wire_itch_decoder.sv:207$332_Y $logic_or$rtl/arch_a/wire_itch_decoder.sv:206$308_Y $ne$rtl/arch_a/wire_itch_decoder.sv:205$289_Y $eq$rtl/arch_a/wire_itch_decoder.sv:204$271_Y $ne$rtl/arch_a/wire_itch_decoder.sv:190$258_Y $ne$rtl/arch_a/wire_itch_decoder.sv:182$254_Y $ne$rtl/arch_a/wire_itch_decoder.sv:181$251_Y $ne$rtl/arch_a/wire_itch_decoder.sv:180$248_Y $ne$rtl/arch_a/wire_itch_decoder.sv:179$245_Y $ne$rtl/arch_a/wire_itch_decoder.sv:178$242_Y $ne$rtl/arch_a/wire_itch_decoder.sv:177$239_Y $ne$rtl/arch_a/wire_itch_decoder.sv:176$236_Y $logic_and$rtl/arch_a/wire_itch_decoder.sv:169$233_Y $logic_or$rtl/arch_a/wire_itch_decoder.sv:161$209_Y $logic_or$rtl/arch_a/wire_itch_decoder.sv:138$166_Y $eq$rtl/arch_a/wire_itch_decoder.sv:111$130_Y \first_byte_invalid \event_fire \byte_fire \message_fire \in_last $auto$opt_reduce.cc:137:opt_pmux$3570 $auto$opt_reduce.cc:137:opt_pmux$3576 }
  ctrl outputs: { $procmux$1857_CMP $eq$rtl/arch_a/wire_itch_decoder.sv:114$139_Y $eq$rtl/arch_a/wire_itch_decoder.sv:114$138_Y $eq$rtl/arch_a/wire_itch_decoder.sv:113$136_Y $eq$rtl/arch_a/wire_itch_decoder.sv:113$135_Y \event_valid $0\state_q[2:0] }
  transition:      3'000 32'-----------------------0----0--- ->      3'000 9'000010000
  transition:      3'000 32'----------------------00----1--- ->      3'001 9'000010001
  transition:      3'000 32'----------------------10----1--- ->      3'101 9'000010101
  transition:      3'000 32'-----------------------1-------- ->      3'000 9'000010000
  transition:      3'100 32'-------0---------------0-------- ->      3'100 9'010000100
  transition:      3'100 32'-------1---------------0-------- ->      3'101 9'010000101
  transition:      3'100 32'-----------------------1-------- ->      3'000 9'010000000
  transition:      3'010 32'----------000----------0------0- ->      3'000 9'100000000
  transition:      3'010 32'----------000----------0------1- ->      3'011 9'100000011
  transition:      3'010 32'--------00100----------0-------- ->      3'011 9'100000011
  transition:      3'010 32'--------10100----------0-------- ->      3'101 9'100000101
  transition:      3'010 32'---------1100----------0-------- ->      3'101 9'100000101
  transition:      3'010 32'-----------10----------0-------- ->      3'000 9'100000000
  transition:      3'010 32'------------1----------0-------- ->      3'000 9'100000000
  transition:      3'010 32'-----------------------1-------- ->      3'000 9'100000000
  transition:      3'001 32'-----------------------0---0---- ->      3'001 9'001000001
  transition:      3'001 32'-----------------------00--1-0-- ->      3'001 9'001000001
  transition:      3'001 32'000000---------------0-01--1-0-0 ->      3'001 9'001000001
  transition:      3'001 32'--------------------00-01--1-0-1 ->      3'001 9'001000001
  transition:      3'001 32'--------------------10-01--1-0-1 ->      3'100 9'001000100
  transition:      3'001 32'1------------------0-0-01--1-0-- ->      3'001 9'001000001
  transition:      3'001 32'1------------------1-0-01--1-0-- ->      3'100 9'001000100
  transition:      3'001 32'-1----------------0--0-01--1-0-- ->      3'001 9'001000001
  transition:      3'001 32'-1----------------1--0-01--1-0-- ->      3'100 9'001000100
  transition:      3'001 32'--1--------------0---0-01--1-0-- ->      3'001 9'001000001
  transition:      3'001 32'--1--------------1---0-01--1-0-- ->      3'100 9'001000100
  transition:      3'001 32'---1------------0----0-01--1-0-- ->      3'001 9'001000001
  transition:      3'001 32'---1------------1----0-01--1-0-- ->      3'100 9'001000100
  transition:      3'001 32'----1----------0-----0-01--1-0-- ->      3'001 9'001000001
  transition:      3'001 32'----1----------1-----0-01--1-0-- ->      3'100 9'001000100
  transition:      3'001 32'-----1--------0------0-01--1-0-- ->      3'001 9'001000001
  transition:      3'001 32'-----1--------1------0-01--1-0-- ->      3'100 9'001000100
  transition:      3'001 32'---------------------1-01--1-0-- ->      3'100 9'001000100
  transition:      3'001 32'-------------0---------0-0-1-1-- ->      3'010 9'001000010
  transition:      3'001 32'-------------1---------0-0-1-1-- ->      3'101 9'001000101
  transition:      3'001 32'-----------------------0-1-1-1-- ->      3'101 9'001000101
  transition:      3'001 32'-----------------------1-------- ->      3'000 9'001000000
  transition:      3'101 32'-------0---------------0----0--- ->      3'101 9'000100101
  transition:      3'101 32'------00---------------0----1--- ->      3'101 9'000100101
  transition:      3'101 32'------10---------------0----1--- ->      3'100 9'000100100
  transition:      3'101 32'-------1---------------0-------- ->      3'101 9'000100101
  transition:      3'101 32'-----------------------1-------- ->      3'000 9'000100000
  transition:      3'011 32'-----------------------0--0----- ->      3'011 9'000001011
  transition:      3'011 32'-----------------------0--1----- ->      3'000 9'000001000
  transition:      3'011 32'-----------------------1-------- ->      3'000 9'000001000
Extracting FSM `\payload_action_q' from module `\wire_mold_message_framer'.
  found $dff cell for state register: $procdff$3536
  root of input selection tree: $0\payload_action_q[2:0]
  found reset state: 3'000 (guessed from mux tree)
  found ctrl input: $logic_or$rtl/arch_a/wire_mold_message_framer.sv:113$88_Y
  found ctrl input: \input_fire
  found ctrl input: $eq$rtl/arch_a/wire_mold_message_framer.sv:93$71_Y
  found ctrl input: $eq$rtl/arch_a/wire_mold_message_framer.sv:223$93_Y
  found ctrl input: \in_last
  found state code: 3'100
  found ctrl input: $eq$rtl/arch_a/wire_mold_message_framer.sv:162$90_Y
  found state code: 3'000
  found state code: 3'011
  found state code: 3'010
  found state code: 3'001
  found ctrl output: $procmux$2597_CMP
  found ctrl output: $procmux$2598_CMP
  found ctrl output: $procmux$2599_CMP
  found ctrl output: $procmux$2863_CMP
  ctrl inputs: { $eq$rtl/arch_a/wire_mold_message_framer.sv:223$93_Y $eq$rtl/arch_a/wire_mold_message_framer.sv:162$90_Y $logic_or$rtl/arch_a/wire_mold_message_framer.sv:113$88_Y $eq$rtl/arch_a/wire_mold_message_framer.sv:93$71_Y \input_fire \in_last }
  ctrl outputs: { $procmux$2863_CMP $procmux$2599_CMP $procmux$2598_CMP $procmux$2597_CMP $0\payload_action_q[2:0] }
  transition:      3'000 6'--0-0- ->      3'000 7'1000000
  transition:      3'000 6'--001- ->      3'000 7'1000000
  transition:      3'000 6'0-0110 ->      3'000 7'1000000
  transition:      3'000 6'0-0111 ->      3'100 7'1000100
  transition:      3'000 6'100110 ->      3'000 7'1000000
  transition:      3'000 6'110110 ->      3'011 7'1000011
  transition:      3'000 6'100111 ->      3'010 7'1000010
  transition:      3'000 6'110111 ->      3'001 7'1000001
  transition:      3'000 6'--1--- ->      3'000 7'1000000
  transition:      3'100 6'--0-0- ->      3'100 7'0001100
  transition:      3'100 6'--001- ->      3'100 7'0001100
  transition:      3'100 6'0-0110 ->      3'100 7'0001100
  transition:      3'100 6'0-0111 ->      3'100 7'0001100
  transition:      3'100 6'100110 ->      3'000 7'0001000
  transition:      3'100 6'110110 ->      3'011 7'0001011
  transition:      3'100 6'100111 ->      3'010 7'0001010
  transition:      3'100 6'110111 ->      3'001 7'0001001
  transition:      3'100 6'--1--- ->      3'000 7'0001000
  transition:      3'010 6'--0-0- ->      3'010 7'0010010
  transition:      3'010 6'--001- ->      3'010 7'0010010
  transition:      3'010 6'0-0110 ->      3'010 7'0010010
  transition:      3'010 6'0-0111 ->      3'100 7'0010100
  transition:      3'010 6'100110 ->      3'000 7'0010000
  transition:      3'010 6'110110 ->      3'011 7'0010011
  transition:      3'010 6'100111 ->      3'010 7'0010010
  transition:      3'010 6'110111 ->      3'001 7'0010001
  transition:      3'010 6'--1--- ->      3'000 7'0010000
  transition:      3'001 6'--0-0- ->      3'001 7'0100001
  transition:      3'001 6'--001- ->      3'001 7'0100001
  transition:      3'001 6'0-0110 ->      3'001 7'0100001
  transition:      3'001 6'0-0111 ->      3'100 7'0100100
  transition:      3'001 6'100110 ->      3'000 7'0100000
  transition:      3'001 6'110110 ->      3'011 7'0100011
  transition:      3'001 6'100111 ->      3'010 7'0100010
  transition:      3'001 6'110111 ->      3'001 7'0100001
  transition:      3'001 6'--1--- ->      3'000 7'0100000
  transition:      3'011 6'--0-0- ->      3'011 7'0000011
  transition:      3'011 6'--001- ->      3'011 7'0000011
  transition:      3'011 6'0-0110 ->      3'011 7'0000011
  transition:      3'011 6'0-0111 ->      3'100 7'0000100
  transition:      3'011 6'100110 ->      3'000 7'0000000
  transition:      3'011 6'110110 ->      3'011 7'0000011
  transition:      3'011 6'100111 ->      3'010 7'0000010
  transition:      3'011 6'110111 ->      3'001 7'0000001
  transition:      3'011 6'--1--- ->      3'000 7'0000000
Extracting FSM `\state_q' from module `\wire_mold_message_framer'.
  found $dff cell for state register: $procdff$3532
  root of input selection tree: $0\state_q[3:0]
  found reset state: 4'0000 (guessed from mux tree)
  found ctrl input: $logic_or$rtl/arch_a/wire_mold_message_framer.sv:113$88_Y
  found ctrl input: $eq$rtl/arch_a/wire_mold_message_framer.sv:106$81_Y
  found ctrl input: $logic_and$rtl/arch_a/wire_mold_message_framer.sv:260$98_Y
  found ctrl input: \input_fire
  found ctrl input: \packet_fire
  found ctrl input: \message_fire
  found ctrl input: \output_fire
  found ctrl input: $eq$rtl/arch_a/wire_mold_message_framer.sv:134$89_Y
  found ctrl input: $procmux$2863_CMP
  found ctrl input: $procmux$2599_CMP
  found ctrl input: $auto$opt_reduce.cc:137:opt_pmux$3584
  found state code: 4'0110
  found state code: 4'0001
  found state code: 4'0111
  found state code: 4'1000
  found ctrl input: \message_empty_q
  found ctrl input: \header_ended_q
  found state code: 4'0100
  found ctrl input: $eq$rtl/arch_a/wire_mold_message_framer.sv:162$90_Y
  found ctrl input: \packet_body_empty
  found ctrl input: $eq$rtl/arch_a/wire_mold_message_framer.sv:92$69_Y
  found ctrl input: $eq$rtl/arch_a/wire_mold_message_framer.sv:93$71_Y
  found ctrl input: $eq$rtl/arch_a/wire_mold_message_framer.sv:91$67_Y
  found ctrl input: $eq$rtl/arch_a/wire_mold_message_framer.sv:90$66_Y
  found ctrl input: \in_last
  found ctrl input: $eq$rtl/arch_a/wire_mold_message_framer.sv:223$93_Y
  found state code: 4'0101
  found state code: 4'0011
  found state code: 4'0010
  found state code: 4'0000
  found ctrl input: $logic_and$rtl/arch_a/wire_mold_message_framer.sv:268$104_Y
  found state code: 4'1001
  found ctrl output: \packet_ready
  found ctrl output: \message_valid
  found ctrl output: $eq$rtl/arch_a/wire_mold_message_framer.sv:134$89_Y
  found ctrl output: \packet_result_success
  found ctrl output: $eq$rtl/arch_a/wire_mold_message_framer.sv:106$81_Y
  found ctrl output: $eq$rtl/arch_a/wire_mold_message_framer.sv:92$69_Y
  found ctrl output: $eq$rtl/arch_a/wire_mold_message_framer.sv:93$71_Y
  found ctrl output: $eq$rtl/arch_a/wire_mold_message_framer.sv:91$67_Y
  found ctrl output: $eq$rtl/arch_a/wire_mold_message_framer.sv:90$66_Y
  ctrl inputs: { $procmux$2863_CMP $procmux$2599_CMP $logic_and$rtl/arch_a/wire_mold_message_framer.sv:268$104_Y $logic_and$rtl/arch_a/wire_mold_message_framer.sv:260$98_Y $eq$rtl/arch_a/wire_mold_message_framer.sv:223$93_Y $eq$rtl/arch_a/wire_mold_message_framer.sv:162$90_Y $logic_or$rtl/arch_a/wire_mold_message_framer.sv:113$88_Y \output_fire \message_fire \header_ended_q \message_empty_q \packet_fire \input_fire \packet_body_empty \in_last $auto$opt_reduce.cc:137:opt_pmux$3584 }
  ctrl outputs: { $eq$rtl/arch_a/wire_mold_message_framer.sv:134$89_Y $0\state_q[3:0] $eq$rtl/arch_a/wire_mold_message_framer.sv:106$81_Y $eq$rtl/arch_a/wire_mold_message_framer.sv:93$71_Y $eq$rtl/arch_a/wire_mold_message_framer.sv:92$69_Y $eq$rtl/arch_a/wire_mold_message_framer.sv:91$67_Y $eq$rtl/arch_a/wire_mold_message_framer.sv:90$66_Y \message_valid \packet_result_success \packet_ready }
  transition:     4'0000 16'---0--000--00--- ->     4'0000 13'0000000000001
  transition:     4'0000 16'---0--010--00--- ->     4'0000 13'0000000000001
  transition:     4'0000 16'---0--0-10000--- ->     4'0100 13'0010000000001
  transition:     4'0000 16'---0--0-11000--- ->     4'1000 13'0100000000001
  transition:     4'0000 16'---0-00-10100--- ->     4'0001 13'0000100000001
  transition:     4'0000 16'---0-10-10100--- ->     4'0110 13'0011000000001
  transition:     4'0000 16'---0-00-11100--- ->     4'1000 13'0100000000001
  transition:     4'0000 16'---0-10-11100--- ->     4'0111 13'0011100000001
  transition:     4'0000 16'---0--0----100-- ->     4'0001 13'0000100000001
  transition:     4'0000 16'---0--0----101-- ->     4'1000 13'0100000000001
  transition:     4'0000 16'---0--000--01--- ->     4'0000 13'0000000000001
  transition:     4'0000 16'---0--010--01--- ->     4'0000 13'0000000000001
  transition:     4'0000 16'---0--0-10001--- ->     4'0100 13'0010000000001
  transition:     4'0000 16'---0--0-11001--- ->     4'1000 13'0100000000001
  transition:     4'0000 16'---0-00-10101--- ->     4'0001 13'0000100000001
  transition:     4'0000 16'---0-10-10101--- ->     4'0110 13'0011000000001
  transition:     4'0000 16'---0-00-11101--- ->     4'1000 13'0100000000001
  transition:     4'0000 16'---0-10-11101--- ->     4'0111 13'0011100000001
  transition:     4'0000 16'---0--0----110-- ->     4'0001 13'0000100000001
  transition:     4'0000 16'---0--0----111-- ->     4'1000 13'0100000000001
  transition:     4'0000 16'---1--0--------- ->     4'0000 13'0000000000001
  transition:     4'0000 16'------1--------- ->     4'0000 13'0000000000001
  transition:     4'1000 16'--00--000--00--- ->     4'1000 13'0100010000000
  transition:     4'1000 16'--00--010--00--- ->     4'1000 13'0100010000000
  transition:     4'1000 16'--00--0-10000--- ->     4'0100 13'0010010000000
  transition:     4'1000 16'--00--0-11000--- ->     4'1000 13'0100010000000
  transition:     4'1000 16'--00-00-10100--- ->     4'0001 13'0000110000000
  transition:     4'1000 16'--00-10-10100--- ->     4'0110 13'0011010000000
  transition:     4'1000 16'--00-00-11100--- ->     4'1000 13'0100010000000
  transition:     4'1000 16'--00-10-11100--- ->     4'0111 13'0011110000000
  transition:     4'1000 16'--00--0----100-- ->     4'0001 13'0000110000000
  transition:     4'1000 16'--00--0----101-- ->     4'1000 13'0100010000000
  transition:     4'1000 16'--00--000--01--- ->     4'1000 13'0100010000000
  transition:     4'1000 16'--00--010--01--- ->     4'1000 13'0100010000000
  transition:     4'1000 16'--00--0-10001--- ->     4'0100 13'0010010000000
  transition:     4'1000 16'--00--0-11001--- ->     4'1000 13'0100010000000
  transition:     4'1000 16'--00-00-10101--- ->     4'0001 13'0000110000000
  transition:     4'1000 16'--00-10-10101--- ->     4'0110 13'0011010000000
  transition:     4'1000 16'--00-00-11101--- ->     4'1000 13'0100010000000
  transition:     4'1000 16'--00-10-11101--- ->     4'0111 13'0011110000000
  transition:     4'1000 16'--00--0----110-- ->     4'0001 13'0000110000000
  transition:     4'1000 16'--00--0----111-- ->     4'1000 13'0100010000000
  transition:     4'1000 16'--01--0--------- ->     4'0000 13'0000010000000
  transition:     4'1000 16'--1---0--------- ->     4'1001 13'0100110000000
  transition:     4'1000 16'------1--------- ->     4'0000 13'0000010000000
  transition:     4'0100 16'---0--000--00--- ->     4'0100 13'0010001000000
  transition:     4'0100 16'---0--010--00--- ->     4'0100 13'0010001000000
  transition:     4'0100 16'---0--0-10000--- ->     4'0100 13'0010001000000
  transition:     4'0100 16'---0--0-11000--- ->     4'1000 13'0100001000000
  transition:     4'0100 16'---0-00-10100--- ->     4'0001 13'0000101000000
  transition:     4'0100 16'---0-10-10100--- ->     4'0110 13'0011001000000
  transition:     4'0100 16'---0-00-11100--- ->     4'1000 13'0100001000000
  transition:     4'0100 16'---0-10-11100--- ->     4'0111 13'0011101000000
  transition:     4'0100 16'---0--0----100-- ->     4'0001 13'0000101000000
  transition:     4'0100 16'---0--0----101-- ->     4'1000 13'0100001000000
  transition:     4'0100 16'---00-000--01-0- ->     4'0100 13'0010001000000
  transition:     4'0100 16'---00-010--01-0- ->     4'0100 13'0010001000000
  transition:     4'0100 16'---00-0-10001-0- ->     4'0100 13'0010001000000
  transition:     4'0100 16'---00-0-11001-0- ->     4'1000 13'0100001000000
  transition:     4'0100 16'---0000-10101-0- ->     4'0001 13'0000101000000
  transition:     4'0100 16'---0010-10101-0- ->     4'0110 13'0011001000000
  transition:     4'0100 16'---0000-11101-0- ->     4'1000 13'0100001000000
  transition:     4'0100 16'---0010-11101-0- ->     4'0111 13'0011101000000
  transition:     4'0100 16'---00-0----1100- ->     4'0001 13'0000101000000
  transition:     4'0100 16'---00-0----1110- ->     4'1000 13'0100001000000
  transition:     4'0100 16'---00-0-----1-1- ->     4'0101 13'0010101000000
  transition:     4'0100 16'---01-0-----1--- ->     4'0101 13'0010101000000
  transition:     4'0100 16'---1--0--------- ->     4'0000 13'0000001000000
  transition:     4'0100 16'------1--------- ->     4'0000 13'0000001000000
  transition:     4'0010 16'---0--000--00--- ->     4'0010 13'0001000010000
  transition:     4'0010 16'---0--010--00--- ->     4'0010 13'0001000010000
  transition:     4'0010 16'---0--0-10000--- ->     4'0100 13'0010000010000
  transition:     4'0010 16'---0--0-11000--- ->     4'1000 13'0100000010000
  transition:     4'0010 16'---0-00-10100--- ->     4'0001 13'0000100010000
  transition:     4'0010 16'---0-10-10100--- ->     4'0110 13'0011000010000
  transition:     4'0010 16'---0-00-11100--- ->     4'1000 13'0100000010000
  transition:     4'0010 16'---0-10-11100--- ->     4'0111 13'0011100010000
  transition:     4'0010 16'---0--0----100-- ->     4'0001 13'0000100010000
  transition:     4'0010 16'---0--0----101-- ->     4'1000 13'0100000010000
  transition:     4'0010 16'---0--0-----1--- ->     4'0011 13'0001100010000
  transition:     4'0010 16'---1--0--------- ->     4'0000 13'0000000010000
  transition:     4'0010 16'------1--------- ->     4'0000 13'0000000010000
  transition:     4'0110 16'---0--000--00--- ->     4'0110 13'0011000100000
  transition:     4'0110 16'---0--010--00--- ->     4'0110 13'0011000100000
  transition:     4'0110 16'---0--0-10000--- ->     4'0100 13'0010000100000
  transition:     4'0110 16'---0--0-11000--- ->     4'1000 13'0100000100000
  transition:     4'0110 16'---0-00-10100--- ->     4'0001 13'0000100100000
  transition:     4'0110 16'---0-10-10100--- ->     4'0110 13'0011000100000
  transition:     4'0110 16'---0-00-11100--- ->     4'1000 13'0100000100000
  transition:     4'0110 16'---0-10-11100--- ->     4'0111 13'0011100100000
  transition:     4'0110 16'---0--0----100-- ->     4'0001 13'0000100100000
  transition:     4'0110 16'---0--0----101-- ->     4'1000 13'0100000100000
  transition:     4'0110 16'---0--000--01-0- ->     4'0110 13'0011000100000
  transition:     4'0110 16'---0--010--01-0- ->     4'0110 13'0011000100000
  transition:     4'0110 16'---0--0-10001-0- ->     4'0100 13'0010000100000
  transition:     4'0110 16'---0--0-11001-0- ->     4'1000 13'0100000100000
  transition:     4'0110 16'---0-00-10101-0- ->     4'0001 13'0000100100000
  transition:     4'0110 16'---0-10-10101-0- ->     4'0110 13'0011000100000
  transition:     4'0110 16'---0-00-11101-0- ->     4'1000 13'0100000100000
  transition:     4'0110 16'---0-10-11101-0- ->     4'0111 13'0011100100000
  transition:     4'0110 16'---0--0----1100- ->     4'0001 13'0000100100000
  transition:     4'0110 16'---0--0----1110- ->     4'1000 13'0100000100000
  transition:     4'0110 16'---0--0-----1-1- ->     4'1000 13'0100000100000
  transition:     4'0110 16'---1--0--------- ->     4'0000 13'0000000100000
  transition:     4'0110 16'------1--------- ->     4'0000 13'0000000100000
  transition:     4'0001 16'---0--000--00--- ->     4'0001 13'0000100001000
  transition:     4'0001 16'---0--010--00--- ->     4'0001 13'0000100001000
  transition:     4'0001 16'---0--0-10000--- ->     4'0100 13'0010000001000
  transition:     4'0001 16'---0--0-11000--- ->     4'1000 13'0100000001000
  transition:     4'0001 16'---0-00-10100--- ->     4'0001 13'0000100001000
  transition:     4'0001 16'---0-10-10100--- ->     4'0110 13'0011000001000
  transition:     4'0001 16'---0-00-11100--- ->     4'1000 13'0100000001000
  transition:     4'0001 16'---0-10-11100--- ->     4'0111 13'0011100001000
  transition:     4'0001 16'---0--0----100-- ->     4'0001 13'0000100001000
  transition:     4'0001 16'---0--0----101-- ->     4'1000 13'0100000001000
  transition:     4'0001 16'---0--0-----1-0- ->     4'0010 13'0001000001000
  transition:     4'0001 16'---0--0-----1-1- ->     4'1000 13'0100000001000
  transition:     4'0001 16'---1--0--------- ->     4'0000 13'0000000001000
  transition:     4'0001 16'------1--------- ->     4'0000 13'0000000001000
  transition:     4'1001 16'---0--000--00--- ->     4'1001 13'0100100000000
  transition:     4'1001 16'---0--010--00--- ->     4'1001 13'0100100000000
  transition:     4'1001 16'---0--0-10000--- ->     4'0100 13'0010000000000
  transition:     4'1001 16'---0--0-11000--- ->     4'1000 13'0100000000000
  transition:     4'1001 16'---0-00-10100--- ->     4'0001 13'0000100000000
  transition:     4'1001 16'---0-10-10100--- ->     4'0110 13'0011000000000
  transition:     4'1001 16'---0-00-11100--- ->     4'1000 13'0100000000000
  transition:     4'1001 16'---0-10-11100--- ->     4'0111 13'0011100000000
  transition:     4'1001 16'---0--0----100-- ->     4'0001 13'0000100000000
  transition:     4'1001 16'---0--0----101-- ->     4'1000 13'0100000000000
  transition:     4'1001 16'---0--000--01--- ->     4'1001 13'0100100000000
  transition:     4'1001 16'---0--010--01--- ->     4'1001 13'0100100000000
  transition:     4'1001 16'---0--0-10001--- ->     4'0100 13'0010000000000
  transition:     4'1001 16'---0--0-11001--- ->     4'1000 13'0100000000000
  transition:     4'1001 16'---0-00-10101--- ->     4'0001 13'0000100000000
  transition:     4'1001 16'---0-10-10101--- ->     4'0110 13'0011000000000
  transition:     4'1001 16'---0-00-11101--- ->     4'1000 13'0100000000000
  transition:     4'1001 16'---0-10-11101--- ->     4'0111 13'0011100000000
  transition:     4'1001 16'---0--0----110-- ->     4'0001 13'0000100000000
  transition:     4'1001 16'---0--0----111-- ->     4'1000 13'0100000000000
  transition:     4'1001 16'---1--0--------- ->     4'0000 13'0000000000000
  transition:     4'1001 16'------1--------- ->     4'0000 13'0000000000000
  transition:     4'0101 16'---0--000--00--- ->     4'0101 13'1010100000000
  transition:     4'0101 16'00-0--010--00--0 ->     4'0110 13'1011000000000
  transition:     4'0101 16'---0--010--00--1 ->     4'1000 13'1100000000000
  transition:     4'0101 16'-1-0--010--00--- ->     4'0111 13'1011100000000
  transition:     4'0101 16'1--0--010--00--- ->     4'0001 13'1000100000000
  transition:     4'0101 16'---0--0-10000--- ->     4'0100 13'1010000000000
  transition:     4'0101 16'---0--0-11000--- ->     4'1000 13'1100000000000
  transition:     4'0101 16'---0-00-10100--- ->     4'0001 13'1000100000000
  transition:     4'0101 16'---0-10-10100--- ->     4'0110 13'1011000000000
  transition:     4'0101 16'---0-00-11100--- ->     4'1000 13'1100000000000
  transition:     4'0101 16'---0-10-11100--- ->     4'0111 13'1011100000000
  transition:     4'0101 16'---0--0----100-- ->     4'0001 13'1000100000000
  transition:     4'0101 16'---0--0----101-- ->     4'1000 13'1100000000000
  transition:     4'0101 16'---0--000--01--- ->     4'0101 13'1010100000000
  transition:     4'0101 16'00-0--010--01--0 ->     4'0110 13'1011000000000
  transition:     4'0101 16'---0--010--01--1 ->     4'1000 13'1100000000000
  transition:     4'0101 16'-1-0--010--01--- ->     4'0111 13'1011100000000
  transition:     4'0101 16'1--0--010--01--- ->     4'0001 13'1000100000000
  transition:     4'0101 16'---0--0-10001--- ->     4'0100 13'1010000000000
  transition:     4'0101 16'---0--0-11001--- ->     4'1000 13'1100000000000
  transition:     4'0101 16'---0-00-10101--- ->     4'0001 13'1000100000000
  transition:     4'0101 16'---0-10-10101--- ->     4'0110 13'1011000000000
  transition:     4'0101 16'---0-00-11101--- ->     4'1000 13'1100000000000
  transition:     4'0101 16'---0-10-11101--- ->     4'0111 13'1011100000000
  transition:     4'0101 16'---0--0----110-- ->     4'0001 13'1000100000000
  transition:     4'0101 16'---0--0----111-- ->     4'1000 13'1100000000000
  transition:     4'0101 16'---1--0--------- ->     4'0000 13'1000000000000
  transition:     4'0101 16'------1--------- ->     4'0000 13'1000000000000
  transition:     4'0011 16'---0--000--00--- ->     4'0011 13'0001100000100
  transition:     4'0011 16'---0--010--00--- ->     4'0011 13'0001100000100
  transition:     4'0011 16'---0--0-10000--- ->     4'0100 13'0010000000100
  transition:     4'0011 16'---0--0-11000--- ->     4'1000 13'0100000000100
  transition:     4'0011 16'---0-00-10100--- ->     4'0001 13'0000100000100
  transition:     4'0011 16'---0-10-10100--- ->     4'0110 13'0011000000100
  transition:     4'0011 16'---0-00-11100--- ->     4'1000 13'0100000000100
  transition:     4'0011 16'---0-10-11100--- ->     4'0111 13'0011100000100
  transition:     4'0011 16'---0--0----100-- ->     4'0001 13'0000100000100
  transition:     4'0011 16'---0--0----101-- ->     4'1000 13'0100000000100
  transition:     4'0011 16'---0--000--01--- ->     4'0011 13'0001100000100
  transition:     4'0011 16'---0--010--01--- ->     4'0011 13'0001100000100
  transition:     4'0011 16'---0--0-10001--- ->     4'0100 13'0010000000100
  transition:     4'0011 16'---0--0-11001--- ->     4'1000 13'0100000000100
  transition:     4'0011 16'---0-00-10101--- ->     4'0001 13'0000100000100
  transition:     4'0011 16'---0-10-10101--- ->     4'0110 13'0011000000100
  transition:     4'0011 16'---0-00-11101--- ->     4'1000 13'0100000000100
  transition:     4'0011 16'---0-10-11101--- ->     4'0111 13'0011100000100
  transition:     4'0011 16'---0--0----110-- ->     4'0001 13'0000100000100
  transition:     4'0011 16'---0--0----111-- ->     4'1000 13'0100000000100
  transition:     4'0011 16'---1--0--------- ->     4'0000 13'0000000000100
  transition:     4'0011 16'------1--------- ->     4'0000 13'0000000000100
  transition:     4'0111 16'---0--000--00--- ->     4'0111 13'0011100000010
  transition:     4'0111 16'---0--010--00--- ->     4'0111 13'0011100000010
  transition:     4'0111 16'---0--0-10000--- ->     4'0100 13'0010000000010
  transition:     4'0111 16'---0--0-11000--- ->     4'1000 13'0100000000010
  transition:     4'0111 16'---0-00-10100--- ->     4'0001 13'0000100000010
  transition:     4'0111 16'---0-10-10100--- ->     4'0110 13'0011000000010
  transition:     4'0111 16'---0-00-11100--- ->     4'1000 13'0100000000010
  transition:     4'0111 16'---0-10-11100--- ->     4'0111 13'0011100000010
  transition:     4'0111 16'---0--0----100-- ->     4'0001 13'0000100000010
  transition:     4'0111 16'---0--0----101-- ->     4'1000 13'0100000000010
  transition:     4'0111 16'---0--000--01--- ->     4'0111 13'0011100000010
  transition:     4'0111 16'---0--010--01--- ->     4'0111 13'0011100000010
  transition:     4'0111 16'---0--0-10001--- ->     4'0100 13'0010000000010
  transition:     4'0111 16'---0--0-11001--- ->     4'1000 13'0100000000010
  transition:     4'0111 16'---0-00-10101--- ->     4'0001 13'0000100000010
  transition:     4'0111 16'---0-10-10101--- ->     4'0110 13'0011000000010
  transition:     4'0111 16'---0-00-11101--- ->     4'1000 13'0100000000010
  transition:     4'0111 16'---0-10-11101--- ->     4'0111 13'0011100000010
  transition:     4'0111 16'---0--0----110-- ->     4'0001 13'0000100000010
  transition:     4'0111 16'---0--0----111-- ->     4'1000 13'0100000000010
  transition:     4'0111 16'---1--0--------- ->     4'0000 13'0000000000010
  transition:     4'0111 16'------1--------- ->     4'0000 13'0000000000010
Extracting FSM `\state_q' from module `\wire_mold_header_seq'.
  found $dff cell for state register: $procdff$3548
  root of input selection tree: $0\state_q[2:0]
  found reset state: 3'000 (guessed from mux tree)
  found ctrl input: $logic_or$rtl/arch_a/wire_mold_header_seq.sv:112$29_Y
  found ctrl input: \input_fire
  found ctrl input: \reject_fire
  found ctrl input: \result_fire
  found ctrl input: \body_fire
  found ctrl input: \packet_fire
  found ctrl input: \packet_empty_q
  found state code: 3'010
  found state code: 3'011
  found ctrl input: \body_last_q
  found ctrl input: \packet_result_success
  found state code: 3'110
  found state code: 3'000
  found ctrl input: $eq$rtl/arch_a/wire_mold_header_seq.sv:104$16_Y
  found ctrl input: $eq$rtl/arch_a/wire_mold_header_seq.sv:104$15_Y
  found ctrl input: \in_last
  found state code: 3'101
  found ctrl input: $lt$rtl/arch_a/wire_mold_header_seq.sv:172$37_Y
  found ctrl input: $ne$rtl/arch_a/wire_mold_header_seq.sv:186$54_Y
  found ctrl input: $ne$rtl/arch_a/wire_mold_header_seq.sv:200$55_Y
  found ctrl input: $eq$rtl/arch_a/wire_mold_header_seq.sv:214$56_Y
  found ctrl input: $eq$rtl/arch_a/wire_mold_header_seq.sv:224$57_Y
  found state code: 3'001
  found state code: 3'100
  found ctrl output: \reject_valid
  found ctrl output: $ne$rtl/arch_a/wire_mold_header_seq.sv:96$9_Y
  found ctrl output: $ne$rtl/arch_a/wire_mold_header_seq.sv:97$10_Y
  found ctrl output: $eq$rtl/arch_a/wire_mold_header_seq.sv:100$13_Y
  found ctrl output: $eq$rtl/arch_a/wire_mold_header_seq.sv:105$18_Y
  found ctrl output: $eq$rtl/arch_a/wire_mold_header_seq.sv:104$16_Y
  found ctrl output: $eq$rtl/arch_a/wire_mold_header_seq.sv:104$15_Y
  ctrl inputs: { $eq$rtl/arch_a/wire_mold_header_seq.sv:224$57_Y $eq$rtl/arch_a/wire_mold_header_seq.sv:214$56_Y $ne$rtl/arch_a/wire_mold_header_seq.sv:200$55_Y $ne$rtl/arch_a/wire_mold_header_seq.sv:186$54_Y $lt$rtl/arch_a/wire_mold_header_seq.sv:172$37_Y $logic_or$rtl/arch_a/wire_mold_header_seq.sv:112$29_Y \reject_fire \result_fire \body_fire \packet_fire \input_fire \body_last_q \packet_empty_q \packet_result_success \in_last }
  ctrl outputs: { $0\state_q[2:0] $eq$rtl/arch_a/wire_mold_header_seq.sv:105$18_Y $eq$rtl/arch_a/wire_mold_header_seq.sv:104$16_Y $eq$rtl/arch_a/wire_mold_header_seq.sv:104$15_Y $eq$rtl/arch_a/wire_mold_header_seq.sv:100$13_Y $ne$rtl/arch_a/wire_mold_header_seq.sv:97$10_Y $ne$rtl/arch_a/wire_mold_header_seq.sv:96$9_Y \reject_valid }
  transition:      3'000 15'-----000000---- ->      3'000 10'0000010110
  transition:      3'000 15'-----000010-0-- ->      3'010 10'0100010110
  transition:      3'000 15'-----000010-1-- ->      3'011 10'0110010110
  transition:      3'000 15'-----0001000--- ->      3'000 10'0000010110
  transition:      3'000 15'-----00011000-- ->      3'010 10'0100010110
  transition:      3'000 15'-----00011001-- ->      3'011 10'0110010110
  transition:      3'000 15'-----0001-01--- ->      3'011 10'0110010110
  transition:      3'000 15'-----001--0--0- ->      3'110 10'1100010110
  transition:      3'000 15'-----001--0--1- ->      3'000 10'0000010110
  transition:      3'000 15'-----01---0---- ->      3'110 10'1100010110
  transition:      3'000 15'000000----1---- ->      3'001 10'0010010110
  transition:      3'000 15'100000----1---0 ->      3'100 10'1000010110
  transition:      3'000 15'100000----1---1 ->      3'101 10'1010010110
  transition:      3'000 15'-10000----1---0 ->      3'100 10'1000010110
  transition:      3'000 15'-10000----1---1 ->      3'000 10'0000010110
  transition:      3'000 15'--1000----1---0 ->      3'100 10'1000010110
  transition:      3'000 15'--1000----1---1 ->      3'101 10'1010010110
  transition:      3'000 15'---100----1---0 ->      3'100 10'1000010110
  transition:      3'000 15'---100----1---1 ->      3'101 10'1010010110
  transition:      3'000 15'----1000001---0 ->      3'000 10'0000010110
  transition:      3'000 15'----1000011-0-0 ->      3'010 10'0100010110
  transition:      3'000 15'----1000011-1-0 ->      3'011 10'0110010110
  transition:      3'000 15'----10001010--0 ->      3'000 10'0000010110
  transition:      3'000 15'----100011100-0 ->      3'010 10'0100010110
  transition:      3'000 15'----100011101-0 ->      3'011 10'0110010110
  transition:      3'000 15'----10001-11--0 ->      3'011 10'0110010110
  transition:      3'000 15'----1001--1--00 ->      3'110 10'1100010110
  transition:      3'000 15'----1001--1--10 ->      3'000 10'0000010110
  transition:      3'000 15'----101---1---0 ->      3'110 10'1100010110
  transition:      3'000 15'----10----1---1 ->      3'101 10'1010010110
  transition:      3'000 15'-----1--------- ->      3'000 10'0000010110
  transition:      3'100 15'-----000000---- ->      3'100 10'1000100110
  transition:      3'100 15'-----000010-0-- ->      3'010 10'0100100110
  transition:      3'100 15'-----000010-1-- ->      3'011 10'0110100110
  transition:      3'100 15'-----0001000--- ->      3'100 10'1000100110
  transition:      3'100 15'-----00011000-- ->      3'010 10'0100100110
  transition:      3'100 15'-----00011001-- ->      3'011 10'0110100110
  transition:      3'100 15'-----0001-01--- ->      3'011 10'0110100110
  transition:      3'100 15'-----001--0--0- ->      3'110 10'1100100110
  transition:      3'100 15'-----001--0--1- ->      3'000 10'0000100110
  transition:      3'100 15'-----01---0---- ->      3'110 10'1100100110
  transition:      3'100 15'-----000001---0 ->      3'100 10'1000100110
  transition:      3'100 15'-----000011-0-0 ->      3'010 10'0100100110
  transition:      3'100 15'-----000011-1-0 ->      3'011 10'0110100110
  transition:      3'100 15'-----0001010--0 ->      3'100 10'1000100110
  transition:      3'100 15'-----00011100-0 ->      3'010 10'0100100110
  transition:      3'100 15'-----00011101-0 ->      3'011 10'0110100110
  transition:      3'100 15'-----0001-11--0 ->      3'011 10'0110100110
  transition:      3'100 15'-----001--1--00 ->      3'110 10'1100100110
  transition:      3'100 15'-----001--1--10 ->      3'000 10'0000100110
  transition:      3'100 15'-----01---1---0 ->      3'110 10'1100100110
  transition:      3'100 15'-----0----1---1 ->      3'101 10'1010100110
  transition:      3'100 15'-----1--------- ->      3'000 10'0000100110
  transition:      3'010 15'-----000000---- ->      3'010 10'0101000110
  transition:      3'010 15'-----000010-0-- ->      3'010 10'0101000110
  transition:      3'010 15'-----000010-1-- ->      3'011 10'0111000110
  transition:      3'010 15'-----0001000--- ->      3'010 10'0101000110
  transition:      3'010 15'-----00011000-- ->      3'010 10'0101000110
  transition:      3'010 15'-----00011001-- ->      3'011 10'0111000110
  transition:      3'010 15'-----0001-01--- ->      3'011 10'0111000110
  transition:      3'010 15'-----001--0--0- ->      3'110 10'1101000110
  transition:      3'010 15'-----001--0--1- ->      3'000 10'0001000110
  transition:      3'010 15'-----01---0---- ->      3'110 10'1101000110
  transition:      3'010 15'-----000001---- ->      3'010 10'0101000110
  transition:      3'010 15'-----000011-0-- ->      3'010 10'0101000110
  transition:      3'010 15'-----000011-1-- ->      3'011 10'0111000110
  transition:      3'010 15'-----0001010--- ->      3'010 10'0101000110
  transition:      3'010 15'-----00011100-- ->      3'010 10'0101000110
  transition:      3'010 15'-----00011101-- ->      3'011 10'0111000110
  transition:      3'010 15'-----0001-11--- ->      3'011 10'0111000110
  transition:      3'010 15'-----001--1--0- ->      3'110 10'1101000110
  transition:      3'010 15'-----001--1--1- ->      3'000 10'0001000110
  transition:      3'010 15'-----01---1---- ->      3'110 10'1101000110
  transition:      3'010 15'-----1--------- ->      3'000 10'0001000110
  transition:      3'110 15'-----000000---- ->      3'110 10'1100000100
  transition:      3'110 15'-----000010-0-- ->      3'010 10'0100000100
  transition:      3'110 15'-----000010-1-- ->      3'011 10'0110000100
  transition:      3'110 15'-----0001000--- ->      3'110 10'1100000100
  transition:      3'110 15'-----00011000-- ->      3'010 10'0100000100
  transition:      3'110 15'-----00011001-- ->      3'011 10'0110000100
  transition:      3'110 15'-----0001-01--- ->      3'011 10'0110000100
  transition:      3'110 15'-----001--0--0- ->      3'110 10'1100000100
  transition:      3'110 15'-----001--0--1- ->      3'000 10'0000000100
  transition:      3'110 15'-----01---0---- ->      3'110 10'1100000100
  transition:      3'110 15'-----000001---- ->      3'110 10'1100000100
  transition:      3'110 15'-----000011-0-- ->      3'010 10'0100000100
  transition:      3'110 15'-----000011-1-- ->      3'011 10'0110000100
  transition:      3'110 15'-----0001010--- ->      3'110 10'1100000100
  transition:      3'110 15'-----00011100-- ->      3'010 10'0100000100
  transition:      3'110 15'-----00011101-- ->      3'011 10'0110000100
  transition:      3'110 15'-----0001-11--- ->      3'011 10'0110000100
  transition:      3'110 15'-----001--1--0- ->      3'110 10'1100000100
  transition:      3'110 15'-----001--1--1- ->      3'000 10'0000000100
  transition:      3'110 15'-----01---1---- ->      3'110 10'1100000100
  transition:      3'110 15'-----1--------- ->      3'000 10'0000000100
  transition:      3'001 15'-----000000---- ->      3'001 10'0010000110
  transition:      3'001 15'-----000010-0-- ->      3'010 10'0100000110
  transition:      3'001 15'-----000010-1-- ->      3'011 10'0110000110
  transition:      3'001 15'-----0001000--- ->      3'001 10'0010000110
  transition:      3'001 15'-----00011000-- ->      3'010 10'0100000110
  transition:      3'001 15'-----00011001-- ->      3'011 10'0110000110
  transition:      3'001 15'-----0001-01--- ->      3'011 10'0110000110
  transition:      3'001 15'-----001--0--0- ->      3'110 10'1100000110
  transition:      3'001 15'-----001--0--1- ->      3'000 10'0000000110
  transition:      3'001 15'-----01---0---- ->      3'110 10'1100000110
  transition:      3'001 15'-----000001---- ->      3'001 10'0010000110
  transition:      3'001 15'-----000011-0-- ->      3'010 10'0100000110
  transition:      3'001 15'-----000011-1-- ->      3'011 10'0110000110
  transition:      3'001 15'-----0001010--- ->      3'001 10'0010000110
  transition:      3'001 15'-----00011100-- ->      3'010 10'0100000110
  transition:      3'001 15'-----00011101-- ->      3'011 10'0110000110
  transition:      3'001 15'-----0001-11--- ->      3'011 10'0110000110
  transition:      3'001 15'-----001--1--0- ->      3'110 10'1100000110
  transition:      3'001 15'-----001--1--1- ->      3'000 10'0000000110
  transition:      3'001 15'-----01---1---- ->      3'110 10'1100000110
  transition:      3'001 15'-----1--------- ->      3'000 10'0000000110
  transition:      3'101 15'-----000000---- ->      3'101 10'1010000011
  transition:      3'101 15'-----000010-0-- ->      3'010 10'0100000011
  transition:      3'101 15'-----000010-1-- ->      3'011 10'0110000011
  transition:      3'101 15'-----0001000--- ->      3'101 10'1010000011
  transition:      3'101 15'-----00011000-- ->      3'010 10'0100000011
  transition:      3'101 15'-----00011001-- ->      3'011 10'0110000011
  transition:      3'101 15'-----0001-01--- ->      3'011 10'0110000011
  transition:      3'101 15'-----001--0--0- ->      3'110 10'1100000011
  transition:      3'101 15'-----001--0--1- ->      3'000 10'0000000011
  transition:      3'101 15'-----01---0---- ->      3'110 10'1100000011
  transition:      3'101 15'-----000001---- ->      3'101 10'1010000011
  transition:      3'101 15'-----000011-0-- ->      3'010 10'0100000011
  transition:      3'101 15'-----000011-1-- ->      3'011 10'0110000011
  transition:      3'101 15'-----0001010--- ->      3'101 10'1010000011
  transition:      3'101 15'-----00011100-- ->      3'010 10'0100000011
  transition:      3'101 15'-----00011101-- ->      3'011 10'0110000011
  transition:      3'101 15'-----0001-11--- ->      3'011 10'0110000011
  transition:      3'101 15'-----001--1--0- ->      3'110 10'1100000011
  transition:      3'101 15'-----001--1--1- ->      3'000 10'0000000011
  transition:      3'101 15'-----01---1---- ->      3'110 10'1100000011
  transition:      3'101 15'-----1--------- ->      3'000 10'0000000011
  transition:      3'011 15'-----000000---- ->      3'011 10'0110001110
  transition:      3'011 15'-----000010-0-- ->      3'010 10'0100001110
  transition:      3'011 15'-----000010-1-- ->      3'011 10'0110001110
  transition:      3'011 15'-----0001000--- ->      3'011 10'0110001110
  transition:      3'011 15'-----00011000-- ->      3'010 10'0100001110
  transition:      3'011 15'-----00011001-- ->      3'011 10'0110001110
  transition:      3'011 15'-----0001-01--- ->      3'011 10'0110001110
  transition:      3'011 15'-----001--0--0- ->      3'110 10'1100001110
  transition:      3'011 15'-----001--0--1- ->      3'000 10'0000001110
  transition:      3'011 15'-----01---0---- ->      3'110 10'1100001110
  transition:      3'011 15'-----000001---- ->      3'011 10'0110001110
  transition:      3'011 15'-----000011-0-- ->      3'010 10'0100001110
  transition:      3'011 15'-----000011-1-- ->      3'011 10'0110001110
  transition:      3'011 15'-----0001010--- ->      3'011 10'0110001110
  transition:      3'011 15'-----00011100-- ->      3'010 10'0100001110
  transition:      3'011 15'-----00011101-- ->      3'011 10'0110001110
  transition:      3'011 15'-----0001-11--- ->      3'011 10'0110001110
  transition:      3'011 15'-----001--1--0- ->      3'110 10'1100001110
  transition:      3'011 15'-----001--1--1- ->      3'000 10'0000001110
  transition:      3'011 15'-----01---1---- ->      3'110 10'1100001110
  transition:      3'011 15'-----1--------- ->      3'000 10'0000001110

6.7.3. Executing FSM_OPT pass (simple optimizations of FSMs).
Optimizing FSM `$fsm$\state_q$3593' from module `\wire_itch_decoder'.
Optimizing FSM `$fsm$\state_q$3607' from module `\wire_mold_message_framer'.
  Merging pattern 16'---0--000--00--- and 16'---0--000--01--- from group (0 0 13'0000000000001).
  Merging pattern 16'---0--010--00--- and 16'---0--010--01--- from group (0 0 13'0000000000001).
  Merging pattern 16'---0--000--01--- and 16'---0--000--00--- from group (0 0 13'0000000000001).
  Merging pattern 16'---0--010--01--- and 16'---0--010--00--- from group (0 0 13'0000000000001).
  Merging pattern 16'---0--000--0---- and 16'---0--010--0---- from group (0 0 13'0000000000001).
  Merging pattern 16'---0--010--0---- and 16'---0--000--0---- from group (0 0 13'0000000000001).
  Merging pattern 16'---0--0----101-- and 16'---0--0----111-- from group (0 1 13'0100000000001).
  Merging pattern 16'---0--0----111-- and 16'---0--0----101-- from group (0 1 13'0100000000001).
  Merging pattern 16'---0--0-11000--- and 16'---0--0-11001--- from group (0 1 13'0100000000001).
  Merging pattern 16'---0-00-11100--- and 16'---0-00-11101--- from group (0 1 13'0100000000001).
  Merging pattern 16'---0--0-11001--- and 16'---0--0-11000--- from group (0 1 13'0100000000001).
  Merging pattern 16'---0-00-11101--- and 16'---0-00-11100--- from group (0 1 13'0100000000001).
  Merging pattern 16'---0--0-10000--- and 16'---0--0-10001--- from group (0 2 13'0010000000001).
  Merging pattern 16'---0--0-10001--- and 16'---0--0-10000--- from group (0 2 13'0010000000001).
  Merging pattern 16'---0-10-10100--- and 16'---0-10-10101--- from group (0 4 13'0011000000001).
  Merging pattern 16'---0-10-10101--- and 16'---0-10-10100--- from group (0 4 13'0011000000001).
  Merging pattern 16'---0--0----100-- and 16'---0--0----110-- from group (0 5 13'0000100000001).
  Merging pattern 16'---0--0----110-- and 16'---0--0----100-- from group (0 5 13'0000100000001).
  Merging pattern 16'---0-00-10100--- and 16'---0-00-10101--- from group (0 5 13'0000100000001).
  Merging pattern 16'---0-00-10101--- and 16'---0-00-10100--- from group (0 5 13'0000100000001).
  Merging pattern 16'---0-10-11100--- and 16'---0-10-11101--- from group (0 9 13'0011100000001).
  Merging pattern 16'---0-10-11101--- and 16'---0-10-11100--- from group (0 9 13'0011100000001).
  Merging pattern 16'--00--0----101-- and 16'--00--0----111-- from group (1 1 13'0100010000000).
  Merging pattern 16'--00--0----111-- and 16'--00--0----101-- from group (1 1 13'0100010000000).
  Merging pattern 16'--00--0-11000--- and 16'--00--0-11001--- from group (1 1 13'0100010000000).
  Merging pattern 16'--00-00-11100--- and 16'--00-00-11101--- from group (1 1 13'0100010000000).
  Merging pattern 16'--00--000--00--- and 16'--00--000--01--- from group (1 1 13'0100010000000).
  Merging pattern 16'--00--010--00--- and 16'--00--010--01--- from group (1 1 13'0100010000000).
  Merging pattern 16'--00--0-11001--- and 16'--00--0-11000--- from group (1 1 13'0100010000000).
  Merging pattern 16'--00-00-11101--- and 16'--00-00-11100--- from group (1 1 13'0100010000000).
  Merging pattern 16'--00--000--01--- and 16'--00--000--00--- from group (1 1 13'0100010000000).
  Merging pattern 16'--00--010--01--- and 16'--00--010--00--- from group (1 1 13'0100010000000).
  Merging pattern 16'--00--000--0---- and 16'--00--010--0---- from group (1 1 13'0100010000000).
  Merging pattern 16'--00--010--0---- and 16'--00--000--0---- from group (1 1 13'0100010000000).
  Merging pattern 16'--00--0-10000--- and 16'--00--0-10001--- from group (1 2 13'0010010000000).
  Merging pattern 16'--00--0-10001--- and 16'--00--0-10000--- from group (1 2 13'0010010000000).
  Merging pattern 16'--00-10-10100--- and 16'--00-10-10101--- from group (1 4 13'0011010000000).
  Merging pattern 16'--00-10-10101--- and 16'--00-10-10100--- from group (1 4 13'0011010000000).
  Merging pattern 16'--00--0----100-- and 16'--00--0----110-- from group (1 5 13'0000110000000).
  Merging pattern 16'--00--0----110-- and 16'--00--0----100-- from group (1 5 13'0000110000000).
  Merging pattern 16'--00-00-10100--- and 16'--00-00-10101--- from group (1 5 13'0000110000000).
  Merging pattern 16'--00-00-10101--- and 16'--00-00-10100--- from group (1 5 13'0000110000000).
  Merging pattern 16'--00-10-11100--- and 16'--00-10-11101--- from group (1 9 13'0011110000000).
  Merging pattern 16'--00-10-11101--- and 16'--00-10-11100--- from group (1 9 13'0011110000000).
  Merging pattern 16'---00-000--01-0- and 16'---00-010--01-0- from group (2 2 13'0010001000000).
  Merging pattern 16'---00-010--01-0- and 16'---00-000--01-0- from group (2 2 13'0010001000000).
  Merging pattern 16'---0--000--00--- and 16'---0--010--00--- from group (2 2 13'0010001000000).
  Merging pattern 16'---0--010--00--- and 16'---0--000--00--- from group (2 2 13'0010001000000).
  Merging pattern 16'---0--000--00--- and 16'---0--010--00--- from group (3 3 13'0001000010000).
  Merging pattern 16'---0--010--00--- and 16'---0--000--00--- from group (3 3 13'0001000010000).
  Merging pattern 16'---0--000--01-0- and 16'---0--010--01-0- from group (4 4 13'0011000100000).
  Merging pattern 16'---0--010--01-0- and 16'---0--000--01-0- from group (4 4 13'0011000100000).
  Merging pattern 16'---0--000--00--- and 16'---0--010--00--- from group (4 4 13'0011000100000).
  Merging pattern 16'---0--010--00--- and 16'---0--000--00--- from group (4 4 13'0011000100000).
  Merging pattern 16'---0--000--00--- and 16'---0--010--00--- from group (5 5 13'0000100001000).
  Merging pattern 16'---0--010--00--- and 16'---0--000--00--- from group (5 5 13'0000100001000).
  Merging pattern 16'---0--0----101-- and 16'---0--0----111-- from group (6 1 13'0100000000000).
  Merging pattern 16'---0--0----111-- and 16'---0--0----101-- from group (6 1 13'0100000000000).
  Merging pattern 16'---0--0-11000--- and 16'---0--0-11001--- from group (6 1 13'0100000000000).
  Merging pattern 16'---0-00-11100--- and 16'---0-00-11101--- from group (6 1 13'0100000000000).
  Merging pattern 16'---0--0-11001--- and 16'---0--0-11000--- from group (6 1 13'0100000000000).
  Merging pattern 16'---0-00-11101--- and 16'---0-00-11100--- from group (6 1 13'0100000000000).
  Merging pattern 16'---0--0-10000--- and 16'---0--0-10001--- from group (6 2 13'0010000000000).
  Merging pattern 16'---0--0-10001--- and 16'---0--0-10000--- from group (6 2 13'0010000000000).
  Merging pattern 16'---0-10-10100--- and 16'---0-10-10101--- from group (6 4 13'0011000000000).
  Merging pattern 16'---0-10-10101--- and 16'---0-10-10100--- from group (6 4 13'0011000000000).
  Merging pattern 16'---0--0----100-- and 16'---0--0----110-- from group (6 5 13'0000100000000).
  Merging pattern 16'---0--0----110-- and 16'---0--0----100-- from group (6 5 13'0000100000000).
  Merging pattern 16'---0-00-10100--- and 16'---0-00-10101--- from group (6 5 13'0000100000000).
  Merging pattern 16'---0-00-10101--- and 16'---0-00-10100--- from group (6 5 13'0000100000000).
  Merging pattern 16'---0--000--00--- and 16'---0--000--01--- from group (6 6 13'0100100000000).
  Merging pattern 16'---0--010--00--- and 16'---0--010--01--- from group (6 6 13'0100100000000).
  Merging pattern 16'---0--000--01--- and 16'---0--000--00--- from group (6 6 13'0100100000000).
  Merging pattern 16'---0--010--01--- and 16'---0--010--00--- from group (6 6 13'0100100000000).
  Merging pattern 16'---0--000--0---- and 16'---0--010--0---- from group (6 6 13'0100100000000).
  Merging pattern 16'---0--010--0---- and 16'---0--000--0---- from group (6 6 13'0100100000000).
  Merging pattern 16'---0-10-11100--- and 16'---0-10-11101--- from group (6 9 13'0011100000000).
  Merging pattern 16'---0-10-11101--- and 16'---0-10-11100--- from group (6 9 13'0011100000000).
  Merging pattern 16'---0--010--00--1 and 16'---0--010--01--1 from group (7 1 13'1100000000000).
  Merging pattern 16'---0--010--01--1 and 16'---0--010--00--1 from group (7 1 13'1100000000000).
  Merging pattern 16'---0--0----101-- and 16'---0--0----111-- from group (7 1 13'1100000000000).
  Merging pattern 16'---0--0----111-- and 16'---0--0----101-- from group (7 1 13'1100000000000).
  Merging pattern 16'---0--0-11000--- and 16'---0--0-11001--- from group (7 1 13'1100000000000).
  Merging pattern 16'---0-00-11100--- and 16'---0-00-11101--- from group (7 1 13'1100000000000).
  Merging pattern 16'---0--0-11001--- and 16'---0--0-11000--- from group (7 1 13'1100000000000).
  Merging pattern 16'---0-00-11101--- and 16'---0-00-11100--- from group (7 1 13'1100000000000).
  Merging pattern 16'---0--0-10000--- and 16'---0--0-10001--- from group (7 2 13'1010000000000).
  Merging pattern 16'---0--0-10001--- and 16'---0--0-10000--- from group (7 2 13'1010000000000).
  Merging pattern 16'00-0--010--00--0 and 16'00-0--010--01--0 from group (7 4 13'1011000000000).
  Merging pattern 16'00-0--010--01--0 and 16'00-0--010--00--0 from group (7 4 13'1011000000000).
  Merging pattern 16'---0-10-10100--- and 16'---0-10-10101--- from group (7 4 13'1011000000000).
  Merging pattern 16'---0-10-10101--- and 16'---0-10-10100--- from group (7 4 13'1011000000000).
  Merging pattern 16'---0--0----100-- and 16'---0--0----110-- from group (7 5 13'1000100000000).
  Merging pattern 16'---0--0----110-- and 16'---0--0----100-- from group (7 5 13'1000100000000).
  Merging pattern 16'---0-00-10100--- and 16'---0-00-10101--- from group (7 5 13'1000100000000).
  Merging pattern 16'1--0--010--00--- and 16'1--0--010--01--- from group (7 5 13'1000100000000).
  Merging pattern 16'---0-00-10101--- and 16'---0-00-10100--- from group (7 5 13'1000100000000).
  Merging pattern 16'1--0--010--01--- and 16'1--0--010--00--- from group (7 5 13'1000100000000).
  Merging pattern 16'---0--000--00--- and 16'---0--000--01--- from group (7 7 13'1010100000000).
  Merging pattern 16'---0--000--01--- and 16'---0--000--00--- from group (7 7 13'1010100000000).
  Merging pattern 16'---0-10-11100--- and 16'---0-10-11101--- from group (7 9 13'1011100000000).
  Merging pattern 16'-1-0--010--00--- and 16'-1-0--010--01--- from group (7 9 13'1011100000000).
  Merging pattern 16'---0-10-11101--- and 16'---0-10-11100--- from group (7 9 13'1011100000000).
  Merging pattern 16'-1-0--010--01--- and 16'-1-0--010--00--- from group (7 9 13'1011100000000).
  Merging pattern 16'---0--0----101-- and 16'---0--0----111-- from group (8 1 13'0100000000100).
  Merging pattern 16'---0--0----111-- and 16'---0--0----101-- from group (8 1 13'0100000000100).
  Merging pattern 16'---0--0-11000--- and 16'---0--0-11001--- from group (8 1 13'0100000000100).
  Merging pattern 16'---0-00-11100--- and 16'---0-00-11101--- from group (8 1 13'0100000000100).
  Merging pattern 16'---0--0-11001--- and 16'---0--0-11000--- from group (8 1 13'0100000000100).
  Merging pattern 16'---0-00-11101--- and 16'---0-00-11100--- from group (8 1 13'0100000000100).
  Merging pattern 16'---0--0-10000--- and 16'---0--0-10001--- from group (8 2 13'0010000000100).
  Merging pattern 16'---0--0-10001--- and 16'---0--0-10000--- from group (8 2 13'0010000000100).
  Merging pattern 16'---0-10-10100--- and 16'---0-10-10101--- from group (8 4 13'0011000000100).
  Merging pattern 16'---0-10-10101--- and 16'---0-10-10100--- from group (8 4 13'0011000000100).
  Merging pattern 16'---0--0----100-- and 16'---0--0----110-- from group (8 5 13'0000100000100).
  Merging pattern 16'---0--0----110-- and 16'---0--0----100-- from group (8 5 13'0000100000100).
  Merging pattern 16'---0-00-10100--- and 16'---0-00-10101--- from group (8 5 13'0000100000100).
  Merging pattern 16'---0-00-10101--- and 16'---0-00-10100--- from group (8 5 13'0000100000100).
  Merging pattern 16'---0--000--00--- and 16'---0--000--01--- from group (8 8 13'0001100000100).
  Merging pattern 16'---0--010--00--- and 16'---0--010--01--- from group (8 8 13'0001100000100).
  Merging pattern 16'---0--000--01--- and 16'---0--000--00--- from group (8 8 13'0001100000100).
  Merging pattern 16'---0--010--01--- and 16'---0--010--00--- from group (8 8 13'0001100000100).
  Merging pattern 16'---0--000--0---- and 16'---0--010--0---- from group (8 8 13'0001100000100).
  Merging pattern 16'---0--010--0---- and 16'---0--000--0---- from group (8 8 13'0001100000100).
  Merging pattern 16'---0-10-11100--- and 16'---0-10-11101--- from group (8 9 13'0011100000100).
  Merging pattern 16'---0-10-11101--- and 16'---0-10-11100--- from group (8 9 13'0011100000100).
  Merging pattern 16'---0--0----101-- and 16'---0--0----111-- from group (9 1 13'0100000000010).
  Merging pattern 16'---0--0----111-- and 16'---0--0----101-- from group (9 1 13'0100000000010).
  Merging pattern 16'---0--0-11000--- and 16'---0--0-11001--- from group (9 1 13'0100000000010).
  Merging pattern 16'---0-00-11100--- and 16'---0-00-11101--- from group (9 1 13'0100000000010).
  Merging pattern 16'---0--0-11001--- and 16'---0--0-11000--- from group (9 1 13'0100000000010).
  Merging pattern 16'---0-00-11101--- and 16'---0-00-11100--- from group (9 1 13'0100000000010).
  Merging pattern 16'---0--0-10000--- and 16'---0--0-10001--- from group (9 2 13'0010000000010).
  Merging pattern 16'---0--0-10001--- and 16'---0--0-10000--- from group (9 2 13'0010000000010).
  Merging pattern 16'---0-10-10100--- and 16'---0-10-10101--- from group (9 4 13'0011000000010).
  Merging pattern 16'---0-10-10101--- and 16'---0-10-10100--- from group (9 4 13'0011000000010).
  Merging pattern 16'---0--0----100-- and 16'---0--0----110-- from group (9 5 13'0000100000010).
  Merging pattern 16'---0--0----110-- and 16'---0--0----100-- from group (9 5 13'0000100000010).
  Merging pattern 16'---0-00-10100--- and 16'---0-00-10101--- from group (9 5 13'0000100000010).
  Merging pattern 16'---0-00-10101--- and 16'---0-00-10100--- from group (9 5 13'0000100000010).
  Merging pattern 16'---0-10-11100--- and 16'---0-10-11101--- from group (9 9 13'0011100000010).
  Merging pattern 16'---0--000--00--- and 16'---0--000--01--- from group (9 9 13'0011100000010).
  Merging pattern 16'---0--010--00--- and 16'---0--010--01--- from group (9 9 13'0011100000010).
  Merging pattern 16'---0-10-11101--- and 16'---0-10-11100--- from group (9 9 13'0011100000010).
  Merging pattern 16'---0--000--01--- and 16'---0--000--00--- from group (9 9 13'0011100000010).
  Merging pattern 16'---0--010--01--- and 16'---0--010--00--- from group (9 9 13'0011100000010).
  Merging pattern 16'---0--000--0---- and 16'---0--010--0---- from group (9 9 13'0011100000010).
  Merging pattern 16'---0--010--0---- and 16'---0--000--0---- from group (9 9 13'0011100000010).
Optimizing FSM `$fsm$\payload_action_q$3601' from module `\wire_mold_message_framer'.
  Merging pattern 6'0-0110 and 6'0-0111 from group (1 1 7'0001100).
  Merging pattern 6'0-0111 and 6'0-0110 from group (1 1 7'0001100).
Optimizing FSM `$fsm$\state_q$3618' from module `\wire_mold_header_seq'.
  Merging pattern 15'-----001--0--1- and 15'-----001--1--1- from group (2 0 10'0001000110).
  Merging pattern 15'-----001--1--1- and 15'-----001--0--1- from group (2 0 10'0001000110).
  Merging pattern 15'-----00011000-- and 15'-----00011100-- from group (2 2 10'0101000110).
  Merging pattern 15'-----00011100-- and 15'-----00011000-- from group (2 2 10'0101000110).
  Merging pattern 15'-----000010-0-- and 15'-----000011-0-- from group (2 2 10'0101000110).
  Merging pattern 15'-----000011-0-- and 15'-----000010-0-- from group (2 2 10'0101000110).
  Merging pattern 15'-----0001000--- and 15'-----0001010--- from group (2 2 10'0101000110).
  Merging pattern 15'-----0001010--- and 15'-----0001000--- from group (2 2 10'0101000110).
  Merging pattern 15'-----000000---- and 15'-----000001---- from group (2 2 10'0101000110).
  Merging pattern 15'-----000001---- and 15'-----000000---- from group (2 2 10'0101000110).
  Merging pattern 15'-----001--0--0- and 15'-----001--1--0- from group (2 3 10'1101000110).
  Merging pattern 15'-----001--1--0- and 15'-----001--0--0- from group (2 3 10'1101000110).
  Merging pattern 15'-----01---0---- and 15'-----01---1---- from group (2 3 10'1101000110).
  Merging pattern 15'-----01---1---- and 15'-----01---0---- from group (2 3 10'1101000110).
  Merging pattern 15'-----00011001-- and 15'-----00011101-- from group (2 6 10'0111000110).
  Merging pattern 15'-----00011101-- and 15'-----00011001-- from group (2 6 10'0111000110).
  Merging pattern 15'-----000010-1-- and 15'-----000011-1-- from group (2 6 10'0111000110).
  Merging pattern 15'-----000011-1-- and 15'-----000010-1-- from group (2 6 10'0111000110).
  Merging pattern 15'-----0001-01--- and 15'-----0001-11--- from group (2 6 10'0111000110).
  Merging pattern 15'-----0001-11--- and 15'-----0001-01--- from group (2 6 10'0111000110).
  Merging pattern 15'-----001--0--1- and 15'-----001--1--1- from group (3 0 10'0000000100).
  Merging pattern 15'-----001--1--1- and 15'-----001--0--1- from group (3 0 10'0000000100).
  Merging pattern 15'-----00011000-- and 15'-----00011100-- from group (3 2 10'0100000100).
  Merging pattern 15'-----00011100-- and 15'-----00011000-- from group (3 2 10'0100000100).
  Merging pattern 15'-----000010-0-- and 15'-----000011-0-- from group (3 2 10'0100000100).
  Merging pattern 15'-----000011-0-- and 15'-----000010-0-- from group (3 2 10'0100000100).
  Merging pattern 15'-----001--0--0- and 15'-----001--1--0- from group (3 3 10'1100000100).
  Merging pattern 15'-----001--1--0- and 15'-----001--0--0- from group (3 3 10'1100000100).
  Merging pattern 15'-----0001000--- and 15'-----0001010--- from group (3 3 10'1100000100).
  Merging pattern 15'-----0001010--- and 15'-----0001000--- from group (3 3 10'1100000100).
  Merging pattern 15'-----000000---- and 15'-----000001---- from group (3 3 10'1100000100).
  Merging pattern 15'-----01---0---- and 15'-----01---1---- from group (3 3 10'1100000100).
  Merging pattern 15'-----000001---- and 15'-----000000---- from group (3 3 10'1100000100).
  Merging pattern 15'-----01---1---- and 15'-----01---0---- from group (3 3 10'1100000100).
  Merging pattern 15'-----00011001-- and 15'-----00011101-- from group (3 6 10'0110000100).
  Merging pattern 15'-----00011101-- and 15'-----00011001-- from group (3 6 10'0110000100).
  Merging pattern 15'-----000010-1-- and 15'-----000011-1-- from group (3 6 10'0110000100).
  Merging pattern 15'-----000011-1-- and 15'-----000010-1-- from group (3 6 10'0110000100).
  Merging pattern 15'-----0001-01--- and 15'-----0001-11--- from group (3 6 10'0110000100).
  Merging pattern 15'-----0001-11--- and 15'-----0001-01--- from group (3 6 10'0110000100).
  Merging pattern 15'-----001--0--1- and 15'-----001--1--1- from group (4 0 10'0000000110).
  Merging pattern 15'-----001--1--1- and 15'-----001--0--1- from group (4 0 10'0000000110).
  Merging pattern 15'-----00011000-- and 15'-----00011100-- from group (4 2 10'0100000110).
  Merging pattern 15'-----00011100-- and 15'-----00011000-- from group (4 2 10'0100000110).
  Merging pattern 15'-----000010-0-- and 15'-----000011-0-- from group (4 2 10'0100000110).
  Merging pattern 15'-----000011-0-- and 15'-----000010-0-- from group (4 2 10'0100000110).
  Merging pattern 15'-----001--0--0- and 15'-----001--1--0- from group (4 3 10'1100000110).
  Merging pattern 15'-----001--1--0- and 15'-----001--0--0- from group (4 3 10'1100000110).
  Merging pattern 15'-----01---0---- and 15'-----01---1---- from group (4 3 10'1100000110).
  Merging pattern 15'-----01---1---- and 15'-----01---0---- from group (4 3 10'1100000110).
  Merging pattern 15'-----0001000--- and 15'-----0001010--- from group (4 4 10'0010000110).
  Merging pattern 15'-----0001010--- and 15'-----0001000--- from group (4 4 10'0010000110).
  Merging pattern 15'-----000000---- and 15'-----000001---- from group (4 4 10'0010000110).
  Merging pattern 15'-----000001---- and 15'-----000000---- from group (4 4 10'0010000110).
  Merging pattern 15'-----00011001-- and 15'-----00011101-- from group (4 6 10'0110000110).
  Merging pattern 15'-----00011101-- and 15'-----00011001-- from group (4 6 10'0110000110).
  Merging pattern 15'-----000010-1-- and 15'-----000011-1-- from group (4 6 10'0110000110).
  Merging pattern 15'-----000011-1-- and 15'-----000010-1-- from group (4 6 10'0110000110).
  Merging pattern 15'-----0001-01--- and 15'-----0001-11--- from group (4 6 10'0110000110).
  Merging pattern 15'-----0001-11--- and 15'-----0001-01--- from group (4 6 10'0110000110).
  Merging pattern 15'-----001--0--1- and 15'-----001--1--1- from group (5 0 10'0000000011).
  Merging pattern 15'-----001--1--1- and 15'-----001--0--1- from group (5 0 10'0000000011).
  Merging pattern 15'-----00011000-- and 15'-----00011100-- from group (5 2 10'0100000011).
  Merging pattern 15'-----00011100-- and 15'-----00011000-- from group (5 2 10'0100000011).
  Merging pattern 15'-----000010-0-- and 15'-----000011-0-- from group (5 2 10'0100000011).
  Merging pattern 15'-----000011-0-- and 15'-----000010-0-- from group (5 2 10'0100000011).
  Merging pattern 15'-----001--0--0- and 15'-----001--1--0- from group (5 3 10'1100000011).
  Merging pattern 15'-----001--1--0- and 15'-----001--0--0- from group (5 3 10'1100000011).
  Merging pattern 15'-----01---0---- and 15'-----01---1---- from group (5 3 10'1100000011).
  Merging pattern 15'-----01---1---- and 15'-----01---0---- from group (5 3 10'1100000011).
  Merging pattern 15'-----0001000--- and 15'-----0001010--- from group (5 5 10'1010000011).
  Merging pattern 15'-----0001010--- and 15'-----0001000--- from group (5 5 10'1010000011).
  Merging pattern 15'-----000000---- and 15'-----000001---- from group (5 5 10'1010000011).
  Merging pattern 15'-----000001---- and 15'-----000000---- from group (5 5 10'1010000011).
  Merging pattern 15'-----00011001-- and 15'-----00011101-- from group (5 6 10'0110000011).
  Merging pattern 15'-----00011101-- and 15'-----00011001-- from group (5 6 10'0110000011).
  Merging pattern 15'-----000010-1-- and 15'-----000011-1-- from group (5 6 10'0110000011).
  Merging pattern 15'-----000011-1-- and 15'-----000010-1-- from group (5 6 10'0110000011).
  Merging pattern 15'-----0001-01--- and 15'-----0001-11--- from group (5 6 10'0110000011).
  Merging pattern 15'-----0001-11--- and 15'-----0001-01--- from group (5 6 10'0110000011).
  Merging pattern 15'-----001--0--1- and 15'-----001--1--1- from group (6 0 10'0000001110).
  Merging pattern 15'-----001--1--1- and 15'-----001--0--1- from group (6 0 10'0000001110).
  Merging pattern 15'-----00011000-- and 15'-----00011100-- from group (6 2 10'0100001110).
  Merging pattern 15'-----00011100-- and 15'-----00011000-- from group (6 2 10'0100001110).
  Merging pattern 15'-----000010-0-- and 15'-----000011-0-- from group (6 2 10'0100001110).
  Merging pattern 15'-----000011-0-- and 15'-----000010-0-- from group (6 2 10'0100001110).
  Merging pattern 15'-----001--0--0- and 15'-----001--1--0- from group (6 3 10'1100001110).
  Merging pattern 15'-----001--1--0- and 15'-----001--0--0- from group (6 3 10'1100001110).
  Merging pattern 15'-----01---0---- and 15'-----01---1---- from group (6 3 10'1100001110).
  Merging pattern 15'-----01---1---- and 15'-----01---0---- from group (6 3 10'1100001110).
  Merging pattern 15'-----00011001-- and 15'-----00011101-- from group (6 6 10'0110001110).
  Merging pattern 15'-----00011101-- and 15'-----00011001-- from group (6 6 10'0110001110).
  Merging pattern 15'-----000010-1-- and 15'-----000011-1-- from group (6 6 10'0110001110).
  Merging pattern 15'-----000011-1-- and 15'-----000010-1-- from group (6 6 10'0110001110).
  Merging pattern 15'-----0001000--- and 15'-----0001010--- from group (6 6 10'0110001110).
  Merging pattern 15'-----0001010--- and 15'-----0001000--- from group (6 6 10'0110001110).
  Merging pattern 15'-----0001-01--- and 15'-----0001-11--- from group (6 6 10'0110001110).
  Merging pattern 15'-----0001-11--- and 15'-----0001-01--- from group (6 6 10'0110001110).
  Merging pattern 15'-----000000---- and 15'-----000001---- from group (6 6 10'0110001110).
  Merging pattern 15'-----000001---- and 15'-----000000---- from group (6 6 10'0110001110).

6.7.4. Executing OPT_CLEAN pass (remove unused cells and wires).
Finding unused cells or wires in module \wire_mold_itch_top..
Finding unused cells or wires in module \wire_itch_decoder..
Finding unused cells or wires in module \wire_mold_message_framer..
Finding unused cells or wires in module \wire_mold_header_seq..
Removed 106 unused cells and 106 unused wires.
<suppressed ~109 debug messages>

6.7.5. Executing FSM_OPT pass (simple optimizations of FSMs).
Optimizing FSM `$fsm$\state_q$3593' from module `\wire_itch_decoder'.
  Removing unused output signal $0\state_q[2:0] [0].
  Removing unused output signal $0\state_q[2:0] [1].
  Removing unused output signal $0\state_q[2:0] [2].
Optimizing FSM `$fsm$\payload_action_q$3601' from module `\wire_mold_message_framer'.
  Removing unused output signal $0\payload_action_q[2:0] [0].
  Removing unused output signal $0\payload_action_q[2:0] [1].
  Removing unused output signal $0\payload_action_q[2:0] [2].
Optimizing FSM `$fsm$\state_q$3607' from module `\wire_mold_message_framer'.
  Removing unused output signal $0\state_q[3:0] [0].
  Removing unused output signal $0\state_q[3:0] [1].
  Removing unused output signal $0\state_q[3:0] [2].
  Removing unused output signal $0\state_q[3:0] [3].
Optimizing FSM `$fsm$\state_q$3618' from module `\wire_mold_header_seq'.
  Removing unused output signal $0\state_q[2:0] [0].
  Removing unused output signal $0\state_q[2:0] [1].
  Removing unused output signal $0\state_q[2:0] [2].

6.7.6. Executing FSM_RECODE pass (re-assigning FSM state encoding).
Recoding FSM `$fsm$\state_q$3593' from module `\wire_itch_decoder' using `auto' encoding:
  mapping auto encoding to `one-hot` for this FSM.
  000 -> -----1
  100 -> ----1-
  010 -> ---1--
  001 -> --1---
  101 -> -1----
  011 -> 1-----
Recoding FSM `$fsm$\payload_action_q$3601' from module `\wire_mold_message_framer' using `auto' encoding:
  mapping auto encoding to `one-hot` for this FSM.
  000 -> ----1
  100 -> ---1-
  010 -> --1--
  001 -> -1---
  011 -> 1----
Recoding FSM `$fsm$\state_q$3607' from module `\wire_mold_message_framer' using `auto' encoding:
  mapping auto encoding to `one-hot` for this FSM.
  0000 -> ---------1
  1000 -> --------1-
  0100 -> -------1--
  0010 -> ------1---
  0110 -> -----1----
  0001 -> ----1-----
  1001 -> ---1------
  0101 -> --1-------
  0011 -> -1--------
  0111 -> 1---------
Recoding FSM `$fsm$\state_q$3618' from module `\wire_mold_header_seq' using `auto' encoding:
  mapping auto encoding to `one-hot` for this FSM.
  000 -> ------1
  100 -> -----1-
  010 -> ----1--
  110 -> ---1---
  001 -> --1----
  101 -> -1-----
  011 -> 1------

6.7.7. Executing FSM_INFO pass (dumping all available information on FSM cells).

FSM `$fsm$\state_q$3593' from module `wire_itch_decoder':
-------------------------------------

  Information on FSM $fsm$\state_q$3593 (\state_q):

  Number of input signals:   32
  Number of output signals:   6
  Number of state bits:       6

  Input signals:
    0: $auto$opt_reduce.cc:137:opt_pmux$3576
    1: $auto$opt_reduce.cc:137:opt_pmux$3570
    2: \in_last
    3: \message_fire
    4: \byte_fire
    5: \event_fire
    6: \first_byte_invalid
    7: $eq$rtl/arch_a/wire_itch_decoder.sv:111$130_Y
    8: $logic_or$rtl/arch_a/wire_itch_decoder.sv:138$166_Y
    9: $logic_or$rtl/arch_a/wire_itch_decoder.sv:161$209_Y
   10: $logic_and$rtl/arch_a/wire_itch_decoder.sv:169$233_Y
   11: $ne$rtl/arch_a/wire_itch_decoder.sv:176$236_Y
   12: $ne$rtl/arch_a/wire_itch_decoder.sv:177$239_Y
   13: $ne$rtl/arch_a/wire_itch_decoder.sv:178$242_Y
   14: $ne$rtl/arch_a/wire_itch_decoder.sv:179$245_Y
   15: $ne$rtl/arch_a/wire_itch_decoder.sv:180$248_Y
   16: $ne$rtl/arch_a/wire_itch_decoder.sv:181$251_Y
   17: $ne$rtl/arch_a/wire_itch_decoder.sv:182$254_Y
   18: $ne$rtl/arch_a/wire_itch_decoder.sv:190$258_Y
   19: $eq$rtl/arch_a/wire_itch_decoder.sv:204$271_Y
   20: $ne$rtl/arch_a/wire_itch_decoder.sv:205$289_Y
   21: $logic_or$rtl/arch_a/wire_itch_decoder.sv:206$308_Y
   22: $logic_and$rtl/arch_a/wire_itch_decoder.sv:207$332_Y
   23: $logic_and$rtl/arch_a/wire_itch_decoder.sv:209$341_Y
   24: $logic_and$rtl/arch_a/wire_itch_decoder.sv:228$444_Y
   25: $logic_and$rtl/arch_a/wire_itch_decoder.sv:231$447_Y
   26: $procmux$2257_CMP
   27: $procmux$2262_CMP
   28: $procmux$2267_CMP
   29: $procmux$2272_CMP
   30: $procmux$2277_CMP
   31: $procmux$2282_CMP

  Output signals:
    0: \event_valid
    1: $eq$rtl/arch_a/wire_itch_decoder.sv:113$135_Y
    2: $eq$rtl/arch_a/wire_itch_decoder.sv:113$136_Y
    3: $eq$rtl/arch_a/wire_itch_decoder.sv:114$138_Y
    4: $eq$rtl/arch_a/wire_itch_decoder.sv:114$139_Y
    5: $procmux$1857_CMP

  State encoding:
    0:   6'-----1  <RESET STATE>
    1:   6'----1-
    2:   6'---1--
    3:   6'--1---
    4:   6'-1----
    5:   6'1-----

  Transition Table (state_in, ctrl_in, state_out, ctrl_out):
      0:     0 32'-----------------------0----0---   ->     0 6'000010
      1:     0 32'-----------------------1--------   ->     0 6'000010
      2:     0 32'----------------------00----1---   ->     3 6'000010
      3:     0 32'----------------------10----1---   ->     4 6'000010
      4:     1 32'-----------------------1--------   ->     0 6'010000
      5:     1 32'-------0---------------0--------   ->     1 6'010000
      6:     1 32'-------1---------------0--------   ->     4 6'010000
      7:     2 32'----------000----------0------0-   ->     0 6'100000
      8:     2 32'-----------10----------0--------   ->     0 6'100000
      9:     2 32'------------1----------0--------   ->     0 6'100000
     10:     2 32'-----------------------1--------   ->     0 6'100000
     11:     2 32'--------10100----------0--------   ->     4 6'100000
     12:     2 32'---------1100----------0--------   ->     4 6'100000
     13:     2 32'----------000----------0------1-   ->     5 6'100000
     14:     2 32'--------00100----------0--------   ->     5 6'100000
     15:     3 32'-----------------------1--------   ->     0 6'001000
     16:     3 32'--------------------10-01--1-0-1   ->     1 6'001000
     17:     3 32'1------------------1-0-01--1-0--   ->     1 6'001000
     18:     3 32'-1----------------1--0-01--1-0--   ->     1 6'001000
     19:     3 32'--1--------------1---0-01--1-0--   ->     1 6'001000
     20:     3 32'---1------------1----0-01--1-0--   ->     1 6'001000
     21:     3 32'----1----------1-----0-01--1-0--   ->     1 6'001000
     22:     3 32'-----1--------1------0-01--1-0--   ->     1 6'001000
     23:     3 32'---------------------1-01--1-0--   ->     1 6'001000
     24:     3 32'-------------0---------0-0-1-1--   ->     2 6'001000
     25:     3 32'000000---------------0-01--1-0-0   ->     3 6'001000
     26:     3 32'--------------------00-01--1-0-1   ->     3 6'001000
     27:     3 32'-----------------------00--1-0--   ->     3 6'001000
     28:     3 32'1------------------0-0-01--1-0--   ->     3 6'001000
     29:     3 32'-1----------------0--0-01--1-0--   ->     3 6'001000
     30:     3 32'--1--------------0---0-01--1-0--   ->     3 6'001000
     31:     3 32'---1------------0----0-01--1-0--   ->     3 6'001000
     32:     3 32'----1----------0-----0-01--1-0--   ->     3 6'001000
     33:     3 32'-----1--------0------0-01--1-0--   ->     3 6'001000
     34:     3 32'-----------------------0---0----   ->     3 6'001000
     35:     3 32'-------------1---------0-0-1-1--   ->     4 6'001000
     36:     3 32'-----------------------0-1-1-1--   ->     4 6'001000
     37:     4 32'-----------------------1--------   ->     0 6'000100
     38:     4 32'------10---------------0----1---   ->     1 6'000100
     39:     4 32'-------0---------------0----0---   ->     4 6'000100
     40:     4 32'------00---------------0----1---   ->     4 6'000100
     41:     4 32'-------1---------------0--------   ->     4 6'000100
     42:     5 32'-----------------------0--1-----   ->     0 6'000001
     43:     5 32'-----------------------1--------   ->     0 6'000001
     44:     5 32'-----------------------0--0-----   ->     5 6'000001

-------------------------------------

FSM `$fsm$\payload_action_q$3601' from module `wire_mold_message_framer':
-------------------------------------

  Information on FSM $fsm$\payload_action_q$3601 (\payload_action_q):

  Number of input signals:    6
  Number of output signals:   4
  Number of state bits:       5

  Input signals:
    0: \in_last
    1: \input_fire
    2: $eq$rtl/arch_a/wire_mold_message_framer.sv:93$71_Y
    3: $logic_or$rtl/arch_a/wire_mold_message_framer.sv:113$88_Y
    4: $eq$rtl/arch_a/wire_mold_message_framer.sv:162$90_Y
    5: $eq$rtl/arch_a/wire_mold_message_framer.sv:223$93_Y

  Output signals:
    0: $procmux$2597_CMP
    1: $procmux$2598_CMP
    2: $procmux$2599_CMP
    3: $procmux$2863_CMP

  State encoding:
    0:    5'----1  <RESET STATE>
    1:    5'---1-
    2:    5'--1--
    3:    5'-1---
    4:    5'1----

  Transition Table (state_in, ctrl_in, state_out, ctrl_out):
      0:     0 6'100110   ->     0 4'1000
      1:     0 6'0-0110   ->     0 4'1000
      2:     0 6'--0-0-   ->     0 4'1000
      3:     0 6'--001-   ->     0 4'1000
      4:     0 6'--1---   ->     0 4'1000
      5:     0 6'0-0111   ->     1 4'1000
      6:     0 6'100111   ->     2 4'1000
      7:     0 6'110111   ->     3 4'1000
      8:     0 6'110110   ->     4 4'1000
      9:     1 6'100110   ->     0 4'0001
     10:     1 6'--1---   ->     0 4'0001
     11:     1 6'--0-0-   ->     1 4'0001
     12:     1 6'--001-   ->     1 4'0001
     13:     1 6'0-011-   ->     1 4'0001
     14:     1 6'100111   ->     2 4'0001
     15:     1 6'110111   ->     3 4'0001
     16:     1 6'110110   ->     4 4'0001
     17:     2 6'100110   ->     0 4'0010
     18:     2 6'--1---   ->     0 4'0010
     19:     2 6'0-0111   ->     1 4'0010
     20:     2 6'0-0110   ->     2 4'0010
     21:     2 6'100111   ->     2 4'0010
     22:     2 6'--0-0-   ->     2 4'0010
     23:     2 6'--001-   ->     2 4'0010
     24:     2 6'110111   ->     3 4'0010
     25:     2 6'110110   ->     4 4'0010
     26:     3 6'100110   ->     0 4'0100
     27:     3 6'--1---   ->     0 4'0100
     28:     3 6'0-0111   ->     1 4'0100
     29:     3 6'100111   ->     2 4'0100
     30:     3 6'0-0110   ->     3 4'0100
     31:     3 6'110111   ->     3 4'0100
     32:     3 6'--0-0-   ->     3 4'0100
     33:     3 6'--001-   ->     3 4'0100
     34:     3 6'110110   ->     4 4'0100
     35:     4 6'100110   ->     0 4'0000
     36:     4 6'--1---   ->     0 4'0000
     37:     4 6'0-0111   ->     1 4'0000
     38:     4 6'100111   ->     2 4'0000
     39:     4 6'110111   ->     3 4'0000
     40:     4 6'110110   ->     4 4'0000
     41:     4 6'0-0110   ->     4 4'0000
     42:     4 6'--0-0-   ->     4 4'0000
     43:     4 6'--001-   ->     4 4'0000

-------------------------------------

FSM `$fsm$\state_q$3607' from module `wire_mold_message_framer':
-------------------------------------

  Information on FSM $fsm$\state_q$3607 (\state_q):

  Number of input signals:   16
  Number of output signals:   9
  Number of state bits:      10

  Input signals:
    0: $auto$opt_reduce.cc:137:opt_pmux$3584
    1: \in_last
    2: \packet_body_empty
    3: \input_fire
    4: \packet_fire
    5: \message_empty_q
    6: \header_ended_q
    7: \message_fire
    8: \output_fire
    9: $logic_or$rtl/arch_a/wire_mold_message_framer.sv:113$88_Y
   10: $eq$rtl/arch_a/wire_mold_message_framer.sv:162$90_Y
   11: $eq$rtl/arch_a/wire_mold_message_framer.sv:223$93_Y
   12: $logic_and$rtl/arch_a/wire_mold_message_framer.sv:260$98_Y
   13: $logic_and$rtl/arch_a/wire_mold_message_framer.sv:268$104_Y
   14: $procmux$2599_CMP
   15: $procmux$2863_CMP

  Output signals:
    0: \packet_ready
    1: \packet_result_success
    2: \message_valid
    3: $eq$rtl/arch_a/wire_mold_message_framer.sv:90$66_Y
    4: $eq$rtl/arch_a/wire_mold_message_framer.sv:91$67_Y
    5: $eq$rtl/arch_a/wire_mold_message_framer.sv:92$69_Y
    6: $eq$rtl/arch_a/wire_mold_message_framer.sv:93$71_Y
    7: $eq$rtl/arch_a/wire_mold_message_framer.sv:106$81_Y
    8: $eq$rtl/arch_a/wire_mold_message_framer.sv:134$89_Y

  State encoding:
    0: 10'---------1  <RESET STATE>
    1: 10'--------1-
    2: 10'-------1--
    3: 10'------1---
    4: 10'-----1----
    5: 10'----1-----
    6: 10'---1------
    7: 10'--1-------
    8: 10'-1--------
    9: 10'1---------

  Transition Table (state_in, ctrl_in, state_out, ctrl_out):
      0:     0 16'---0--0-0--0----   ->     0 9'000000001
      1:     0 16'---1--0---------   ->     0 9'000000001
      2:     0 16'------1---------   ->     0 9'000000001
      3:     0 16'---0--0----1-1--   ->     1 9'000000001
      4:     0 16'---0--0-1100----   ->     1 9'000000001
      5:     0 16'---0-00-1110----   ->     1 9'000000001
      6:     0 16'---0--0-1000----   ->     2 9'000000001
      7:     0 16'---0-10-1010----   ->     4 9'000000001
      8:     0 16'---0--0----1-0--   ->     5 9'000000001
      9:     0 16'---0-00-1010----   ->     5 9'000000001
     10:     0 16'---0-10-1110----   ->     9 9'000000001
     11:     1 16'--01--0---------   ->     0 9'010000000
     12:     1 16'------1---------   ->     0 9'010000000
     13:     1 16'--00--0----1-1--   ->     1 9'010000000
     14:     1 16'--00--0-1100----   ->     1 9'010000000
     15:     1 16'--00-00-1110----   ->     1 9'010000000
     16:     1 16'--00--0-0--0----   ->     1 9'010000000
     17:     1 16'--00--0-1000----   ->     2 9'010000000
     18:     1 16'--00-10-1010----   ->     4 9'010000000
     19:     1 16'--00--0----1-0--   ->     5 9'010000000
     20:     1 16'--00-00-1010----   ->     5 9'010000000
     21:     1 16'--1---0---------   ->     6 9'010000000
     22:     1 16'--00-10-1110----   ->     9 9'010000000
     23:     2 16'---1--0---------   ->     0 9'001000000
     24:     2 16'------1---------   ->     0 9'001000000
     25:     2 16'---00-0----1110-   ->     1 9'001000000
     26:     2 16'---00-0-11001-0-   ->     1 9'001000000
     27:     2 16'---0000-11101-0-   ->     1 9'001000000
     28:     2 16'---0--0----101--   ->     1 9'001000000
     29:     2 16'---0--0-11000---   ->     1 9'001000000
     30:     2 16'---0-00-11100---   ->     1 9'001000000
     31:     2 16'---00-0-10001-0-   ->     2 9'001000000
     32:     2 16'---00-0-0--01-0-   ->     2 9'001000000
     33:     2 16'---0--0-10000---   ->     2 9'001000000
     34:     2 16'---0--0-0--00---   ->     2 9'001000000
     35:     2 16'---0010-10101-0-   ->     4 9'001000000
     36:     2 16'---0-10-10100---   ->     4 9'001000000
     37:     2 16'---00-0----1100-   ->     5 9'001000000
     38:     2 16'---0000-10101-0-   ->     5 9'001000000
     39:     2 16'---0--0----100--   ->     5 9'001000000
     40:     2 16'---0-00-10100---   ->     5 9'001000000
     41:     2 16'---00-0-----1-1-   ->     7 9'001000000
     42:     2 16'---01-0-----1---   ->     7 9'001000000
     43:     2 16'---0010-11101-0-   ->     9 9'001000000
     44:     2 16'---0-10-11100---   ->     9 9'001000000
     45:     3 16'---1--0---------   ->     0 9'000010000
     46:     3 16'------1---------   ->     0 9'000010000
     47:     3 16'---0--0----101--   ->     1 9'000010000
     48:     3 16'---0--0-11000---   ->     1 9'000010000
     49:     3 16'---0-00-11100---   ->     1 9'000010000
     50:     3 16'---0--0-10000---   ->     2 9'000010000
     51:     3 16'---0--0-0--00---   ->     3 9'000010000
     52:     3 16'---0-10-10100---   ->     4 9'000010000
     53:     3 16'---0--0----100--   ->     5 9'000010000
     54:     3 16'---0-00-10100---   ->     5 9'000010000
     55:     3 16'---0--0-----1---   ->     8 9'000010000
     56:     3 16'---0-10-11100---   ->     9 9'000010000
     57:     4 16'---1--0---------   ->     0 9'000100000
     58:     4 16'------1---------   ->     0 9'000100000
     59:     4 16'---0--0----1110-   ->     1 9'000100000
     60:     4 16'---0--0-11001-0-   ->     1 9'000100000
     61:     4 16'---0-00-11101-0-   ->     1 9'000100000
     62:     4 16'---0--0-----1-1-   ->     1 9'000100000
     63:     4 16'---0--0----101--   ->     1 9'000100000
     64:     4 16'---0--0-11000---   ->     1 9'000100000
     65:     4 16'---0-00-11100---   ->     1 9'000100000
     66:     4 16'---0--0-10001-0-   ->     2 9'000100000
     67:     4 16'---0--0-10000---   ->     2 9'000100000
     68:     4 16'---0-10-10101-0-   ->     4 9'000100000
     69:     4 16'---0--0-0--01-0-   ->     4 9'000100000
     70:     4 16'---0-10-10100---   ->     4 9'000100000
     71:     4 16'---0--0-0--00---   ->     4 9'000100000
     72:     4 16'---0--0----1100-   ->     5 9'000100000
     73:     4 16'---0-00-10101-0-   ->     5 9'000100000
     74:     4 16'---0--0----100--   ->     5 9'000100000
     75:     4 16'---0-00-10100---   ->     5 9'000100000
     76:     4 16'---0-10-11101-0-   ->     9 9'000100000
     77:     4 16'---0-10-11100---   ->     9 9'000100000
     78:     5 16'---1--0---------   ->     0 9'000001000
     79:     5 16'------1---------   ->     0 9'000001000
     80:     5 16'---0--0-----1-1-   ->     1 9'000001000
     81:     5 16'---0--0----101--   ->     1 9'000001000
     82:     5 16'---0--0-11000---   ->     1 9'000001000
     83:     5 16'---0-00-11100---   ->     1 9'000001000
     84:     5 16'---0--0-10000---   ->     2 9'000001000
     85:     5 16'---0--0-----1-0-   ->     3 9'000001000
     86:     5 16'---0-10-10100---   ->     4 9'000001000
     87:     5 16'---0--0----100--   ->     5 9'000001000
     88:     5 16'---0-00-10100---   ->     5 9'000001000
     89:     5 16'---0--0-0--00---   ->     5 9'000001000
     90:     5 16'---0-10-11100---   ->     9 9'000001000
     91:     6 16'---1--0---------   ->     0 9'000000000
     92:     6 16'------1---------   ->     0 9'000000000
     93:     6 16'---0--0----1-1--   ->     1 9'000000000
     94:     6 16'---0--0-1100----   ->     1 9'000000000
     95:     6 16'---0-00-1110----   ->     1 9'000000000
     96:     6 16'---0--0-1000----   ->     2 9'000000000
     97:     6 16'---0-10-1010----   ->     4 9'000000000
     98:     6 16'---0--0----1-0--   ->     5 9'000000000
     99:     6 16'---0-00-1010----   ->     5 9'000000000
    100:     6 16'---0--0-0--0----   ->     6 9'000000000
    101:     6 16'---0-10-1110----   ->     9 9'000000000
    102:     7 16'---1--0---------   ->     0 9'100000000
    103:     7 16'------1---------   ->     0 9'100000000
    104:     7 16'---0--010--0---1   ->     1 9'100000000
    105:     7 16'---0--0----1-1--   ->     1 9'100000000
    106:     7 16'---0--0-1100----   ->     1 9'100000000
    107:     7 16'---0-00-1110----   ->     1 9'100000000
    108:     7 16'---0--0-1000----   ->     2 9'100000000
    109:     7 16'00-0--010--0---0   ->     4 9'100000000
    110:     7 16'---0-10-1010----   ->     4 9'100000000
    111:     7 16'---0--0----1-0--   ->     5 9'100000000
    112:     7 16'---0-00-1010----   ->     5 9'100000000
    113:     7 16'1--0--010--0----   ->     5 9'100000000
    114:     7 16'---0--000--0----   ->     7 9'100000000
    115:     7 16'---0-10-1110----   ->     9 9'100000000
    116:     7 16'-1-0--010--0----   ->     9 9'100000000
    117:     8 16'---1--0---------   ->     0 9'000000100
    118:     8 16'------1---------   ->     0 9'000000100
    119:     8 16'---0--0----1-1--   ->     1 9'000000100
    120:     8 16'---0--0-1100----   ->     1 9'000000100
    121:     8 16'---0-00-1110----   ->     1 9'000000100
    122:     8 16'---0--0-1000----   ->     2 9'000000100
    123:     8 16'---0-10-1010----   ->     4 9'000000100
    124:     8 16'---0--0----1-0--   ->     5 9'000000100
    125:     8 16'---0-00-1010----   ->     5 9'000000100
    126:     8 16'---0--0-0--0----   ->     8 9'000000100
    127:     8 16'---0-10-1110----   ->     9 9'000000100
    128:     9 16'---1--0---------   ->     0 9'000000010
    129:     9 16'------1---------   ->     0 9'000000010
    130:     9 16'---0--0----1-1--   ->     1 9'000000010
    131:     9 16'---0--0-1100----   ->     1 9'000000010
    132:     9 16'---0-00-1110----   ->     1 9'000000010
    133:     9 16'---0--0-1000----   ->     2 9'000000010
    134:     9 16'---0-10-1010----   ->     4 9'000000010
    135:     9 16'---0--0----1-0--   ->     5 9'000000010
    136:     9 16'---0-00-1010----   ->     5 9'000000010
    137:     9 16'---0-10-1110----   ->     9 9'000000010
    138:     9 16'---0--0-0--0----   ->     9 9'000000010

-------------------------------------

FSM `$fsm$\state_q$3618' from module `wire_mold_header_seq':
-------------------------------------

  Information on FSM $fsm$\state_q$3618 (\state_q):

  Number of input signals:   15
  Number of output signals:   7
  Number of state bits:       7

  Input signals:
    0: \in_last
    1: \packet_result_success
    2: \packet_empty_q
    3: \body_last_q
    4: \input_fire
    5: \packet_fire
    6: \body_fire
    7: \result_fire
    8: \reject_fire
    9: $logic_or$rtl/arch_a/wire_mold_header_seq.sv:112$29_Y
   10: $lt$rtl/arch_a/wire_mold_header_seq.sv:172$37_Y
   11: $ne$rtl/arch_a/wire_mold_header_seq.sv:186$54_Y
   12: $ne$rtl/arch_a/wire_mold_header_seq.sv:200$55_Y
   13: $eq$rtl/arch_a/wire_mold_header_seq.sv:214$56_Y
   14: $eq$rtl/arch_a/wire_mold_header_seq.sv:224$57_Y

  Output signals:
    0: \reject_valid
    1: $ne$rtl/arch_a/wire_mold_header_seq.sv:96$9_Y
    2: $ne$rtl/arch_a/wire_mold_header_seq.sv:97$10_Y
    3: $eq$rtl/arch_a/wire_mold_header_seq.sv:100$13_Y
    4: $eq$rtl/arch_a/wire_mold_header_seq.sv:104$15_Y
    5: $eq$rtl/arch_a/wire_mold_header_seq.sv:104$16_Y
    6: $eq$rtl/arch_a/wire_mold_header_seq.sv:105$18_Y

  State encoding:
    0:  7'------1  <RESET STATE>
    1:  7'-----1-
    2:  7'----1--
    3:  7'---1---
    4:  7'--1----
    5:  7'-1-----
    6:  7'1------

  Transition Table (state_in, ctrl_in, state_out, ctrl_out):
      0:     0 15'----1001--1--10   ->     0 7'0010110
      1:     0 15'----10001010--0   ->     0 7'0010110
      2:     0 15'----1000001---0   ->     0 7'0010110
      3:     0 15'-10000----1---1   ->     0 7'0010110
      4:     0 15'-----001--0--1-   ->     0 7'0010110
      5:     0 15'-----0001000---   ->     0 7'0010110
      6:     0 15'-----000000----   ->     0 7'0010110
      7:     0 15'-----1---------   ->     0 7'0010110
      8:     0 15'100000----1---0   ->     1 7'0010110
      9:     0 15'-10000----1---0   ->     1 7'0010110
     10:     0 15'--1000----1---0   ->     1 7'0010110
     11:     0 15'---100----1---0   ->     1 7'0010110
     12:     0 15'----100011100-0   ->     2 7'0010110
     13:     0 15'----1000011-0-0   ->     2 7'0010110
     14:     0 15'-----00011000--   ->     2 7'0010110
     15:     0 15'-----000010-0--   ->     2 7'0010110
     16:     0 15'----1001--1--00   ->     3 7'0010110
     17:     0 15'----101---1---0   ->     3 7'0010110
     18:     0 15'-----001--0--0-   ->     3 7'0010110
     19:     0 15'-----01---0----   ->     3 7'0010110
     20:     0 15'000000----1----   ->     4 7'0010110
     21:     0 15'100000----1---1   ->     5 7'0010110
     22:     0 15'--1000----1---1   ->     5 7'0010110
     23:     0 15'---100----1---1   ->     5 7'0010110
     24:     0 15'----10----1---1   ->     5 7'0010110
     25:     0 15'----100011101-0   ->     6 7'0010110
     26:     0 15'----1000011-1-0   ->     6 7'0010110
     27:     0 15'----10001-11--0   ->     6 7'0010110
     28:     0 15'-----00011001--   ->     6 7'0010110
     29:     0 15'-----000010-1--   ->     6 7'0010110
     30:     0 15'-----0001-01---   ->     6 7'0010110
     31:     1 15'-----001--1--10   ->     0 7'0100110
     32:     1 15'-----001--0--1-   ->     0 7'0100110
     33:     1 15'-----1---------   ->     0 7'0100110
     34:     1 15'-----0001010--0   ->     1 7'0100110
     35:     1 15'-----000001---0   ->     1 7'0100110
     36:     1 15'-----0001000---   ->     1 7'0100110
     37:     1 15'-----000000----   ->     1 7'0100110
     38:     1 15'-----00011100-0   ->     2 7'0100110
     39:     1 15'-----000011-0-0   ->     2 7'0100110
     40:     1 15'-----00011000--   ->     2 7'0100110
     41:     1 15'-----000010-0--   ->     2 7'0100110
     42:     1 15'-----001--1--00   ->     3 7'0100110
     43:     1 15'-----01---1---0   ->     3 7'0100110
     44:     1 15'-----001--0--0-   ->     3 7'0100110
     45:     1 15'-----01---0----   ->     3 7'0100110
     46:     1 15'-----0----1---1   ->     5 7'0100110
     47:     1 15'-----00011101-0   ->     6 7'0100110
     48:     1 15'-----000011-1-0   ->     6 7'0100110
     49:     1 15'-----0001-11--0   ->     6 7'0100110
     50:     1 15'-----00011001--   ->     6 7'0100110
     51:     1 15'-----000010-1--   ->     6 7'0100110
     52:     1 15'-----0001-01---   ->     6 7'0100110
     53:     2 15'-----001-----1-   ->     0 7'1000110
     54:     2 15'-----1---------   ->     0 7'1000110
     55:     2 15'-----00011-00--   ->     2 7'1000110
     56:     2 15'-----00001--0--   ->     2 7'1000110
     57:     2 15'-----00010-0---   ->     2 7'1000110
     58:     2 15'-----00000-----   ->     2 7'1000110
     59:     2 15'-----001-----0-   ->     3 7'1000110
     60:     2 15'-----01--------   ->     3 7'1000110
     61:     2 15'-----00011-01--   ->     6 7'1000110
     62:     2 15'-----00001--1--   ->     6 7'1000110
     63:     2 15'-----0001--1---   ->     6 7'1000110
     64:     3 15'-----001-----1-   ->     0 7'0000100
     65:     3 15'-----1---------   ->     0 7'0000100
     66:     3 15'-----00011-00--   ->     2 7'0000100
     67:     3 15'-----00001--0--   ->     2 7'0000100
     68:     3 15'-----001-----0-   ->     3 7'0000100
     69:     3 15'-----00010-0---   ->     3 7'0000100
     70:     3 15'-----00000-----   ->     3 7'0000100
     71:     3 15'-----01--------   ->     3 7'0000100
     72:     3 15'-----00011-01--   ->     6 7'0000100
     73:     3 15'-----00001--1--   ->     6 7'0000100
     74:     3 15'-----0001--1---   ->     6 7'0000100
     75:     4 15'-----001-----1-   ->     0 7'0000110
     76:     4 15'-----1---------   ->     0 7'0000110
     77:     4 15'-----00011-00--   ->     2 7'0000110
     78:     4 15'-----00001--0--   ->     2 7'0000110
     79:     4 15'-----001-----0-   ->     3 7'0000110
     80:     4 15'-----01--------   ->     3 7'0000110
     81:     4 15'-----00010-0---   ->     4 7'0000110
     82:     4 15'-----00000-----   ->     4 7'0000110
     83:     4 15'-----00011-01--   ->     6 7'0000110
     84:     4 15'-----00001--1--   ->     6 7'0000110
     85:     4 15'-----0001--1---   ->     6 7'0000110
     86:     5 15'-----001-----1-   ->     0 7'0000011
     87:     5 15'-----1---------   ->     0 7'0000011
     88:     5 15'-----00011-00--   ->     2 7'0000011
     89:     5 15'-----00001--0--   ->     2 7'0000011
     90:     5 15'-----001-----0-   ->     3 7'0000011
     91:     5 15'-----01--------   ->     3 7'0000011
     92:     5 15'-----00010-0---   ->     5 7'0000011
     93:     5 15'-----00000-----   ->     5 7'0000011
     94:     5 15'-----00011-01--   ->     6 7'0000011
     95:     5 15'-----00001--1--   ->     6 7'0000011
     96:     5 15'-----0001--1---   ->     6 7'0000011
     97:     6 15'-----001-----1-   ->     0 7'0001110
     98:     6 15'-----1---------   ->     0 7'0001110
     99:     6 15'-----00011-00--   ->     2 7'0001110
    100:     6 15'-----00001--0--   ->     2 7'0001110
    101:     6 15'-----001-----0-   ->     3 7'0001110
    102:     6 15'-----01--------   ->     3 7'0001110
    103:     6 15'-----00011-01--   ->     6 7'0001110
    104:     6 15'-----00001--1--   ->     6 7'0001110
    105:     6 15'-----00010-0---   ->     6 7'0001110
    106:     6 15'-----0001--1---   ->     6 7'0001110
    107:     6 15'-----00000-----   ->     6 7'0001110

-------------------------------------

6.7.8. Executing FSM_MAP pass (mapping FSMs to basic logic).
Mapping FSM `$fsm$\state_q$3593' from module `\wire_itch_decoder'.
Mapping FSM `$fsm$\payload_action_q$3601' from module `\wire_mold_message_framer'.
Mapping FSM `$fsm$\state_q$3607' from module `\wire_mold_message_framer'.
Mapping FSM `$fsm$\state_q$3618' from module `\wire_mold_header_seq'.

6.8. Executing OPT pass (performing simple optimizations).

6.8.1. Executing OPT_EXPR pass (perform const folding).
Optimizing module wire_mold_itch_top.
Optimizing module wire_itch_decoder.
<suppressed ~7 debug messages>
Optimizing module wire_mold_message_framer.
<suppressed ~17 debug messages>
Optimizing module wire_mold_header_seq.
<suppressed ~8 debug messages>

6.8.2. Executing OPT_MERGE pass (detect identical cells).
Finding identical cells in module `\wire_mold_itch_top'.
Computing hashes of 4 cells of `\wire_mold_itch_top'.
Finding duplicate cells in `\wire_mold_itch_top'.
Finding identical cells in module `\wire_itch_decoder'.
Computing hashes of 402 cells of `\wire_itch_decoder'.
Finding duplicate cells in `\wire_itch_decoder'.
Finding identical cells in module `\wire_mold_message_framer'.
Computing hashes of 329 cells of `\wire_mold_message_framer'.
Finding duplicate cells in `\wire_mold_message_framer'.
Computing hashes of 297 cells of `\wire_mold_message_framer'.
Finding duplicate cells in `\wire_mold_message_framer'.
<suppressed ~96 debug messages>
Finding identical cells in module `\wire_mold_header_seq'.
Computing hashes of 301 cells of `\wire_mold_header_seq'.
Finding duplicate cells in `\wire_mold_header_seq'.
Computing hashes of 284 cells of `\wire_mold_header_seq'.
Finding duplicate cells in `\wire_mold_header_seq'.
<suppressed ~51 debug messages>
Removed a total of 49 cells.

6.8.3. Executing OPT_MUXTREE pass (detect dead branches in mux trees).
Running muxtree optimizer on module \wire_mold_itch_top..
  Creating internal representation of mux trees.
  No muxes found in this module.
Running muxtree optimizer on module \wire_itch_decoder..
  Creating internal representation of mux trees.
  Evaluating internal representation of mux trees.
  Analyzing evaluation results.
Running muxtree optimizer on module \wire_mold_message_framer..
  Creating internal representation of mux trees.
  Evaluating internal representation of mux trees.
  Analyzing evaluation results.
Running muxtree optimizer on module \wire_mold_header_seq..
  Creating internal representation of mux trees.
  Evaluating internal representation of mux trees.
  Analyzing evaluation results.
Removed 0 multiplexer ports.
<suppressed ~1273 debug messages>

6.8.4. Executing OPT_REDUCE pass (consolidate $*mux and $reduce_* inputs).
  Optimizing cells in module \wire_mold_itch_top.
  Optimizing cells in module \wire_itch_decoder.
  Optimizing cells in module \wire_mold_message_framer.
  Optimizing cells in module \wire_mold_header_seq.
Performed a total of 0 changes.

6.8.5. Executing OPT_MERGE pass (detect identical cells).
Finding identical cells in module `\wire_mold_itch_top'.
Computing hashes of 4 cells of `\wire_mold_itch_top'.
Finding duplicate cells in `\wire_mold_itch_top'.
Finding identical cells in module `\wire_itch_decoder'.
Computing hashes of 402 cells of `\wire_itch_decoder'.
Finding duplicate cells in `\wire_itch_decoder'.
Finding identical cells in module `\wire_mold_message_framer'.
Computing hashes of 297 cells of `\wire_mold_message_framer'.
Finding duplicate cells in `\wire_mold_message_framer'.
Finding identical cells in module `\wire_mold_header_seq'.
Computing hashes of 284 cells of `\wire_mold_header_seq'.
Finding duplicate cells in `\wire_mold_header_seq'.
Removed a total of 0 cells.

6.8.6. Executing OPT_DFF pass (perform DFF optimizations).
Adding SRST signal on $procdff$3511 ($dff) from module wire_itch_decoder (D = $procmux$1856_Y, Q = \side_valid_q, rval = 1'0).
Adding EN signal on $auto$ff.cc:337:slice$4422 ($sdff) from module wire_itch_decoder (D = $procmux$1854_Y, Q = \side_valid_q).
Adding SRST signal on $procdff$3510 ($dff) from module wire_itch_decoder (D = $procmux$1883_Y, Q = \price_valid_q, rval = 1'0).
Adding EN signal on $auto$ff.cc:337:slice$4424 ($sdff) from module wire_itch_decoder (D = $procmux$1881_Y, Q = \price_valid_q).
Adding SRST signal on $procdff$3509 ($dff) from module wire_itch_decoder (D = $procmux$1913_Y, Q = \quantity_valid_q, rval = 1'0).
Adding EN signal on $auto$ff.cc:337:slice$4426 ($sdff) from module wire_itch_decoder (D = $procmux$1911_Y, Q = \quantity_valid_q).
Adding SRST signal on $procdff$3508 ($dff) from module wire_itch_decoder (D = $procmux$1940_Y, Q = \new_valid_q, rval = 1'0).
Adding EN signal on $auto$ff.cc:337:slice$4428 ($sdff) from module wire_itch_decoder (D = $procmux$1881_Y, Q = \new_valid_q).
Adding SRST signal on $procdff$3507 ($dff) from module wire_itch_decoder (D = $procmux$1965_Y, Q = \old_valid_q, rval = 1'0).
Adding EN signal on $auto$ff.cc:337:slice$4430 ($sdff) from module wire_itch_decoder (D = $procmux$1963_Y, Q = \old_valid_q).
Adding SRST signal on $procdff$3506 ($dff) from module wire_itch_decoder (D = $procmux$1989_Y, Q = \side_q, rval = 1'0).
Adding EN signal on $auto$ff.cc:337:slice$4432 ($sdff) from module wire_itch_decoder (D = $procmux$1987_Y, Q = \side_q).
Adding SRST signal on $procdff$3505 ($dff) from module wire_itch_decoder (D = $procmux$2016_Y, Q = \price_q, rval = 0).
Adding EN signal on $auto$ff.cc:337:slice$4434 ($sdff) from module wire_itch_decoder (D = $procmux$2014_Y, Q = \price_q).
Adding SRST signal on $procdff$3504 ($dff) from module wire_itch_decoder (D = $procmux$2046_Y, Q = \quantity_q, rval = 0).
Adding EN signal on $auto$ff.cc:337:slice$4436 ($sdff) from module wire_itch_decoder (D = $procmux$2044_Y, Q = \quantity_q).
Adding SRST signal on $procdff$3503 ($dff) from module wire_itch_decoder (D = $procmux$2073_Y, Q = \new_ref_q, rval = 64'0000000000000000000000000000000000000000000000000000000000000000).
Adding EN signal on $auto$ff.cc:337:slice$4438 ($sdff) from module wire_itch_decoder (D = $procmux$2071_Y, Q = \new_ref_q).
Adding SRST signal on $procdff$3502 ($dff) from module wire_itch_decoder (D = $procmux$2098_Y, Q = \old_ref_q, rval = 64'0000000000000000000000000000000000000000000000000000000000000000).
Adding EN signal on $auto$ff.cc:337:slice$4440 ($sdff) from module wire_itch_decoder (D = $procmux$2096_Y, Q = \old_ref_q).
Adding SRST signal on $procdff$3501 ($dff) from module wire_itch_decoder (D = $procmux$2107_Y, Q = \stock_locate_q, rval = 16'0000000000000000).
Adding EN signal on $auto$ff.cc:337:slice$4442 ($sdff) from module wire_itch_decoder (D = { $memrd$\bytes_q$rtl/arch_a/wire_itch_decoder.sv:81$269_DATA $memrd$\bytes_q$rtl/arch_a/wire_itch_decoder.sv:81$268_DATA }, Q = \stock_locate_q).
Adding SRST signal on $procdff$3500 ($dff) from module wire_itch_decoder (D = $procmux$2116_Y, Q = \timestamp_q, rval = 48'000000000000000000000000000000000000000000000000).
Adding EN signal on $auto$ff.cc:337:slice$4444 ($sdff) from module wire_itch_decoder (D = { $memrd$\bytes_q$rtl/arch_a/wire_itch_decoder.sv:91$267_DATA $memrd$\bytes_q$rtl/arch_a/wire_itch_decoder.sv:91$266_DATA $memrd$\bytes_q$rtl/arch_a/wire_itch_decoder.sv:91$265_DATA $memrd$\bytes_q$rtl/arch_a/wire_itch_decoder.sv:92$264_DATA $memrd$\bytes_q$rtl/arch_a/wire_itch_decoder.sv:92$263_DATA $memrd$\bytes_q$rtl/arch_a/wire_itch_decoder.sv:92$262_DATA }, Q = \timestamp_q).
Adding SRST signal on $procdff$3499 ($dff) from module wire_itch_decoder (D = $procmux$2125_Y, Q = \mold_sequence_q, rval = 64'0000000000000000000000000000000000000000000000000000000000000000).
Adding EN signal on $auto$ff.cc:337:slice$4446 ($sdff) from module wire_itch_decoder (D = \message_sequence_q, Q = \mold_sequence_q).
Adding SRST signal on $procdff$3498 ($dff) from module wire_itch_decoder (D = $procmux$2134_Y, Q = \source_type_q, rval = 8'00000000).
Adding EN signal on $auto$ff.cc:337:slice$4448 ($sdff) from module wire_itch_decoder (D = $memrd$\bytes_q$rtl/arch_a/wire_itch_decoder.sv:197$261_DATA, Q = \source_type_q).
Adding SRST signal on $procdff$3497 ($dff) from module wire_itch_decoder (D = $procmux$2165_Y, Q = \event_kind_q, rval = 3'000).
Adding EN signal on $auto$ff.cc:337:slice$4450 ($sdff) from module wire_itch_decoder (D = $procmux$2157_Y, Q = \event_kind_q).
Adding EN signal on $procdff$3496 ($dff) from module wire_itch_decoder (D = \cfg_expected_stock_symbol, Q = \expected_symbol_q).
Adding EN signal on $procdff$3495 ($dff) from module wire_itch_decoder (D = \cfg_symbol_check_enable, Q = \symbol_enable_q).
Adding EN signal on $procdff$3494 ($dff) from module wire_itch_decoder (D = \cfg_tracked_stock_locate, Q = \tracked_locate_q).
Adding SRST signal on $procdff$3493 ($dff) from module wire_itch_decoder (D = $procmux$2187_Y, Q = \message_sequence_q, rval = 64'0000000000000000000000000000000000000000000000000000000000000000).
Adding EN signal on $auto$ff.cc:337:slice$4467 ($sdff) from module wire_itch_decoder (D = \message_sequence, Q = \message_sequence_q).
Adding SRST signal on $procdff$3492 ($dff) from module wire_itch_decoder (D = $procmux$2200_Y, Q = \declared_length_q, rval = 16'0000000000000000).
Adding EN signal on $auto$ff.cc:337:slice$4471 ($sdff) from module wire_itch_decoder (D = \message_length, Q = \declared_length_q).
Adding SRST signal on $procdff$3491 ($dff) from module wire_itch_decoder (D = $procmux$2216_Y, Q = \byte_index_q, rval = 6'000000).
Adding EN signal on $auto$ff.cc:337:slice$4475 ($sdff) from module wire_itch_decoder (D = $procmux$2216_Y, Q = \byte_index_q).
Adding SRST signal on $procdff$3490 ($dff) from module wire_itch_decoder (D = $procmux$2249_Y, Q = \reject_pending_q, rval = 1'0).
Adding SRST signal on $procdff$3489 ($dff) from module wire_itch_decoder (D = $procmux$2343_Y, Q = \reject_code_q, rval = 3'000).
Adding EN signal on $auto$ff.cc:337:slice$4488 ($sdff) from module wire_itch_decoder (D = $procmux$2343_Y, Q = \reject_code_q).
Adding SRST signal on $procdff$3487 ($dff) from module wire_itch_decoder (D = $procmux$2524_Y, Q = \recovery_required, rval = 1'0).
Adding EN signal on $auto$ff.cc:337:slice$4514 ($sdff) from module wire_itch_decoder (D = $procmux$2524_Y, Q = \recovery_required).
Adding SRST signal on $procdff$3545 ($dff) from module wire_mold_message_framer (D = $procmux$2693_Y, Q = \payload_last_q, rval = 1'0).
Adding SRST signal on $procdff$3544 ($dff) from module wire_mold_message_framer (D = $procmux$2703_Y, Q = \payload_valid_q, rval = 1'0).
Adding SRST signal on $procdff$3546 ($dff) from module wire_mold_message_framer (D = $procmux$2680_Y, Q = \reject_pending_q, rval = 1'0).
Adding SRST signal on $procdff$3543 ($dff) from module wire_mold_message_framer (D = $procmux$2711_Y, Q = \payload_data_q, rval = 8'00000000).
Adding EN signal on $auto$ff.cc:337:slice$4537 ($sdff) from module wire_mold_message_framer (D = \in_data, Q = \payload_data_q).
Adding SRST signal on $procdff$3547 ($dff) from module wire_mold_message_framer (D = $procmux$2636_Y, Q = \result_pending_q, rval = 1'0).
Adding SRST signal on $procdff$3533 ($dff) from module wire_mold_message_framer (D = $procmux$2853_Y, Q = \packet_sequence_q, rval = 64'0000000000000000000000000000000000000000000000000000000000000000).
Adding EN signal on $auto$ff.cc:337:slice$4542 ($sdff) from module wire_mold_message_framer (D = \packet_sequence, Q = \packet_sequence_q).
Adding SRST signal on $procdff$3534 ($dff) from module wire_mold_message_framer (D = $procmux$2848_Y, Q = \packet_count_q, rval = 16'0000000000000000).
Adding EN signal on $auto$ff.cc:337:slice$4544 ($sdff) from module wire_mold_message_framer (D = \packet_message_count, Q = \packet_count_q).
Adding SRST signal on $procdff$3535 ($dff) from module wire_mold_message_framer (D = $procmux$2843_Y, Q = \reject_code_q, rval = 2'00).
Adding SRST signal on $procdff$3537 ($dff) from module wire_mold_message_framer (D = $procmux$2781_Y, Q = \messages_done_q, rval = 16'0000000000000000).
Adding SRST signal on $procdff$3538 ($dff) from module wire_mold_message_framer (D = $procmux$2763_Y, Q = \length_hi_q, rval = 8'00000000).
Adding EN signal on $auto$ff.cc:337:slice$4548 ($sdff) from module wire_mold_message_framer (D = \in_data, Q = \length_hi_q).
Adding SRST signal on $procdff$3539 ($dff) from module wire_mold_message_framer (D = $procmux$2750_Y, Q = \message_length_q, rval = 16'0000000000000000).
Adding EN signal on $auto$ff.cc:337:slice$4554 ($sdff) from module wire_mold_message_framer (D = { \length_hi_q \in_data }, Q = \message_length_q).
Adding SRST signal on $procdff$3540 ($dff) from module wire_mold_message_framer (D = $procmux$2741_Y, Q = \payload_remaining_q, rval = 16'0000000000000000).
Adding EN signal on $auto$ff.cc:337:slice$4558 ($sdff) from module wire_mold_message_framer (D = $procmux$2738_Y, Q = \payload_remaining_q).
Adding SRST signal on $procdff$3541 ($dff) from module wire_mold_message_framer (D = $procmux$2729_Y, Q = \message_empty_q, rval = 1'0).
Adding EN signal on $auto$ff.cc:337:slice$4566 ($sdff) from module wire_mold_message_framer (D = $eq$rtl/arch_a/wire_mold_message_framer.sv:216$92_Y, Q = \message_empty_q).
Adding SRST signal on $procdff$3542 ($dff) from module wire_mold_message_framer (D = $procmux$2720_Y, Q = \header_ended_q, rval = 1'0).
Adding EN signal on $auto$ff.cc:337:slice$4570 ($sdff) from module wire_mold_message_framer (D = \in_last, Q = \header_ended_q).
Adding SRST signal on $procdff$3565 ($dff) from module wire_mold_header_seq (D = $procmux$3060_Y, Q = \recovery_required_q, rval = 1'0).
Adding SRST signal on $procdff$3564 ($dff) from module wire_mold_header_seq (D = $procmux$3107_Y, Q = \controller_valid_q, rval = 1'1).
Adding SRST signal on $procdff$3563 ($dff) from module wire_mold_header_seq (D = $procmux$3139_Y, Q = \pending_fatal_q, rval = 1'1).
Adding EN signal on $auto$ff.cc:337:slice$4576 ($sdff) from module wire_mold_header_seq (D = $procmux$3132_Y, Q = \pending_fatal_q).
Adding SRST signal on $procdff$3562 ($dff) from module wire_mold_header_seq (D = $procmux$3171_Y, Q = \pending_code_q, rval = 3'011).
Adding EN signal on $auto$ff.cc:337:slice$4584 ($sdff) from module wire_mold_header_seq (D = $procmux$3164_Y, Q = \pending_code_q).
Adding SRST signal on $procdff$3561 ($dff) from module wire_mold_header_seq (D = $procmux$3211_Y, Q = \reject_fatal_q, rval = 1'1).
Adding EN signal on $auto$ff.cc:337:slice$4592 ($sdff) from module wire_mold_header_seq (D = $procmux$3181_Y, Q = \reject_fatal_q).
Adding SRST signal on $procdff$3560 ($dff) from module wire_mold_header_seq (D = $procmux$3251_Y, Q = \reject_code_q, rval = 3'000).
Adding EN signal on $auto$ff.cc:337:slice$4604 ($sdff) from module wire_mold_header_seq (D = $procmux$3221_Y, Q = \reject_code_q).
Adding SRST signal on $procdff$3559 ($dff) from module wire_mold_header_seq (D = $procmux$3264_Y, Q = \body_last_q, rval = 1'0).
Adding SRST signal on $procdff$3558 ($dff) from module wire_mold_header_seq (D = $procmux$3275_Y, Q = \body_valid_q, rval = 1'0).
Adding SRST signal on $procdff$3557 ($dff) from module wire_mold_header_seq (D = $procmux$3284_Y, Q = \body_data_q, rval = 8'00000000).
Adding EN signal on $auto$ff.cc:337:slice$4626 ($sdff) from module wire_mold_header_seq (D = \in_data, Q = \body_data_q).
Adding SRST signal on $procdff$3556 ($dff) from module wire_mold_header_seq (D = $procmux$3312_Y, Q = \packet_valid_q, rval = 1'0).
Adding SRST signal on $procdff$3555 ($dff) from module wire_mold_header_seq (D = $procmux$3338_Y, Q = \packet_empty_q, rval = 1'0).
Adding EN signal on $auto$ff.cc:337:slice$4631 ($sdff) from module wire_mold_header_seq (D = \in_last, Q = \packet_empty_q).
Adding SRST signal on $procdff$3554 ($dff) from module wire_mold_header_seq (D = $procmux$3364_Y, Q = \packet_count_q, rval = 16'0000000000000000).
Adding EN signal on $auto$ff.cc:337:slice$4645 ($sdff) from module wire_mold_header_seq (D = { \header_q [7:0] \in_data }, Q = \packet_count_q).
Adding SRST signal on $procdff$3553 ($dff) from module wire_mold_header_seq (D = $procmux$3390_Y, Q = \packet_sequence_q, rval = 64'0000000000000000000000000000000000000000000000000000000000000000).
Adding EN signal on $auto$ff.cc:337:slice$4659 ($sdff) from module wire_mold_header_seq (D = \header_q [71:8], Q = \packet_sequence_q).
Adding EN signal on $procdff$3552 ($dff) from module wire_mold_header_seq (D = $0\expected_sequence_q[63:0], Q = \expected_sequence_q).
Adding EN signal on $procdff$3551 ($dff) from module wire_mold_header_seq (D = \cfg_active_session, Q = \active_session_q).
Adding SRST signal on $procdff$3550 ($dff) from module wire_mold_header_seq (D = $2$lookahead\header_q$25[151:0]$34, Q = \header_q, rval = 152'00000000000000000000000000000000000000000000000000000000000000000000000000000000000000000000000000000000000000000000000000000000000000000000000000000000).
Adding EN signal on $auto$ff.cc:337:slice$4681 ($sdff) from module wire_mold_header_seq (D = $or$rtl/arch_a/wire_mold_header_seq.sv:180$52_Y, Q = \header_q).
Adding SRST signal on $procdff$3549 ($dff) from module wire_mold_header_seq (D = $procmux$3423_Y, Q = \header_index_q, rval = 5'00000).

6.8.7. Executing OPT_CLEAN pass (remove unused cells and wires).
Finding unused cells or wires in module \wire_mold_itch_top..
Finding unused cells or wires in module \wire_itch_decoder..
Finding unused cells or wires in module \wire_mold_message_framer..
Finding unused cells or wires in module \wire_mold_header_seq..
Removed 124 unused cells and 208 unused wires.
<suppressed ~127 debug messages>

6.8.8. Executing OPT_EXPR pass (perform const folding).
Optimizing module wire_mold_itch_top.
Optimizing module wire_itch_decoder.
<suppressed ~4 debug messages>
Optimizing module wire_mold_message_framer.
<suppressed ~1 debug messages>
Optimizing module wire_mold_header_seq.
<suppressed ~6 debug messages>

6.8.9. Rerunning OPT passes. (Maybe there is more to do..)

6.8.10. Executing OPT_MUXTREE pass (detect dead branches in mux trees).
Running muxtree optimizer on module \wire_mold_itch_top..
  Creating internal representation of mux trees.
  No muxes found in this module.
Running muxtree optimizer on module \wire_itch_decoder..
  Creating internal representation of mux trees.
  Evaluating internal representation of mux trees.
  Analyzing evaluation results.
Running muxtree optimizer on module \wire_mold_message_framer..
  Creating internal representation of mux trees.
  Evaluating internal representation of mux trees.
  Analyzing evaluation results.
Running muxtree optimizer on module \wire_mold_header_seq..
  Creating internal representation of mux trees.
  Evaluating internal representation of mux trees.
  Analyzing evaluation results.
Removed 0 multiplexer ports.
<suppressed ~1113 debug messages>

6.8.11. Executing OPT_REDUCE pass (consolidate $*mux and $reduce_* inputs).
  Optimizing cells in module \wire_mold_itch_top.
  Optimizing cells in module \wire_itch_decoder.
  Optimizing cells in module \wire_mold_message_framer.
  Optimizing cells in module \wire_mold_header_seq.
Performed a total of 0 changes.

6.8.12. Executing OPT_MERGE pass (detect identical cells).
Finding identical cells in module `\wire_mold_itch_top'.
Computing hashes of 4 cells of `\wire_mold_itch_top'.
Finding duplicate cells in `\wire_mold_itch_top'.
Finding identical cells in module `\wire_itch_decoder'.
Computing hashes of 391 cells of `\wire_itch_decoder'.
Finding duplicate cells in `\wire_itch_decoder'.
Computing hashes of 379 cells of `\wire_itch_decoder'.
Finding duplicate cells in `\wire_itch_decoder'.
<suppressed ~36 debug messages>
Finding identical cells in module `\wire_mold_message_framer'.
Computing hashes of 278 cells of `\wire_mold_message_framer'.
Finding duplicate cells in `\wire_mold_message_framer'.
Computing hashes of 276 cells of `\wire_mold_message_framer'.
Finding duplicate cells in `\wire_mold_message_framer'.
<suppressed ~6 debug messages>
Finding identical cells in module `\wire_mold_header_seq'.
Computing hashes of 277 cells of `\wire_mold_header_seq'.
Finding duplicate cells in `\wire_mold_header_seq'.
Computing hashes of 260 cells of `\wire_mold_header_seq'.
Finding duplicate cells in `\wire_mold_header_seq'.
Computing hashes of 257 cells of `\wire_mold_header_seq'.
Finding duplicate cells in `\wire_mold_header_seq'.
<suppressed ~60 debug messages>
Removed a total of 34 cells.

6.8.13. Executing OPT_DFF pass (perform DFF optimizations).

6.8.14. Executing OPT_CLEAN pass (remove unused cells and wires).
Finding unused cells or wires in module \wire_mold_itch_top..
Finding unused cells or wires in module \wire_itch_decoder..
Finding unused cells or wires in module \wire_mold_message_framer..
Finding unused cells or wires in module \wire_mold_header_seq..
Removed 0 unused cells and 33 unused wires.
<suppressed ~3 debug messages>

6.8.15. Executing OPT_EXPR pass (perform const folding).
Optimizing module wire_mold_itch_top.
Optimizing module wire_itch_decoder.
Optimizing module wire_mold_message_framer.
Optimizing module wire_mold_header_seq.

6.8.16. Rerunning OPT passes. (Maybe there is more to do..)

6.8.17. Executing OPT_MUXTREE pass (detect dead branches in mux trees).
Running muxtree optimizer on module \wire_mold_itch_top..
  Creating internal representation of mux trees.
  No muxes found in this module.
Running muxtree optimizer on module \wire_itch_decoder..
  Creating internal representation of mux trees.
  Evaluating internal representation of mux trees.
  Analyzing evaluation results.
Running muxtree optimizer on module \wire_mold_message_framer..
  Creating internal representation of mux trees.
  Evaluating internal representation of mux trees.
  Analyzing evaluation results.
Running muxtree optimizer on module \wire_mold_header_seq..
  Creating internal representation of mux trees.
  Evaluating internal representation of mux trees.
  Analyzing evaluation results.
Removed 0 multiplexer ports.
<suppressed ~1113 debug messages>

6.8.18. Executing OPT_REDUCE pass (consolidate $*mux and $reduce_* inputs).
  Optimizing cells in module \wire_mold_itch_top.
  Optimizing cells in module \wire_itch_decoder.
  Optimizing cells in module \wire_mold_message_framer.
  Optimizing cells in module \wire_mold_header_seq.
Performed a total of 0 changes.

6.8.19. Executing OPT_MERGE pass (detect identical cells).
Finding identical cells in module `\wire_mold_itch_top'.
Computing hashes of 4 cells of `\wire_mold_itch_top'.
Finding duplicate cells in `\wire_mold_itch_top'.
Finding identical cells in module `\wire_itch_decoder'.
Computing hashes of 379 cells of `\wire_itch_decoder'.
Finding duplicate cells in `\wire_itch_decoder'.
Finding identical cells in module `\wire_mold_message_framer'.
Computing hashes of 276 cells of `\wire_mold_message_framer'.
Finding duplicate cells in `\wire_mold_message_framer'.
Finding identical cells in module `\wire_mold_header_seq'.
Computing hashes of 257 cells of `\wire_mold_header_seq'.
Finding duplicate cells in `\wire_mold_header_seq'.
Removed a total of 0 cells.

6.8.20. Executing OPT_DFF pass (perform DFF optimizations).

6.8.21. Executing OPT_CLEAN pass (remove unused cells and wires).
Finding unused cells or wires in module \wire_mold_itch_top..
Finding unused cells or wires in module \wire_itch_decoder..
Finding unused cells or wires in module \wire_mold_message_framer..
Finding unused cells or wires in module \wire_mold_header_seq..

6.8.22. Executing OPT_EXPR pass (perform const folding).
Optimizing module wire_mold_itch_top.
Optimizing module wire_itch_decoder.
Optimizing module wire_mold_message_framer.
Optimizing module wire_mold_header_seq.

6.8.23. Finished fast OPT passes. (There is nothing left to do.)

6.9. Executing WREDUCE pass (reducing word size of cells).
Removed top 26 address bits (of 32) from memory read port wire_itch_decoder.$memrd$\bytes_q$rtl/arch_a/wire_itch_decoder.sv:84$443 (bytes_q).
Removed top 26 address bits (of 32) from memory read port wire_itch_decoder.$memrd$\bytes_q$rtl/arch_a/wire_itch_decoder.sv:84$442 (bytes_q).
Removed top 26 address bits (of 32) from memory read port wire_itch_decoder.$memrd$\bytes_q$rtl/arch_a/wire_itch_decoder.sv:84$441 (bytes_q).
Removed top 26 address bits (of 32) from memory read port wire_itch_decoder.$memrd$\bytes_q$rtl/arch_a/wire_itch_decoder.sv:84$440 (bytes_q).
Removed top 26 address bits (of 32) from memory read port wire_itch_decoder.$memrd$\bytes_q$rtl/arch_a/wire_itch_decoder.sv:84$439 (bytes_q).
Removed top 26 address bits (of 32) from memory read port wire_itch_decoder.$memrd$\bytes_q$rtl/arch_a/wire_itch_decoder.sv:84$438 (bytes_q).
Removed top 26 address bits (of 32) from memory read port wire_itch_decoder.$memrd$\bytes_q$rtl/arch_a/wire_itch_decoder.sv:84$437 (bytes_q).
Removed top 26 address bits (of 32) from memory read port wire_itch_decoder.$memrd$\bytes_q$rtl/arch_a/wire_itch_decoder.sv:84$436 (bytes_q).
Removed top 26 address bits (of 32) from memory read port wire_itch_decoder.$memrd$\bytes_q$rtl/arch_a/wire_itch_decoder.sv:87$435 (bytes_q).
Removed top 26 address bits (of 32) from memory read port wire_itch_decoder.$memrd$\bytes_q$rtl/arch_a/wire_itch_decoder.sv:87$434 (bytes_q).
Removed top 26 address bits (of 32) from memory read port wire_itch_decoder.$memrd$\bytes_q$rtl/arch_a/wire_itch_decoder.sv:87$433 (bytes_q).
Removed top 26 address bits (of 32) from memory read port wire_itch_decoder.$memrd$\bytes_q$rtl/arch_a/wire_itch_decoder.sv:87$432 (bytes_q).
Removed top 26 address bits (of 32) from memory read port wire_itch_decoder.$memrd$\bytes_q$rtl/arch_a/wire_itch_decoder.sv:88$431 (bytes_q).
Removed top 26 address bits (of 32) from memory read port wire_itch_decoder.$memrd$\bytes_q$rtl/arch_a/wire_itch_decoder.sv:88$430 (bytes_q).
Removed top 26 address bits (of 32) from memory read port wire_itch_decoder.$memrd$\bytes_q$rtl/arch_a/wire_itch_decoder.sv:88$429 (bytes_q).
Removed top 26 address bits (of 32) from memory read port wire_itch_decoder.$memrd$\bytes_q$rtl/arch_a/wire_itch_decoder.sv:88$428 (bytes_q).
Removed top 26 address bits (of 32) from memory read port wire_itch_decoder.$memrd$\bytes_q$rtl/arch_a/wire_itch_decoder.sv:87$427 (bytes_q).
Removed top 26 address bits (of 32) from memory read port wire_itch_decoder.$memrd$\bytes_q$rtl/arch_a/wire_itch_decoder.sv:87$426 (bytes_q).
Removed top 26 address bits (of 32) from memory read port wire_itch_decoder.$memrd$\bytes_q$rtl/arch_a/wire_itch_decoder.sv:87$425 (bytes_q).
Removed top 26 address bits (of 32) from memory read port wire_itch_decoder.$memrd$\bytes_q$rtl/arch_a/wire_itch_decoder.sv:87$424 (bytes_q).
Removed top 26 address bits (of 32) from memory read port wire_itch_decoder.$memrd$\bytes_q$rtl/arch_a/wire_itch_decoder.sv:88$423 (bytes_q).
Removed top 26 address bits (of 32) from memory read port wire_itch_decoder.$memrd$\bytes_q$rtl/arch_a/wire_itch_decoder.sv:88$422 (bytes_q).
Removed top 26 address bits (of 32) from memory read port wire_itch_decoder.$memrd$\bytes_q$rtl/arch_a/wire_itch_decoder.sv:88$421 (bytes_q).
Removed top 26 address bits (of 32) from memory read port wire_itch_decoder.$memrd$\bytes_q$rtl/arch_a/wire_itch_decoder.sv:88$420 (bytes_q).
Removed top 26 address bits (of 32) from memory read port wire_itch_decoder.$memrd$\bytes_q$rtl/arch_a/wire_itch_decoder.sv:217$364 (bytes_q).
Removed top 26 address bits (of 32) from memory read port wire_itch_decoder.$memrd$\bytes_q$rtl/arch_a/wire_itch_decoder.sv:84$358 (bytes_q).
Removed top 26 address bits (of 32) from memory read port wire_itch_decoder.$memrd$\bytes_q$rtl/arch_a/wire_itch_decoder.sv:81$288 (bytes_q).
Removed top 26 address bits (of 32) from memory read port wire_itch_decoder.$memrd$\bytes_q$rtl/arch_a/wire_itch_decoder.sv:81$287 (bytes_q).
Removed top 26 address bits (of 32) from memory read port wire_itch_decoder.$memrd$\bytes_q$rtl/arch_a/wire_itch_decoder.sv:91$267 (bytes_q).
Removed top 26 address bits (of 32) from memory read port wire_itch_decoder.$memrd$\bytes_q$rtl/arch_a/wire_itch_decoder.sv:91$266 (bytes_q).
Removed top 26 address bits (of 32) from memory read port wire_itch_decoder.$memrd$\bytes_q$rtl/arch_a/wire_itch_decoder.sv:91$265 (bytes_q).
Removed top 26 address bits (of 32) from memory read port wire_itch_decoder.$memrd$\bytes_q$rtl/arch_a/wire_itch_decoder.sv:92$264 (bytes_q).
Removed top 26 address bits (of 32) from memory read port wire_itch_decoder.$memrd$\bytes_q$rtl/arch_a/wire_itch_decoder.sv:92$263 (bytes_q).
Removed top 26 address bits (of 32) from memory read port wire_itch_decoder.$memrd$\bytes_q$rtl/arch_a/wire_itch_decoder.sv:92$262 (bytes_q).
Removed top 1 bits (of 2) from port B of cell wire_itch_decoder.$auto$simple.cc:194:make_patterns_logic$4527 ($ne).
Removed top 1 bits (of 2) from port B of cell wire_itch_decoder.$auto$simple.cc:194:make_patterns_logic$4521 ($ne).
Removed top 1 bits (of 2) from port B of cell wire_itch_decoder.$auto$simple.cc:194:make_patterns_logic$4519 ($ne).
Removed top 1 bits (of 2) from port B of cell wire_itch_decoder.$auto$simple.cc:194:make_patterns_logic$4511 ($ne).
Removed top 2 bits (of 3) from port B of cell wire_itch_decoder.$auto$simple.cc:194:make_patterns_logic$4509 ($ne).
Removed top 2 bits (of 6) from port B of cell wire_itch_decoder.$auto$fsm_map.cc:77:implement_pattern_cache$3788 ($eq).
Removed top 4 bits (of 5) from port B of cell wire_itch_decoder.$auto$fsm_map.cc:77:implement_pattern_cache$3780 ($eq).
Removed top 3 bits (of 4) from port B of cell wire_itch_decoder.$auto$fsm_map.cc:77:implement_pattern_cache$3761 ($eq).
Removed top 1 bits (of 4) from port B of cell wire_itch_decoder.$auto$fsm_map.cc:77:implement_pattern_cache$3749 ($eq).
Removed top 2 bits (of 3) from port B of cell wire_itch_decoder.$auto$fsm_map.cc:77:implement_pattern_cache$3736 ($eq).
Removed top 2 bits (of 4) from port B of cell wire_itch_decoder.$auto$fsm_map.cc:77:implement_pattern_cache$3708 ($eq).
Removed top 3 bits (of 7) from port B of cell wire_itch_decoder.$auto$fsm_map.cc:77:implement_pattern_cache$3704 ($eq).
Removed top 8 bits (of 12) from port B of cell wire_itch_decoder.$auto$fsm_map.cc:77:implement_pattern_cache$3700 ($eq).
Removed top 3 bits (of 5) from port B of cell wire_itch_decoder.$auto$fsm_map.cc:77:implement_pattern_cache$3696 ($eq).
Removed top 1 bits (of 2) from port B of cell wire_itch_decoder.$auto$fsm_map.cc:77:implement_pattern_cache$3640 ($eq).
Removed top 26 bits (of 32) from port B of cell wire_itch_decoder.$lt$rtl/arch_a/wire_itch_decoder.sv:167$214 ($lt).
Removed top 1 bits (of 8) from port B of cell wire_itch_decoder.$ne$rtl/arch_a/wire_itch_decoder.sv:169$219 ($ne).
Removed top 1 bits (of 8) from port B of cell wire_itch_decoder.$ne$rtl/arch_a/wire_itch_decoder.sv:169$220 ($ne).
Removed top 1 bits (of 8) from port B of cell wire_itch_decoder.$ne$rtl/arch_a/wire_itch_decoder.sv:169$222 ($ne).
Removed top 1 bits (of 8) from port B of cell wire_itch_decoder.$ne$rtl/arch_a/wire_itch_decoder.sv:170$224 ($ne).
Removed top 1 bits (of 8) from port B of cell wire_itch_decoder.$ne$rtl/arch_a/wire_itch_decoder.sv:170$226 ($ne).
Removed top 1 bits (of 8) from port B of cell wire_itch_decoder.$ne$rtl/arch_a/wire_itch_decoder.sv:170$228 ($ne).
Removed top 1 bits (of 8) from port B of cell wire_itch_decoder.$ne$rtl/arch_a/wire_itch_decoder.sv:171$230 ($ne).
Removed top 1 bits (of 8) from port B of cell wire_itch_decoder.$ne$rtl/arch_a/wire_itch_decoder.sv:171$232 ($ne).
Removed top 10 bits (of 16) from port B of cell wire_itch_decoder.$ne$rtl/arch_a/wire_itch_decoder.sv:176$236 ($ne).
Removed top 10 bits (of 16) from port B of cell wire_itch_decoder.$ne$rtl/arch_a/wire_itch_decoder.sv:177$239 ($ne).
Removed top 11 bits (of 16) from port B of cell wire_itch_decoder.$ne$rtl/arch_a/wire_itch_decoder.sv:178$242 ($ne).
Removed top 11 bits (of 16) from port B of cell wire_itch_decoder.$ne$rtl/arch_a/wire_itch_decoder.sv:179$245 ($ne).
Removed top 11 bits (of 16) from port B of cell wire_itch_decoder.$ne$rtl/arch_a/wire_itch_decoder.sv:180$248 ($ne).
Removed top 10 bits (of 16) from port B of cell wire_itch_decoder.$ne$rtl/arch_a/wire_itch_decoder.sv:181$251 ($ne).
Removed top 10 bits (of 16) from port B of cell wire_itch_decoder.$ne$rtl/arch_a/wire_itch_decoder.sv:182$254 ($ne).
Removed top 10 bits (of 16) from port A of cell wire_itch_decoder.$add$rtl/arch_a/wire_itch_decoder.sv:190$257 ($add).
Removed top 15 bits (of 16) from port B of cell wire_itch_decoder.$add$rtl/arch_a/wire_itch_decoder.sv:190$257 ($add).
Removed top 9 bits (of 16) from port Y of cell wire_itch_decoder.$add$rtl/arch_a/wire_itch_decoder.sv:190$257 ($add).
Removed top 9 bits (of 16) from port A of cell wire_itch_decoder.$ne$rtl/arch_a/wire_itch_decoder.sv:190$258 ($ne).
Removed top 1 bits (of 8) from port B of cell wire_itch_decoder.$eq$rtl/arch_a/wire_itch_decoder.sv:204$271 ($eq).
Removed top 1 bits (of 8) from port B of cell wire_itch_decoder.$eq$rtl/arch_a/wire_itch_decoder.sv:206$305 ($eq).
Removed top 1 bits (of 8) from port B of cell wire_itch_decoder.$eq$rtl/arch_a/wire_itch_decoder.sv:206$307 ($eq).
Removed top 1 bits (of 8) from port B of cell wire_itch_decoder.$ne$rtl/arch_a/wire_itch_decoder.sv:209$338 ($ne).
Removed top 1 bits (of 8) from port B of cell wire_itch_decoder.$ne$rtl/arch_a/wire_itch_decoder.sv:209$340 ($ne).
Removed top 1 bits (of 8) from port B of cell wire_itch_decoder.$eq$rtl/arch_a/wire_itch_decoder.sv:213$363 ($eq).
Removed top 10 bits (of 16) from mux cell wire_itch_decoder.$procmux$471 ($pmux).
Removed top 1 bits (of 8) from port B of cell wire_itch_decoder.$procmux$1894_CMP0 ($eq).
Removed top 1 bits (of 8) from port B of cell wire_itch_decoder.$procmux$1895_CMP0 ($eq).
Removed top 1 bits (of 8) from port B of cell wire_itch_decoder.$procmux$1896_CMP0 ($eq).
Removed top 1 bits (of 8) from port B of cell wire_itch_decoder.$procmux$1897_CMP0 ($eq).
Removed top 1 bits (of 8) from port B of cell wire_itch_decoder.$procmux$1952_CMP0 ($eq).
Removed top 1 bits (of 8) from port B of cell wire_itch_decoder.$procmux$2257_CMP0 ($eq).
Removed top 1 bits (of 8) from port B of cell wire_itch_decoder.$procmux$2262_CMP0 ($eq).
Removed top 1 bits (of 8) from port B of cell wire_itch_decoder.$procmux$2267_CMP0 ($eq).
Removed top 1 bits (of 8) from port B of cell wire_itch_decoder.$procmux$2272_CMP0 ($eq).
Removed top 1 bits (of 8) from port B of cell wire_itch_decoder.$procmux$2277_CMP0 ($eq).
Removed top 1 bits (of 8) from port B of cell wire_itch_decoder.$procmux$2282_CMP0 ($eq).
Removed top 1 bits (of 8) from port B of cell wire_itch_decoder.$procmux$2287_CMP0 ($eq).
Removed top 1 bits (of 8) from port B of cell wire_itch_decoder.$procmux$2287_CMP1 ($eq).
Removed top 9 bits (of 16) from wire wire_itch_decoder.$add$rtl/arch_a/wire_itch_decoder.sv:190$257_Y.
Removed top 10 bits (of 16) from wire wire_itch_decoder.required_length$func$rtl/arch_a/wire_itch_decoder.sv:112$105.$result.
Removed top 1 bits (of 7) from port B of cell wire_mold_message_framer.$auto$fsm_map.cc:77:implement_pattern_cache$4165 ($eq).
Removed top 2 bits (of 8) from port B of cell wire_mold_message_framer.$auto$fsm_map.cc:77:implement_pattern_cache$4161 ($eq).
Removed top 1 bits (of 8) from port B of cell wire_mold_message_framer.$auto$fsm_map.cc:77:implement_pattern_cache$4155 ($eq).
Removed top 1 bits (of 9) from port B of cell wire_mold_message_framer.$auto$fsm_map.cc:77:implement_pattern_cache$4151 ($eq).
Removed top 2 bits (of 10) from port B of cell wire_mold_message_framer.$auto$fsm_map.cc:77:implement_pattern_cache$4147 ($eq).
Removed top 2 bits (of 3) from port B of cell wire_mold_message_framer.$auto$fsm_map.cc:77:implement_pattern_cache$4138 ($eq).
Removed top 1 bits (of 4) from port B of cell wire_mold_message_framer.$auto$fsm_map.cc:77:implement_pattern_cache$4129 ($eq).
Removed top 3 bits (of 5) from port B of cell wire_mold_message_framer.$auto$fsm_map.cc:77:implement_pattern_cache$4125 ($eq).
Removed top 3 bits (of 7) from port B of cell wire_mold_message_framer.$auto$fsm_map.cc:77:implement_pattern_cache$4105 ($eq).
Removed top 4 bits (of 8) from port B of cell wire_mold_message_framer.$auto$fsm_map.cc:77:implement_pattern_cache$4101 ($eq).
Removed top 3 bits (of 8) from port B of cell wire_mold_message_framer.$auto$fsm_map.cc:77:implement_pattern_cache$4091 ($eq).
Removed top 2 bits (of 4) from port B of cell wire_mold_message_framer.$auto$fsm_map.cc:77:implement_pattern_cache$4085 ($eq).
Removed top 3 bits (of 5) from port B of cell wire_mold_message_framer.$auto$fsm_map.cc:77:implement_pattern_cache$4081 ($eq).
Removed top 2 bits (of 5) from port B of cell wire_mold_message_framer.$auto$fsm_map.cc:77:implement_pattern_cache$4075 ($eq).
Removed top 3 bits (of 9) from port B of cell wire_mold_message_framer.$auto$fsm_map.cc:77:implement_pattern_cache$4071 ($eq).
Removed top 4 bits (of 10) from port B of cell wire_mold_message_framer.$auto$fsm_map.cc:77:implement_pattern_cache$4067 ($eq).
Removed top 2 bits (of 6) from port B of cell wire_mold_message_framer.$auto$fsm_map.cc:77:implement_pattern_cache$4063 ($eq).
Removed top 3 bits (of 7) from port B of cell wire_mold_message_framer.$auto$fsm_map.cc:77:implement_pattern_cache$4059 ($eq).
Removed top 1 bits (of 7) from port B of cell wire_mold_message_framer.$auto$fsm_map.cc:77:implement_pattern_cache$4052 ($eq).
Removed top 2 bits (of 8) from port B of cell wire_mold_message_framer.$auto$fsm_map.cc:77:implement_pattern_cache$4048 ($eq).
Removed top 1 bits (of 8) from port B of cell wire_mold_message_framer.$auto$fsm_map.cc:77:implement_pattern_cache$4038 ($eq).
Removed top 4 bits (of 6) from port B of cell wire_mold_message_framer.$auto$fsm_map.cc:77:implement_pattern_cache$4034 ($eq).
Removed top 1 bits (of 9) from port B of cell wire_mold_message_framer.$auto$fsm_map.cc:77:implement_pattern_cache$4030 ($eq).
Removed top 2 bits (of 10) from port B of cell wire_mold_message_framer.$auto$fsm_map.cc:77:implement_pattern_cache$4026 ($eq).
Removed top 4 bits (of 8) from port B of cell wire_mold_message_framer.$auto$fsm_map.cc:77:implement_pattern_cache$4022 ($eq).
Removed top 2 bits (of 4) from port B of cell wire_mold_message_framer.$auto$fsm_map.cc:77:implement_pattern_cache$4013 ($eq).
Removed top 2 bits (of 6) from port B of cell wire_mold_message_framer.$auto$fsm_map.cc:77:implement_pattern_cache$4006 ($eq).
Removed top 3 bits (of 7) from port B of cell wire_mold_message_framer.$auto$fsm_map.cc:77:implement_pattern_cache$4002 ($eq).
Removed top 2 bits (of 7) from port B of cell wire_mold_message_framer.$auto$fsm_map.cc:77:implement_pattern_cache$3992 ($eq).
Removed top 5 bits (of 7) from port B of cell wire_mold_message_framer.$auto$fsm_map.cc:77:implement_pattern_cache$3988 ($eq).
Removed top 2 bits (of 8) from port B of cell wire_mold_message_framer.$auto$fsm_map.cc:77:implement_pattern_cache$3984 ($eq).
Removed top 3 bits (of 9) from port B of cell wire_mold_message_framer.$auto$fsm_map.cc:77:implement_pattern_cache$3980 ($eq).
Removed top 3 bits (of 7) from port B of cell wire_mold_message_framer.$auto$fsm_map.cc:77:implement_pattern_cache$3969 ($eq).
Removed top 4 bits (of 8) from port B of cell wire_mold_message_framer.$auto$fsm_map.cc:77:implement_pattern_cache$3965 ($eq).
Removed top 2 bits (of 6) from port B of cell wire_mold_message_framer.$auto$fsm_map.cc:77:implement_pattern_cache$3959 ($eq).
Removed top 3 bits (of 7) from port B of cell wire_mold_message_framer.$auto$fsm_map.cc:77:implement_pattern_cache$3955 ($eq).
Removed top 3 bits (of 8) from port B of cell wire_mold_message_framer.$auto$fsm_map.cc:77:implement_pattern_cache$3949 ($eq).
Removed top 2 bits (of 7) from port B of cell wire_mold_message_framer.$auto$fsm_map.cc:77:implement_pattern_cache$3943 ($eq).
Removed top 2 bits (of 4) from port B of cell wire_mold_message_framer.$auto$fsm_map.cc:77:implement_pattern_cache$3937 ($eq).
Removed top 3 bits (of 5) from port B of cell wire_mold_message_framer.$auto$fsm_map.cc:77:implement_pattern_cache$3933 ($eq).
Removed top 2 bits (of 5) from port B of cell wire_mold_message_framer.$auto$fsm_map.cc:77:implement_pattern_cache$3927 ($eq).
Removed top 2 bits (of 4) from port B of cell wire_mold_message_framer.$auto$fsm_map.cc:77:implement_pattern_cache$3921 ($eq).
Removed top 3 bits (of 9) from port B of cell wire_mold_message_framer.$auto$fsm_map.cc:77:implement_pattern_cache$3917 ($eq).
Removed top 4 bits (of 10) from port B of cell wire_mold_message_framer.$auto$fsm_map.cc:77:implement_pattern_cache$3913 ($eq).
Removed top 2 bits (of 8) from port B of cell wire_mold_message_framer.$auto$fsm_map.cc:77:implement_pattern_cache$3909 ($eq).
Removed top 3 bits (of 9) from port B of cell wire_mold_message_framer.$auto$fsm_map.cc:77:implement_pattern_cache$3905 ($eq).
Removed top 2 bits (of 6) from port B of cell wire_mold_message_framer.$auto$fsm_map.cc:77:implement_pattern_cache$3901 ($eq).
Removed top 3 bits (of 7) from port B of cell wire_mold_message_framer.$auto$fsm_map.cc:77:implement_pattern_cache$3897 ($eq).
Removed top 2 bits (of 6) from port B of cell wire_mold_message_framer.$auto$fsm_map.cc:77:implement_pattern_cache$3893 ($eq).
Removed top 1 bits (of 3) from port B of cell wire_mold_message_framer.$auto$fsm_map.cc:77:implement_pattern_cache$3882 ($eq).
Removed top 2 bits (of 3) from port B of cell wire_mold_message_framer.$auto$fsm_map.cc:77:implement_pattern_cache$3869 ($eq).
Removed top 2 bits (of 5) from port B of cell wire_mold_message_framer.$auto$fsm_map.cc:77:implement_pattern_cache$3861 ($eq).
Removed top 2 bits (of 4) from port B of cell wire_mold_message_framer.$auto$fsm_map.cc:77:implement_pattern_cache$3824 ($eq).
Removed top 2 bits (of 5) from port B of cell wire_mold_message_framer.$auto$fsm_map.cc:77:implement_pattern_cache$3814 ($eq).
Removed top 15 bits (of 16) from port B of cell wire_mold_message_framer.$add$rtl/arch_a/wire_mold_message_framer.sv:86$64 ($add).
Removed top 48 bits (of 64) from port B of cell wire_mold_message_framer.$add$rtl/arch_a/wire_mold_message_framer.sv:97$77 ($add).
Removed top 15 bits (of 16) from port B of cell wire_mold_message_framer.$eq$rtl/arch_a/wire_mold_message_framer.sv:223$93 ($eq).
Removed top 15 bits (of 16) from port B of cell wire_mold_message_framer.$sub$rtl/arch_a/wire_mold_message_framer.sv:239$96 ($sub).
Removed top 4 bits (of 5) from port B of cell wire_mold_header_seq.$auto$simple.cc:194:make_patterns_logic$4621 ($ne).
Removed top 3 bits (of 5) from port B of cell wire_mold_header_seq.$auto$fsm_map.cc:77:implement_pattern_cache$4410 ($eq).
Removed top 3 bits (of 6) from port B of cell wire_mold_header_seq.$auto$fsm_map.cc:77:implement_pattern_cache$4408 ($eq).
Removed top 3 bits (of 6) from port B of cell wire_mold_header_seq.$auto$fsm_map.cc:77:implement_pattern_cache$4404 ($eq).
Removed top 4 bits (of 6) from port B of cell wire_mold_header_seq.$auto$fsm_map.cc:77:implement_pattern_cache$4398 ($eq).
Removed top 4 bits (of 7) from port B of cell wire_mold_header_seq.$auto$fsm_map.cc:77:implement_pattern_cache$4396 ($eq).
Removed top 3 bits (of 7) from port B of cell wire_mold_header_seq.$auto$fsm_map.cc:77:implement_pattern_cache$4390 ($eq).
Removed top 3 bits (of 8) from port B of cell wire_mold_header_seq.$auto$fsm_map.cc:77:implement_pattern_cache$4388 ($eq).
Removed top 3 bits (of 7) from port B of cell wire_mold_header_seq.$auto$fsm_map.cc:77:implement_pattern_cache$4384 ($eq).
Removed top 4 bits (of 8) from port B of cell wire_mold_header_seq.$auto$fsm_map.cc:77:implement_pattern_cache$4378 ($eq).
Removed top 3 bits (of 9) from port B of cell wire_mold_header_seq.$auto$fsm_map.cc:77:implement_pattern_cache$4372 ($eq).
Removed top 1 bits (of 3) from port B of cell wire_mold_header_seq.$auto$fsm_map.cc:77:implement_pattern_cache$4357 ($eq).
Removed top 6 bits (of 7) from port B of cell wire_mold_header_seq.$auto$fsm_map.cc:77:implement_pattern_cache$4332 ($eq).
Removed top 1 bits (of 2) from port B of cell wire_mold_header_seq.$auto$fsm_map.cc:77:implement_pattern_cache$4321 ($eq).
Removed top 1 bits (of 3) from port B of cell wire_mold_header_seq.$auto$fsm_map.cc:77:implement_pattern_cache$4315 ($eq).
Removed top 2 bits (of 4) from port B of cell wire_mold_header_seq.$auto$fsm_map.cc:77:implement_pattern_cache$4305 ($eq).
Removed top 2 bits (of 5) from port B of cell wire_mold_header_seq.$auto$fsm_map.cc:77:implement_pattern_cache$4303 ($eq).
Removed top 1 bits (of 4) from port B of cell wire_mold_header_seq.$auto$fsm_map.cc:77:implement_pattern_cache$4299 ($eq).
Removed top 2 bits (of 6) from port B of cell wire_mold_header_seq.$auto$fsm_map.cc:77:implement_pattern_cache$4293 ($eq).
Removed top 4 bits (of 6) from port B of cell wire_mold_header_seq.$auto$fsm_map.cc:77:implement_pattern_cache$4276 ($eq).
Removed top 4 bits (of 7) from port B of cell wire_mold_header_seq.$auto$fsm_map.cc:77:implement_pattern_cache$4274 ($eq).
Removed top 3 bits (of 7) from port B of cell wire_mold_header_seq.$auto$fsm_map.cc:77:implement_pattern_cache$4268 ($eq).
Removed top 3 bits (of 8) from port B of cell wire_mold_header_seq.$auto$fsm_map.cc:77:implement_pattern_cache$4266 ($eq).
Removed top 4 bits (of 8) from port B of cell wire_mold_header_seq.$auto$fsm_map.cc:77:implement_pattern_cache$4262 ($eq).
Removed top 3 bits (of 9) from port B of cell wire_mold_header_seq.$auto$fsm_map.cc:77:implement_pattern_cache$4256 ($eq).
Removed top 3 bits (of 7) from port B of cell wire_mold_header_seq.$auto$fsm_map.cc:77:implement_pattern_cache$4245 ($eq).
Removed top 5 bits (of 7) from port B of cell wire_mold_header_seq.$auto$fsm_map.cc:77:implement_pattern_cache$4225 ($eq).
Removed top 3 bits (of 8) from port B of cell wire_mold_header_seq.$auto$fsm_map.cc:77:implement_pattern_cache$4221 ($eq).
Removed top 2 bits (of 4) from port B of cell wire_mold_header_seq.$auto$fsm_map.cc:77:implement_pattern_cache$4204 ($eq).
Removed top 2 bits (of 5) from port B of cell wire_mold_header_seq.$auto$fsm_map.cc:77:implement_pattern_cache$4202 ($eq).
Removed top 2 bits (of 6) from port B of cell wire_mold_header_seq.$auto$fsm_map.cc:77:implement_pattern_cache$4186 ($eq).
Removed top 48 bits (of 64) from port B of cell wire_mold_header_seq.$add$rtl/arch_a/wire_mold_header_seq.sv:151$32 ($add).
Removed top 24 bits (of 32) from port A of cell wire_mold_header_seq.$sub$rtl/arch_a/wire_mold_header_seq.sv:180$43 ($sub).
Removed top 24 bits (of 32) from port B of cell wire_mold_header_seq.$sub$rtl/arch_a/wire_mold_header_seq.sv:180$43 ($sub).
Removed top 23 bits (of 32) from port Y of cell wire_mold_header_seq.$sub$rtl/arch_a/wire_mold_header_seq.sv:180$43 ($sub).
Converting cell wire_mold_header_seq.$add$rtl/arch_a/wire_mold_header_seq.sv:180$44 ($add) from unsigned to signed.
Removed top 23 bits (of 32) from port A of cell wire_mold_header_seq.$add$rtl/arch_a/wire_mold_header_seq.sv:180$44 ($add).
Removed top 30 bits (of 32) from port B of cell wire_mold_header_seq.$add$rtl/arch_a/wire_mold_header_seq.sv:180$44 ($add).
Removed top 22 bits (of 32) from port Y of cell wire_mold_header_seq.$add$rtl/arch_a/wire_mold_header_seq.sv:180$44 ($add).
Converting cell wire_mold_header_seq.$sub$rtl/arch_a/wire_mold_header_seq.sv:180$45 ($sub) from unsigned to signed.
Removed top 22 bits (of 32) from port A of cell wire_mold_header_seq.$sub$rtl/arch_a/wire_mold_header_seq.sv:180$45 ($sub).
Removed top 27 bits (of 32) from port B of cell wire_mold_header_seq.$sub$rtl/arch_a/wire_mold_header_seq.sv:180$45 ($sub).
Removed top 21 bits (of 32) from port Y of cell wire_mold_header_seq.$sub$rtl/arch_a/wire_mold_header_seq.sv:180$45 ($sub).
Converting cell wire_mold_header_seq.$neg$rtl/arch_a/wire_mold_header_seq.sv:180$50 ($neg) from signed to unsigned.
Removed top 1 bits (of 33) from port A of cell wire_mold_header_seq.$neg$rtl/arch_a/wire_mold_header_seq.sv:180$50 ($neg).
Removed top 4 bits (of 5) from port B of cell wire_mold_header_seq.$add$rtl/arch_a/wire_mold_header_seq.sv:181$53 ($add).

6.10. Executing PEEPOPT pass (run peephole optimizers).

6.11. Executing OPT_CLEAN pass (remove unused cells and wires).
Finding unused cells or wires in module \wire_mold_itch_top..
Finding unused cells or wires in module \wire_itch_decoder..
Finding unused cells or wires in module \wire_mold_message_framer..
Finding unused cells or wires in module \wire_mold_header_seq..
Removed 0 unused cells and 2 unused wires.
<suppressed ~1 debug messages>

6.12. Executing ALUMACC pass (create $alu and $macc cells).
Extracting $alu and $macc cells in module wire_mold_itch_top:
  created 0 $alu and 0 $macc cells.
Extracting $alu and $macc cells in module wire_itch_decoder:
  creating $macc model for $add$rtl/arch_a/wire_itch_decoder.sv:194$260 ($add).
  creating $macc model for $add$rtl/arch_a/wire_itch_decoder.sv:190$257 ($add).
  creating $alu model for $macc $add$rtl/arch_a/wire_itch_decoder.sv:190$257.
  creating $alu model for $macc $add$rtl/arch_a/wire_itch_decoder.sv:194$260.
  creating $alu model for $lt$rtl/arch_a/wire_itch_decoder.sv:167$214 ($lt): new $alu
  creating $alu cell for $lt$rtl/arch_a/wire_itch_decoder.sv:167$214: $auto$alumacc.cc:576:replace_alu$4691
  creating $alu cell for $add$rtl/arch_a/wire_itch_decoder.sv:194$260: $auto$alumacc.cc:576:replace_alu$4696
  creating $alu cell for $add$rtl/arch_a/wire_itch_decoder.sv:190$257: $auto$alumacc.cc:576:replace_alu$4699
  created 3 $alu and 0 $macc cells.
Extracting $alu and $macc cells in module wire_mold_message_framer:
  creating $macc model for $sub$rtl/arch_a/wire_mold_message_framer.sv:239$96 ($sub).
  creating $macc model for $add$rtl/arch_a/wire_mold_message_framer.sv:97$77 ($add).
  creating $macc model for $add$rtl/arch_a/wire_mold_message_framer.sv:86$64 ($add).
  creating $alu model for $macc $add$rtl/arch_a/wire_mold_message_framer.sv:86$64.
  creating $alu model for $macc $add$rtl/arch_a/wire_mold_message_framer.sv:97$77.
  creating $alu model for $macc $sub$rtl/arch_a/wire_mold_message_framer.sv:239$96.
  creating $alu model for $eq$rtl/arch_a/wire_mold_message_framer.sv:223$93 ($eq): merged with $sub$rtl/arch_a/wire_mold_message_framer.sv:239$96.
  creating $alu cell for $sub$rtl/arch_a/wire_mold_message_framer.sv:239$96, $eq$rtl/arch_a/wire_mold_message_framer.sv:223$93: $auto$alumacc.cc:576:replace_alu$4702
  creating $alu cell for $add$rtl/arch_a/wire_mold_message_framer.sv:97$77: $auto$alumacc.cc:576:replace_alu$4707
  creating $alu cell for $add$rtl/arch_a/wire_mold_message_framer.sv:86$64: $auto$alumacc.cc:576:replace_alu$4710
  created 3 $alu and 0 $macc cells.
Extracting $alu and $macc cells in module wire_mold_header_seq:
  creating $macc model for $add$rtl/arch_a/wire_mold_header_seq.sv:181$53 ($add).
  creating $macc model for $neg$rtl/arch_a/wire_mold_header_seq.sv:180$50 ($neg).
  creating $macc model for $sub$rtl/arch_a/wire_mold_header_seq.sv:180$45 ($sub).
  creating $macc model for $add$rtl/arch_a/wire_mold_header_seq.sv:180$44 ($add).
  creating $macc model for $sub$rtl/arch_a/wire_mold_header_seq.sv:180$43 ($sub).
  creating $macc model for $add$rtl/arch_a/wire_mold_header_seq.sv:151$32 ($add).
  merging $macc model for $add$rtl/arch_a/wire_mold_header_seq.sv:180$44 into $sub$rtl/arch_a/wire_mold_header_seq.sv:180$45.
  creating $alu model for $macc $sub$rtl/arch_a/wire_mold_header_seq.sv:180$43.
  creating $alu model for $macc $add$rtl/arch_a/wire_mold_header_seq.sv:151$32.
  creating $alu model for $macc $neg$rtl/arch_a/wire_mold_header_seq.sv:180$50.
  creating $alu model for $macc $add$rtl/arch_a/wire_mold_header_seq.sv:181$53.
  creating $macc cell for $sub$rtl/arch_a/wire_mold_header_seq.sv:180$45: $auto$alumacc.cc:427:replace_macc$4713
  creating $alu model for $lt$rtl/arch_a/wire_mold_header_seq.sv:172$37 ($lt): new $alu
  creating $alu cell for $lt$rtl/arch_a/wire_mold_header_seq.sv:172$37: $auto$alumacc.cc:576:replace_alu$4715
  creating $alu cell for $add$rtl/arch_a/wire_mold_header_seq.sv:181$53: $auto$alumacc.cc:576:replace_alu$4720
  creating $alu cell for $neg$rtl/arch_a/wire_mold_header_seq.sv:180$50: $auto$alumacc.cc:576:replace_alu$4723
  creating $alu cell for $add$rtl/arch_a/wire_mold_header_seq.sv:151$32: $auto$alumacc.cc:576:replace_alu$4726
  creating $alu cell for $sub$rtl/arch_a/wire_mold_header_seq.sv:180$43: $auto$alumacc.cc:576:replace_alu$4729
  created 5 $alu and 1 $macc cells.

6.13. Executing SHARE pass (SAT-based resource sharing).

6.14. Executing OPT pass (performing simple optimizations).

6.14.1. Executing OPT_EXPR pass (perform const folding).
Optimizing module wire_mold_itch_top.
Optimizing module wire_itch_decoder.
<suppressed ~3 debug messages>
Optimizing module wire_mold_message_framer.
Optimizing module wire_mold_header_seq.
<suppressed ~7 debug messages>

6.14.2. Executing OPT_MERGE pass (detect identical cells).
Finding identical cells in module `\wire_mold_itch_top'.
Computing hashes of 4 cells of `\wire_mold_itch_top'.
Finding duplicate cells in `\wire_mold_itch_top'.
Finding identical cells in module `\wire_itch_decoder'.
Computing hashes of 380 cells of `\wire_itch_decoder'.
Finding duplicate cells in `\wire_itch_decoder'.
Finding identical cells in module `\wire_mold_message_framer'.
Computing hashes of 276 cells of `\wire_mold_message_framer'.
Finding duplicate cells in `\wire_mold_message_framer'.
Finding identical cells in module `\wire_mold_header_seq'.
Computing hashes of 257 cells of `\wire_mold_header_seq'.
Finding duplicate cells in `\wire_mold_header_seq'.
Removed a total of 0 cells.

6.14.3. Executing OPT_MUXTREE pass (detect dead branches in mux trees).
Running muxtree optimizer on module \wire_mold_itch_top..
  Creating internal representation of mux trees.
  No muxes found in this module.
Running muxtree optimizer on module \wire_itch_decoder..
  Creating internal representation of mux trees.
  Evaluating internal representation of mux trees.
  Analyzing evaluation results.
Running muxtree optimizer on module \wire_mold_message_framer..
  Creating internal representation of mux trees.
  Evaluating internal representation of mux trees.
  Analyzing evaluation results.
Running muxtree optimizer on module \wire_mold_header_seq..
  Creating internal representation of mux trees.
  Evaluating internal representation of mux trees.
  Analyzing evaluation results.
Removed 0 multiplexer ports.
<suppressed ~1113 debug messages>

6.14.4. Executing OPT_REDUCE pass (consolidate $*mux and $reduce_* inputs).
  Optimizing cells in module \wire_mold_itch_top.
  Optimizing cells in module \wire_itch_decoder.
  Optimizing cells in module \wire_mold_message_framer.
  Optimizing cells in module \wire_mold_header_seq.
Performed a total of 0 changes.

6.14.5. Executing OPT_MERGE pass (detect identical cells).
Finding identical cells in module `\wire_mold_itch_top'.
Computing hashes of 4 cells of `\wire_mold_itch_top'.
Finding duplicate cells in `\wire_mold_itch_top'.
Finding identical cells in module `\wire_itch_decoder'.
Computing hashes of 380 cells of `\wire_itch_decoder'.
Finding duplicate cells in `\wire_itch_decoder'.
Finding identical cells in module `\wire_mold_message_framer'.
Computing hashes of 276 cells of `\wire_mold_message_framer'.
Finding duplicate cells in `\wire_mold_message_framer'.
Finding identical cells in module `\wire_mold_header_seq'.
Computing hashes of 257 cells of `\wire_mold_header_seq'.
Finding duplicate cells in `\wire_mold_header_seq'.
Removed a total of 0 cells.

6.14.6. Executing OPT_DFF pass (perform DFF optimizations).

6.14.7. Executing OPT_CLEAN pass (remove unused cells and wires).
Finding unused cells or wires in module \wire_mold_itch_top..
Finding unused cells or wires in module \wire_itch_decoder..
Finding unused cells or wires in module \wire_mold_message_framer..
Finding unused cells or wires in module \wire_mold_header_seq..
Removed 2 unused cells and 6 unused wires.
<suppressed ~5 debug messages>

6.14.8. Executing OPT_EXPR pass (perform const folding).
Optimizing module wire_mold_itch_top.
Optimizing module wire_itch_decoder.
Optimizing module wire_mold_message_framer.
Optimizing module wire_mold_header_seq.

6.14.9. Rerunning OPT passes. (Maybe there is more to do..)

6.14.10. Executing OPT_MUXTREE pass (detect dead branches in mux trees).
Running muxtree optimizer on module \wire_mold_itch_top..
  Creating internal representation of mux trees.
  No muxes found in this module.
Running muxtree optimizer on module \wire_itch_decoder..
  Creating internal representation of mux trees.
  Evaluating internal representation of mux trees.
  Analyzing evaluation results.
Running muxtree optimizer on module \wire_mold_message_framer..
  Creating internal representation of mux trees.
  Evaluating internal representation of mux trees.
  Analyzing evaluation results.
Running muxtree optimizer on module \wire_mold_header_seq..
  Creating internal representation of mux trees.
  Evaluating internal representation of mux trees.
  Analyzing evaluation results.
Removed 0 multiplexer ports.
<suppressed ~1113 debug messages>

6.14.11. Executing OPT_REDUCE pass (consolidate $*mux and $reduce_* inputs).
  Optimizing cells in module \wire_mold_itch_top.
  Optimizing cells in module \wire_itch_decoder.
  Optimizing cells in module \wire_mold_message_framer.
  Optimizing cells in module \wire_mold_header_seq.
Performed a total of 0 changes.

6.14.12. Executing OPT_MERGE pass (detect identical cells).
Finding identical cells in module `\wire_mold_itch_top'.
Computing hashes of 4 cells of `\wire_mold_itch_top'.
Finding duplicate cells in `\wire_mold_itch_top'.
Finding identical cells in module `\wire_itch_decoder'.
Computing hashes of 379 cells of `\wire_itch_decoder'.
Finding duplicate cells in `\wire_itch_decoder'.
Finding identical cells in module `\wire_mold_message_framer'.
Computing hashes of 276 cells of `\wire_mold_message_framer'.
Finding duplicate cells in `\wire_mold_message_framer'.
Finding identical cells in module `\wire_mold_header_seq'.
Computing hashes of 256 cells of `\wire_mold_header_seq'.
Finding duplicate cells in `\wire_mold_header_seq'.
Removed a total of 0 cells.

6.14.13. Executing OPT_DFF pass (perform DFF optimizations).

6.14.14. Executing OPT_CLEAN pass (remove unused cells and wires).
Finding unused cells or wires in module \wire_mold_itch_top..
Finding unused cells or wires in module \wire_itch_decoder..
Finding unused cells or wires in module \wire_mold_message_framer..
Finding unused cells or wires in module \wire_mold_header_seq..

6.14.15. Executing OPT_EXPR pass (perform const folding).
Optimizing module wire_mold_itch_top.
Optimizing module wire_itch_decoder.
Optimizing module wire_mold_message_framer.
Optimizing module wire_mold_header_seq.

6.14.16. Finished fast OPT passes. (There is nothing left to do.)

6.15. Executing MEMORY pass.

6.15.1. Executing OPT_MEM pass (optimize memories).
Performed a total of 0 transformations.

6.15.2. Executing OPT_MEM_PRIORITY pass (removing unnecessary memory write priority relations).
Performed a total of 0 transformations.

6.15.3. Executing OPT_MEM_FEEDBACK pass (finding memory read-to-write feedback paths).
  Analyzing wire_itch_decoder.bytes_q write port 0.

6.15.4. Executing MEMORY_BMUX2ROM pass (converting muxes to ROMs).

6.15.5. Executing MEMORY_DFF pass (merging $dff cells to $memrd).
Checking read port `\bytes_q'[0] in module `\wire_itch_decoder': merging output FF to cell.
    Write port 0: don't care on collision.
Checking read port `\bytes_q'[1] in module `\wire_itch_decoder': merging output FF to cell.
    Write port 0: don't care on collision.
Checking read port `\bytes_q'[2] in module `\wire_itch_decoder': merging output FF to cell.
    Write port 0: don't care on collision.
Checking read port `\bytes_q'[3] in module `\wire_itch_decoder': merging output FF to cell.
    Write port 0: don't care on collision.
Checking read port `\bytes_q'[4] in module `\wire_itch_decoder': merging output FF to cell.
    Write port 0: don't care on collision.
Checking read port `\bytes_q'[5] in module `\wire_itch_decoder': merging output FF to cell.
    Write port 0: don't care on collision.
Checking read port `\bytes_q'[6] in module `\wire_itch_decoder': no output FF found.
Checking read port `\bytes_q'[7] in module `\wire_itch_decoder': no output FF found.
Checking read port `\bytes_q'[8] in module `\wire_itch_decoder': FF found, but with a mux select that doesn't seem to correspond to transparency logic.
Checking read port `\bytes_q'[9] in module `\wire_itch_decoder': no output FF found.
Checking read port `\bytes_q'[10] in module `\wire_itch_decoder': no output FF found.
Checking read port `\bytes_q'[11] in module `\wire_itch_decoder': no output FF found.
Checking read port `\bytes_q'[12] in module `\wire_itch_decoder': no output FF found.
Checking read port `\bytes_q'[13] in module `\wire_itch_decoder': no output FF found.
Checking read port `\bytes_q'[14] in module `\wire_itch_decoder': no output FF found.
Checking read port `\bytes_q'[15] in module `\wire_itch_decoder': no output FF found.
Checking read port `\bytes_q'[16] in module `\wire_itch_decoder': no output FF found.
Checking read port `\bytes_q'[17] in module `\wire_itch_decoder': no output FF found.
Checking read port `\bytes_q'[18] in module `\wire_itch_decoder': no output FF found.
Checking read port `\bytes_q'[19] in module `\wire_itch_decoder': no output FF found.
Checking read port `\bytes_q'[20] in module `\wire_itch_decoder': no output FF found.
Checking read port `\bytes_q'[21] in module `\wire_itch_decoder': no output FF found.
Checking read port `\bytes_q'[22] in module `\wire_itch_decoder': no output FF found.
Checking read port `\bytes_q'[23] in module `\wire_itch_decoder': no output FF found.
Checking read port `\bytes_q'[24] in module `\wire_itch_decoder': no output FF found.
Checking read port `\bytes_q'[25] in module `\wire_itch_decoder': no output FF found.
Checking read port `\bytes_q'[26] in module `\wire_itch_decoder': no output FF found.
Checking read port `\bytes_q'[27] in module `\wire_itch_decoder': no output FF found.
Checking read port `\bytes_q'[28] in module `\wire_itch_decoder': no output FF found.
Checking read port `\bytes_q'[29] in module `\wire_itch_decoder': no output FF found.
Checking read port `\bytes_q'[30] in module `\wire_itch_decoder': no output FF found.
Checking read port `\bytes_q'[31] in module `\wire_itch_decoder': no output FF found.
Checking read port `\bytes_q'[32] in module `\wire_itch_decoder': no output FF found.
Checking read port `\bytes_q'[33] in module `\wire_itch_decoder': no output FF found.
Checking read port address `\bytes_q'[6] in module `\wire_itch_decoder': no address FF found.
Checking read port address `\bytes_q'[7] in module `\wire_itch_decoder': no address FF found.
Checking read port address `\bytes_q'[8] in module `\wire_itch_decoder': no address FF found.
Checking read port address `\bytes_q'[9] in module `\wire_itch_decoder': no address FF found.
Checking read port address `\bytes_q'[10] in module `\wire_itch_decoder': no address FF found.
Checking read port address `\bytes_q'[11] in module `\wire_itch_decoder': no address FF found.
Checking read port address `\bytes_q'[12] in module `\wire_itch_decoder': no address FF found.
Checking read port address `\bytes_q'[13] in module `\wire_itch_decoder': no address FF found.
Checking read port address `\bytes_q'[14] in module `\wire_itch_decoder': no address FF found.
Checking read port address `\bytes_q'[15] in module `\wire_itch_decoder': no address FF found.
Checking read port address `\bytes_q'[16] in module `\wire_itch_decoder': no address FF found.
Checking read port address `\bytes_q'[17] in module `\wire_itch_decoder': no address FF found.
Checking read port address `\bytes_q'[18] in module `\wire_itch_decoder': no address FF found.
Checking read port address `\bytes_q'[19] in module `\wire_itch_decoder': no address FF found.
Checking read port address `\bytes_q'[20] in module `\wire_itch_decoder': no address FF found.
Checking read port address `\bytes_q'[21] in module `\wire_itch_decoder': no address FF found.
Checking read port address `\bytes_q'[22] in module `\wire_itch_decoder': no address FF found.
Checking read port address `\bytes_q'[23] in module `\wire_itch_decoder': no address FF found.
Checking read port address `\bytes_q'[24] in module `\wire_itch_decoder': no address FF found.
Checking read port address `\bytes_q'[25] in module `\wire_itch_decoder': no address FF found.
Checking read port address `\bytes_q'[26] in module `\wire_itch_decoder': no address FF found.
Checking read port address `\bytes_q'[27] in module `\wire_itch_decoder': no address FF found.
Checking read port address `\bytes_q'[28] in module `\wire_itch_decoder': no address FF found.
Checking read port address `\bytes_q'[29] in module `\wire_itch_decoder': no address FF found.
Checking read port address `\bytes_q'[30] in module `\wire_itch_decoder': no address FF found.
Checking read port address `\bytes_q'[31] in module `\wire_itch_decoder': no address FF found.
Checking read port address `\bytes_q'[32] in module `\wire_itch_decoder': no address FF found.
Checking read port address `\bytes_q'[33] in module `\wire_itch_decoder': no address FF found.

6.15.6. Executing OPT_CLEAN pass (remove unused cells and wires).
Finding unused cells or wires in module \wire_mold_itch_top..
Finding unused cells or wires in module \wire_itch_decoder..
Finding unused cells or wires in module \wire_mold_message_framer..
Finding unused cells or wires in module \wire_mold_header_seq..
Removed 1 unused cells and 54 unused wires.
<suppressed ~2 debug messages>

6.15.7. Executing MEMORY_SHARE pass (consolidating $memrd/$memwr cells).
Consolidating read ports of memory wire_itch_decoder.bytes_q by address:
  Merging ports 1, 2 (address 6'001001).
  Merging ports 3, 4 (address 6'000111).
  Merging ports 3, 5 (address 6'000110).
  Merging ports 7, 9 (address 6'000001).
  Merging ports 8, 30 (address 6'100011).
  Merging ports 8, 31 (address 6'100010).
  Merging ports 8, 32 (address 6'100000).
  Merging ports 10, 25 (address 6'010010).
  Merging ports 11, 12 (address 6'010001).
  Merging ports 13, 14 (address 6'001111).
  Merging ports 13, 15 (address 6'001110).
  Merging ports 13, 16 (address 6'001100).
  Merging ports 13, 17 (address 6'001100).
  Merging ports 18, 29 (address 6'011010).
  Merging ports 19, 20 (address 6'011001).
  Merging ports 21, 22 (address 6'010111).
  Merging ports 21, 23 (address 6'010110).
  Merging ports 21, 24 (address 6'010100).
  Merging ports 26, 33 (address 6'011110).
  Merging ports 27, 28 (address 6'011101).
Consolidating read ports of memory wire_itch_decoder.bytes_q by address:
  Merging ports 0, 1 (address 6'001010).
  Merging ports 3, 4 (address 6'000010).
  Merging ports 3, 8 (address 6'000000).
  Merging ports 3, 9 (address 6'000000).
  Merging ports 3, 10 (address 6'000000).
  Merging ports 3, 11 (address 6'000000).
  Merging ports 3, 12 (address 6'000000).
  Merging ports 3, 13 (address 6'000000).
  Merging ports 6, 7 (address 6'010010).
Consolidating read ports of memory wire_itch_decoder.bytes_q by address:
  Merging ports 2, 3 (address 6'000000).
Consolidating read ports of memory wire_itch_decoder.bytes_q by address:

6.15.8. Executing OPT_MEM_WIDEN pass (optimize memories where all ports are wide).
Performed a total of 0 transformations.

6.15.9. Executing OPT_CLEAN pass (remove unused cells and wires).
Finding unused cells or wires in module \wire_mold_itch_top..
Finding unused cells or wires in module \wire_itch_decoder..
Finding unused cells or wires in module \wire_mold_message_framer..
Finding unused cells or wires in module \wire_mold_header_seq..
Removed 0 unused cells and 38 unused wires.
<suppressed ~1 debug messages>

6.15.10. Executing MEMORY_COLLECT pass (generating $mem cells).

6.16. Executing OPT_CLEAN pass (remove unused cells and wires).
Finding unused cells or wires in module \wire_mold_itch_top..
Finding unused cells or wires in module \wire_itch_decoder..
Finding unused cells or wires in module \wire_mold_message_framer..
Finding unused cells or wires in module \wire_mold_header_seq..

6.17. Executing OPT pass (performing simple optimizations).

6.17.1. Executing OPT_EXPR pass (perform const folding).
Optimizing module wire_mold_itch_top.
Optimizing module wire_itch_decoder.
<suppressed ~54 debug messages>
Optimizing module wire_mold_message_framer.
<suppressed ~12 debug messages>
Optimizing module wire_mold_header_seq.
<suppressed ~37 debug messages>

6.17.2. Executing OPT_MERGE pass (detect identical cells).
Finding identical cells in module `\wire_mold_itch_top'.
Computing hashes of 4 cells of `\wire_mold_itch_top'.
Finding duplicate cells in `\wire_mold_itch_top'.
Finding identical cells in module `\wire_itch_decoder'.
Computing hashes of 312 cells of `\wire_itch_decoder'.
Finding duplicate cells in `\wire_itch_decoder'.
Finding identical cells in module `\wire_mold_message_framer'.
Computing hashes of 274 cells of `\wire_mold_message_framer'.
Finding duplicate cells in `\wire_mold_message_framer'.
Finding identical cells in module `\wire_mold_header_seq'.
Computing hashes of 236 cells of `\wire_mold_header_seq'.
Finding duplicate cells in `\wire_mold_header_seq'.
Removed a total of 0 cells.

6.17.3. Executing OPT_DFF pass (perform DFF optimizations).
Adding EN signal on $auto$ff.cc:337:slice$4585 ($sdffe) from module wire_mold_header_seq (D = $procmux$3164_Y, Q = \pending_code_q).

6.17.4. Executing OPT_CLEAN pass (remove unused cells and wires).
Finding unused cells or wires in module \wire_mold_itch_top..
Finding unused cells or wires in module \wire_itch_decoder..
Finding unused cells or wires in module \wire_mold_message_framer..
Finding unused cells or wires in module \wire_mold_header_seq..
Removed 2 unused cells and 61 unused wires.
<suppressed ~5 debug messages>

6.17.5. Rerunning OPT passes. (Removed registers in this run.)

6.17.6. Executing OPT_EXPR pass (perform const folding).
Optimizing module wire_mold_itch_top.
Optimizing module wire_itch_decoder.
Optimizing module wire_mold_message_framer.
Optimizing module wire_mold_header_seq.
<suppressed ~1 debug messages>

6.17.7. Executing OPT_MERGE pass (detect identical cells).
Finding identical cells in module `\wire_mold_itch_top'.
Computing hashes of 4 cells of `\wire_mold_itch_top'.
Finding duplicate cells in `\wire_mold_itch_top'.
Finding identical cells in module `\wire_itch_decoder'.
Computing hashes of 310 cells of `\wire_itch_decoder'.
Finding duplicate cells in `\wire_itch_decoder'.
Finding identical cells in module `\wire_mold_message_framer'.
Computing hashes of 274 cells of `\wire_mold_message_framer'.
Finding duplicate cells in `\wire_mold_message_framer'.
Finding identical cells in module `\wire_mold_header_seq'.
Computing hashes of 237 cells of `\wire_mold_header_seq'.
Finding duplicate cells in `\wire_mold_header_seq'.
Removed a total of 0 cells.

6.17.8. Executing OPT_DFF pass (perform DFF optimizations).

6.17.9. Executing OPT_CLEAN pass (remove unused cells and wires).
Finding unused cells or wires in module \wire_mold_itch_top..
Finding unused cells or wires in module \wire_itch_decoder..
Finding unused cells or wires in module \wire_mold_message_framer..
Finding unused cells or wires in module \wire_mold_header_seq..
Removed 0 unused cells and 1 unused wires.
<suppressed ~1 debug messages>

6.17.10. Finished fast OPT passes.

6.18. Executing MEMORY_MAP pass (converting memories to logic and flip-flops).
Mapping memory \bytes_q in module \wire_itch_decoder:
  created 64 $dff cells and 0 static cells of width 8.
Extracted data FF from read port 0 of wire_itch_decoder.bytes_q: $\bytes_q$rdreg[0]
Extracted data FF from read port 1 of wire_itch_decoder.bytes_q: $\bytes_q$rdreg[1]
  read interface: 2 $dff and 45 $mux cells.
  write interface: 64 write mux blocks.

6.19. Executing OPT pass (performing simple optimizations).

6.19.1. Executing OPT_EXPR pass (perform const folding).
Optimizing module wire_mold_itch_top.
Optimizing module wire_itch_decoder.
<suppressed ~65 debug messages>
Optimizing module wire_mold_message_framer.
Optimizing module wire_mold_header_seq.

6.19.2. Executing OPT_MERGE pass (detect identical cells).
Finding identical cells in module `\wire_mold_itch_top'.
Computing hashes of 4 cells of `\wire_mold_itch_top'.
Finding duplicate cells in `\wire_mold_itch_top'.
Finding identical cells in module `\wire_itch_decoder'.
Computing hashes of 613 cells of `\wire_itch_decoder'.
Finding duplicate cells in `\wire_itch_decoder'.
Finding identical cells in module `\wire_mold_message_framer'.
Computing hashes of 274 cells of `\wire_mold_message_framer'.
Finding duplicate cells in `\wire_mold_message_framer'.
Finding identical cells in module `\wire_mold_header_seq'.
Computing hashes of 237 cells of `\wire_mold_header_seq'.
Finding duplicate cells in `\wire_mold_header_seq'.
Removed a total of 0 cells.

6.19.3. Executing OPT_MUXTREE pass (detect dead branches in mux trees).
Running muxtree optimizer on module \wire_mold_itch_top..
  Creating internal representation of mux trees.
  No muxes found in this module.
Running muxtree optimizer on module \wire_itch_decoder..
  Creating internal representation of mux trees.
  Evaluating internal representation of mux trees.
  Analyzing evaluation results.
Running muxtree optimizer on module \wire_mold_message_framer..
  Creating internal representation of mux trees.
  Evaluating internal representation of mux trees.
  Analyzing evaluation results.
Running muxtree optimizer on module \wire_mold_header_seq..
  Creating internal representation of mux trees.
  Evaluating internal representation of mux trees.
  Analyzing evaluation results.
Removed 0 multiplexer ports.
<suppressed ~867 debug messages>

6.19.4. Executing OPT_REDUCE pass (consolidate $*mux and $reduce_* inputs).
  Optimizing cells in module \wire_mold_itch_top.
  Optimizing cells in module \wire_itch_decoder.
    New ctrl vector for $pmux cell $procmux$2524: \state_q [3]
    Consolidated identical input bits for $mux cell $procmux$2333:
      Old ports: A=3'011, B=3'100, Y=$procmux$2333_Y
      New ports: A=2'01, B=2'10, Y={ $procmux$2333_Y [2] $procmux$2333_Y [0] }
      New connections: $procmux$2333_Y [1] = $procmux$2333_Y [0]
    Consolidated identical input bits for $pmux cell $procmux$471:
      Old ports: A=6'000000, B=42'101100100011010011010111100100011111101000, Y=\required_length$func$rtl/arch_a/wire_itch_decoder.sv:112$105.$result
      New ports: A=5'00000, B=35'10110100010100101011100100111110100, Y={ \required_length$func$rtl/arch_a/wire_itch_decoder.sv:112$105.$result [5:2] \required_length$func$rtl/arch_a/wire_itch_decoder.sv:112$105.$result [0] }
      New connections: \required_length$func$rtl/arch_a/wire_itch_decoder.sv:112$105.$result [1] = \required_length$func$rtl/arch_a/wire_itch_decoder.sv:112$105.$result [0]
  Optimizing cells in module \wire_itch_decoder.
  Optimizing cells in module \wire_mold_message_framer.
  Optimizing cells in module \wire_mold_header_seq.
    New input vector for $reduce_and cell $auto$simple.cc:211:make_patterns_logic$4886: { \input_fire \state_q [0] $auto$simple.cc:193:make_patterns_logic$4578 $auto$alumacc.cc:593:replace_alu$4717 [4] $auto$simple.cc:193:make_patterns_logic$4883 }
    Consolidated identical input bits for $mux cell $procmux$3236:
      Old ports: A=3'100, B=3'010, Y=$procmux$3236_Y
      New ports: A=2'10, B=2'01, Y=$procmux$3236_Y [2:1]
      New connections: $procmux$3236_Y [0] = 1'0
    Consolidated identical input bits for $mux cell $procmux$3161:
      Old ports: A=3'011, B=3'010, Y=$procmux$3161_Y
      New ports: A=1'1, B=1'0, Y=$procmux$3161_Y [0]
      New connections: $procmux$3161_Y [2:1] = 2'01
  Optimizing cells in module \wire_mold_header_seq.
    Consolidated identical input bits for $mux cell $procmux$3164:
      Old ports: A=$procmux$3161_Y, B=3'001, Y=$procmux$3164_Y
      New ports: A={ 1'1 $procmux$3161_Y [0] }, B=2'01, Y=$procmux$3164_Y [1:0]
      New connections: $procmux$3164_Y [2] = 1'0
  Optimizing cells in module \wire_mold_header_seq.
Performed a total of 7 changes.

6.19.5. Executing OPT_MERGE pass (detect identical cells).
Finding identical cells in module `\wire_mold_itch_top'.
Computing hashes of 4 cells of `\wire_mold_itch_top'.
Finding duplicate cells in `\wire_mold_itch_top'.
Finding identical cells in module `\wire_itch_decoder'.
Computing hashes of 613 cells of `\wire_itch_decoder'.
Finding duplicate cells in `\wire_itch_decoder'.
Finding identical cells in module `\wire_mold_message_framer'.
Computing hashes of 274 cells of `\wire_mold_message_framer'.
Finding duplicate cells in `\wire_mold_message_framer'.
Finding identical cells in module `\wire_mold_header_seq'.
Computing hashes of 237 cells of `\wire_mold_header_seq'.
Finding duplicate cells in `\wire_mold_header_seq'.
Removed a total of 0 cells.

6.19.6. Executing OPT_SHARE pass.
    Found cells that share an operand and can be merged by moving the $pmux $procmux$2531 in front of them:
        $procmux$2529
        $procmux$2535
        $procmux$2540
        $procmux$2545
        $procmux$2550
        $procmux$2555
        $procmux$2560

6.19.7. Executing OPT_DFF pass (perform DFF optimizations).
Setting constant 0-bit at position 2 on $auto$ff.cc:337:slice$4882 ($sdffe) from module wire_mold_header_seq.

6.19.8. Executing OPT_CLEAN pass (remove unused cells and wires).
Finding unused cells or wires in module \wire_mold_itch_top..
Finding unused cells or wires in module \wire_itch_decoder..
Finding unused cells or wires in module \wire_mold_message_framer..
Finding unused cells or wires in module \wire_mold_header_seq..
Removed 136 unused cells and 331 unused wires.
<suppressed ~166 debug messages>

6.19.9. Executing OPT_EXPR pass (perform const folding).
Optimizing module wire_mold_itch_top.
Optimizing module wire_itch_decoder.
<suppressed ~1 debug messages>
Optimizing module wire_mold_message_framer.
Optimizing module wire_mold_header_seq.
<suppressed ~1 debug messages>

6.19.10. Rerunning OPT passes. (Maybe there is more to do..)

6.19.11. Executing OPT_MUXTREE pass (detect dead branches in mux trees).
Running muxtree optimizer on module \wire_mold_itch_top..
  Creating internal representation of mux trees.
  No muxes found in this module.
Running muxtree optimizer on module \wire_itch_decoder..
  Creating internal representation of mux trees.
  Evaluating internal representation of mux trees.
  Analyzing evaluation results.
Running muxtree optimizer on module \wire_mold_message_framer..
  Creating internal representation of mux trees.
  Evaluating internal representation of mux trees.
  Analyzing evaluation results.
Running muxtree optimizer on module \wire_mold_header_seq..
  Creating internal representation of mux trees.
  Evaluating internal representation of mux trees.
  Analyzing evaluation results.
Removed 0 multiplexer ports.
<suppressed ~810 debug messages>

6.19.12. Executing OPT_REDUCE pass (consolidate $*mux and $reduce_* inputs).
  Optimizing cells in module \wire_mold_itch_top.
  Optimizing cells in module \wire_itch_decoder.
    New ctrl vector for $pmux cell $procmux$2531: $auto$opt_reduce.cc:137:opt_pmux$5635
    New input vector for $reduce_or cell $auto$opt_reduce.cc:131:opt_pmux$5634: { $procmux$2287_CMP $procmux$2282_CMP $procmux$2277_CMP $procmux$2272_CMP $procmux$2267_CMP $procmux$2262_CMP $procmux$2257_CMP }
  Optimizing cells in module \wire_itch_decoder.
  Optimizing cells in module \wire_mold_message_framer.
  Optimizing cells in module \wire_mold_header_seq.
Performed a total of 2 changes.

6.19.13. Executing OPT_MERGE pass (detect identical cells).
Finding identical cells in module `\wire_mold_itch_top'.
Computing hashes of 4 cells of `\wire_mold_itch_top'.
Finding duplicate cells in `\wire_mold_itch_top'.
Finding identical cells in module `\wire_itch_decoder'.
Computing hashes of 473 cells of `\wire_itch_decoder'.
Finding duplicate cells in `\wire_itch_decoder'.
Finding identical cells in module `\wire_mold_message_framer'.
Computing hashes of 274 cells of `\wire_mold_message_framer'.
Finding duplicate cells in `\wire_mold_message_framer'.
Finding identical cells in module `\wire_mold_header_seq'.
Computing hashes of 237 cells of `\wire_mold_header_seq'.
Finding duplicate cells in `\wire_mold_header_seq'.
Computing hashes of 236 cells of `\wire_mold_header_seq'.
Finding duplicate cells in `\wire_mold_header_seq'.
<suppressed ~3 debug messages>
Removed a total of 1 cells.

6.19.14. Executing OPT_SHARE pass.

6.19.15. Executing OPT_DFF pass (perform DFF optimizations).
Adding EN signal on $memory\bytes_q[0]$4887 ($dff) from module wire_itch_decoder (D = \in_data, Q = \bytes_q[0]).
Adding EN signal on $memory\bytes_q[1]$4889 ($dff) from module wire_itch_decoder (D = \in_data, Q = \bytes_q[1]).
Adding EN signal on $memory\bytes_q[2]$4891 ($dff) from module wire_itch_decoder (D = \in_data, Q = \bytes_q[2]).
Adding EN signal on $memory\bytes_q[4]$4895 ($dff) from module wire_itch_decoder (D = \in_data, Q = \bytes_q[4]).
Adding EN signal on $memory\bytes_q[5]$4897 ($dff) from module wire_itch_decoder (D = \in_data, Q = \bytes_q[5]).
Adding EN signal on $memory\bytes_q[6]$4899 ($dff) from module wire_itch_decoder (D = \in_data, Q = \bytes_q[6]).
Adding EN signal on $memory\bytes_q[7]$4901 ($dff) from module wire_itch_decoder (D = \in_data, Q = \bytes_q[7]).
Adding EN signal on $memory\bytes_q[8]$4903 ($dff) from module wire_itch_decoder (D = \in_data, Q = \bytes_q[8]).
Adding EN signal on $memory\bytes_q[9]$4905 ($dff) from module wire_itch_decoder (D = \in_data, Q = \bytes_q[9]).
Adding EN signal on $memory\bytes_q[10]$4907 ($dff) from module wire_itch_decoder (D = \in_data, Q = \bytes_q[10]).
Adding EN signal on $memory\bytes_q[11]$4909 ($dff) from module wire_itch_decoder (D = \in_data, Q = \bytes_q[11]).
Adding EN signal on $memory\bytes_q[12]$4911 ($dff) from module wire_itch_decoder (D = \in_data, Q = \bytes_q[12]).
Adding EN signal on $memory\bytes_q[13]$4913 ($dff) from module wire_itch_decoder (D = \in_data, Q = \bytes_q[13]).
Adding EN signal on $memory\bytes_q[14]$4915 ($dff) from module wire_itch_decoder (D = \in_data, Q = \bytes_q[14]).
Adding EN signal on $memory\bytes_q[15]$4917 ($dff) from module wire_itch_decoder (D = \in_data, Q = \bytes_q[15]).
Adding EN signal on $memory\bytes_q[16]$4919 ($dff) from module wire_itch_decoder (D = \in_data, Q = \bytes_q[16]).
Adding EN signal on $memory\bytes_q[17]$4921 ($dff) from module wire_itch_decoder (D = \in_data, Q = \bytes_q[17]).
Adding EN signal on $memory\bytes_q[18]$4923 ($dff) from module wire_itch_decoder (D = \in_data, Q = \bytes_q[18]).
Adding EN signal on $memory\bytes_q[19]$4925 ($dff) from module wire_itch_decoder (D = \in_data, Q = \bytes_q[19]).
Adding EN signal on $memory\bytes_q[20]$4927 ($dff) from module wire_itch_decoder (D = \in_data, Q = \bytes_q[20]).
Adding EN signal on $memory\bytes_q[21]$4929 ($dff) from module wire_itch_decoder (D = \in_data, Q = \bytes_q[21]).
Adding EN signal on $memory\bytes_q[22]$4931 ($dff) from module wire_itch_decoder (D = \in_data, Q = \bytes_q[22]).
Adding EN signal on $memory\bytes_q[23]$4933 ($dff) from module wire_itch_decoder (D = \in_data, Q = \bytes_q[23]).
Adding EN signal on $memory\bytes_q[24]$4935 ($dff) from module wire_itch_decoder (D = \in_data, Q = \bytes_q[24]).
Adding EN signal on $memory\bytes_q[25]$4937 ($dff) from module wire_itch_decoder (D = \in_data, Q = \bytes_q[25]).
Adding EN signal on $memory\bytes_q[26]$4939 ($dff) from module wire_itch_decoder (D = \in_data, Q = \bytes_q[26]).
Adding EN signal on $memory\bytes_q[27]$4941 ($dff) from module wire_itch_decoder (D = \in_data, Q = \bytes_q[27]).
Adding EN signal on $memory\bytes_q[28]$4943 ($dff) from module wire_itch_decoder (D = \in_data, Q = \bytes_q[28]).
Adding EN signal on $memory\bytes_q[29]$4945 ($dff) from module wire_itch_decoder (D = \in_data, Q = \bytes_q[29]).
Adding EN signal on $memory\bytes_q[30]$4947 ($dff) from module wire_itch_decoder (D = \in_data, Q = \bytes_q[30]).
Adding EN signal on $memory\bytes_q[31]$4949 ($dff) from module wire_itch_decoder (D = \in_data, Q = \bytes_q[31]).
Adding EN signal on $memory\bytes_q[32]$4951 ($dff) from module wire_itch_decoder (D = \in_data, Q = \bytes_q[32]).
Adding EN signal on $memory\bytes_q[33]$4953 ($dff) from module wire_itch_decoder (D = \in_data, Q = \bytes_q[33]).
Adding EN signal on $memory\bytes_q[34]$4955 ($dff) from module wire_itch_decoder (D = \in_data, Q = \bytes_q[34]).
Adding EN signal on $memory\bytes_q[35]$4957 ($dff) from module wire_itch_decoder (D = \in_data, Q = \bytes_q[35]).

6.19.16. Executing OPT_CLEAN pass (remove unused cells and wires).
Finding unused cells or wires in module \wire_mold_itch_top..
Finding unused cells or wires in module \wire_itch_decoder..
Finding unused cells or wires in module \wire_mold_message_framer..
Finding unused cells or wires in module \wire_mold_header_seq..
Removed 35 unused cells and 36 unused wires.
<suppressed ~37 debug messages>

6.19.17. Executing OPT_EXPR pass (perform const folding).
Optimizing module wire_mold_itch_top.
Optimizing module wire_itch_decoder.
Optimizing module wire_mold_message_framer.
Optimizing module wire_mold_header_seq.

6.19.18. Rerunning OPT passes. (Maybe there is more to do..)

6.19.19. Executing OPT_MUXTREE pass (detect dead branches in mux trees).
Running muxtree optimizer on module \wire_mold_itch_top..
  Creating internal representation of mux trees.
  No muxes found in this module.
Running muxtree optimizer on module \wire_itch_decoder..
  Creating internal representation of mux trees.
  Evaluating internal representation of mux trees.
  Analyzing evaluation results.
Running muxtree optimizer on module \wire_mold_message_framer..
  Creating internal representation of mux trees.
  Evaluating internal representation of mux trees.
  Analyzing evaluation results.
Running muxtree optimizer on module \wire_mold_header_seq..
  Creating internal representation of mux trees.
  Evaluating internal representation of mux trees.
  Analyzing evaluation results.
Removed 0 multiplexer ports.
<suppressed ~740 debug messages>

6.19.20. Executing OPT_REDUCE pass (consolidate $*mux and $reduce_* inputs).
  Optimizing cells in module \wire_mold_itch_top.
  Optimizing cells in module \wire_itch_decoder.
  Optimizing cells in module \wire_mold_message_framer.
  Optimizing cells in module \wire_mold_header_seq.
Performed a total of 0 changes.

6.19.21. Executing OPT_MERGE pass (detect identical cells).
Finding identical cells in module `\wire_mold_itch_top'.
Computing hashes of 4 cells of `\wire_mold_itch_top'.
Finding duplicate cells in `\wire_mold_itch_top'.
Finding identical cells in module `\wire_itch_decoder'.
Computing hashes of 438 cells of `\wire_itch_decoder'.
Finding duplicate cells in `\wire_itch_decoder'.
Finding identical cells in module `\wire_mold_message_framer'.
Computing hashes of 274 cells of `\wire_mold_message_framer'.
Finding duplicate cells in `\wire_mold_message_framer'.
Finding identical cells in module `\wire_mold_header_seq'.
Computing hashes of 236 cells of `\wire_mold_header_seq'.
Finding duplicate cells in `\wire_mold_header_seq'.
Removed a total of 0 cells.

6.19.22. Executing OPT_SHARE pass.

6.19.23. Executing OPT_DFF pass (perform DFF optimizations).

6.19.24. Executing OPT_CLEAN pass (remove unused cells and wires).
Finding unused cells or wires in module \wire_mold_itch_top..
Finding unused cells or wires in module \wire_itch_decoder..
Finding unused cells or wires in module \wire_mold_message_framer..
Finding unused cells or wires in module \wire_mold_header_seq..

6.19.25. Executing OPT_EXPR pass (perform const folding).
Optimizing module wire_mold_itch_top.
Optimizing module wire_itch_decoder.
Optimizing module wire_mold_message_framer.
Optimizing module wire_mold_header_seq.

6.19.26. Finished fast OPT passes. (There is nothing left to do.)

6.20. Executing TECHMAP pass (map to technology primitives).

6.20.1. Executing Verilog-2005 frontend: /Users/Dilan/eda/wire-to-decision/oss-cad-suite/libexec/../share/yosys/techmap.v
Parsing Verilog input from `/Users/Dilan/eda/wire-to-decision/oss-cad-suite/libexec/../share/yosys/techmap.v' to AST representation.
Generating RTLIL representation for module `\_90_simplemap_bool_ops'.
Generating RTLIL representation for module `\_90_simplemap_reduce_ops'.
Generating RTLIL representation for module `\_90_simplemap_logic_ops'.
Generating RTLIL representation for module `\_90_simplemap_compare_ops'.
Generating RTLIL representation for module `\_90_simplemap_various'.
Generating RTLIL representation for module `\_90_simplemap_registers'.
Generating RTLIL representation for module `\_90_shift_ops_shr_shl_sshl_sshr'.
Generating RTLIL representation for module `\_90_shift_shiftx'.
Generating RTLIL representation for module `\_90_fa'.
Generating RTLIL representation for module `\_90_lcu_brent_kung'.
Generating RTLIL representation for module `\_90_alu'.
Generating RTLIL representation for module `\_90_macc'.
Generating RTLIL representation for module `\_90_alumacc'.
Generating RTLIL representation for module `$__div_mod_u'.
Generating RTLIL representation for module `$__div_mod_trunc'.
Generating RTLIL representation for module `\_90_div'.
Generating RTLIL representation for module `\_90_mod'.
Generating RTLIL representation for module `$__div_mod_floor'.
Generating RTLIL representation for module `\_90_divfloor'.
Generating RTLIL representation for module `\_90_modfloor'.
Generating RTLIL representation for module `\_90_pow'.
Generating RTLIL representation for module `\_90_demux'.
Generating RTLIL representation for module `\_90_lut'.
Generating RTLIL representation for module `$connect'.
Generating RTLIL representation for module `$input_port'.
Successfully finished Verilog frontend.

6.20.2. Continuing TECHMAP pass.
Using extmapper simplemap for cells of type $sdffe.
Using extmapper simplemap for cells of type $reduce_and.
Using extmapper simplemap for cells of type $ne.
Using template $paramod$719aadea7a94d31a13cd25a777432aacb0e462b5\_90_alu for cells of type $alu.
Using template $paramod$3f3f2584f4e9c2748e07f9b6a631d8767aa63e85\_90_alu for cells of type $alu.
Using template $paramod$99501223b6f7e5af250351eeb57edb5403a5ad0b\_90_alu for cells of type $alu.
Using template $paramod$672a140277c71df8314410f22acc08d55222c3c7\_90_alu for cells of type $alu.
Using extmapper simplemap for cells of type $not.
Using template $paramod$b18e16801adf491a64caa0542270798e5d4ac6b6\_90_alu for cells of type $alu.
Using extmapper maccmap for cells of type $macc_v2.
  add { $sub$rtl/arch_a/wire_mold_header_seq.sv:180$43_Y [8:3] 3'111 } (9 bits, signed)
  add 11'11111111001 (11 bits, unsigned)
Using extmapper simplemap for cells of type $sdff.
Using extmapper simplemap for cells of type $dffe.
Using extmapper simplemap for cells of type $reduce_bool.
Using extmapper simplemap for cells of type $reduce_or.
Using extmapper simplemap for cells of type $and.
Using extmapper simplemap for cells of type $logic_not.
Using extmapper simplemap for cells of type $eq.
Using extmapper simplemap for cells of type $dff.
Using extmapper simplemap for cells of type $logic_and.
Using extmapper simplemap for cells of type $logic_or.
Using template $paramod$constmap:c921208d5594ebb799e960dd14577284fe309283$paramod$9f7c24d1a70db3698635b7e5db0ae450c9f3726d\_90_shift_shiftx for cells of type $shift.
Analyzing pattern of constant bits for this cell:
Creating constmapped module `$paramod$constmap:fce774570ecf5985d8817e21c43c65b66fb12b62$paramod$9f7c24d1a70db3698635b7e5db0ae450c9f3726d\_90_shift_shiftx'.

6.20.18. Executing OPT_MUXTREE pass (detect dead branches in mux trees).
Running muxtree optimizer on module $paramod$constmap:fce774570ecf5985d8817e21c43c65b66fb12b62$paramod$9f7c24d1a70db3698635b7e5db0ae450c9f3726d\_90_shift_shiftx..
  Creating internal representation of mux trees.
  Evaluating internal representation of mux trees.
  Analyzing evaluation results.
    dead port 2/2 on $mux $procmux$7565.
    dead port 2/2 on $mux $procmux$7571.
    dead port 2/2 on $mux $procmux$7577.
    dead port 2/2 on $mux $procmux$7583.
    dead port 2/2 on $mux $procmux$7589.
    dead port 2/2 on $mux $procmux$7595.
    dead port 2/2 on $mux $procmux$7601.
    dead port 2/2 on $mux $procmux$7607.
    dead port 2/2 on $mux $procmux$7613.
Removed 9 multiplexer ports.
<suppressed ~856 debug messages>

6.20.19. Executing OPT_EXPR pass (perform const folding).
Optimizing module $paramod$constmap:fce774570ecf5985d8817e21c43c65b66fb12b62$paramod$9f7c24d1a70db3698635b7e5db0ae450c9f3726d\_90_shift_shiftx.
<suppressed ~25 debug messages>
Removed 0 unused cells and 14 unused wires.
Using template $paramod$constmap:fce774570ecf5985d8817e21c43c65b66fb12b62$paramod$9f7c24d1a70db3698635b7e5db0ae450c9f3726d\_90_shift_shiftx for cells of type $shift.
Using extmapper simplemap for cells of type $or.
Using extmapper simplemap for cells of type $mux.
Using extmapper simplemap for cells of type $pmux.
Using extmapper simplemap for cells of type $pos.
Using template $paramod\_90_fa\WIDTH=32'00000000000000000000000000000101 for cells of type $fa.
Using template $paramod\_90_lcu_brent_kung\WIDTH=32'00000000000000000000000000000101 for cells of type $lcu.
Using extmapper simplemap for cells of type $xor.
Using template $paramod\_90_fa\WIDTH=32'00000000000000000000000000100001 for cells of type $fa.
Using template $paramod\_90_lcu_brent_kung\WIDTH=32'00000000000000000000000000100001 for cells of type $lcu.
Using template $paramod\_90_fa\WIDTH=32'00000000000000000000000001000000 for cells of type $fa.
Using template $paramod\_90_lcu_brent_kung\WIDTH=32'00000000000000000000000001000000 for cells of type $lcu.
Using template $paramod\_90_fa\WIDTH=32'00000000000000000000000000000110 for cells of type $fa.
Using template $paramod\_90_lcu_brent_kung\WIDTH=32'00000000000000000000000000000110 for cells of type $lcu.
Using template $paramod$2af30114e9bd4ccb04dad757b3f0a8f6bf0615b0\_90_alu for cells of type $alu.
Using template $paramod$a1665ef28c749ebcdbe9aecd466e644647b56463\_90_alu for cells of type $alu.
Using template $paramod\_90_fa\WIDTH=32'00000000000000000000000000010000 for cells of type $fa.
Using template $paramod\_90_lcu_brent_kung\WIDTH=32'00000000000000000000000000010000 for cells of type $lcu.
Using template $paramod$f28fc3f2e267d7716249e826e8c90c34ca9542c1\_90_alu for cells of type $alu.
Using template $paramod$32efbfac1c4dc57230cf86180788fdfd12e3b511\_90_alu for cells of type $alu.
Using template $paramod$740b056ede97228d3eae64ea2fdc81f0a33e0fe7\_90_alu for cells of type $alu.
Using template $paramod\_90_fa\WIDTH=32'00000000000000000000000000000111 for cells of type $fa.
Using template $paramod\_90_lcu_brent_kung\WIDTH=32'00000000000000000000000000000111 for cells of type $lcu.
Using template $paramod\_90_fa\WIDTH=32'00000000000000000000000000000100 for cells of type $fa.
Using template $paramod\_90_lcu_brent_kung\WIDTH=32'00000000000000000000000000000100 for cells of type $lcu.
No more expansions possible.
<suppressed ~2867 debug messages>

6.21. Executing OPT pass (performing simple optimizations).

6.21.1. Executing OPT_EXPR pass (perform const folding).
Optimizing module wire_mold_itch_top.
Optimizing module wire_itch_decoder.
<suppressed ~1098 debug messages>
Optimizing module wire_mold_message_framer.
<suppressed ~1175 debug messages>
Optimizing module wire_mold_header_seq.
<suppressed ~13823 debug messages>

6.21.2. Executing OPT_MERGE pass (detect identical cells).
Finding identical cells in module `\wire_mold_itch_top'.
Computing hashes of 4 cells of `\wire_mold_itch_top'.
Finding duplicate cells in `\wire_mold_itch_top'.
Finding identical cells in module `\wire_itch_decoder'.
Computing hashes of 3409 cells of `\wire_itch_decoder'.
Finding duplicate cells in `\wire_itch_decoder'.
Computing hashes of 3130 cells of `\wire_itch_decoder'.
Finding duplicate cells in `\wire_itch_decoder'.
Computing hashes of 3011 cells of `\wire_itch_decoder'.
Finding duplicate cells in `\wire_itch_decoder'.
Computing hashes of 2942 cells of `\wire_itch_decoder'.
Finding duplicate cells in `\wire_itch_decoder'.
Computing hashes of 2931 cells of `\wire_itch_decoder'.
Finding duplicate cells in `\wire_itch_decoder'.
<suppressed ~1434 debug messages>
Finding identical cells in module `\wire_mold_message_framer'.
Computing hashes of 1645 cells of `\wire_mold_message_framer'.
Finding duplicate cells in `\wire_mold_message_framer'.
Computing hashes of 1437 cells of `\wire_mold_message_framer'.
Finding duplicate cells in `\wire_mold_message_framer'.
Computing hashes of 1343 cells of `\wire_mold_message_framer'.
Finding duplicate cells in `\wire_mold_message_framer'.
Computing hashes of 1305 cells of `\wire_mold_message_framer'.
Finding duplicate cells in `\wire_mold_message_framer'.
Computing hashes of 1301 cells of `\wire_mold_message_framer'.
Finding duplicate cells in `\wire_mold_message_framer'.
<suppressed ~1032 debug messages>
Finding identical cells in module `\wire_mold_header_seq'.
Computing hashes of 4671 cells of `\wire_mold_header_seq'.
Finding duplicate cells in `\wire_mold_header_seq'.
Computing hashes of 4437 cells of `\wire_mold_header_seq'.
Finding duplicate cells in `\wire_mold_header_seq'.
Computing hashes of 4341 cells of `\wire_mold_header_seq'.
Finding duplicate cells in `\wire_mold_header_seq'.
Computing hashes of 4279 cells of `\wire_mold_header_seq'.
Finding duplicate cells in `\wire_mold_header_seq'.
Computing hashes of 4231 cells of `\wire_mold_header_seq'.
Finding duplicate cells in `\wire_mold_header_seq'.
Computing hashes of 4165 cells of `\wire_mold_header_seq'.
Finding duplicate cells in `\wire_mold_header_seq'.
Computing hashes of 4045 cells of `\wire_mold_header_seq'.
Finding duplicate cells in `\wire_mold_header_seq'.
Computing hashes of 3813 cells of `\wire_mold_header_seq'.
Finding duplicate cells in `\wire_mold_header_seq'.
Computing hashes of 3357 cells of `\wire_mold_header_seq'.
Finding duplicate cells in `\wire_mold_header_seq'.
Computing hashes of 3223 cells of `\wire_mold_header_seq'.
Finding duplicate cells in `\wire_mold_header_seq'.
Computing hashes of 3222 cells of `\wire_mold_header_seq'.
Finding duplicate cells in `\wire_mold_header_seq'.
Computing hashes of 3221 cells of `\wire_mold_header_seq'.
Finding duplicate cells in `\wire_mold_header_seq'.
Computing hashes of 3220 cells of `\wire_mold_header_seq'.
Finding duplicate cells in `\wire_mold_header_seq'.
Computing hashes of 3219 cells of `\wire_mold_header_seq'.
Finding duplicate cells in `\wire_mold_header_seq'.
Computing hashes of 3218 cells of `\wire_mold_header_seq'.
Finding duplicate cells in `\wire_mold_header_seq'.
Computing hashes of 3217 cells of `\wire_mold_header_seq'.
Finding duplicate cells in `\wire_mold_header_seq'.
Computing hashes of 3216 cells of `\wire_mold_header_seq'.
Finding duplicate cells in `\wire_mold_header_seq'.
Computing hashes of 3215 cells of `\wire_mold_header_seq'.
Finding duplicate cells in `\wire_mold_header_seq'.
Computing hashes of 3214 cells of `\wire_mold_header_seq'.
Finding duplicate cells in `\wire_mold_header_seq'.
Computing hashes of 3213 cells of `\wire_mold_header_seq'.
Finding duplicate cells in `\wire_mold_header_seq'.
Computing hashes of 3212 cells of `\wire_mold_header_seq'.
Finding duplicate cells in `\wire_mold_header_seq'.
Computing hashes of 3211 cells of `\wire_mold_header_seq'.
Finding duplicate cells in `\wire_mold_header_seq'.
Computing hashes of 3210 cells of `\wire_mold_header_seq'.
Finding duplicate cells in `\wire_mold_header_seq'.
Computing hashes of 3209 cells of `\wire_mold_header_seq'.
Finding duplicate cells in `\wire_mold_header_seq'.
<suppressed ~4386 debug messages>
Removed a total of 2284 cells.

6.21.3. Executing OPT_DFF pass (perform DFF optimizations).

6.21.4. Executing OPT_CLEAN pass (remove unused cells and wires).
Finding unused cells or wires in module \wire_mold_itch_top..
Finding unused cells or wires in module \wire_itch_decoder..
Finding unused cells or wires in module \wire_mold_message_framer..
Finding unused cells or wires in module \wire_mold_header_seq..
Removed 754 unused cells and 2271 unused wires.
<suppressed ~758 debug messages>

6.21.5. Finished fast OPT passes.

6.22. Executing ABC pass (technology mapping using ABC).

6.22.1. Summary of detected clock domains:
  6 cells in clk=\clk, en={ }, arst={ }, srst=$auto$fsm_map.cc:74:implement_pattern_cache$3651
  68 cells in clk=\clk, en=$auto$simple.cc:210:make_patterns_logic$4532, arst={ }, srst=$auto$fsm_map.cc:74:implement_pattern_cache$3651
  19 cells in clk=\clk, en=$memory\bytes_q$wren[35][0][0]$y$5451, arst={ }, srst={ }
  26 cells in clk=\clk, en=$memory\bytes_q$wren[34][0][0]$y$5445, arst={ }, srst={ }
  26 cells in clk=\clk, en=$memory\bytes_q$wren[33][0][0]$y$5439, arst={ }, srst={ }
  27 cells in clk=\clk, en=$memory\bytes_q$wren[32][0][0]$y$5433, arst={ }, srst={ }
  26 cells in clk=\clk, en=$memory\bytes_q$wren[31][0][0]$y$5421, arst={ }, srst={ }
  26 cells in clk=\clk, en=$memory\bytes_q$wren[30][0][0]$y$5415, arst={ }, srst={ }
  26 cells in clk=\clk, en=$memory\bytes_q$wren[29][0][0]$y$5409, arst={ }, srst={ }
  26 cells in clk=\clk, en=$memory\bytes_q$wren[28][0][0]$y$5403, arst={ }, srst={ }
  27 cells in clk=\clk, en=$memory\bytes_q$wren[27][0][0]$y$5397, arst={ }, srst={ }
  26 cells in clk=\clk, en=$memory\bytes_q$wren[26][0][0]$y$5391, arst={ }, srst={ }
  26 cells in clk=\clk, en=$memory\bytes_q$wren[25][0][0]$y$5385, arst={ }, srst={ }
  25 cells in clk=\clk, en=$memory\bytes_q$wren[24][0][0]$y$5379, arst={ }, srst={ }
  26 cells in clk=\clk, en=$memory\bytes_q$wren[23][0][0]$y$5371, arst={ }, srst={ }
  34 cells in clk=\clk, en=$memory\bytes_q$wren[22][0][0]$y$5365, arst={ }, srst={ }
  34 cells in clk=\clk, en=$memory\bytes_q$wren[21][0][0]$y$5359, arst={ }, srst={ }
  34 cells in clk=\clk, en=$memory\bytes_q$wren[20][0][0]$y$5353, arst={ }, srst={ }
  47 cells in clk=\clk, en=$memory\bytes_q$wren[19][0][0]$y$5347, arst={ }, srst={ }
  26 cells in clk=\clk, en=$memory\bytes_q$wren[18][0][0]$y$5341, arst={ }, srst={ }
  26 cells in clk=\clk, en=$memory\bytes_q$wren[17][0][0]$y$5335, arst={ }, srst={ }
  27 cells in clk=\clk, en=$memory\bytes_q$wren[16][0][0]$y$5329, arst={ }, srst={ }
  26 cells in clk=\clk, en=$memory\bytes_q$wren[15][0][0]$y$5317, arst={ }, srst={ }
  26 cells in clk=\clk, en=$memory\bytes_q$wren[14][0][0]$y$5311, arst={ }, srst={ }
  26 cells in clk=\clk, en=$memory\bytes_q$wren[13][0][0]$y$5305, arst={ }, srst={ }
  27 cells in clk=\clk, en=$memory\bytes_q$wren[12][0][0]$y$5299, arst={ }, srst={ }
  40 cells in clk=\clk, en=$memory\bytes_q$wren[11][0][0]$y$5293, arst={ }, srst={ }
  10 cells in clk=\clk, en=$memory\bytes_q$wren[10][0][0]$y$5287, arst={ }, srst={ }
  10 cells in clk=\clk, en=$memory\bytes_q$wren[9][0][0]$y$5281, arst={ }, srst={ }
  10 cells in clk=\clk, en=$memory\bytes_q$wren[8][0][0]$y$5275, arst={ }, srst={ }
  10 cells in clk=\clk, en=$memory\bytes_q$wren[7][0][0]$y$5265, arst={ }, srst={ }
  11 cells in clk=\clk, en=$memory\bytes_q$wren[6][0][0]$y$5257, arst={ }, srst={ }
  10 cells in clk=\clk, en=$memory\bytes_q$wren[5][0][0]$y$5247, arst={ }, srst={ }
  19 cells in clk=\clk, en=$memory\bytes_q$wren[2][0][0]$y$5219, arst={ }, srst={ }
  17 cells in clk=\clk, en=$memory\bytes_q$wren[1][0][0]$y$5207, arst={ }, srst={ }
  27 cells in clk=\clk, en=$memory\bytes_q$wren[0][0][0]$y$5197, arst={ }, srst={ }
  148 cells in clk=\clk, en=$auto$simple.cc:210:make_patterns_logic$4512, arst={ }, srst=$auto$fsm_map.cc:74:implement_pattern_cache$3651
  52 cells in clk=\clk, en=$auto$simple.cc:210:make_patterns_logic$4485, arst={ }, srst=$auto$fsm_map.cc:74:implement_pattern_cache$3651
  143 cells in clk=\clk, en=$auto$simple.cc:210:make_patterns_logic$4469, arst={ }, srst=$auto$fsm_map.cc:74:implement_pattern_cache$3651
  147 cells in clk=\clk, en=$auto$fsm_map.cc:74:implement_pattern_cache$3651, arst={ }, srst={ }
  29 cells in clk=\clk, en=$auto$simple.cc:210:make_patterns_logic$4462, arst={ }, srst=$auto$fsm_map.cc:74:implement_pattern_cache$3651
  338 cells in clk=\clk, en={ }, arst={ }, srst={ }
  1140 cells in clk=\clk, en=\state_q [2], arst={ }, srst=$auto$fsm_map.cc:74:implement_pattern_cache$3651

6.22.2. Extracting gate netlist of module `\wire_itch_decoder' to `<abc-temp-dir>/input.blif'..
Found matching posedge clock domain: \clk, synchronously reset by $auto$fsm_map.cc:74:implement_pattern_cache$3651

6.22.3. Extracting gate netlist of module `\wire_itch_decoder' to `<abc-temp-dir>/input.blif'..
Found matching posedge clock domain: \clk, enabled by $auto$simple.cc:210:make_patterns_logic$4532, synchronously reset by $auto$fsm_map.cc:74:implement_pattern_cache$3651

6.22.4. Extracting gate netlist of module `\wire_itch_decoder' to `<abc-temp-dir>/input.blif'..
Found matching posedge clock domain: \clk, enabled by $memory\bytes_q$wren[35][0][0]$y$5451

6.22.5. Extracting gate netlist of module `\wire_itch_decoder' to `<abc-temp-dir>/input.blif'..
Found matching posedge clock domain: \clk, enabled by $memory\bytes_q$wren[34][0][0]$y$5445

6.22.6. Extracting gate netlist of module `\wire_itch_decoder' to `<abc-temp-dir>/input.blif'..
Found matching posedge clock domain: \clk, enabled by $memory\bytes_q$wren[33][0][0]$y$5439

6.22.7. Extracting gate netlist of module `\wire_itch_decoder' to `<abc-temp-dir>/input.blif'..
Found matching posedge clock domain: \clk, enabled by $memory\bytes_q$wren[32][0][0]$y$5433

6.22.8. Extracting gate netlist of module `\wire_itch_decoder' to `<abc-temp-dir>/input.blif'..
Found matching posedge clock domain: \clk, enabled by $memory\bytes_q$wren[31][0][0]$y$5421

6.22.9. Extracting gate netlist of module `\wire_itch_decoder' to `<abc-temp-dir>/input.blif'..
Found matching posedge clock domain: \clk, enabled by $memory\bytes_q$wren[30][0][0]$y$5415

6.22.10. Extracting gate netlist of module `\wire_itch_decoder' to `<abc-temp-dir>/input.blif'..
Found matching posedge clock domain: \clk, enabled by $memory\bytes_q$wren[29][0][0]$y$5409

6.22.11. Extracting gate netlist of module `\wire_itch_decoder' to `<abc-temp-dir>/input.blif'..
Found matching posedge clock domain: \clk, enabled by $memory\bytes_q$wren[28][0][0]$y$5403

6.22.12. Extracting gate netlist of module `\wire_itch_decoder' to `<abc-temp-dir>/input.blif'..
Found matching posedge clock domain: \clk, enabled by $memory\bytes_q$wren[27][0][0]$y$5397

6.22.13. Extracting gate netlist of module `\wire_itch_decoder' to `<abc-temp-dir>/input.blif'..
Found matching posedge clock domain: \clk, enabled by $memory\bytes_q$wren[26][0][0]$y$5391

6.22.14. Extracting gate netlist of module `\wire_itch_decoder' to `<abc-temp-dir>/input.blif'..
Found matching posedge clock domain: \clk, enabled by $memory\bytes_q$wren[25][0][0]$y$5385

6.22.15. Extracting gate netlist of module `\wire_itch_decoder' to `<abc-temp-dir>/input.blif'..
Found matching posedge clock domain: \clk, enabled by $memory\bytes_q$wren[24][0][0]$y$5379

6.22.16. Extracting gate netlist of module `\wire_itch_decoder' to `<abc-temp-dir>/input.blif'..
Found matching posedge clock domain: \clk, enabled by $memory\bytes_q$wren[23][0][0]$y$5371

6.22.17. Extracting gate netlist of module `\wire_itch_decoder' to `<abc-temp-dir>/input.blif'..
Found matching posedge clock domain: \clk, enabled by $memory\bytes_q$wren[22][0][0]$y$5365

6.22.18. Extracting gate netlist of module `\wire_itch_decoder' to `<abc-temp-dir>/input.blif'..
Found matching posedge clock domain: \clk, enabled by $memory\bytes_q$wren[21][0][0]$y$5359

6.22.19. Extracting gate netlist of module `\wire_itch_decoder' to `<abc-temp-dir>/input.blif'..
Found matching posedge clock domain: \clk, enabled by $memory\bytes_q$wren[20][0][0]$y$5353

6.22.20. Extracting gate netlist of module `\wire_itch_decoder' to `<abc-temp-dir>/input.blif'..
Found matching posedge clock domain: \clk, enabled by $memory\bytes_q$wren[19][0][0]$y$5347

6.22.21. Extracting gate netlist of module `\wire_itch_decoder' to `<abc-temp-dir>/input.blif'..
Found matching posedge clock domain: \clk, enabled by $memory\bytes_q$wren[18][0][0]$y$5341

6.22.22. Extracting gate netlist of module `\wire_itch_decoder' to `<abc-temp-dir>/input.blif'..
Found matching posedge clock domain: \clk, enabled by $memory\bytes_q$wren[17][0][0]$y$5335

6.22.23. Extracting gate netlist of module `\wire_itch_decoder' to `<abc-temp-dir>/input.blif'..
Found matching posedge clock domain: \clk, enabled by $memory\bytes_q$wren[16][0][0]$y$5329

6.22.24. Extracting gate netlist of module `\wire_itch_decoder' to `<abc-temp-dir>/input.blif'..
Found matching posedge clock domain: \clk, enabled by $memory\bytes_q$wren[15][0][0]$y$5317

6.22.25. Extracting gate netlist of module `\wire_itch_decoder' to `<abc-temp-dir>/input.blif'..
Found matching posedge clock domain: \clk, enabled by $memory\bytes_q$wren[14][0][0]$y$5311

6.22.26. Extracting gate netlist of module `\wire_itch_decoder' to `<abc-temp-dir>/input.blif'..
Found matching posedge clock domain: \clk, enabled by $memory\bytes_q$wren[13][0][0]$y$5305

6.22.27. Extracting gate netlist of module `\wire_itch_decoder' to `<abc-temp-dir>/input.blif'..
Found matching posedge clock domain: \clk, enabled by $memory\bytes_q$wren[12][0][0]$y$5299

6.22.28. Extracting gate netlist of module `\wire_itch_decoder' to `<abc-temp-dir>/input.blif'..
Found matching posedge clock domain: \clk, enabled by $memory\bytes_q$wren[11][0][0]$y$5293

6.22.29. Extracting gate netlist of module `\wire_itch_decoder' to `<abc-temp-dir>/input.blif'..
Found matching posedge clock domain: \clk, enabled by $memory\bytes_q$wren[10][0][0]$y$5287

6.22.29.1. Executed ABC.
Extracted 5 gates and 12 wires to a netlist network with 6 inputs and 2 outputs.
Running ABC script: <abc-temp-dir>/abc.script
ABC: ======== ABC command line "source <abc-temp-dir>/abc.script"
ABC: + read_blif <abc-temp-dir>/input.blif 
ABC: + read_library <abc-temp-dir>/stdcells.genlib 
ABC: + strash 
ABC: + &get -n 
ABC: + &fraig -x 
ABC: + &put 
ABC: + scorr 
ABC: Warning: The network is combinational (run "fraig" or "fraig_sweep").
ABC: + dc2 
ABC: + dretime 
ABC: + strash 
ABC: + &get -n 
ABC: + &dch -f 
ABC: + &nf 
ABC: + &put 
ABC: + write_blif <abc-temp-dir>/output.blif 

6.22.29.2. Re-integrating ABC results.
ABC RESULTS:               AND cells:        1
ABC RESULTS:            ANDNOT cells:        2
ABC RESULTS:              NAND cells:        1
ABC RESULTS:               NOR cells:        1
ABC RESULTS:                OR cells:        1
ABC RESULTS:        internal signals:        4
ABC RESULTS:           input signals:        6
ABC RESULTS:          output signals:        2
Removing temp directory.

6.22.30. Extracting gate netlist of module `\wire_itch_decoder' to `<abc-temp-dir>/input.blif'..
Found matching posedge clock domain: \clk, enabled by $memory\bytes_q$wren[9][0][0]$y$5281

6.22.31. Extracting gate netlist of module `\wire_itch_decoder' to `<abc-temp-dir>/input.blif'..
Found matching posedge clock domain: \clk, enabled by $memory\bytes_q$wren[8][0][0]$y$5275

6.22.32. Extracting gate netlist of module `\wire_itch_decoder' to `<abc-temp-dir>/input.blif'..
Found matching posedge clock domain: \clk, enabled by $memory\bytes_q$wren[7][0][0]$y$5265

6.22.32.1. Executed ABC.
Extracted 67 gates and 109 wires to a netlist network with 40 inputs and 15 outputs.
Running ABC script: <abc-temp-dir>/abc.script
ABC: ======== ABC command line "source <abc-temp-dir>/abc.script"
ABC: + read_blif <abc-temp-dir>/input.blif 
ABC: + read_library <abc-temp-dir>/stdcells.genlib 
ABC: + strash 
ABC: + &get -n 
ABC: + &fraig -x 
ABC: + &put 
ABC: + scorr 
ABC: Warning: The network is combinational (run "fraig" or "fraig_sweep").
ABC: + dc2 
ABC: + dretime 
ABC: + strash 
ABC: + &get -n 
ABC: + &dch -f 
ABC: + &nf 
ABC: + &put 
ABC: + write_blif <abc-temp-dir>/output.blif 

6.22.32.2. Re-integrating ABC results.
ABC RESULTS:               AND cells:       23
ABC RESULTS:            ANDNOT cells:        4
ABC RESULTS:              NAND cells:       12
ABC RESULTS:               NOR cells:        5
ABC RESULTS:               NOT cells:        1
ABC RESULTS:                OR cells:       10
ABC RESULTS:             ORNOT cells:        5
ABC RESULTS:        internal signals:       54
ABC RESULTS:           input signals:       40
ABC RESULTS:          output signals:       15
Removing temp directory.

6.22.32.1. Executed ABC.
Extracted 11 gates and 25 wires to a netlist network with 13 inputs and 10 outputs.
Running ABC script: <abc-temp-dir>/abc.script
ABC: ======== ABC command line "source <abc-temp-dir>/abc.script"
ABC: + read_blif <abc-temp-dir>/input.blif 
ABC: + read_library <abc-temp-dir>/stdcells.genlib 
ABC: + strash 
ABC: + &get -n 
ABC: + &fraig -x 
ABC: + &put 
ABC: + scorr 
ABC: Warning: The network is combinational (run "fraig" or "fraig_sweep").
ABC: + dc2 
ABC: + dretime 
ABC: + strash 
ABC: + &get -n 
ABC: + &dch -f 
ABC: + &nf 
ABC: + &put 
ABC: + write_blif <abc-temp-dir>/output.blif 

6.22.32.2. Re-integrating ABC results.
ABC RESULTS:               AND cells:        2
ABC RESULTS:            ANDNOT cells:        9
ABC RESULTS:        internal signals:        2
ABC RESULTS:           input signals:       13
ABC RESULTS:          output signals:       10
Removing temp directory.

6.22.33. Extracting gate netlist of module `\wire_itch_decoder' to `<abc-temp-dir>/input.blif'..
Found matching posedge clock domain: \clk, enabled by $memory\bytes_q$wren[6][0][0]$y$5257

6.22.34. Extracting gate netlist of module `\wire_itch_decoder' to `<abc-temp-dir>/input.blif'..
Found matching posedge clock domain: \clk, enabled by $memory\bytes_q$wren[5][0][0]$y$5247

6.22.34.1. Executed ABC.
Extracted 18 gates and 32 wires to a netlist network with 13 inputs and 17 outputs.
Running ABC script: <abc-temp-dir>/abc.script
ABC: ======== ABC command line "source <abc-temp-dir>/abc.script"
ABC: + read_blif <abc-temp-dir>/input.blif 
ABC: + read_library <abc-temp-dir>/stdcells.genlib 
ABC: + strash 
ABC: + &get -n 
ABC: + &fraig -x 
ABC: + &put 
ABC: + scorr 
ABC: Warning: The network is combinational (run "fraig" or "fraig_sweep").
ABC: + dc2 
ABC: + dretime 
ABC: + strash 
ABC: + &get -n 
ABC: + &dch -f 
ABC: + &nf 
ABC: + &put 
ABC: + write_blif <abc-temp-dir>/output.blif 

6.22.34.2. Re-integrating ABC results.
ABC RESULTS:               AND cells:        2
ABC RESULTS:            ANDNOT cells:       16
ABC RESULTS:        internal signals:        2
ABC RESULTS:           input signals:       13
ABC RESULTS:          output signals:       17
Removing temp directory.

6.22.34.1. Executed ABC.
Extracted 18 gates and 32 wires to a netlist network with 13 inputs and 17 outputs.
Running ABC script: <abc-temp-dir>/abc.script
ABC: ======== ABC command line "source <abc-temp-dir>/abc.script"
ABC: + read_blif <abc-temp-dir>/input.blif 
ABC: + read_library <abc-temp-dir>/stdcells.genlib 
ABC: + strash 
ABC: + &get -n 
ABC: + &fraig -x 
ABC: + &put 
ABC: + scorr 
ABC: Warning: The network is combinational (run "fraig" or "fraig_sweep").
ABC: + dc2 
ABC: + dretime 
ABC: + strash 
ABC: + &get -n 
ABC: + &dch -f 
ABC: + &nf 
ABC: + &put 
ABC: + write_blif <abc-temp-dir>/output.blif 

6.22.34.2. Re-integrating ABC results.
ABC RESULTS:               AND cells:        2
ABC RESULTS:            ANDNOT cells:       16
ABC RESULTS:        internal signals:        2
ABC RESULTS:           input signals:       13
ABC RESULTS:          output signals:       17
Removing temp directory.

6.22.34.1. Executed ABC.
Extracted 19 gates and 34 wires to a netlist network with 14 inputs and 18 outputs.
Running ABC script: <abc-temp-dir>/abc.script
ABC: ======== ABC command line "source <abc-temp-dir>/abc.script"
ABC: + read_blif <abc-temp-dir>/input.blif 
ABC: + read_library <abc-temp-dir>/stdcells.genlib 
ABC: + strash 
ABC: + &get -n 
ABC: + &fraig -x 
ABC: + &put 
ABC: + scorr 
ABC: Warning: The network is combinational (run "fraig" or "fraig_sweep").
ABC: + dc2 
ABC: + dretime 
ABC: + strash 
ABC: + &get -n 
ABC: + &dch -f 
ABC: + &nf 
ABC: + &put 
ABC: + write_blif <abc-temp-dir>/output.blif 

6.22.34.2. Re-integrating ABC results.
ABC RESULTS:               AND cells:        3
ABC RESULTS:            ANDNOT cells:       16
ABC RESULTS:        internal signals:        2
ABC RESULTS:           input signals:       14
ABC RESULTS:          output signals:       18
Removing temp directory.

6.22.34.1. Executed ABC.
Extracted 18 gates and 39 wires to a netlist network with 20 inputs and 17 outputs.
Running ABC script: <abc-temp-dir>/abc.script
ABC: ======== ABC command line "source <abc-temp-dir>/abc.script"
ABC: + read_blif <abc-temp-dir>/input.blif 
ABC: + read_library <abc-temp-dir>/stdcells.genlib 
ABC: + strash 
ABC: + &get -n 
ABC: + &fraig -x 
ABC: + &put 
ABC: + scorr 
ABC: Warning: The network is combinational (run "fraig" or "fraig_sweep").
ABC: + dc2 
ABC: + dretime 
ABC: + strash 
ABC: + &get -n 
ABC: + &dch -f 
ABC: + &nf 
ABC: + &put 
ABC: + write_blif <abc-temp-dir>/output.blif 

6.22.34.2. Re-integrating ABC results.
ABC RESULTS:               AND cells:        2
ABC RESULTS:            ANDNOT cells:        8
ABC RESULTS:               XOR cells:        8
ABC RESULTS:        internal signals:        2
ABC RESULTS:           input signals:       20
ABC RESULTS:          output signals:       17
Removing temp directory.

6.22.34.1. Executed ABC.
Extracted 18 gates and 38 wires to a netlist network with 20 inputs and 17 outputs.
Running ABC script: <abc-temp-dir>/abc.script
ABC: ======== ABC command line "source <abc-temp-dir>/abc.script"
ABC: + read_blif <abc-temp-dir>/input.blif 
ABC: + read_library <abc-temp-dir>/stdcells.genlib 
ABC: + strash 
ABC: + &get -n 
ABC: + &fraig -x 
ABC: + &put 
ABC: + scorr 
ABC: Warning: The network is combinational (run "fraig" or "fraig_sweep").
ABC: + dc2 
ABC: + dretime 
ABC: + strash 
ABC: + &get -n 
ABC: + &dch -f 
ABC: + &nf 
ABC: + &put 
ABC: + write_blif <abc-temp-dir>/output.blif 

6.22.34.2. Re-integrating ABC results.
ABC RESULTS:               AND cells:       10
ABC RESULTS:               XOR cells:        8
ABC RESULTS:        internal signals:        1
ABC RESULTS:           input signals:       20
ABC RESULTS:          output signals:       17
Removing temp directory.

6.22.34.1. Executed ABC.
Extracted 18 gates and 38 wires to a netlist network with 20 inputs and 17 outputs.
Running ABC script: <abc-temp-dir>/abc.script
ABC: ======== ABC command line "source <abc-temp-dir>/abc.script"
ABC: + read_blif <abc-temp-dir>/input.blif 
ABC: + read_library <abc-temp-dir>/stdcells.genlib 
ABC: + strash 
ABC: + &get -n 
ABC: + &fraig -x 
ABC: + &put 
ABC: + scorr 
ABC: Warning: The network is combinational (run "fraig" or "fraig_sweep").
ABC: + dc2 
ABC: + dretime 
ABC: + strash 
ABC: + &get -n 
ABC: + &dch -f 
ABC: + &nf 
ABC: + &put 
ABC: + write_blif <abc-temp-dir>/output.blif 

6.22.34.2. Re-integrating ABC results.
ABC RESULTS:               AND cells:       10
ABC RESULTS:               XOR cells:        8
ABC RESULTS:        internal signals:        1
ABC RESULTS:           input signals:       20
ABC RESULTS:          output signals:       17
Removing temp directory.

6.22.34.1. Executed ABC.
Extracted 18 gates and 38 wires to a netlist network with 20 inputs and 17 outputs.
Running ABC script: <abc-temp-dir>/abc.script
ABC: ======== ABC command line "source <abc-temp-dir>/abc.script"
ABC: + read_blif <abc-temp-dir>/input.blif 
ABC: + read_library <abc-temp-dir>/stdcells.genlib 
ABC: + strash 
ABC: + &get -n 
ABC: + &fraig -x 
ABC: + &put 
ABC: + scorr 
ABC: Warning: The network is combinational (run "fraig" or "fraig_sweep").
ABC: + dc2 
ABC: + dretime 
ABC: + strash 
ABC: + &get -n 
ABC: + &dch -f 
ABC: + &nf 
ABC: + &put 
ABC: + write_blif <abc-temp-dir>/output.blif 

6.22.34.2. Re-integrating ABC results.
ABC RESULTS:               AND cells:       10
ABC RESULTS:               XOR cells:        8
ABC RESULTS:        internal signals:        1
ABC RESULTS:           input signals:       20
ABC RESULTS:          output signals:       17
Removing temp directory.

6.22.34.1. Executed ABC.
Extracted 19 gates and 39 wires to a netlist network with 20 inputs and 18 outputs.
Running ABC script: <abc-temp-dir>/abc.script
ABC: ======== ABC command line "source <abc-temp-dir>/abc.script"
ABC: + read_blif <abc-temp-dir>/input.blif 
ABC: + read_library <abc-temp-dir>/stdcells.genlib 
ABC: + strash 
ABC: + &get -n 
ABC: + &fraig -x 
ABC: + &put 
ABC: + scorr 
ABC: Warning: The network is combinational (run "fraig" or "fraig_sweep").
ABC: + dc2 
ABC: + dretime 
ABC: + strash 
ABC: + &get -n 
ABC: + &dch -f 
ABC: + &nf 
ABC: + &put 
ABC: + write_blif <abc-temp-dir>/output.blif 

6.22.34.2. Re-integrating ABC results.
ABC RESULTS:               AND cells:        2
ABC RESULTS:            ANDNOT cells:        8
ABC RESULTS:               NOT cells:        1
ABC RESULTS:               XOR cells:        8
ABC RESULTS:        internal signals:        1
ABC RESULTS:           input signals:       20
ABC RESULTS:          output signals:       18
Removing temp directory.

6.22.35. Extracting gate netlist of module `\wire_itch_decoder' to `<abc-temp-dir>/input.blif'..
Found matching posedge clock domain: \clk, enabled by $memory\bytes_q$wren[2][0][0]$y$5219

6.22.36. Extracting gate netlist of module `\wire_itch_decoder' to `<abc-temp-dir>/input.blif'..
Found matching posedge clock domain: \clk, enabled by $memory\bytes_q$wren[1][0][0]$y$5207

6.22.37. Extracting gate netlist of module `\wire_itch_decoder' to `<abc-temp-dir>/input.blif'..
Found matching posedge clock domain: \clk, enabled by $memory\bytes_q$wren[0][0][0]$y$5197

6.22.37.1. Executed ABC.
Extracted 18 gates and 39 wires to a netlist network with 20 inputs and 17 outputs.
Running ABC script: <abc-temp-dir>/abc.script
ABC: ======== ABC command line "source <abc-temp-dir>/abc.script"
ABC: + read_blif <abc-temp-dir>/input.blif 
ABC: + read_library <abc-temp-dir>/stdcells.genlib 
ABC: + strash 
ABC: + &get -n 
ABC: + &fraig -x 
ABC: + &put 
ABC: + scorr 
ABC: Warning: The network is combinational (run "fraig" or "fraig_sweep").
ABC: + dc2 
ABC: + dretime 
ABC: + strash 
ABC: + &get -n 
ABC: + &dch -f 
ABC: + &nf 
ABC: + &put 
ABC: + write_blif <abc-temp-dir>/output.blif 

6.22.37.2. Re-integrating ABC results.
ABC RESULTS:               AND cells:        2
ABC RESULTS:            ANDNOT cells:        8
ABC RESULTS:               XOR cells:        8
ABC RESULTS:        internal signals:        2
ABC RESULTS:           input signals:       20
ABC RESULTS:          output signals:       17
Removing temp directory.

6.22.37.1. Executed ABC.
Extracted 18 gates and 39 wires to a netlist network with 20 inputs and 17 outputs.
Running ABC script: <abc-temp-dir>/abc.script
ABC: ======== ABC command line "source <abc-temp-dir>/abc.script"
ABC: + read_blif <abc-temp-dir>/input.blif 
ABC: + read_library <abc-temp-dir>/stdcells.genlib 
ABC: + strash 
ABC: + &get -n 
ABC: + &fraig -x 
ABC: + &put 
ABC: + scorr 
ABC: Warning: The network is combinational (run "fraig" or "fraig_sweep").
ABC: + dc2 
ABC: + dretime 
ABC: + strash 
ABC: + &get -n 
ABC: + &dch -f 
ABC: + &nf 
ABC: + &put 
ABC: + write_blif <abc-temp-dir>/output.blif 

6.22.37.2. Re-integrating ABC results.
ABC RESULTS:               AND cells:        2
ABC RESULTS:            ANDNOT cells:        8
ABC RESULTS:               XOR cells:        8
ABC RESULTS:        internal signals:        2
ABC RESULTS:           input signals:       20
ABC RESULTS:          output signals:       17
Removing temp directory.

6.22.37.1. Executed ABC.
Extracted 17 gates and 37 wires to a netlist network with 19 inputs and 16 outputs.
Running ABC script: <abc-temp-dir>/abc.script
ABC: ======== ABC command line "source <abc-temp-dir>/abc.script"
ABC: + read_blif <abc-temp-dir>/input.blif 
ABC: + read_library <abc-temp-dir>/stdcells.genlib 
ABC: + strash 
ABC: + &get -n 
ABC: + &fraig -x 
ABC: + &put 
ABC: + scorr 
ABC: Warning: The network is combinational (run "fraig" or "fraig_sweep").
ABC: + dc2 
ABC: + dretime 
ABC: + strash 
ABC: + &get -n 
ABC: + &dch -f 
ABC: + &nf 
ABC: + &put 
ABC: + write_blif <abc-temp-dir>/output.blif 

6.22.37.2. Re-integrating ABC results.
ABC RESULTS:               AND cells:        2
ABC RESULTS:            ANDNOT cells:        8
ABC RESULTS:               XOR cells:        7
ABC RESULTS:        internal signals:        2
ABC RESULTS:           input signals:       19
ABC RESULTS:          output signals:       16
Removing temp directory.

6.22.38. Extracting gate netlist of module `\wire_itch_decoder' to `<abc-temp-dir>/input.blif'..
Found matching posedge clock domain: \clk, enabled by $auto$simple.cc:210:make_patterns_logic$4512, synchronously reset by $auto$fsm_map.cc:74:implement_pattern_cache$3651

6.22.38.1. Executed ABC.
Extracted 18 gates and 32 wires to a netlist network with 13 inputs and 17 outputs.
Running ABC script: <abc-temp-dir>/abc.script
ABC: ======== ABC command line "source <abc-temp-dir>/abc.script"
ABC: + read_blif <abc-temp-dir>/input.blif 
ABC: + read_library <abc-temp-dir>/stdcells.genlib 
ABC: + strash 
ABC: + &get -n 
ABC: + &fraig -x 
ABC: + &put 
ABC: + scorr 
ABC: Warning: The network is combinational (run "fraig" or "fraig_sweep").
ABC: + dc2 
ABC: + dretime 
ABC: + strash 
ABC: + &get -n 
ABC: + &dch -f 
ABC: + &nf 
ABC: + &put 
ABC: + write_blif <abc-temp-dir>/output.blif 

6.22.38.2. Re-integrating ABC results.
ABC RESULTS:               AND cells:        2
ABC RESULTS:            ANDNOT cells:       16
ABC RESULTS:        internal signals:        2
ABC RESULTS:           input signals:       13
ABC RESULTS:          output signals:       17
Removing temp directory.

6.22.38.1. Executed ABC.
Extracted 26 gates and 41 wires to a netlist network with 14 inputs and 25 outputs.
Running ABC script: <abc-temp-dir>/abc.script
ABC: ======== ABC command line "source <abc-temp-dir>/abc.script"
ABC: + read_blif <abc-temp-dir>/input.blif 
ABC: + read_library <abc-temp-dir>/stdcells.genlib 
ABC: + strash 
ABC: + &get -n 
ABC: + &fraig -x 
ABC: + &put 
ABC: + scorr 
ABC: Warning: The network is combinational (run "fraig" or "fraig_sweep").
ABC: + dc2 
ABC: + dretime 
ABC: + strash 
ABC: + &get -n 
ABC: + &dch -f 
ABC: + &nf 
ABC: + &put 
ABC: + write_blif <abc-temp-dir>/output.blif 

6.22.38.2. Re-integrating ABC results.
ABC RESULTS:               AND cells:       10
ABC RESULTS:            ANDNOT cells:       16
ABC RESULTS:        internal signals:        2
ABC RESULTS:           input signals:       14
ABC RESULTS:          output signals:       25
Removing temp directory.

6.22.39. Extracting gate netlist of module `\wire_itch_decoder' to `<abc-temp-dir>/input.blif'..
Found matching posedge clock domain: \clk, enabled by $auto$simple.cc:210:make_patterns_logic$4485, synchronously reset by $auto$fsm_map.cc:74:implement_pattern_cache$3651

6.22.40. Extracting gate netlist of module `\wire_itch_decoder' to `<abc-temp-dir>/input.blif'..
Found matching posedge clock domain: \clk, enabled by $auto$simple.cc:210:make_patterns_logic$4469, synchronously reset by $auto$fsm_map.cc:74:implement_pattern_cache$3651

6.22.41. Extracting gate netlist of module `\wire_itch_decoder' to `<abc-temp-dir>/input.blif'..
Found matching posedge clock domain: \clk, enabled by $auto$fsm_map.cc:74:implement_pattern_cache$3651

6.22.42. Extracting gate netlist of module `\wire_itch_decoder' to `<abc-temp-dir>/input.blif'..
Found matching posedge clock domain: \clk, enabled by $auto$simple.cc:210:make_patterns_logic$4462, synchronously reset by $auto$fsm_map.cc:74:implement_pattern_cache$3651

6.22.42.1. Executed ABC.
Extracted 26 gates and 41 wires to a netlist network with 14 inputs and 25 outputs.
Running ABC script: <abc-temp-dir>/abc.script
ABC: ======== ABC command line "source <abc-temp-dir>/abc.script"
ABC: + read_blif <abc-temp-dir>/input.blif 
ABC: + read_library <abc-temp-dir>/stdcells.genlib 
ABC: + strash 
ABC: + &get -n 
ABC: + &fraig -x 
ABC: + &put 
ABC: + scorr 
ABC: Warning: The network is combinational (run "fraig" or "fraig_sweep").
ABC: + dc2 
ABC: + dretime 
ABC: + strash 
ABC: + &get -n 
ABC: + &dch -f 
ABC: + &nf 
ABC: + &put 
ABC: + write_blif <abc-temp-dir>/output.blif 

6.22.42.2. Re-integrating ABC results.
ABC RESULTS:               AND cells:       10
ABC RESULTS:            ANDNOT cells:       16
ABC RESULTS:        internal signals:        2
ABC RESULTS:           input signals:       14
ABC RESULTS:          output signals:       25
Removing temp directory.

6.22.42.1. Executed ABC.
Extracted 26 gates and 41 wires to a netlist network with 14 inputs and 25 outputs.
Running ABC script: <abc-temp-dir>/abc.script
ABC: ======== ABC command line "source <abc-temp-dir>/abc.script"
ABC: + read_blif <abc-temp-dir>/input.blif 
ABC: + read_library <abc-temp-dir>/stdcells.genlib 
ABC: + strash 
ABC: + &get -n 
ABC: + &fraig -x 
ABC: + &put 
ABC: + scorr 
ABC: Warning: The network is combinational (run "fraig" or "fraig_sweep").
ABC: + dc2 
ABC: + dretime 
ABC: + strash 
ABC: + &get -n 
ABC: + &dch -f 
ABC: + &nf 
ABC: + &put 
ABC: + write_blif <abc-temp-dir>/output.blif 

6.22.42.2. Re-integrating ABC results.
ABC RESULTS:               AND cells:       10
ABC RESULTS:            ANDNOT cells:       16
ABC RESULTS:        internal signals:        2
ABC RESULTS:           input signals:       14
ABC RESULTS:          output signals:       25
Removing temp directory.

6.22.42.1. Executed ABC.
Extracted 39 gates and 60 wires to a netlist network with 20 inputs and 31 outputs.
Running ABC script: <abc-temp-dir>/abc.script
ABC: ======== ABC command line "source <abc-temp-dir>/abc.script"
ABC: + read_blif <abc-temp-dir>/input.blif 
ABC: + read_library <abc-temp-dir>/stdcells.genlib 
ABC: + strash 
ABC: + &get -n 
ABC: + &fraig -x 
ABC: + &put 
ABC: + scorr 
ABC: Warning: The network is combinational (run "fraig" or "fraig_sweep").
ABC: + dc2 
ABC: + dretime 
ABC: + strash 
ABC: + &get -n 
ABC: + &dch -f 
ABC: + &nf 
ABC: + &put 
ABC: + write_blif <abc-temp-dir>/output.blif 

6.22.42.2. Re-integrating ABC results.
ABC RESULTS:               AND cells:       20
ABC RESULTS:            ANDNOT cells:        2
ABC RESULTS:               NOR cells:        3
ABC RESULTS:               NOT cells:        4
ABC RESULTS:                OR cells:        5
ABC RESULTS:             ORNOT cells:        3
ABC RESULTS:        internal signals:        9
ABC RESULTS:           input signals:       20
ABC RESULTS:          output signals:       31
Removing temp directory.

6.22.43. Extracting gate netlist of module `\wire_itch_decoder' to `<abc-temp-dir>/input.blif'..
Found matching posedge clock domain: \clk

6.22.44. Extracting gate netlist of module `\wire_itch_decoder' to `<abc-temp-dir>/input.blif'..
Found matching posedge clock domain: \clk, enabled by \state_q [2], synchronously reset by $auto$fsm_map.cc:74:implement_pattern_cache$3651

6.22.45. Summary of detected clock domains:
  70 cells in clk=\clk, en=$auto$simple.cc:210:make_patterns_logic$4582, arst={ }, srst=$auto$fsm_map.cc:74:implement_pattern_cache$4217
  11 cells in clk=\clk, en=$auto$simple.cc:210:make_patterns_logic$4602, arst={ }, srst=$auto$fsm_map.cc:74:implement_pattern_cache$4217
  94 cells in clk=\clk, en=$auto$simple.cc:210:make_patterns_logic$4885, arst={ }, srst=$auto$fsm_map.cc:74:implement_pattern_cache$4217
  182 cells in clk=\clk, en={ }, arst={ }, srst=$auto$fsm_map.cc:74:implement_pattern_cache$4217
  1273 cells in clk=\clk, en=$auto$simple.cc:210:make_patterns_logic$4685, arst={ }, srst=$auto$fsm_map.cc:74:implement_pattern_cache$4217
  81 cells in clk=\clk, en=$auto$fsm_map.cc:74:implement_pattern_cache$4217, arst={ }, srst={ }
  376 cells in clk=\clk, en=$auto$simple.cc:210:make_patterns_logic$4678, arst={ }, srst={ }
  127 cells in clk=\clk, en=$auto$simple.cc:210:make_patterns_logic$4643, arst={ }, srst=$auto$fsm_map.cc:74:implement_pattern_cache$4217
  9 cells in clk=\clk, en=$auto$simple.cc:210:make_patterns_logic$4628, arst={ }, srst=$auto$fsm_map.cc:74:implement_pattern_cache$4217
  16 cells in clk=\clk, en=$auto$simple.cc:210:make_patterns_logic$4622, arst={ }, srst=$auto$fsm_map.cc:74:implement_pattern_cache$4217
  353 cells in clk=\clk, en={ }, arst={ }, srst={ }

6.22.46. Extracting gate netlist of module `\wire_mold_header_seq' to `<abc-temp-dir>/input.blif'..
Found matching posedge clock domain: \clk, enabled by $auto$simple.cc:210:make_patterns_logic$4582, synchronously reset by $auto$fsm_map.cc:74:implement_pattern_cache$4217

6.22.46.1. Executed ABC.
Extracted 18 gates and 32 wires to a netlist network with 13 inputs and 17 outputs.
Running ABC script: <abc-temp-dir>/abc.script
ABC: ======== ABC command line "source <abc-temp-dir>/abc.script"
ABC: + read_blif <abc-temp-dir>/input.blif 
ABC: + read_library <abc-temp-dir>/stdcells.genlib 
ABC: + strash 
ABC: + &get -n 
ABC: + &fraig -x 
ABC: + &put 
ABC: + scorr 
ABC: Warning: The network is combinational (run "fraig" or "fraig_sweep").
ABC: + dc2 
ABC: + dretime 
ABC: + strash 
ABC: + &get -n 
ABC: + &dch -f 
ABC: + &nf 
ABC: + &put 
ABC: + write_blif <abc-temp-dir>/output.blif 

6.22.46.2. Re-integrating ABC results.
ABC RESULTS:               AND cells:       10
ABC RESULTS:            ANDNOT cells:        8
ABC RESULTS:        internal signals:        2
ABC RESULTS:           input signals:       13
ABC RESULTS:          output signals:       17
Removing temp directory.

6.22.46.1. Executed ABC.
Extracted 18 gates and 32 wires to a netlist network with 13 inputs and 17 outputs.
Running ABC script: <abc-temp-dir>/abc.script
ABC: ======== ABC command line "source <abc-temp-dir>/abc.script"
ABC: + read_blif <abc-temp-dir>/input.blif 
ABC: + read_library <abc-temp-dir>/stdcells.genlib 
ABC: + strash 
ABC: + &get -n 
ABC: + &fraig -x 
ABC: + &put 
ABC: + scorr 
ABC: Warning: The network is combinational (run "fraig" or "fraig_sweep").
ABC: + dc2 
ABC: + dretime 
ABC: + strash 
ABC: + &get -n 
ABC: + &dch -f 
ABC: + &nf 
ABC: + &put 
ABC: + write_blif <abc-temp-dir>/output.blif 

6.22.46.2. Re-integrating ABC results.
ABC RESULTS:               AND cells:       10
ABC RESULTS:            ANDNOT cells:        8
ABC RESULTS:        internal signals:        2
ABC RESULTS:           input signals:       13
ABC RESULTS:          output signals:       17
Removing temp directory.

6.22.46.1. Executed ABC.
Extracted 19 gates and 34 wires to a netlist network with 14 inputs and 18 outputs.
Running ABC script: <abc-temp-dir>/abc.script
ABC: ======== ABC command line "source <abc-temp-dir>/abc.script"
ABC: + read_blif <abc-temp-dir>/input.blif 
ABC: + read_library <abc-temp-dir>/stdcells.genlib 
ABC: + strash 
ABC: + &get -n 
ABC: + &fraig -x 
ABC: + &put 
ABC: + scorr 
ABC: Warning: The network is combinational (run "fraig" or "fraig_sweep").
ABC: + dc2 
ABC: + dretime 
ABC: + strash 
ABC: + &get -n 
ABC: + &dch -f 
ABC: + &nf 
ABC: + &put 
ABC: + write_blif <abc-temp-dir>/output.blif 

6.22.46.2. Re-integrating ABC results.
ABC RESULTS:               AND cells:       11
ABC RESULTS:            ANDNOT cells:        8
ABC RESULTS:        internal signals:        2
ABC RESULTS:           input signals:       14
ABC RESULTS:          output signals:       18
Removing temp directory.

6.22.47. Extracting gate netlist of module `\wire_mold_header_seq' to `<abc-temp-dir>/input.blif'..
Found matching posedge clock domain: \clk, enabled by $auto$simple.cc:210:make_patterns_logic$4602, synchronously reset by $auto$fsm_map.cc:74:implement_pattern_cache$4217

6.22.48. Extracting gate netlist of module `\wire_mold_header_seq' to `<abc-temp-dir>/input.blif'..
Found matching posedge clock domain: \clk, enabled by $auto$simple.cc:210:make_patterns_logic$4885, synchronously reset by $auto$fsm_map.cc:74:implement_pattern_cache$4217

6.22.49. Extracting gate netlist of module `\wire_mold_header_seq' to `<abc-temp-dir>/input.blif'..
Found matching posedge clock domain: \clk, synchronously reset by $auto$fsm_map.cc:74:implement_pattern_cache$4217

6.22.49.1. Executed ABC.
Extracted 18 gates and 32 wires to a netlist network with 13 inputs and 17 outputs.
Running ABC script: <abc-temp-dir>/abc.script
ABC: ======== ABC command line "source <abc-temp-dir>/abc.script"
ABC: + read_blif <abc-temp-dir>/input.blif 
ABC: + read_library <abc-temp-dir>/stdcells.genlib 
ABC: + strash 
ABC: + &get -n 
ABC: + &fraig -x 
ABC: + &put 
ABC: + scorr 
ABC: Warning: The network is combinational (run "fraig" or "fraig_sweep").
ABC: + dc2 
ABC: + dretime 
ABC: + strash 
ABC: + &get -n 
ABC: + &dch -f 
ABC: + &nf 
ABC: + &put 
ABC: + write_blif <abc-temp-dir>/output.blif 

6.22.49.2. Re-integrating ABC results.
ABC RESULTS:               AND cells:       10
ABC RESULTS:            ANDNOT cells:        8
ABC RESULTS:        internal signals:        2
ABC RESULTS:           input signals:       13
ABC RESULTS:          output signals:       17
Removing temp directory.

6.22.50. Extracting gate netlist of module `\wire_mold_header_seq' to `<abc-temp-dir>/input.blif'..
Found matching posedge clock domain: \clk, enabled by $auto$simple.cc:210:make_patterns_logic$4685, synchronously reset by $auto$fsm_map.cc:74:implement_pattern_cache$4217

6.22.50.1. Executed ABC.
Extracted 18 gates and 32 wires to a netlist network with 13 inputs and 17 outputs.
Running ABC script: <abc-temp-dir>/abc.script
ABC: ======== ABC command line "source <abc-temp-dir>/abc.script"
ABC: + read_blif <abc-temp-dir>/input.blif 
ABC: + read_library <abc-temp-dir>/stdcells.genlib 
ABC: + strash 
ABC: + &get -n 
ABC: + &fraig -x 
ABC: + &put 
ABC: + scorr 
ABC: Warning: The network is combinational (run "fraig" or "fraig_sweep").
ABC: + dc2 
ABC: + dretime 
ABC: + strash 
ABC: + &get -n 
ABC: + &dch -f 
ABC: + &nf 
ABC: + &put 
ABC: + write_blif <abc-temp-dir>/output.blif 

6.22.50.2. Re-integrating ABC results.
ABC RESULTS:               AND cells:       10
ABC RESULTS:            ANDNOT cells:        8
ABC RESULTS:        internal signals:        2
ABC RESULTS:           input signals:       13
ABC RESULTS:          output signals:       17
Removing temp directory.

6.22.51. Extracting gate netlist of module `\wire_mold_header_seq' to `<abc-temp-dir>/input.blif'..
Found matching posedge clock domain: \clk, enabled by $auto$fsm_map.cc:74:implement_pattern_cache$4217

6.22.52. Extracting gate netlist of module `\wire_mold_header_seq' to `<abc-temp-dir>/input.blif'..
Found matching posedge clock domain: \clk, enabled by $auto$simple.cc:210:make_patterns_logic$4678

6.22.53. Extracting gate netlist of module `\wire_mold_header_seq' to `<abc-temp-dir>/input.blif'..
Found matching posedge clock domain: \clk, enabled by $auto$simple.cc:210:make_patterns_logic$4643, synchronously reset by $auto$fsm_map.cc:74:implement_pattern_cache$4217

6.22.54. Extracting gate netlist of module `\wire_mold_header_seq' to `<abc-temp-dir>/input.blif'..
Found matching posedge clock domain: \clk, enabled by $auto$simple.cc:210:make_patterns_logic$4628, synchronously reset by $auto$fsm_map.cc:74:implement_pattern_cache$4217

6.22.55. Extracting gate netlist of module `\wire_mold_header_seq' to `<abc-temp-dir>/input.blif'..
Found matching posedge clock domain: \clk, enabled by $auto$simple.cc:210:make_patterns_logic$4622, synchronously reset by $auto$fsm_map.cc:74:implement_pattern_cache$4217

6.22.56. Extracting gate netlist of module `\wire_mold_header_seq' to `<abc-temp-dir>/input.blif'..
Found matching posedge clock domain: \clk

6.22.57. Summary of detected clock domains:
  113 cells in clk=\clk, en=$auto$simple.cc:210:make_patterns_logic$4564, arst={ }, srst=$auto$fsm_map.cc:74:implement_pattern_cache$3810
  82 cells in clk=\clk, en=$auto$simple.cc:210:make_patterns_logic$4556, arst={ }, srst=$auto$fsm_map.cc:74:implement_pattern_cache$3810
  15 cells in clk=\clk, en=$auto$simple.cc:210:make_patterns_logic$4552, arst={ }, srst=$auto$fsm_map.cc:74:implement_pattern_cache$3810
  178 cells in clk=\clk, en={ }, arst={ }, srst=$auto$fsm_map.cc:74:implement_pattern_cache$3810
  311 cells in clk=\clk, en=\packet_fire, arst={ }, srst=$auto$fsm_map.cc:74:implement_pattern_cache$3810
  9 cells in clk=\clk, en=$auto$simple.cc:210:make_patterns_logic$4539, arst={ }, srst=$auto$fsm_map.cc:74:implement_pattern_cache$3810
  487 cells in clk=\clk, en={ }, arst={ }, srst={ }

6.22.57.1. Executed ABC.
Extracted 18 gates and 32 wires to a netlist network with 13 inputs and 17 outputs.
Running ABC script: <abc-temp-dir>/abc.script
ABC: ======== ABC command line "source <abc-temp-dir>/abc.script"
ABC: + read_blif <abc-temp-dir>/input.blif 
ABC: + read_library <abc-temp-dir>/stdcells.genlib 
ABC: + strash 
ABC: + &get -n 
ABC: + &fraig -x 
ABC: + &put 
ABC: + scorr 
ABC: Warning: The network is combinational (run "fraig" or "fraig_sweep").
ABC: + dc2 
ABC: + dretime 
ABC: + strash 
ABC: + &get -n 
ABC: + &dch -f 
ABC: + &nf 
ABC: + &put 
ABC: + write_blif <abc-temp-dir>/output.blif 

6.22.57.2. Re-integrating ABC results.
ABC RESULTS:               AND cells:       10
ABC RESULTS:            ANDNOT cells:        8
ABC RESULTS:        internal signals:        2
ABC RESULTS:           input signals:       13
ABC RESULTS:          output signals:       17
Removing temp directory.

6.22.57.1. Executed ABC.
Extracted 19 gates and 34 wires to a netlist network with 14 inputs and 18 outputs.
Running ABC script: <abc-temp-dir>/abc.script
ABC: ======== ABC command line "source <abc-temp-dir>/abc.script"
ABC: + read_blif <abc-temp-dir>/input.blif 
ABC: + read_library <abc-temp-dir>/stdcells.genlib 
ABC: + strash 
ABC: + &get -n 
ABC: + &fraig -x 
ABC: + &put 
ABC: + scorr 
ABC: Warning: The network is combinational (run "fraig" or "fraig_sweep").
ABC: + dc2 
ABC: + dretime 
ABC: + strash 
ABC: + &get -n 
ABC: + &dch -f 
ABC: + &nf 
ABC: + &put 
ABC: + write_blif <abc-temp-dir>/output.blif 

6.22.57.2. Re-integrating ABC results.
ABC RESULTS:               AND cells:       11
ABC RESULTS:            ANDNOT cells:        8
ABC RESULTS:        internal signals:        2
ABC RESULTS:           input signals:       14
ABC RESULTS:          output signals:       18
Removing temp directory.

6.22.57.1. Executed ABC.
Extracted 32 gates and 57 wires to a netlist network with 24 inputs and 22 outputs.
Running ABC script: <abc-temp-dir>/abc.script
ABC: ======== ABC command line "source <abc-temp-dir>/abc.script"
ABC: + read_blif <abc-temp-dir>/input.blif 
ABC: + read_library <abc-temp-dir>/stdcells.genlib 
ABC: + strash 
ABC: + &get -n 
ABC: + &fraig -x 
ABC: + &put 
ABC: + scorr 
ABC: Warning: The network is combinational (run "fraig" or "fraig_sweep").
ABC: + dc2 
ABC: + dretime 
ABC: + strash 
ABC: + &get -n 
ABC: + &dch -f 
ABC: + &nf 
ABC: + &put 
ABC: + write_blif <abc-temp-dir>/output.blif 

6.22.57.2. Re-integrating ABC results.
ABC RESULTS:               AND cells:       18
ABC RESULTS:            ANDNOT cells:        2
ABC RESULTS:              NAND cells:        3
ABC RESULTS:               NOR cells:        4
ABC RESULTS:               NOT cells:        1
ABC RESULTS:                OR cells:        3
ABC RESULTS:        internal signals:       11
ABC RESULTS:           input signals:       24
ABC RESULTS:          output signals:       22
Removing temp directory.

6.22.57.1. Executed ABC.
Extracted 2 gates and 5 wires to a netlist network with 3 inputs and 1 outputs.
Running ABC script: <abc-temp-dir>/abc.script
ABC: ======== ABC command line "source <abc-temp-dir>/abc.script"
ABC: + read_blif <abc-temp-dir>/input.blif 
ABC: + read_library <abc-temp-dir>/stdcells.genlib 
ABC: + strash 
ABC: + &get -n 
ABC: + &fraig -x 
ABC: + &put 
ABC: + scorr 
ABC: Warning: The network is combinational (run "fraig" or "fraig_sweep").
ABC: + dc2 
ABC: + dretime 
ABC: + strash 
ABC: + &get -n 
ABC: + &dch -f 
ABC: + &nf 
ABC: + &put 
ABC: + write_blif <abc-temp-dir>/output.blif 

6.22.57.2. Re-integrating ABC results.
ABC RESULTS:               AND cells:        2
ABC RESULTS:        internal signals:        1
ABC RESULTS:           input signals:        3
ABC RESULTS:          output signals:        1
Removing temp directory.

6.22.57.1. Executed ABC.
Extracted 2 gates and 5 wires to a netlist network with 3 inputs and 1 outputs.
Running ABC script: <abc-temp-dir>/abc.script
ABC: ======== ABC command line "source <abc-temp-dir>/abc.script"
ABC: + read_blif <abc-temp-dir>/input.blif 
ABC: + read_library <abc-temp-dir>/stdcells.genlib 
ABC: + strash 
ABC: + &get -n 
ABC: + &fraig -x 
ABC: + &put 
ABC: + scorr 
ABC: Warning: The network is combinational (run "fraig" or "fraig_sweep").
ABC: + dc2 
ABC: + dretime 
ABC: + strash 
ABC: + &get -n 
ABC: + &dch -f 
ABC: + &nf 
ABC: + &put 
ABC: + write_blif <abc-temp-dir>/output.blif 

6.22.57.2. Re-integrating ABC results.
ABC RESULTS:               AND cells:        2
ABC RESULTS:        internal signals:        1
ABC RESULTS:           input signals:        3
ABC RESULTS:          output signals:        1
Removing temp directory.

6.22.57.1. Executed ABC.
Extracted 2 gates and 5 wires to a netlist network with 3 inputs and 1 outputs.
Running ABC script: <abc-temp-dir>/abc.script
ABC: ======== ABC command line "source <abc-temp-dir>/abc.script"
ABC: + read_blif <abc-temp-dir>/input.blif 
ABC: + read_library <abc-temp-dir>/stdcells.genlib 
ABC: + strash 
ABC: + &get -n 
ABC: + &fraig -x 
ABC: + &put 
ABC: + scorr 
ABC: Warning: The network is combinational (run "fraig" or "fraig_sweep").
ABC: + dc2 
ABC: + dretime 
ABC: + strash 
ABC: + &get -n 
ABC: + &dch -f 
ABC: + &nf 
ABC: + &put 
ABC: + write_blif <abc-temp-dir>/output.blif 

6.22.57.2. Re-integrating ABC results.
ABC RESULTS:               AND cells:        2
ABC RESULTS:        internal signals:        1
ABC RESULTS:           input signals:        3
ABC RESULTS:          output signals:        1
Removing temp directory.

6.22.57.1. Executed ABC.
Extracted 2 gates and 5 wires to a netlist network with 3 inputs and 1 outputs.
Running ABC script: <abc-temp-dir>/abc.script
ABC: ======== ABC command line "source <abc-temp-dir>/abc.script"
ABC: + read_blif <abc-temp-dir>/input.blif 
ABC: + read_library <abc-temp-dir>/stdcells.genlib 
ABC: + strash 
ABC: + &get -n 
ABC: + &fraig -x 
ABC: + &put 
ABC: + scorr 
ABC: Warning: The network is combinational (run "fraig" or "fraig_sweep").
ABC: + dc2 
ABC: + dretime 
ABC: + strash 
ABC: + &get -n 
ABC: + &dch -f 
ABC: + &nf 
ABC: + &put 
ABC: + write_blif <abc-temp-dir>/output.blif 

6.22.57.2. Re-integrating ABC results.
ABC RESULTS:               AND cells:        2
ABC RESULTS:        internal signals:        1
ABC RESULTS:           input signals:        3
ABC RESULTS:          output signals:        1
Removing temp directory.

6.22.57.1. Executed ABC.
Extracted 3 gates and 7 wires to a netlist network with 4 inputs and 2 outputs.
Running ABC script: <abc-temp-dir>/abc.script
ABC: ======== ABC command line "source <abc-temp-dir>/abc.script"
ABC: + read_blif <abc-temp-dir>/input.blif 
ABC: + read_library <abc-temp-dir>/stdcells.genlib 
ABC: + strash 
ABC: + &get -n 
ABC: + &fraig -x 
ABC: + &put 
ABC: + scorr 
ABC: Warning: The network is combinational (run "fraig" or "fraig_sweep").
ABC: + dc2 
ABC: + dretime 
ABC: + strash 
ABC: + &get -n 
ABC: + &dch -f 
ABC: + &nf 
ABC: + &put 
ABC: + write_blif <abc-temp-dir>/output.blif 

6.22.57.2. Re-integrating ABC results.
ABC RESULTS:               AND cells:        3
ABC RESULTS:        internal signals:        1
ABC RESULTS:           input signals:        4
ABC RESULTS:          output signals:        2
Removing temp directory.

6.22.57.1. Executed ABC.
Extracted 2 gates and 5 wires to a netlist network with 3 inputs and 1 outputs.
Running ABC script: <abc-temp-dir>/abc.script
ABC: ======== ABC command line "source <abc-temp-dir>/abc.script"
ABC: + read_blif <abc-temp-dir>/input.blif 
ABC: + read_library <abc-temp-dir>/stdcells.genlib 
ABC: + strash 
ABC: + &get -n 
ABC: + &fraig -x 
ABC: + &put 
ABC: + scorr 
ABC: Warning: The network is combinational (run "fraig" or "fraig_sweep").
ABC: + dc2 
ABC: + dretime 
ABC: + strash 
ABC: + &get -n 
ABC: + &dch -f 
ABC: + &nf 
ABC: + &put 
ABC: + write_blif <abc-temp-dir>/output.blif 

6.22.57.2. Re-integrating ABC results.
ABC RESULTS:               AND cells:        2
ABC RESULTS:        internal signals:        1
ABC RESULTS:           input signals:        3
ABC RESULTS:          output signals:        1
Removing temp directory.

6.22.58. Extracting gate netlist of module `\wire_mold_message_framer' to `<abc-temp-dir>/input.blif'..
Found matching posedge clock domain: \clk, enabled by $auto$simple.cc:210:make_patterns_logic$4564, synchronously reset by $auto$fsm_map.cc:74:implement_pattern_cache$3810

6.22.59. Extracting gate netlist of module `\wire_mold_message_framer' to `<abc-temp-dir>/input.blif'..
Found matching posedge clock domain: \clk, enabled by $auto$simple.cc:210:make_patterns_logic$4556, synchronously reset by $auto$fsm_map.cc:74:implement_pattern_cache$3810

6.22.59.1. Executed ABC.
Extracted 11 gates and 31 wires to a netlist network with 20 inputs and 10 outputs.
Running ABC script: <abc-temp-dir>/abc.script
ABC: ======== ABC command line "source <abc-temp-dir>/abc.script"
ABC: + read_blif <abc-temp-dir>/input.blif 
ABC: + read_library <abc-temp-dir>/stdcells.genlib 
ABC: + strash 
ABC: + &get -n 
ABC: + &fraig -x 
ABC: + &put 
ABC: + scorr 
ABC: Warning: The network is combinational (run "fraig" or "fraig_sweep").
ABC: + dc2 
ABC: + dretime 
ABC: + strash 
ABC: + &get -n 
ABC: + &dch -f 
ABC: + &nf 
ABC: + &put 
ABC: + write_blif <abc-temp-dir>/output.blif 

6.22.59.2. Re-integrating ABC results.
ABC RESULTS:               AND cells:        3
ABC RESULTS:               XOR cells:        8
ABC RESULTS:        internal signals:        1
ABC RESULTS:           input signals:       20
ABC RESULTS:          output signals:       10
Removing temp directory.

6.22.60. Extracting gate netlist of module `\wire_mold_message_framer' to `<abc-temp-dir>/input.blif'..
Found matching posedge clock domain: \clk, enabled by $auto$simple.cc:210:make_patterns_logic$4552, synchronously reset by $auto$fsm_map.cc:74:implement_pattern_cache$3810

6.22.60.1. Executed ABC.
Extracted 9 gates and 26 wires to a netlist network with 17 inputs and 8 outputs.
Running ABC script: <abc-temp-dir>/abc.script
ABC: ======== ABC command line "source <abc-temp-dir>/abc.script"
ABC: + read_blif <abc-temp-dir>/input.blif 
ABC: + read_library <abc-temp-dir>/stdcells.genlib 
ABC: + strash 
ABC: + &get -n 
ABC: + &fraig -x 
ABC: + &put 
ABC: + scorr 
ABC: Warning: The network is combinational (run "fraig" or "fraig_sweep").
ABC: + dc2 
ABC: + dretime 
ABC: + strash 
ABC: + &get -n 
ABC: + &dch -f 
ABC: + &nf 
ABC: + &put 
ABC: + write_blif <abc-temp-dir>/output.blif 

6.22.60.2. Re-integrating ABC results.
ABC RESULTS:               AND cells:        2
ABC RESULTS:               XOR cells:        7
ABC RESULTS:        internal signals:        1
ABC RESULTS:           input signals:       17
ABC RESULTS:          output signals:        8
Removing temp directory.

6.22.61. Extracting gate netlist of module `\wire_mold_message_framer' to `<abc-temp-dir>/input.blif'..
Found matching posedge clock domain: \clk, synchronously reset by $auto$fsm_map.cc:74:implement_pattern_cache$3810

6.22.61.1. Executed ABC.
Extracted 19 gates and 32 wires to a netlist network with 13 inputs and 14 outputs.
Running ABC script: <abc-temp-dir>/abc.script
ABC: ======== ABC command line "source <abc-temp-dir>/abc.script"
ABC: + read_blif <abc-temp-dir>/input.blif 
ABC: + read_library <abc-temp-dir>/stdcells.genlib 
ABC: + strash 
ABC: + &get -n 
ABC: + &fraig -x 
ABC: + &put 
ABC: + scorr 
ABC: Warning: The network is combinational (run "fraig" or "fraig_sweep").
ABC: + dc2 
ABC: + dretime 
ABC: + strash 
ABC: + &get -n 
ABC: + &dch -f 
ABC: + &nf 
ABC: + &put 
ABC: + write_blif <abc-temp-dir>/output.blif 

6.22.61.2. Re-integrating ABC results.
ABC RESULTS:               AND cells:        4
ABC RESULTS:               NOT cells:        2
ABC RESULTS:                OR cells:        3
ABC RESULTS:             ORNOT cells:        6
ABC RESULTS:        internal signals:        5
ABC RESULTS:           input signals:       13
ABC RESULTS:          output signals:       14
Removing temp directory.

6.22.62. Extracting gate netlist of module `\wire_mold_message_framer' to `<abc-temp-dir>/input.blif'..
Found matching posedge clock domain: \clk, enabled by \packet_fire, synchronously reset by $auto$fsm_map.cc:74:implement_pattern_cache$3810

6.22.63. Extracting gate netlist of module `\wire_mold_message_framer' to `<abc-temp-dir>/input.blif'..
Found matching posedge clock domain: \clk, enabled by $auto$simple.cc:210:make_patterns_logic$4539, synchronously reset by $auto$fsm_map.cc:74:implement_pattern_cache$3810

6.22.64. Extracting gate netlist of module `\wire_mold_message_framer' to `<abc-temp-dir>/input.blif'..
Found matching posedge clock domain: \clk

6.22.65. Summary of detected clock domains:
  4 cells in clk={ }, en={ }, arst={ }, srst={ }

6.22.66. Extracting gate netlist of module `\wire_mold_itch_top' to `<abc-temp-dir>/input.blif'..
No matching clock domain found. Not extracting any FF cells.

6.22.66.1. Executed ABC.
Extracted 145 gates and 211 wires to a netlist network with 65 inputs and 27 outputs.
Running ABC script: <abc-temp-dir>/abc.script
ABC: ======== ABC command line "source <abc-temp-dir>/abc.script"
ABC: + read_blif <abc-temp-dir>/input.blif 
ABC: + read_library <abc-temp-dir>/stdcells.genlib 
ABC: + strash 
ABC: + &get -n 
ABC: + &fraig -x 
ABC: + &put 
ABC: + scorr 
ABC: Warning: The network is combinational (run "fraig" or "fraig_sweep").
ABC: + dc2 
ABC: + dretime 
ABC: + strash 
ABC: + &get -n 
ABC: + &dch -f 
ABC: + &nf 
ABC: + &put 
ABC: + write_blif <abc-temp-dir>/output.blif 

6.22.66.2. Re-integrating ABC results.
ABC RESULTS:               AND cells:       37
ABC RESULTS:            ANDNOT cells:       11
ABC RESULTS:              NAND cells:       41
ABC RESULTS:               NOR cells:       12
ABC RESULTS:               NOT cells:        7
ABC RESULTS:                OR cells:       26
ABC RESULTS:             ORNOT cells:       11
ABC RESULTS:        internal signals:      119
ABC RESULTS:           input signals:       65
ABC RESULTS:          output signals:       27
Removing temp directory.

6.22.66.1. Executed ABC.
Extracted 46 gates and 60 wires to a netlist network with 13 inputs and 37 outputs.
Running ABC script: <abc-temp-dir>/abc.script
ABC: ======== ABC command line "source <abc-temp-dir>/abc.script"
ABC: + read_blif <abc-temp-dir>/input.blif 
ABC: + read_library <abc-temp-dir>/stdcells.genlib 
ABC: + strash 
ABC: + &get -n 
ABC: + &fraig -x 
ABC: + &put 
ABC: + scorr 
ABC: Warning: The network is combinational (run "fraig" or "fraig_sweep").
ABC: + dc2 
ABC: + dretime 
ABC: + strash 
ABC: + &get -n 
ABC: + &dch -f 
ABC: + &nf 
ABC: + &put 
ABC: + write_blif <abc-temp-dir>/output.blif 

6.22.66.2. Re-integrating ABC results.
ABC RESULTS:               AND cells:       18
ABC RESULTS:            ANDNOT cells:        7
ABC RESULTS:              NAND cells:        4
ABC RESULTS:               NOR cells:        3
ABC RESULTS:               NOT cells:        4
ABC RESULTS:                OR cells:        4
ABC RESULTS:             ORNOT cells:        1
ABC RESULTS:               XOR cells:        3
ABC RESULTS:        internal signals:       10
ABC RESULTS:           input signals:       13
ABC RESULTS:          output signals:       37
Removing temp directory.

6.22.66.1. Executed ABC.
Extracted 63 gates and 101 wires to a netlist network with 37 inputs and 44 outputs.
Running ABC script: <abc-temp-dir>/abc.script
ABC: ======== ABC command line "source <abc-temp-dir>/abc.script"
ABC: + read_blif <abc-temp-dir>/input.blif 
ABC: + read_library <abc-temp-dir>/stdcells.genlib 
ABC: + strash 
ABC: + &get -n 
ABC: + &fraig -x 
ABC: + &put 
ABC: + scorr 
ABC: Warning: The network is combinational (run "fraig" or "fraig_sweep").
ABC: + dc2 
ABC: + dretime 
ABC: + strash 
ABC: + &get -n 
ABC: + &dch -f 
ABC: + &nf 
ABC: + &put 
ABC: + write_blif <abc-temp-dir>/output.blif 

6.22.66.2. Re-integrating ABC results.
ABC RESULTS:               AND cells:        4
ABC RESULTS:            ANDNOT cells:        2
ABC RESULTS:              NAND cells:        6
ABC RESULTS:               NOR cells:        2
ABC RESULTS:               NOT cells:       11
ABC RESULTS:                OR cells:       11
ABC RESULTS:             ORNOT cells:        6
ABC RESULTS:              XNOR cells:        5
ABC RESULTS:               XOR cells:        7
ABC RESULTS:        internal signals:       20
ABC RESULTS:           input signals:       37
ABC RESULTS:          output signals:       44
Removing temp directory.

6.22.66.1. Executed ABC.
Extracted 66 gates and 134 wires to a netlist network with 68 inputs and 2 outputs.
Running ABC script: <abc-temp-dir>/abc.script
ABC: ======== ABC command line "source <abc-temp-dir>/abc.script"
ABC: + read_blif <abc-temp-dir>/input.blif 
ABC: + read_library <abc-temp-dir>/stdcells.genlib 
ABC: + strash 
ABC: + &get -n 
ABC: + &fraig -x 
ABC: + &put 
ABC: + scorr 
ABC: Warning: The network is combinational (run "fraig" or "fraig_sweep").
ABC: + dc2 
ABC: + dretime 
ABC: + strash 
ABC: + &get -n 
ABC: + &dch -f 
ABC: + &nf 
ABC: + &put 
ABC: + write_blif <abc-temp-dir>/output.blif 

6.22.66.2. Re-integrating ABC results.
ABC RESULTS:               AND cells:       31
ABC RESULTS:            ANDNOT cells:        1
ABC RESULTS:              NAND cells:        1
ABC RESULTS:               NOR cells:       31
ABC RESULTS:              XNOR cells:        1
ABC RESULTS:               XOR cells:        1
ABC RESULTS:        internal signals:       64
ABC RESULTS:           input signals:       68
ABC RESULTS:          output signals:        2
Removing temp directory.

6.22.66.1. Executed ABC.
Extracted 26 gates and 44 wires to a netlist network with 16 inputs and 8 outputs.
Running ABC script: <abc-temp-dir>/abc.script
ABC: ======== ABC command line "source <abc-temp-dir>/abc.script"
ABC: + read_blif <abc-temp-dir>/input.blif 
ABC: + read_library <abc-temp-dir>/stdcells.genlib 
ABC: + strash 
ABC: + &get -n 
ABC: + &fraig -x 
ABC: + &put 
ABC: + scorr 
ABC: Warning: The network is combinational (run "fraig" or "fraig_sweep").
ABC: + dc2 
ABC: + dretime 
ABC: + strash 
ABC: + &get -n 
ABC: + &dch -f 
ABC: + &nf 
ABC: + &put 
ABC: + write_blif <abc-temp-dir>/output.blif 

6.22.66.2. Re-integrating ABC results.
ABC RESULTS:               AND cells:        8
ABC RESULTS:            ANDNOT cells:        1
ABC RESULTS:               NOR cells:        2
ABC RESULTS:               NOT cells:        1
ABC RESULTS:                OR cells:        7
ABC RESULTS:        internal signals:       20
ABC RESULTS:           input signals:       16
ABC RESULTS:          output signals:        8
Removing temp directory.

6.22.66.1. Executed ABC.
Extracted 332 gates and 432 wires to a netlist network with 100 inputs and 39 outputs.
Running ABC script: <abc-temp-dir>/abc.script
ABC: ======== ABC command line "source <abc-temp-dir>/abc.script"
ABC: + read_blif <abc-temp-dir>/input.blif 
ABC: + read_library <abc-temp-dir>/stdcells.genlib 
ABC: + strash 
ABC: + &get -n 
ABC: + &fraig -x 
ABC: + &put 
ABC: + scorr 
ABC: Warning: The network is combinational (run "fraig" or "fraig_sweep").
ABC: + dc2 
ABC: + dretime 
ABC: + strash 
ABC: + &get -n 
ABC: + &dch -f 
ABC: + &nf 
ABC: + &put 
ABC: + write_blif <abc-temp-dir>/output.blif 

6.22.66.2. Re-integrating ABC results.
ABC RESULTS:               AND cells:       56
ABC RESULTS:            ANDNOT cells:       22
ABC RESULTS:               MUX cells:        3
ABC RESULTS:              NAND cells:       34
ABC RESULTS:               NOR cells:       30
ABC RESULTS:               NOT cells:       10
ABC RESULTS:                OR cells:       29
ABC RESULTS:             ORNOT cells:       11
ABC RESULTS:        internal signals:      293
ABC RESULTS:           input signals:      100
ABC RESULTS:          output signals:       39
Removing temp directory.

6.22.66.1. Executed ABC.
Extracted 807 gates and 1189 wires to a netlist network with 381 inputs and 201 outputs.
Running ABC script: <abc-temp-dir>/abc.script
ABC: ======== ABC command line "source <abc-temp-dir>/abc.script"
ABC: + read_blif <abc-temp-dir>/input.blif 
ABC: + read_library <abc-temp-dir>/stdcells.genlib 
ABC: + strash 
ABC: + &get -n 
ABC: + &fraig -x 
ABC: + &put 
ABC: + scorr 
ABC: Warning: The network is combinational (run "fraig" or "fraig_sweep").
ABC: + dc2 
ABC: + dretime 
ABC: + strash 
ABC: + &get -n 
ABC: + &dch -f 
ABC: + &nf 
ABC: + &put 
ABC: + write_blif <abc-temp-dir>/output.blif 

6.22.66.2. Re-integrating ABC results.
ABC RESULTS:               AND cells:      201
ABC RESULTS:            ANDNOT cells:       69
ABC RESULTS:              NAND cells:      292
ABC RESULTS:               NOR cells:       10
ABC RESULTS:               NOT cells:        1
ABC RESULTS:                OR cells:       35
ABC RESULTS:             ORNOT cells:       98
ABC RESULTS:        internal signals:      607
ABC RESULTS:           input signals:      381
ABC RESULTS:          output signals:      201
Removing temp directory.

6.22.66.1. Executed ABC.
Extracted 69 gates and 142 wires to a netlist network with 72 inputs and 4 outputs.
Running ABC script: <abc-temp-dir>/abc.script
ABC: ======== ABC command line "source <abc-temp-dir>/abc.script"
ABC: + read_blif <abc-temp-dir>/input.blif 
ABC: + read_library <abc-temp-dir>/stdcells.genlib 
ABC: + strash 
ABC: + &get -n 
ABC: + &fraig -x 
ABC: + &put 
ABC: + scorr 
ABC: Warning: The network is combinational (run "fraig" or "fraig_sweep").
ABC: + dc2 
ABC: + dretime 
ABC: + strash 
ABC: + &get -n 
ABC: + &dch -f 
ABC: + &nf 
ABC: + &put 
ABC: + write_blif <abc-temp-dir>/output.blif 

6.22.66.2. Re-integrating ABC results.
ABC RESULTS:               AND cells:       32
ABC RESULTS:               MUX cells:        1
ABC RESULTS:              NAND cells:        2
ABC RESULTS:               NOR cells:       33
ABC RESULTS:                OR cells:        1
ABC RESULTS:        internal signals:       66
ABC RESULTS:           input signals:       72
ABC RESULTS:          output signals:        4
Removing temp directory.

6.22.66.1. Executed ABC.
Extracted 10 gates and 20 wires to a netlist network with 10 inputs and 3 outputs.
Running ABC script: <abc-temp-dir>/abc.script
ABC: ======== ABC command line "source <abc-temp-dir>/abc.script"
ABC: + read_blif <abc-temp-dir>/input.blif 
ABC: + read_library <abc-temp-dir>/stdcells.genlib 
ABC: + strash 
ABC: + &get -n 
ABC: + &fraig -x 
ABC: + &put 
ABC: + scorr 
ABC: Warning: The network is combinational (run "fraig" or "fraig_sweep").
ABC: + dc2 
ABC: + dretime 
ABC: + strash 
ABC: + &get -n 
ABC: + &dch -f 
ABC: + &nf 
ABC: + &put 
ABC: + write_blif <abc-temp-dir>/output.blif 

6.22.66.2. Re-integrating ABC results.
ABC RESULTS:               AND cells:        3
ABC RESULTS:            ANDNOT cells:        1
ABC RESULTS:              NAND cells:        2
ABC RESULTS:               NOR cells:        1
ABC RESULTS:                OR cells:        2
ABC RESULTS:        internal signals:        7
ABC RESULTS:           input signals:       10
ABC RESULTS:          output signals:        3
Removing temp directory.

6.22.66.1. Executed ABC.
Extracted 92 gates and 182 wires to a netlist network with 88 inputs and 7 outputs.
Running ABC script: <abc-temp-dir>/abc.script
ABC: ======== ABC command line "source <abc-temp-dir>/abc.script"
ABC: + read_blif <abc-temp-dir>/input.blif 
ABC: + read_library <abc-temp-dir>/stdcells.genlib 
ABC: + strash 
ABC: + &get -n 
ABC: + &fraig -x 
ABC: + &put 
ABC: + scorr 
ABC: Warning: The network is combinational (run "fraig" or "fraig_sweep").
ABC: + dc2 
ABC: + dretime 
ABC: + strash 
ABC: + &get -n 
ABC: + &dch -f 
ABC: + &nf 
ABC: + &put 
ABC: + write_blif <abc-temp-dir>/output.blif 

6.22.66.2. Re-integrating ABC results.
ABC RESULTS:               AND cells:       42
ABC RESULTS:            ANDNOT cells:        1
ABC RESULTS:              NAND cells:        6
ABC RESULTS:               NOR cells:       41
ABC RESULTS:               NOT cells:        2
ABC RESULTS:             ORNOT cells:        2
ABC RESULTS:        internal signals:       87
ABC RESULTS:           input signals:       88
ABC RESULTS:          output signals:        7
Removing temp directory.

6.22.66.1. Executed ABC.
Extracted 172 gates and 221 wires to a netlist network with 48 inputs and 76 outputs.
Running ABC script: <abc-temp-dir>/abc.script
ABC: ======== ABC command line "source <abc-temp-dir>/abc.script"
ABC: + read_blif <abc-temp-dir>/input.blif 
ABC: + read_library <abc-temp-dir>/stdcells.genlib 
ABC: + strash 
ABC: + &get -n 
ABC: + &fraig -x 
ABC: + &put 
ABC: + scorr 
ABC: Warning: The network is combinational (run "fraig" or "fraig_sweep").
ABC: + dc2 
ABC: + dretime 
ABC: + strash 
ABC: + &get -n 
ABC: + &dch -f 
ABC: + &nf 
ABC: + &put 
ABC: + write_blif <abc-temp-dir>/output.blif 

6.22.66.2. Re-integrating ABC results.
ABC RESULTS:               AND cells:       43
ABC RESULTS:            ANDNOT cells:        5
ABC RESULTS:               MUX cells:       12
ABC RESULTS:              NAND cells:        3
ABC RESULTS:               NOR cells:        1
ABC RESULTS:               NOT cells:       11
ABC RESULTS:                OR cells:       14
ABC RESULTS:             ORNOT cells:        1
ABC RESULTS:              XNOR cells:        4
ABC RESULTS:        internal signals:       97
ABC RESULTS:           input signals:       48
ABC RESULTS:          output signals:       76
Removing temp directory.

6.22.66.1. Executed ABC.
Extracted 1121 gates and 1453 wires to a netlist network with 331 inputs and 310 outputs.
Running ABC script: <abc-temp-dir>/abc.script
ABC: ======== ABC command line "source <abc-temp-dir>/abc.script"
ABC: + read_blif <abc-temp-dir>/input.blif 
ABC: + read_library <abc-temp-dir>/stdcells.genlib 
ABC: + strash 
ABC: + &get -n 
ABC: + &fraig -x 
ABC: + &put 
ABC: + scorr 
ABC: Warning: The network is combinational (run "fraig" or "fraig_sweep").
ABC: + dc2 
ABC: + dretime 
ABC: + strash 
ABC: + &get -n 
ABC: + &dch -f 
ABC: + &nf 
ABC: + &put 
ABC: + write_blif <abc-temp-dir>/output.blif 

6.22.66.2. Re-integrating ABC results.
ABC RESULTS:               AND cells:       96
ABC RESULTS:            ANDNOT cells:       41
ABC RESULTS:              NAND cells:      464
ABC RESULTS:               NOR cells:        1
ABC RESULTS:               NOT cells:       10
ABC RESULTS:                OR cells:        4
ABC RESULTS:             ORNOT cells:       11
ABC RESULTS:              XNOR cells:        5
ABC RESULTS:               XOR cells:      145
ABC RESULTS:        internal signals:      812
ABC RESULTS:           input signals:      331
ABC RESULTS:          output signals:      310
Removing temp directory.

6.22.66.1. Executed ABC.
Extracted 1 gates and 3 wires to a netlist network with 2 inputs and 1 outputs.
Running ABC script: <abc-temp-dir>/abc.script
ABC: ======== ABC command line "source <abc-temp-dir>/abc.script"
ABC: + read_blif <abc-temp-dir>/input.blif 
ABC: + read_library <abc-temp-dir>/stdcells.genlib 
ABC: + strash 
ABC: + &get -n 
ABC: + &fraig -x 
ABC: + &put 
ABC: + scorr 
ABC: Warning: The network is combinational (run "fraig" or "fraig_sweep").
ABC: + dc2 
ABC: + dretime 
ABC: + strash 
ABC: + &get -n 
ABC: + &dch -f 
ABC: + &nf 
ABC: + &put 
ABC: + write_blif <abc-temp-dir>/output.blif 

6.22.66.2. Re-integrating ABC results.
ABC RESULTS:               XOR cells:        1
ABC RESULTS:        internal signals:        0
ABC RESULTS:           input signals:        2
ABC RESULTS:          output signals:        1
Removing temp directory.

6.22.66.1. Executed ABC.
Extracted 312 gates and 460 wires to a netlist network with 148 inputs and 66 outputs.
Running ABC script: <abc-temp-dir>/abc.script
ABC: ======== ABC command line "source <abc-temp-dir>/abc.script"
ABC: + read_blif <abc-temp-dir>/input.blif 
ABC: + read_library <abc-temp-dir>/stdcells.genlib 
ABC: + strash 
ABC: + &get -n 
ABC: + &fraig -x 
ABC: + &put 
ABC: + scorr 
ABC: Warning: The network is combinational (run "fraig" or "fraig_sweep").
ABC: + dc2 
ABC: + dretime 
ABC: + strash 
ABC: + &get -n 
ABC: + &dch -f 
ABC: + &nf 
ABC: + &put 
ABC: + write_blif <abc-temp-dir>/output.blif 

6.22.66.2. Re-integrating ABC results.
ABC RESULTS:               AND cells:       52
ABC RESULTS:               MUX cells:       64
ABC RESULTS:              NAND cells:       43
ABC RESULTS:                OR cells:        5
ABC RESULTS:              XNOR cells:        4
ABC RESULTS:               XOR cells:       72
ABC RESULTS:        internal signals:      246
ABC RESULTS:           input signals:      148
ABC RESULTS:          output signals:       66
Removing temp directory.

6.22.66.1. Executed ABC.
Extracted 46 gates and 75 wires to a netlist network with 29 inputs and 10 outputs.
Running ABC script: <abc-temp-dir>/abc.script
ABC: ======== ABC command line "source <abc-temp-dir>/abc.script"
ABC: + read_blif <abc-temp-dir>/input.blif 
ABC: + read_library <abc-temp-dir>/stdcells.genlib 
ABC: + strash 
ABC: + &get -n 
ABC: + &fraig -x 
ABC: + &put 
ABC: + scorr 
ABC: Warning: The network is combinational (run "fraig" or "fraig_sweep").
ABC: + dc2 
ABC: + dretime 
ABC: + strash 
ABC: + &get -n 
ABC: + &dch -f 
ABC: + &nf 
ABC: + &put 
ABC: + write_blif <abc-temp-dir>/output.blif 

6.22.66.2. Re-integrating ABC results.
ABC RESULTS:               AND cells:       20
ABC RESULTS:              NAND cells:        2
ABC RESULTS:               NOR cells:       10
ABC RESULTS:               NOT cells:        2
ABC RESULTS:                OR cells:        2
ABC RESULTS:             ORNOT cells:        1
ABC RESULTS:               XOR cells:        1
ABC RESULTS:        internal signals:       36
ABC RESULTS:           input signals:       29
ABC RESULTS:          output signals:       10
Removing temp directory.

6.22.66.1. Executed ABC.
Extracted 1 gates and 3 wires to a netlist network with 2 inputs and 1 outputs.
Running ABC script: <abc-temp-dir>/abc.script
ABC: ======== ABC command line "source <abc-temp-dir>/abc.script"
ABC: + read_blif <abc-temp-dir>/input.blif 
ABC: + read_library <abc-temp-dir>/stdcells.genlib 
ABC: + strash 
ABC: + &get -n 
ABC: + &fraig -x 
ABC: + &put 
ABC: + scorr 
ABC: Warning: The network is combinational (run "fraig" or "fraig_sweep").
ABC: + dc2 
ABC: + dretime 
ABC: + strash 
ABC: + &get -n 
ABC: + &dch -f 
ABC: + &nf 
ABC: + &put 
ABC: + write_blif <abc-temp-dir>/output.blif 

6.22.66.2. Re-integrating ABC results.
ABC RESULTS:               AND cells:        1
ABC RESULTS:        internal signals:        0
ABC RESULTS:           input signals:        2
ABC RESULTS:          output signals:        1
Removing temp directory.

6.22.66.1. Executed ABC.
Extracted 13 gates and 24 wires to a netlist network with 10 inputs and 2 outputs.
Running ABC script: <abc-temp-dir>/abc.script
ABC: ======== ABC command line "source <abc-temp-dir>/abc.script"
ABC: + read_blif <abc-temp-dir>/input.blif 
ABC: + read_library <abc-temp-dir>/stdcells.genlib 
ABC: + strash 
ABC: + &get -n 
ABC: + &fraig -x 
ABC: + &put 
ABC: + scorr 
ABC: Warning: The network is combinational (run "fraig" or "fraig_sweep").
ABC: + dc2 
ABC: + dretime 
ABC: + strash 
ABC: + &get -n 
ABC: + &dch -f 
ABC: + &nf 
ABC: + &put 
ABC: + write_blif <abc-temp-dir>/output.blif 

6.22.66.2. Re-integrating ABC results.
ABC RESULTS:               AND cells:        5
ABC RESULTS:              NAND cells:        2
ABC RESULTS:               NOR cells:        2
ABC RESULTS:        internal signals:       12
ABC RESULTS:           input signals:       10
ABC RESULTS:          output signals:        2
Removing temp directory.

6.22.66.1. Executed ABC.
Extracted 346 gates and 403 wires to a netlist network with 55 inputs and 36 outputs.
Running ABC script: <abc-temp-dir>/abc.script
ABC: ======== ABC command line "source <abc-temp-dir>/abc.script"
ABC: + read_blif <abc-temp-dir>/input.blif 
ABC: + read_library <abc-temp-dir>/stdcells.genlib 
ABC: + strash 
ABC: + &get -n 
ABC: + &fraig -x 
ABC: + &put 
ABC: + scorr 
ABC: Warning: The network is combinational (run "fraig" or "fraig_sweep").
ABC: + dc2 
ABC: + dretime 
ABC: + strash 
ABC: + &get -n 
ABC: + &dch -f 
ABC: + &nf 
ABC: + &put 
ABC: + write_blif <abc-temp-dir>/output.blif 

6.22.66.2. Re-integrating ABC results.
ABC RESULTS:               AND cells:       43
ABC RESULTS:            ANDNOT cells:       19
ABC RESULTS:               MUX cells:        7
ABC RESULTS:              NAND cells:       29
ABC RESULTS:               NOR cells:       12
ABC RESULTS:               NOT cells:        4
ABC RESULTS:                OR cells:       28
ABC RESULTS:             ORNOT cells:        6
ABC RESULTS:        internal signals:      312
ABC RESULTS:           input signals:       55
ABC RESULTS:          output signals:       36
Removing temp directory.

6.22.66.1. Executed ABC.
Extracted 97 gates and 137 wires to a netlist network with 40 inputs and 29 outputs.
Running ABC script: <abc-temp-dir>/abc.script
ABC: ======== ABC command line "source <abc-temp-dir>/abc.script"
ABC: + read_blif <abc-temp-dir>/input.blif 
ABC: + read_library <abc-temp-dir>/stdcells.genlib 
ABC: + strash 
ABC: + &get -n 
ABC: + &fraig -x 
ABC: + &put 
ABC: + scorr 
ABC: Warning: The network is combinational (run "fraig" or "fraig_sweep").
ABC: + dc2 
ABC: + dretime 
ABC: + strash 
ABC: + &get -n 
ABC: + &dch -f 
ABC: + &nf 
ABC: + &put 
ABC: + write_blif <abc-temp-dir>/output.blif 

6.22.66.2. Re-integrating ABC results.
ABC RESULTS:               AND cells:        4
ABC RESULTS:            ANDNOT cells:        3
ABC RESULTS:               MUX cells:       15
ABC RESULTS:              NAND cells:        4
ABC RESULTS:               NOR cells:        6
ABC RESULTS:               NOT cells:        8
ABC RESULTS:                OR cells:        6
ABC RESULTS:             ORNOT cells:        7
ABC RESULTS:              XNOR cells:       14
ABC RESULTS:        internal signals:       68
ABC RESULTS:           input signals:       40
ABC RESULTS:          output signals:       29
Removing temp directory.

6.22.66.1. Executed ABC.
Extracted 64 gates and 134 wires to a netlist network with 68 inputs and 30 outputs.
Running ABC script: <abc-temp-dir>/abc.script
ABC: ======== ABC command line "source <abc-temp-dir>/abc.script"
ABC: + read_blif <abc-temp-dir>/input.blif 
ABC: + read_library <abc-temp-dir>/stdcells.genlib 
ABC: + strash 
ABC: + &get -n 
ABC: + &fraig -x 
ABC: + &put 
ABC: + scorr 
ABC: Warning: The network is combinational (run "fraig" or "fraig_sweep").
ABC: + dc2 
ABC: + dretime 
ABC: + strash 
ABC: + &get -n 
ABC: + &dch -f 
ABC: + &nf 
ABC: + &put 
ABC: + write_blif <abc-temp-dir>/output.blif 

6.22.66.2. Re-integrating ABC results.
ABC RESULTS:               AND cells:       14
ABC RESULTS:               MUX cells:       15
ABC RESULTS:              NAND cells:        4
ABC RESULTS:               NOR cells:       14
ABC RESULTS:               NOT cells:        3
ABC RESULTS:                OR cells:        3
ABC RESULTS:             ORNOT cells:        4
ABC RESULTS:        internal signals:       36
ABC RESULTS:           input signals:       68
ABC RESULTS:          output signals:       30
Removing temp directory.

6.22.66.1. Executed ABC.
Extracted 7 gates and 20 wires to a netlist network with 13 inputs and 6 outputs.
Running ABC script: <abc-temp-dir>/abc.script
ABC: ======== ABC command line "source <abc-temp-dir>/abc.script"
ABC: + read_blif <abc-temp-dir>/input.blif 
ABC: + read_library <abc-temp-dir>/stdcells.genlib 
ABC: + strash 
ABC: + &get -n 
ABC: + &fraig -x 
ABC: + &put 
ABC: + scorr 
ABC: Warning: The network is combinational (run "fraig" or "fraig_sweep").
ABC: + dc2 
ABC: + dretime 
ABC: + strash 
ABC: + &get -n 
ABC: + &dch -f 
ABC: + &nf 
ABC: + &put 
ABC: + write_blif <abc-temp-dir>/output.blif 

6.22.66.2. Re-integrating ABC results.
ABC RESULTS:               AND cells:        1
ABC RESULTS:               MUX cells:        1
ABC RESULTS:                OR cells:        4
ABC RESULTS:               XOR cells:        1
ABC RESULTS:        internal signals:        1
ABC RESULTS:           input signals:       13
ABC RESULTS:          output signals:        6
Removing temp directory.

6.22.66.1. Executed ABC.
Extracted 156 gates and 276 wires to a netlist network with 119 inputs and 110 outputs.
Running ABC script: <abc-temp-dir>/abc.script
ABC: ======== ABC command line "source <abc-temp-dir>/abc.script"
ABC: + read_blif <abc-temp-dir>/input.blif 
ABC: + read_library <abc-temp-dir>/stdcells.genlib 
ABC: + strash 
ABC: + &get -n 
ABC: + &fraig -x 
ABC: + &put 
ABC: + scorr 
ABC: Warning: The network is combinational (run "fraig" or "fraig_sweep").
ABC: + dc2 
ABC: + dretime 
ABC: + strash 
ABC: + &get -n 
ABC: + &dch -f 
ABC: + &nf 
ABC: + &put 
ABC: + write_blif <abc-temp-dir>/output.blif 

6.22.66.2. Re-integrating ABC results.
ABC RESULTS:               AND cells:       44
ABC RESULTS:            ANDNOT cells:        3
ABC RESULTS:               MUX cells:       43
ABC RESULTS:              NAND cells:        5
ABC RESULTS:               NOR cells:        1
ABC RESULTS:               NOT cells:        5
ABC RESULTS:                OR cells:       10
ABC RESULTS:             ORNOT cells:        2
ABC RESULTS:              XNOR cells:        1
ABC RESULTS:               XOR cells:       30
ABC RESULTS:        internal signals:       47
ABC RESULTS:           input signals:      119
ABC RESULTS:          output signals:      110
Removing temp directory.

6.22.66.1. Executed ABC.
Extracted 231 gates and 344 wires to a netlist network with 113 inputs and 80 outputs.
Running ABC script: <abc-temp-dir>/abc.script
ABC: ======== ABC command line "source <abc-temp-dir>/abc.script"
ABC: + read_blif <abc-temp-dir>/input.blif 
ABC: + read_library <abc-temp-dir>/stdcells.genlib 
ABC: + strash 
ABC: + &get -n 
ABC: + &fraig -x 
ABC: + &put 
ABC: + scorr 
ABC: Warning: The network is combinational (run "fraig" or "fraig_sweep").
ABC: + dc2 
ABC: + dretime 
ABC: + strash 
ABC: + &get -n 
ABC: + &dch -f 
ABC: + &nf 
ABC: + &put 
ABC: + write_blif <abc-temp-dir>/output.blif 

6.22.66.2. Re-integrating ABC results.
ABC RESULTS:               AND cells:       62
ABC RESULTS:              NAND cells:        1
ABC RESULTS:                OR cells:       15
ABC RESULTS:              XNOR cells:        1
ABC RESULTS:               XOR cells:       78
ABC RESULTS:        internal signals:      151
ABC RESULTS:           input signals:      113
ABC RESULTS:          output signals:       80
Removing temp directory.

6.22.66.1. Executed ABC.
Extracted 1 gates and 3 wires to a netlist network with 2 inputs and 1 outputs.
Running ABC script: <abc-temp-dir>/abc.script
ABC: ======== ABC command line "source <abc-temp-dir>/abc.script"
ABC: + read_blif <abc-temp-dir>/input.blif 
ABC: + read_library <abc-temp-dir>/stdcells.genlib 
ABC: + strash 
ABC: + &get -n 
ABC: + &fraig -x 
ABC: + &put 
ABC: + scorr 
ABC: Warning: The network is combinational (run "fraig" or "fraig_sweep").
ABC: + dc2 
ABC: + dretime 
ABC: + strash 
ABC: + &get -n 
ABC: + &dch -f 
ABC: + &nf 
ABC: + &put 
ABC: + write_blif <abc-temp-dir>/output.blif 

6.22.66.2. Re-integrating ABC results.
ABC RESULTS:               AND cells:        1
ABC RESULTS:        internal signals:        0
ABC RESULTS:           input signals:        2
ABC RESULTS:          output signals:        1
Removing temp directory.

6.22.66.1. Executed ABC.
Extracted 473 gates and 569 wires to a netlist network with 94 inputs and 73 outputs.
Running ABC script: <abc-temp-dir>/abc.script
ABC: ======== ABC command line "source <abc-temp-dir>/abc.script"
ABC: + read_blif <abc-temp-dir>/input.blif 
ABC: + read_library <abc-temp-dir>/stdcells.genlib 
ABC: + strash 
ABC: + &get -n 
ABC: + &fraig -x 
ABC: + &put 
ABC: + scorr 
ABC: Warning: The network is combinational (run "fraig" or "fraig_sweep").
ABC: + dc2 
ABC: + dretime 
ABC: + strash 
ABC: + &get -n 
ABC: + &dch -f 
ABC: + &nf 
ABC: + &put 
ABC: + write_blif <abc-temp-dir>/output.blif 

6.22.66.2. Re-integrating ABC results.
ABC RESULTS:               AND cells:       69
ABC RESULTS:            ANDNOT cells:       42
ABC RESULTS:               MUX cells:       21
ABC RESULTS:              NAND cells:       65
ABC RESULTS:               NOR cells:       11
ABC RESULTS:               NOT cells:        2
ABC RESULTS:                OR cells:       28
ABC RESULTS:             ORNOT cells:        4
ABC RESULTS:        internal signals:      402
ABC RESULTS:           input signals:       94
ABC RESULTS:          output signals:       73
Removing temp directory.

6.22.66.1. Executed ABC.
Extracted 1 gates and 3 wires to a netlist network with 2 inputs and 1 outputs.
Running ABC script: <abc-temp-dir>/abc.script
ABC: ======== ABC command line "source <abc-temp-dir>/abc.script"
ABC: + read_blif <abc-temp-dir>/input.blif 
ABC: + read_library <abc-temp-dir>/stdcells.genlib 
ABC: + strash 
ABC: + &get -n 
ABC: + &fraig -x 
ABC: + &put 
ABC: + scorr 
ABC: Warning: The network is combinational (run "fraig" or "fraig_sweep").
ABC: + dc2 
ABC: + dretime 
ABC: + strash 
ABC: + &get -n 
ABC: + &dch -f 
ABC: + &nf 
ABC: + &put 
ABC: + write_blif <abc-temp-dir>/output.blif 

6.22.66.2. Re-integrating ABC results.
ABC RESULTS:               AND cells:        1
ABC RESULTS:        internal signals:        0
ABC RESULTS:           input signals:        2
ABC RESULTS:          output signals:        1
Removing temp directory.
Removing global temp directory.

6.23. Executing OPT pass (performing simple optimizations).

6.23.1. Executing OPT_EXPR pass (perform const folding).
Optimizing module wire_mold_itch_top.
Optimizing module wire_itch_decoder.
<suppressed ~2 debug messages>
Optimizing module wire_mold_message_framer.
Optimizing module wire_mold_header_seq.
<suppressed ~9 debug messages>

6.23.2. Executing OPT_MERGE pass (detect identical cells).
Finding identical cells in module `\wire_mold_itch_top'.
Computing hashes of 4 cells of `\wire_mold_itch_top'.
Finding duplicate cells in `\wire_mold_itch_top'.
Finding identical cells in module `\wire_itch_decoder'.
Computing hashes of 2629 cells of `\wire_itch_decoder'.
Finding duplicate cells in `\wire_itch_decoder'.
Computing hashes of 2600 cells of `\wire_itch_decoder'.
Finding duplicate cells in `\wire_itch_decoder'.
<suppressed ~87 debug messages>
Finding identical cells in module `\wire_mold_message_framer'.
Computing hashes of 841 cells of `\wire_mold_message_framer'.
Finding duplicate cells in `\wire_mold_message_framer'.
Computing hashes of 840 cells of `\wire_mold_message_framer'.
Finding duplicate cells in `\wire_mold_message_framer'.
<suppressed ~3 debug messages>
Finding identical cells in module `\wire_mold_header_seq'.
Computing hashes of 1888 cells of `\wire_mold_header_seq'.
Finding duplicate cells in `\wire_mold_header_seq'.
Computing hashes of 1885 cells of `\wire_mold_header_seq'.
Finding duplicate cells in `\wire_mold_header_seq'.
<suppressed ~9 debug messages>
Removed a total of 33 cells.

6.23.3. Executing OPT_DFF pass (perform DFF optimizations).

6.23.4. Executing OPT_CLEAN pass (remove unused cells and wires).
Finding unused cells or wires in module \wire_mold_itch_top..
Finding unused cells or wires in module \wire_itch_decoder..
Finding unused cells or wires in module \wire_mold_message_framer..
Finding unused cells or wires in module \wire_mold_header_seq..
Removed 0 unused cells and 4569 unused wires.
<suppressed ~5 debug messages>

6.23.5. Finished fast OPT passes.

6.24. Executing HIERARCHY pass (managing design hierarchy).
Attribute `top' found on module `wire_mold_itch_top'. Setting top module to wire_mold_itch_top.

6.24.1. Analyzing design hierarchy..
Top module:  \wire_mold_itch_top
Used module:     \wire_mold_message_framer
Used module:     \wire_mold_header_seq
Used module:     \wire_itch_decoder

6.24.2. Analyzing design hierarchy..
Top module:  \wire_mold_itch_top
Used module:     \wire_mold_message_framer
Used module:     \wire_mold_header_seq
Used module:     \wire_itch_decoder
Removed 0 unused modules.

6.25. Printing statistics.

=== wire_mold_itch_top ===

        +----------Local Count, excluding submodules.
        | 
       69 wires
      856 wire bits
       69 public wires
      856 public wire bits
       48 ports
      665 port bits
        1 cells
        1   $_AND_
        3 submodules
        1   wire_itch_decoder
        1   wire_mold_header_seq
        1   wire_mold_message_framer

=== wire_itch_decoder ===

        +----------Local Count, excluding submodules.
        | 
     1901 wires
     3167 wire bits
      102 public wires
     1336 public wire bits
       38 ports
      525 port bits
     2600 cells
      339   $_ANDNOT_
      568   $_AND_
      353   $_DFFE_PP_
        6   $_DFF_P_
        3   $_MUX_
      393   $_NAND_
      103   $_NOR_
       41   $_NOT_
      141   $_ORNOT_
      131   $_OR_
      426   $_SDFFE_PP0P_
        1   $_SDFF_PP0_
        6   $_XNOR_
       89   $_XOR_

=== wire_mold_message_framer ===

        +----------Local Count, excluding submodules.
        | 
      602 wires
     1158 wire bits
       51 public wires
      388 public wire bits
       28 ports
      199 port bits
      840 cells
       48   $_ANDNOT_
      194   $_AND_
       14   $_DFF_P_
       95   $_MUX_
       79   $_NAND_
       32   $_NOR_
       18   $_NOT_
       17   $_ORNOT_
       66   $_OR_
      130   $_SDFFE_PP0P_
       22   $_SDFF_PP0_
       16   $_XNOR_
      109   $_XOR_

=== wire_mold_header_seq ===

        +----------Local Count, excluding submodules.
        | 
     1454 wires
     2766 wire bits
       55 public wires
     1062 public wire bits
       28 ports
      327 port bits
     1885 cells
       66   $_ANDNOT_
      335   $_AND_
      144   $_DFFE_PP_
        7   $_DFF_P_
       84   $_MUX_
      553   $_NAND_
      101   $_NOR_
       28   $_NOT_
       21   $_ORNOT_
       56   $_OR_
      244   $_SDFFE_PP0P_
        4   $_SDFFE_PP1P_
        9   $_SDFF_PP0_
        1   $_SDFF_PP1_
       13   $_XNOR_
      219   $_XOR_

=== design hierarchy ===

        +----------Count including submodules.
        | 
     5326 wire_mold_itch_top
     2600 wire_itch_decoder
     1885 wire_mold_header_seq
      840 wire_mold_message_framer

        +----------Count including submodules.
        | 
     4026 wires
     7947 wire bits
      277 public wires
     3642 public wire bits
      142 ports
     1716 port bits
        - memories
        - memory bits
        - processes
     5326 cells
      453   $_ANDNOT_
     1098   $_AND_
      497   $_DFFE_PP_
       27   $_DFF_P_
      182   $_MUX_
     1025   $_NAND_
      236   $_NOR_
       87   $_NOT_
      179   $_ORNOT_
      253   $_OR_
      800   $_SDFFE_PP0P_
        4   $_SDFFE_PP1P_
       32   $_SDFF_PP0_
        1   $_SDFF_PP1_
       35   $_XNOR_
      417   $_XOR_
        3 submodules
        1   wire_itch_decoder
        1   wire_mold_header_seq
        1   wire_mold_message_framer

6.26. Executing CHECK pass (checking for obvious problems).
Checking module wire_mold_itch_top...
Checking module wire_itch_decoder...
Checking module wire_mold_message_framer...
Checking module wire_mold_header_seq...
Found and reported 0 problems.

7. Executing CHECK pass (checking for obvious problems).
Checking module wire_mold_itch_top...
Checking module wire_itch_decoder...
Checking module wire_mold_message_framer...
Checking module wire_mold_header_seq...
Found and reported 0 problems.

End of script. Logfile hash: 4bf13d57b4, time: 0.98s, user: 0.76s, system: 0.10s, MEM: 82.48 MB peak
Yosys 0.69+154 (git sha1 30d62572e-dirty, Release, Clang /usr/local/osxcross/target/bin/aarch64-apple-darwin25.5-clang++ 21.1.8)
Time spent: 78% 1x abc (2 sec), 5% 38x opt_expr (0 sec), ...
