
 /----------------------------------------------------------------------------\
 |  yosys -- Yosys Open SYnthesis Suite                                       |
 |  Copyright (C) 2012 - 2026  Claire Xenia Wolf <claire@yosyshq.com>         |
 |  Distributed under an ISC-like license, type "license" to see terms        |
 \----------------------------------------------------------------------------/
 Yosys 0.69+154 (git sha1 30d62572e-dirty, Release, Clang /usr/local/osxcross/target/bin/aarch64-apple-darwin25.5-clang++ 21.1.8)

-- Executing script file `../model/design.ys' --

1. Executing Verilog-2005 frontend: wire_ingress_buffer.sv
Parsing formal SystemVerilog input from `wire_ingress_buffer.sv' to AST representation.
Storing AST representation for module `$abstract\wire_ingress_buffer'.
Successfully finished Verilog frontend.

2. Executing Verilog-2005 frontend: wire_gearbox_64to8.sv
Parsing formal SystemVerilog input from `wire_gearbox_64to8.sv' to AST representation.
Storing AST representation for module `$abstract\wire_gearbox_64to8'.
Successfully finished Verilog frontend.

3. Executing Verilog-2005 frontend: wire_eth_parser.sv
Parsing formal SystemVerilog input from `wire_eth_parser.sv' to AST representation.
Storing AST representation for module `$abstract\wire_eth_parser'.
Successfully finished Verilog frontend.

4. Executing Verilog-2005 frontend: wire_ipv4_parser.sv
Parsing formal SystemVerilog input from `wire_ipv4_parser.sv' to AST representation.
Storing AST representation for module `$abstract\wire_ipv4_parser'.
Successfully finished Verilog frontend.

5. Executing Verilog-2005 frontend: wire_udp_parser.sv
Parsing formal SystemVerilog input from `wire_udp_parser.sv' to AST representation.
Storing AST representation for module `$abstract\wire_udp_parser'.
Successfully finished Verilog frontend.

6. Executing Verilog-2005 frontend: wire_mold_header_seq.sv
Parsing formal SystemVerilog input from `wire_mold_header_seq.sv' to AST representation.
Storing AST representation for module `$abstract\wire_mold_header_seq'.
Successfully finished Verilog frontend.

7. Executing Verilog-2005 frontend: wire_mold_message_framer.sv
Parsing formal SystemVerilog input from `wire_mold_message_framer.sv' to AST representation.
Storing AST representation for module `$abstract\wire_mold_message_framer'.
Successfully finished Verilog frontend.

8. Executing Verilog-2005 frontend: wire_itch_decoder.sv
Parsing formal SystemVerilog input from `wire_itch_decoder.sv' to AST representation.
Storing AST representation for module `$abstract\wire_itch_decoder'.
Successfully finished Verilog frontend.

9. Executing Verilog-2005 frontend: wire_arch_a_parser_top.sv
Parsing formal SystemVerilog input from `wire_arch_a_parser_top.sv' to AST representation.
Storing AST representation for module `$abstract\wire_arch_a_parser_top'.
Successfully finished Verilog frontend.

10. Executing Verilog-2005 frontend: wire_arch_a_parser_safety.sv
Parsing formal SystemVerilog input from `wire_arch_a_parser_safety.sv' to AST representation.
Storing AST representation for module `$abstract\wire_arch_a_parser_safety'.
Successfully finished Verilog frontend.

11. Executing PREP pass.

11.1. Executing HIERARCHY pass (managing design hierarchy).

11.2. Executing AST frontend in derive mode using pre-parsed AST for module `\wire_arch_a_parser_safety'.
Generating RTLIL representation for module `\wire_arch_a_parser_safety'.

11.2.1. Analyzing design hierarchy..
Top module:  \wire_arch_a_parser_safety

11.2.2. Executing AST frontend in derive mode using pre-parsed AST for module `\wire_arch_a_parser_top'.
Generating RTLIL representation for module `\wire_arch_a_parser_top'.

11.2.3. Analyzing design hierarchy..
Top module:  \wire_arch_a_parser_safety
Used module:     \wire_arch_a_parser_top

11.2.4. Executing AST frontend in derive mode using pre-parsed AST for module `\wire_itch_decoder'.
Generating RTLIL representation for module `\wire_itch_decoder'.

11.2.5. Executing AST frontend in derive mode using pre-parsed AST for module `\wire_mold_message_framer'.
Generating RTLIL representation for module `\wire_mold_message_framer'.

11.2.6. Executing AST frontend in derive mode using pre-parsed AST for module `\wire_mold_header_seq'.
Generating RTLIL representation for module `\wire_mold_header_seq'.

11.2.7. Executing AST frontend in derive mode using pre-parsed AST for module `\wire_udp_parser'.
Generating RTLIL representation for module `\wire_udp_parser'.

11.2.8. Executing AST frontend in derive mode using pre-parsed AST for module `\wire_ipv4_parser'.
Generating RTLIL representation for module `\wire_ipv4_parser'.

11.2.9. Executing AST frontend in derive mode using pre-parsed AST for module `\wire_eth_parser'.
Generating RTLIL representation for module `\wire_eth_parser'.

11.2.10. Executing AST frontend in derive mode using pre-parsed AST for module `\wire_gearbox_64to8'.
Generating RTLIL representation for module `\wire_gearbox_64to8'.

11.2.11. Executing AST frontend in derive mode using pre-parsed AST for module `\wire_ingress_buffer'.
Generating RTLIL representation for module `\wire_ingress_buffer'.

11.2.12. Analyzing design hierarchy..
Top module:  \wire_arch_a_parser_safety
Used module:     \wire_arch_a_parser_top
Used module:         \wire_itch_decoder
Used module:         \wire_mold_message_framer
Used module:         \wire_mold_header_seq
Used module:         \wire_udp_parser
Used module:         \wire_ipv4_parser
Used module:         \wire_eth_parser
Used module:         \wire_gearbox_64to8
Used module:         \wire_ingress_buffer

11.2.13. Analyzing design hierarchy..
Top module:  \wire_arch_a_parser_safety
Used module:     \wire_arch_a_parser_top
Used module:         \wire_itch_decoder
Used module:         \wire_mold_message_framer
Used module:         \wire_mold_header_seq
Used module:         \wire_udp_parser
Used module:         \wire_ipv4_parser
Used module:         \wire_eth_parser
Used module:         \wire_gearbox_64to8
Used module:         \wire_ingress_buffer
Removing unused module `$abstract\wire_arch_a_parser_safety'.
Removing unused module `$abstract\wire_arch_a_parser_top'.
Removing unused module `$abstract\wire_itch_decoder'.
Removing unused module `$abstract\wire_mold_message_framer'.
Removing unused module `$abstract\wire_mold_header_seq'.
Removing unused module `$abstract\wire_udp_parser'.
Removing unused module `$abstract\wire_ipv4_parser'.
Removing unused module `$abstract\wire_eth_parser'.
Removing unused module `$abstract\wire_gearbox_64to8'.
Removing unused module `$abstract\wire_ingress_buffer'.
Removed 10 unused modules.
Module wire_arch_a_parser_safety directly or indirectly contains formal properties -> setting "keep" attribute.

11.3. Executing PROC pass (convert processes to netlists).

11.3.1. Executing PROC_CLEAN pass (remove empty switches from decision trees).
Cleaned up 0 empty switches.

11.3.2. Executing PROC_RMDEAD pass (remove dead branches from decision trees).
Marked 3 switch rules as full_case in process $proc$wire_ingress_buffer.sv:37$810 in module wire_ingress_buffer.
Marked 4 switch rules as full_case in process $proc$wire_gearbox_64to8.sv:49$788 in module wire_gearbox_64to8.
Marked 6 switch rules as full_case in process $proc$wire_eth_parser.sv:55$766 in module wire_eth_parser.
Marked 7 switch rules as full_case in process $proc$wire_ipv4_parser.sv:102$706 in module wire_ipv4_parser.
Marked 10 switch rules as full_case in process $proc$wire_ipv4_parser.sv:119$642 in module wire_ipv4_parser.
Marked 19 switch rules as full_case in process $proc$wire_udp_parser.sv:66$577 in module wire_udp_parser.
Marked 15 switch rules as full_case in process $proc$wire_mold_header_seq.sv:111$527 in module wire_mold_header_seq.
Marked 13 switch rules as full_case in process $proc$wire_mold_message_framer.sv:112$484 in module wire_mold_message_framer.
Marked 1 switch rules as full_case in process $proc$wire_itch_decoder.sv:112$450 in module wire_itch_decoder.
Marked 1 switch rules as full_case in process $proc$wire_itch_decoder.sv:112$445 in module wire_itch_decoder.
Marked 15 switch rules as full_case in process $proc$wire_itch_decoder.sv:137$141 in module wire_itch_decoder.
Marked 6 switch rules as full_case in process $proc$wire_arch_a_parser_top.sv:136$83 in module wire_arch_a_parser_top.
Marked 1 switch rules as full_case in process $proc$wire_arch_a_parser_safety.sv:58$8 in module wire_arch_a_parser_safety.
Removed a total of 0 dead cases.

11.3.3. Executing PROC_PRUNE pass (remove redundant assignments in processes).
Removed 1 redundant assignment.
Promoted 62 assignments to connections.

11.3.4. Executing PROC_INIT pass (extract init attributes).

11.3.5. Executing PROC_ARST pass (detect async resets in processes).

11.3.6. Executing PROC_ROM pass (convert switches to ROMs).
Converted 0 switches.
<suppressed ~177 debug messages>

11.3.7. Executing PROC_MUX pass (convert decision trees to multiplexers).
Creating decoders for process `\wire_ingress_buffer.$proc$wire_ingress_buffer.sv:37$810'.
     1/21: $2$memwr$\last_q$wire_ingress_buffer.sv:46$801_EN[0:0]$837
     2/21: $2$memwr$\last_q$wire_ingress_buffer.sv:46$801_DATA[0:0]$836
     3/21: $2$memwr$\last_q$wire_ingress_buffer.sv:46$801_ADDR[0:0]$835
     4/21: $2$memwr$\keep_q$wire_ingress_buffer.sv:45$800_EN[7:0]$834
     5/21: $2$memwr$\keep_q$wire_ingress_buffer.sv:45$800_DATA[7:0]$833
     6/21: $2$memwr$\keep_q$wire_ingress_buffer.sv:45$800_ADDR[0:0]$832
     7/21: $2$memwr$\data_q$wire_ingress_buffer.sv:44$799_EN[63:0]$831
     8/21: $2$memwr$\data_q$wire_ingress_buffer.sv:44$799_DATA[63:0]$830
     9/21: $2$memwr$\data_q$wire_ingress_buffer.sv:44$799_ADDR[0:0]$829
    10/21: $0\count_q[1:0]
    11/21: $1$memwr$\last_q$wire_ingress_buffer.sv:46$801_EN[0:0]$828
    12/21: $1$memwr$\last_q$wire_ingress_buffer.sv:46$801_DATA[0:0]$827
    13/21: $1$memwr$\last_q$wire_ingress_buffer.sv:46$801_ADDR[0:0]$826
    14/21: $1$memwr$\keep_q$wire_ingress_buffer.sv:45$800_EN[7:0]$825
    15/21: $1$memwr$\keep_q$wire_ingress_buffer.sv:45$800_DATA[7:0]$824
    16/21: $1$memwr$\keep_q$wire_ingress_buffer.sv:45$800_ADDR[0:0]$823
    17/21: $1$memwr$\data_q$wire_ingress_buffer.sv:44$799_EN[63:0]$822
    18/21: $1$memwr$\data_q$wire_ingress_buffer.sv:44$799_DATA[63:0]$821
    19/21: $1$memwr$\data_q$wire_ingress_buffer.sv:44$799_ADDR[0:0]$820
    20/21: $0\write_ptr_q[0:0]
    21/21: $0\read_ptr_q[0:0]
Creating decoders for process `\wire_gearbox_64to8.$proc$wire_gearbox_64to8.sv:49$788'.
     1/10: $3\keep_count$func$wire_gearbox_64to8.sv:58$775.$result[3:0]$796
     2/10: $2\keep_count$func$wire_gearbox_64to8.sv:58$775.$result[3:0]$794
     3/10: $2\keep_count$func$wire_gearbox_64to8.sv:58$775.keep[7:0]$795
     4/10: $1\keep_count$func$wire_gearbox_64to8.sv:58$775.keep[7:0]$792
     5/10: $1\keep_count$func$wire_gearbox_64to8.sv:58$775.$result[3:0]$791
     6/10: $0\valid_q[0:0]
     7/10: $0\last_q[0:0]
     8/10: $0\index_q[2:0]
     9/10: $0\count_q[3:0]
    10/10: $0\data_q[63:0]
Creating decoders for process `\wire_eth_parser.$proc$wire_eth_parser.sv:55$766'.
     1/8: $0\ethertype_high_q[7:0]
     2/8: $0\reject_fatal_q[0:0]
     3/8: $0\header_index_q[3:0]
     4/8: $0\payload_last_q[0:0]
     5/8: $0\payload_valid_q[0:0]
     6/8: $0\payload_data_q[7:0]
     7/8: $0\reject_code_q[1:0]
     8/8: $0\state_q[1:0]
Creating decoders for process `\wire_ipv4_parser.$proc$wire_ipv4_parser.sv:102$706'.
     1/16: $7\classify_header$func$wire_ipv4_parser.sv:102$623.$result[3:0]$751
     2/16: $6\classify_header$func$wire_ipv4_parser.sv:102$623.$result[3:0]$749
     3/16: $5\classify_header$func$wire_ipv4_parser.sv:102$623.$result[3:0]$747
     4/16: $4\classify_header$func$wire_ipv4_parser.sv:102$623.$result[3:0]$744
     5/16: $3\classify_header$func$wire_ipv4_parser.sv:102$623.$result[3:0]$727
     6/16: $3\checksum_valid$func$wire_ipv4_parser.sv:76$624.sum[17:0]$730
     7/16: $3\checksum_valid$func$wire_ipv4_parser.sv:76$624.h[159:0]$729
     8/16: $3\checksum_valid$func$wire_ipv4_parser.sv:76$624.$result[0:0]$728
     9/16: $2\classify_header$func$wire_ipv4_parser.sv:102$623.$result[3:0]$722
    10/16: $2\checksum_valid$func$wire_ipv4_parser.sv:76$624.sum[17:0]$725
    11/16: $2\checksum_valid$func$wire_ipv4_parser.sv:76$624.h[159:0]$724
    12/16: $2\checksum_valid$func$wire_ipv4_parser.sv:76$624.$result[0:0]$723
    13/16: $1\classify_header$func$wire_ipv4_parser.sv:102$623.$result[3:0]$717
    14/16: $1\checksum_valid$func$wire_ipv4_parser.sv:76$624.sum[17:0]$720
    15/16: $1\checksum_valid$func$wire_ipv4_parser.sv:76$624.h[159:0]$719
    16/16: $1\checksum_valid$func$wire_ipv4_parser.sv:76$624.$result[0:0]$718
Creating decoders for process `\wire_ipv4_parser.$proc$wire_ipv4_parser.sv:119$642'.
     1/31: $6\code_is_fatal$func$wire_ipv4_parser.sv:173$622.code[3:0]$689
     2/31: $6\code_is_fatal$func$wire_ipv4_parser.sv:173$622.$result[0:0]$688
     3/31: $5$lookahead\header_q$641[151:0]$674
     4/31: $5$bitselwrite$pos$wire_ipv4_parser.sv:155$621[31:0]$671
     5/31: $5\code_is_fatal$func$wire_ipv4_parser.sv:173$622.code[3:0]$673
     6/31: $5\code_is_fatal$func$wire_ipv4_parser.sv:173$622.$result[0:0]$672
     7/31: $4$lookahead\header_q$641[151:0]$669
     8/31: $4\code_is_fatal$func$wire_ipv4_parser.sv:173$622.code[3:0]$668
     9/31: $4\code_is_fatal$func$wire_ipv4_parser.sv:173$622.$result[0:0]$667
    10/31: $4$bitselwrite$pos$wire_ipv4_parser.sv:155$621[31:0]$666
    11/31: $3$lookahead\header_q$641[151:0]$663
    12/31: $3\code_is_fatal$func$wire_ipv4_parser.sv:173$622.code[3:0]$662
    13/31: $3\code_is_fatal$func$wire_ipv4_parser.sv:173$622.$result[0:0]$661
    14/31: $3$bitselwrite$pos$wire_ipv4_parser.sv:155$621[31:0]$660
    15/31: $2$lookahead\header_q$641[151:0]$659
    16/31: $2\code_is_fatal$func$wire_ipv4_parser.sv:173$622.code[3:0]$658
    17/31: $2\code_is_fatal$func$wire_ipv4_parser.sv:173$622.$result[0:0]$657
    18/31: $2$bitselwrite$pos$wire_ipv4_parser.sv:155$621[31:0]$656
    19/31: $1$lookahead\header_q$641[151:0]$650
    20/31: $1\code_is_fatal$func$wire_ipv4_parser.sv:173$622.code[3:0]$649
    21/31: $1\code_is_fatal$func$wire_ipv4_parser.sv:173$622.$result[0:0]$648
    22/31: $1$bitselwrite$pos$wire_ipv4_parser.sv:155$621[31:0]$647
    23/31: $0\payload_physical_last_q[0:0]
    24/31: $0\remaining_q[15:0]
    25/31: $0\reject_fatal_q[0:0]
    26/31: $0\header_index_q[4:0]
    27/31: $0\payload_last_q[0:0]
    28/31: $0\payload_valid_q[0:0]
    29/31: $0\payload_data_q[7:0]
    30/31: $0\reject_code_q[3:0]
    31/31: $0\state_q[2:0]
Creating decoders for process `\wire_udp_parser.$proc$wire_udp_parser.sv:66$577'.
     1/22: $5$lookahead\header_q$576[55:0]$596
     2/22: $5$bitselwrite$pos$wire_udp_parser.sv:104$559[31:0]$595
     3/22: $4$lookahead\header_q$576[55:0]$593
     4/22: $4$bitselwrite$pos$wire_udp_parser.sv:104$559[31:0]$592
     5/22: $3$lookahead\header_q$576[55:0]$589
     6/22: $3$bitselwrite$pos$wire_udp_parser.sv:104$559[31:0]$588
     7/22: $2$lookahead\header_q$576[55:0]$587
     8/22: $2$bitselwrite$pos$wire_udp_parser.sv:104$559[31:0]$586
     9/22: $1$lookahead\header_q$576[55:0]$581
    10/22: $1$bitselwrite$pos$wire_udp_parser.sv:104$559[31:0]$580
    11/22: $0\remaining_q[15:0]
    12/22: $0\actual_count_q[15:0]
    13/22: $0\pending_fatal_q[0:0]
    14/22: $0\pending_code_q[2:0]
    15/22: $0\reject_fatal_q[0:0]
    16/22: $0\header_index_q[3:0]
    17/22: $0\payload_last_q[0:0]
    18/22: $0\payload_valid_q[0:0]
    19/22: $0\payload_data_q[7:0]
    20/22: $0\reject_code_q[2:0]
    21/22: $0\declared_length_q[15:0]
    22/22: $0\state_q[1:0]
Creating decoders for process `\wire_mold_header_seq.$proc$wire_mold_header_seq.sv:111$527'.
     1/27: $5$lookahead\header_q$526[151:0]$542
     2/27: $5$bitselwrite$pos$wire_mold_header_seq.sv:180$502[31:0]$541
     3/27: $4$lookahead\header_q$526[151:0]$540
     4/27: $4$bitselwrite$pos$wire_mold_header_seq.sv:180$502[31:0]$539
     5/27: $3$lookahead\header_q$526[151:0]$537
     6/27: $3$bitselwrite$pos$wire_mold_header_seq.sv:180$502[31:0]$536
     7/27: $2$lookahead\header_q$526[151:0]$535
     8/27: $2$bitselwrite$pos$wire_mold_header_seq.sv:180$502[31:0]$534
     9/27: $1$lookahead\header_q$526[151:0]$532
    10/27: $1$bitselwrite$pos$wire_mold_header_seq.sv:180$502[31:0]$531
    11/27: $0\recovery_required_q[0:0]
    12/27: $0\controller_valid_q[0:0]
    13/27: $0\pending_fatal_q[0:0]
    14/27: $0\pending_code_q[2:0]
    15/27: $0\reject_fatal_q[0:0]
    16/27: $0\body_last_q[0:0]
    17/27: $0\body_valid_q[0:0]
    18/27: $0\body_data_q[7:0]
    19/27: $0\packet_valid_q[0:0]
    20/27: $0\packet_empty_q[0:0]
    21/27: $0\expected_sequence_q[63:0]
    22/27: $0\active_session_q[79:0]
    23/27: $0\header_index_q[4:0]
    24/27: $0\packet_count_q[15:0]
    25/27: $0\packet_sequence_q[63:0]
    26/27: $0\reject_code_q[2:0]
    27/27: $0\state_q[2:0]
Creating decoders for process `\wire_mold_message_framer.$proc$wire_mold_message_framer.sv:112$484'.
     1/16: $0\result_pending_q[0:0]
     2/16: $0\payload_last_q[0:0]
     3/16: $0\payload_valid_q[0:0]
     4/16: $0\payload_data_q[7:0]
     5/16: $0\header_ended_q[0:0]
     6/16: $0\message_empty_q[0:0]
     7/16: $0\payload_remaining_q[15:0]
     8/16: $0\message_length_q[15:0]
     9/16: $0\length_hi_q[7:0]
    10/16: $0\messages_done_q[15:0]
    11/16: $0\packet_count_q[15:0]
    12/16: $0\packet_sequence_q[63:0]
    13/16: $0\payload_action_q[2:0]
    14/16: $0\reject_pending_q[0:0]
    15/16: $0\reject_code_q[1:0]
    16/16: $0\state_q[3:0]
Creating decoders for process `\wire_itch_decoder.$proc$wire_itch_decoder.sv:112$450'.
     1/1: $1\required_length$func$wire_itch_decoder.sv:112$121.$result[15:0]$454
Creating decoders for process `\wire_itch_decoder.$proc$wire_itch_decoder.sv:112$445'.
     1/1: $1\required_length$func$wire_itch_decoder.sv:112$120.$result[15:0]$449
Creating decoders for process `\wire_itch_decoder.$proc$wire_itch_decoder.sv:137$141'.
     1/131: $6\u32$func$wire_itch_decoder.sv:218$110.$result[31:0]$362
     2/131: $6\u64$func$wire_itch_decoder.sv:218$109.$result[63:0]$361
     3/131: $6\u32$func$wire_itch_decoder.sv:222$119.$result[31:0]$371
     4/131: $6\u32$func$wire_itch_decoder.sv:222$118.$result[31:0]$370
     5/131: $6\u64$func$wire_itch_decoder.sv:222$117.$result[63:0]$369
     6/131: $6\u64$func$wire_itch_decoder.sv:222$116.$result[63:0]$368
     7/131: $6\u64$func$wire_itch_decoder.sv:221$115.$result[63:0]$367
     8/131: $6\u32$func$wire_itch_decoder.sv:220$114.$result[31:0]$366
     9/131: $6\u64$func$wire_itch_decoder.sv:220$113.$result[63:0]$365
    10/131: $6\u32$func$wire_itch_decoder.sv:219$112.$result[31:0]$364
    11/131: $6\u64$func$wire_itch_decoder.sv:219$111.$result[63:0]$363
    12/131: $7\u32$func$wire_itch_decoder.sv:212$108.$result[31:0]$340
    13/131: $7\u32$func$wire_itch_decoder.sv:212$107.$result[31:0]$339
    14/131: $7\u64$func$wire_itch_decoder.sv:212$106.$result[63:0]$338
    15/131: $6\u32$func$wire_itch_decoder.sv:212$108.$result[31:0]$331
    16/131: $6\u32$func$wire_itch_decoder.sv:212$107.$result[31:0]$330
    17/131: $6\u64$func$wire_itch_decoder.sv:212$106.$result[63:0]$329
    18/131: $5\u32$func$wire_itch_decoder.sv:212$108.$result[31:0]$307
    19/131: $5\u32$func$wire_itch_decoder.sv:212$107.$result[31:0]$306
    20/131: $5\u64$func$wire_itch_decoder.sv:212$106.$result[63:0]$305
    21/131: $5\u32$func$wire_itch_decoder.sv:222$119.$result[31:0]$318
    22/131: $5\u32$func$wire_itch_decoder.sv:222$118.$result[31:0]$317
    23/131: $5\u64$func$wire_itch_decoder.sv:222$117.$result[63:0]$316
    24/131: $5\u64$func$wire_itch_decoder.sv:222$116.$result[63:0]$315
    25/131: $5\u64$func$wire_itch_decoder.sv:221$115.$result[63:0]$314
    26/131: $5\u32$func$wire_itch_decoder.sv:220$114.$result[31:0]$313
    27/131: $5\u64$func$wire_itch_decoder.sv:220$113.$result[63:0]$312
    28/131: $5\u32$func$wire_itch_decoder.sv:219$112.$result[31:0]$311
    29/131: $5\u64$func$wire_itch_decoder.sv:219$111.$result[63:0]$310
    30/131: $5\u32$func$wire_itch_decoder.sv:218$110.$result[31:0]$309
    31/131: $5\u64$func$wire_itch_decoder.sv:218$109.$result[63:0]$308
    32/131: $4\u32$func$wire_itch_decoder.sv:222$119.$result[31:0]$299
    33/131: $4\u32$func$wire_itch_decoder.sv:222$118.$result[31:0]$298
    34/131: $4\u64$func$wire_itch_decoder.sv:222$117.$result[63:0]$297
    35/131: $4\u64$func$wire_itch_decoder.sv:222$116.$result[63:0]$296
    36/131: $4\u64$func$wire_itch_decoder.sv:221$115.$result[63:0]$295
    37/131: $4\u32$func$wire_itch_decoder.sv:220$114.$result[31:0]$294
    38/131: $4\u64$func$wire_itch_decoder.sv:220$113.$result[63:0]$293
    39/131: $4\u32$func$wire_itch_decoder.sv:219$112.$result[31:0]$292
    40/131: $4\u64$func$wire_itch_decoder.sv:219$111.$result[63:0]$291
    41/131: $4\u32$func$wire_itch_decoder.sv:218$110.$result[31:0]$290
    42/131: $4\u64$func$wire_itch_decoder.sv:218$109.$result[63:0]$289
    43/131: $4\u32$func$wire_itch_decoder.sv:212$108.$result[31:0]$288
    44/131: $4\u32$func$wire_itch_decoder.sv:212$107.$result[31:0]$287
    45/131: $4\u64$func$wire_itch_decoder.sv:212$106.$result[63:0]$286
    46/131: $3\u32$func$wire_itch_decoder.sv:222$119.$result[31:0]$282
    47/131: $3\u32$func$wire_itch_decoder.sv:222$118.$result[31:0]$281
    48/131: $3\u64$func$wire_itch_decoder.sv:222$117.$result[63:0]$280
    49/131: $3\u64$func$wire_itch_decoder.sv:222$116.$result[63:0]$279
    50/131: $3\u64$func$wire_itch_decoder.sv:221$115.$result[63:0]$278
    51/131: $3\u32$func$wire_itch_decoder.sv:220$114.$result[31:0]$277
    52/131: $3\u64$func$wire_itch_decoder.sv:220$113.$result[63:0]$276
    53/131: $3\u32$func$wire_itch_decoder.sv:219$112.$result[31:0]$275
    54/131: $3\u64$func$wire_itch_decoder.sv:219$111.$result[63:0]$274
    55/131: $3\u32$func$wire_itch_decoder.sv:218$110.$result[31:0]$273
    56/131: $3\u64$func$wire_itch_decoder.sv:218$109.$result[63:0]$272
    57/131: $3\u32$func$wire_itch_decoder.sv:212$108.$result[31:0]$271
    58/131: $3\u32$func$wire_itch_decoder.sv:212$107.$result[31:0]$270
    59/131: $3\u64$func$wire_itch_decoder.sv:212$106.$result[63:0]$269
    60/131: $3\u16$func$wire_itch_decoder.sv:205$105.$result[15:0]$268
    61/131: $4$memwr$\bytes_q$wire_itch_decoder.sv:167$122_EN[7:0]$213
    62/131: $4$memwr$\bytes_q$wire_itch_decoder.sv:167$122_DATA[7:0]$212
    63/131: $4$memwr$\bytes_q$wire_itch_decoder.sv:167$122_ADDR[5:0]$211
    64/131: $3$memwr$\bytes_q$wire_itch_decoder.sv:167$122_EN[7:0]$209
    65/131: $3$memwr$\bytes_q$wire_itch_decoder.sv:167$122_DATA[7:0]$208
    66/131: $3$memwr$\bytes_q$wire_itch_decoder.sv:167$122_ADDR[5:0]$207
    67/131: $2$memwr$\bytes_q$wire_itch_decoder.sv:167$122_EN[7:0]$203
    68/131: $2$memwr$\bytes_q$wire_itch_decoder.sv:167$122_DATA[7:0]$202
    69/131: $2$memwr$\bytes_q$wire_itch_decoder.sv:167$122_ADDR[5:0]$201
    70/131: $2\u32$func$wire_itch_decoder.sv:222$119.$result[31:0]$200
    71/131: $2\u32$func$wire_itch_decoder.sv:222$118.$result[31:0]$199
    72/131: $2\u64$func$wire_itch_decoder.sv:222$117.$result[63:0]$198
    73/131: $2\u64$func$wire_itch_decoder.sv:222$116.$result[63:0]$197
    74/131: $2\u64$func$wire_itch_decoder.sv:221$115.$result[63:0]$196
    75/131: $2\u32$func$wire_itch_decoder.sv:220$114.$result[31:0]$195
    76/131: $2\u64$func$wire_itch_decoder.sv:220$113.$result[63:0]$194
    77/131: $2\u32$func$wire_itch_decoder.sv:219$112.$result[31:0]$193
    78/131: $2\u64$func$wire_itch_decoder.sv:219$111.$result[63:0]$192
    79/131: $2\u32$func$wire_itch_decoder.sv:218$110.$result[31:0]$191
    80/131: $2\u64$func$wire_itch_decoder.sv:218$109.$result[63:0]$190
    81/131: $2\u32$func$wire_itch_decoder.sv:212$108.$result[31:0]$189
    82/131: $2\u32$func$wire_itch_decoder.sv:212$107.$result[31:0]$188
    83/131: $2\u64$func$wire_itch_decoder.sv:212$106.$result[63:0]$187
    84/131: $2\u16$func$wire_itch_decoder.sv:205$105.$result[15:0]$186
    85/131: $2\u16$func$wire_itch_decoder.sv:200$104.$result[15:0]$185
    86/131: $2\u48$func$wire_itch_decoder.sv:199$103.$result[47:0]$184
    87/131: $1$memwr$\bytes_q$wire_itch_decoder.sv:167$122_EN[7:0]$182
    88/131: $1$memwr$\bytes_q$wire_itch_decoder.sv:167$122_DATA[7:0]$181
    89/131: $1$memwr$\bytes_q$wire_itch_decoder.sv:167$122_ADDR[5:0]$180
    90/131: $1\u32$func$wire_itch_decoder.sv:222$119.$result[31:0]$179
    91/131: $1\u32$func$wire_itch_decoder.sv:222$118.$result[31:0]$178
    92/131: $1\u64$func$wire_itch_decoder.sv:222$117.$result[63:0]$177
    93/131: $1\u64$func$wire_itch_decoder.sv:222$116.$result[63:0]$176
    94/131: $1\u64$func$wire_itch_decoder.sv:221$115.$result[63:0]$175
    95/131: $1\u32$func$wire_itch_decoder.sv:220$114.$result[31:0]$174
    96/131: $1\u64$func$wire_itch_decoder.sv:220$113.$result[63:0]$173
    97/131: $1\u32$func$wire_itch_decoder.sv:219$112.$result[31:0]$172
    98/131: $1\u64$func$wire_itch_decoder.sv:219$111.$result[63:0]$171
    99/131: $1\u32$func$wire_itch_decoder.sv:218$110.$result[31:0]$170
   100/131: $1\u64$func$wire_itch_decoder.sv:218$109.$result[63:0]$169
   101/131: $1\u32$func$wire_itch_decoder.sv:212$108.$result[31:0]$168
   102/131: $1\u32$func$wire_itch_decoder.sv:212$107.$result[31:0]$167
   103/131: $1\u64$func$wire_itch_decoder.sv:212$106.$result[63:0]$166
   104/131: $1\u16$func$wire_itch_decoder.sv:205$105.$result[15:0]$165
   105/131: $1\u16$func$wire_itch_decoder.sv:200$104.$result[15:0]$164
   106/131: $1\u48$func$wire_itch_decoder.sv:199$103.$result[47:0]$163
   107/131: $0\side_valid_q[0:0]
   108/131: $0\price_valid_q[0:0]
   109/131: $0\quantity_valid_q[0:0]
   110/131: $0\new_valid_q[0:0]
   111/131: $0\old_valid_q[0:0]
   112/131: $0\side_q[0:0]
   113/131: $0\price_q[31:0]
   114/131: $0\quantity_q[31:0]
   115/131: $0\new_ref_q[63:0]
   116/131: $0\old_ref_q[63:0]
   117/131: $0\stock_locate_q[15:0]
   118/131: $0\timestamp_q[47:0]
   119/131: $0\mold_sequence_q[63:0]
   120/131: $0\source_type_q[7:0]
   121/131: $0\event_kind_q[2:0]
   122/131: $0\reject_pending_q[0:0]
   123/131: $0\reject_code_q[2:0]
   124/131: $0\expected_symbol_q[63:0]
   125/131: $0\symbol_enable_q[0:0]
   126/131: $0\tracked_locate_q[15:0]
   127/131: $0\message_sequence_q[63:0]
   128/131: $0\declared_length_q[15:0]
   129/131: $0\byte_index_q[5:0]
   130/131: $0\state_q[2:0]
   131/131: $0\recovery_required[0:0]
Creating decoders for process `\wire_arch_a_parser_top.$proc$wire_arch_a_parser_top.sv:136$83'.
     1/3: $0\frame_open_q[0:0]
     2/3: $0\recovery_stage_q[3:0]
     3/3: $0\parser_recovery_q[0:0]
Creating decoders for process `\wire_arch_a_parser_safety.$proc$wire_arch_a_parser_safety.sv:58$8'.
     1/12: $assert$wire_arch_a_parser_safety.sv:86$40_EN
     2/12: $assert$wire_arch_a_parser_safety.sv:85$38_EN
     3/12: $assert$wire_arch_a_parser_safety.sv:84$37_EN
     4/12: $assert$wire_arch_a_parser_safety.sv:78$35_EN
     5/12: $assert$wire_arch_a_parser_safety.sv:77$34_EN
     6/12: $assert$wire_arch_a_parser_safety.sv:75$32_EN
     7/12: $assert$wire_arch_a_parser_safety.sv:74$29_EN
     8/12: $assume$wire_arch_a_parser_safety.sv:62$20_EN
     9/12: $assume$wire_arch_a_parser_safety.sv:61$19_EN
    10/12: $assume$wire_arch_a_parser_safety.sv:59$14_EN
    11/12: $0\closed_after_recovery[0:0]
    12/12: $0\frame_open_ref[0:0]

11.3.8. Executing PROC_DLATCH pass (convert process syncs to latches).
No latch inferred for signal `\wire_ipv4_parser.\classify_header$func$wire_ipv4_parser.sv:102$620.$result' from process `\wire_ipv4_parser.$proc$wire_ipv4_parser.sv:102$706'.
No latch inferred for signal `\wire_itch_decoder.\required_length$func$wire_itch_decoder.sv:112$102.$result' from process `\wire_itch_decoder.$proc$wire_itch_decoder.sv:112$450'.
No latch inferred for signal `\wire_itch_decoder.\required_length$func$wire_itch_decoder.sv:112$101.$result' from process `\wire_itch_decoder.$proc$wire_itch_decoder.sv:112$445'.

11.3.9. Executing PROC_DFF pass (convert process syncs to FFs).
Creating register for signal `\wire_ingress_buffer.\count_q' using process `\wire_ingress_buffer.$proc$wire_ingress_buffer.sv:37$810'.
  created $dff cell `$procdff$5397' with positive edge clock.
Creating register for signal `\wire_ingress_buffer.\read_ptr_q' using process `\wire_ingress_buffer.$proc$wire_ingress_buffer.sv:37$810'.
  created $dff cell `$procdff$5398' with positive edge clock.
Creating register for signal `\wire_ingress_buffer.\write_ptr_q' using process `\wire_ingress_buffer.$proc$wire_ingress_buffer.sv:37$810'.
  created $dff cell `$procdff$5399' with positive edge clock.
Creating register for signal `\wire_ingress_buffer.$memwr$\data_q$wire_ingress_buffer.sv:44$799_ADDR' using process `\wire_ingress_buffer.$proc$wire_ingress_buffer.sv:37$810'.
  created $dff cell `$procdff$5400' with positive edge clock.
Creating register for signal `\wire_ingress_buffer.$memwr$\data_q$wire_ingress_buffer.sv:44$799_DATA' using process `\wire_ingress_buffer.$proc$wire_ingress_buffer.sv:37$810'.
  created $dff cell `$procdff$5401' with positive edge clock.
Creating register for signal `\wire_ingress_buffer.$memwr$\data_q$wire_ingress_buffer.sv:44$799_EN' using process `\wire_ingress_buffer.$proc$wire_ingress_buffer.sv:37$810'.
  created $dff cell `$procdff$5402' with positive edge clock.
Creating register for signal `\wire_ingress_buffer.$memwr$\keep_q$wire_ingress_buffer.sv:45$800_ADDR' using process `\wire_ingress_buffer.$proc$wire_ingress_buffer.sv:37$810'.
  created $dff cell `$procdff$5403' with positive edge clock.
Creating register for signal `\wire_ingress_buffer.$memwr$\keep_q$wire_ingress_buffer.sv:45$800_DATA' using process `\wire_ingress_buffer.$proc$wire_ingress_buffer.sv:37$810'.
  created $dff cell `$procdff$5404' with positive edge clock.
Creating register for signal `\wire_ingress_buffer.$memwr$\keep_q$wire_ingress_buffer.sv:45$800_EN' using process `\wire_ingress_buffer.$proc$wire_ingress_buffer.sv:37$810'.
  created $dff cell `$procdff$5405' with positive edge clock.
Creating register for signal `\wire_ingress_buffer.$memwr$\last_q$wire_ingress_buffer.sv:46$801_ADDR' using process `\wire_ingress_buffer.$proc$wire_ingress_buffer.sv:37$810'.
  created $dff cell `$procdff$5406' with positive edge clock.
Creating register for signal `\wire_ingress_buffer.$memwr$\last_q$wire_ingress_buffer.sv:46$801_DATA' using process `\wire_ingress_buffer.$proc$wire_ingress_buffer.sv:37$810'.
  created $dff cell `$procdff$5407' with positive edge clock.
Creating register for signal `\wire_ingress_buffer.$memwr$\last_q$wire_ingress_buffer.sv:46$801_EN' using process `\wire_ingress_buffer.$proc$wire_ingress_buffer.sv:37$810'.
  created $dff cell `$procdff$5408' with positive edge clock.
Creating register for signal `\wire_gearbox_64to8.\data_q' using process `\wire_gearbox_64to8.$proc$wire_gearbox_64to8.sv:49$788'.
  created $dff cell `$procdff$5409' with positive edge clock.
Creating register for signal `\wire_gearbox_64to8.\count_q' using process `\wire_gearbox_64to8.$proc$wire_gearbox_64to8.sv:49$788'.
  created $dff cell `$procdff$5410' with positive edge clock.
Creating register for signal `\wire_gearbox_64to8.\index_q' using process `\wire_gearbox_64to8.$proc$wire_gearbox_64to8.sv:49$788'.
  created $dff cell `$procdff$5411' with positive edge clock.
Creating register for signal `\wire_gearbox_64to8.\last_q' using process `\wire_gearbox_64to8.$proc$wire_gearbox_64to8.sv:49$788'.
  created $dff cell `$procdff$5412' with positive edge clock.
Creating register for signal `\wire_gearbox_64to8.\valid_q' using process `\wire_gearbox_64to8.$proc$wire_gearbox_64to8.sv:49$788'.
  created $dff cell `$procdff$5413' with positive edge clock.
Creating register for signal `\wire_gearbox_64to8.\keep_count$func$wire_gearbox_64to8.sv:58$775.$result' using process `\wire_gearbox_64to8.$proc$wire_gearbox_64to8.sv:49$788'.
  created $dff cell `$procdff$5414' with positive edge clock.
Creating register for signal `\wire_gearbox_64to8.\keep_count$func$wire_gearbox_64to8.sv:58$775.keep' using process `\wire_gearbox_64to8.$proc$wire_gearbox_64to8.sv:49$788'.
  created $dff cell `$procdff$5415' with positive edge clock.
Creating register for signal `\wire_eth_parser.\state_q' using process `\wire_eth_parser.$proc$wire_eth_parser.sv:55$766'.
  created $dff cell `$procdff$5416' with positive edge clock.
Creating register for signal `\wire_eth_parser.\reject_code_q' using process `\wire_eth_parser.$proc$wire_eth_parser.sv:55$766'.
  created $dff cell `$procdff$5417' with positive edge clock.
Creating register for signal `\wire_eth_parser.\payload_data_q' using process `\wire_eth_parser.$proc$wire_eth_parser.sv:55$766'.
  created $dff cell `$procdff$5418' with positive edge clock.
Creating register for signal `\wire_eth_parser.\payload_valid_q' using process `\wire_eth_parser.$proc$wire_eth_parser.sv:55$766'.
  created $dff cell `$procdff$5419' with positive edge clock.
Creating register for signal `\wire_eth_parser.\payload_last_q' using process `\wire_eth_parser.$proc$wire_eth_parser.sv:55$766'.
  created $dff cell `$procdff$5420' with positive edge clock.
Creating register for signal `\wire_eth_parser.\header_index_q' using process `\wire_eth_parser.$proc$wire_eth_parser.sv:55$766'.
  created $dff cell `$procdff$5421' with positive edge clock.
Creating register for signal `\wire_eth_parser.\reject_fatal_q' using process `\wire_eth_parser.$proc$wire_eth_parser.sv:55$766'.
  created $dff cell `$procdff$5422' with positive edge clock.
Creating register for signal `\wire_eth_parser.\ethertype_high_q' using process `\wire_eth_parser.$proc$wire_eth_parser.sv:55$766'.
  created $dff cell `$procdff$5423' with positive edge clock.
Creating register for signal `\wire_ipv4_parser.\state_q' using process `\wire_ipv4_parser.$proc$wire_ipv4_parser.sv:119$642'.
  created $dff cell `$procdff$5424' with positive edge clock.
Creating register for signal `\wire_ipv4_parser.\reject_code_q' using process `\wire_ipv4_parser.$proc$wire_ipv4_parser.sv:119$642'.
  created $dff cell `$procdff$5425' with positive edge clock.
Creating register for signal `\wire_ipv4_parser.\payload_data_q' using process `\wire_ipv4_parser.$proc$wire_ipv4_parser.sv:119$642'.
  created $dff cell `$procdff$5426' with positive edge clock.
Creating register for signal `\wire_ipv4_parser.\payload_valid_q' using process `\wire_ipv4_parser.$proc$wire_ipv4_parser.sv:119$642'.
  created $dff cell `$procdff$5427' with positive edge clock.
Creating register for signal `\wire_ipv4_parser.\payload_last_q' using process `\wire_ipv4_parser.$proc$wire_ipv4_parser.sv:119$642'.
  created $dff cell `$procdff$5428' with positive edge clock.
Creating register for signal `\wire_ipv4_parser.\header_index_q' using process `\wire_ipv4_parser.$proc$wire_ipv4_parser.sv:119$642'.
  created $dff cell `$procdff$5429' with positive edge clock.
Creating register for signal `\wire_ipv4_parser.\header_q' using process `\wire_ipv4_parser.$proc$wire_ipv4_parser.sv:119$642'.
  created $dff cell `$procdff$5430' with positive edge clock.
Creating register for signal `\wire_ipv4_parser.\reject_fatal_q' using process `\wire_ipv4_parser.$proc$wire_ipv4_parser.sv:119$642'.
  created $dff cell `$procdff$5431' with positive edge clock.
Creating register for signal `\wire_ipv4_parser.\remaining_q' using process `\wire_ipv4_parser.$proc$wire_ipv4_parser.sv:119$642'.
  created $dff cell `$procdff$5432' with positive edge clock.
Creating register for signal `\wire_ipv4_parser.\payload_physical_last_q' using process `\wire_ipv4_parser.$proc$wire_ipv4_parser.sv:119$642'.
  created $dff cell `$procdff$5433' with positive edge clock.
Creating register for signal `\wire_ipv4_parser.$bitselwrite$pos$wire_ipv4_parser.sv:155$621' using process `\wire_ipv4_parser.$proc$wire_ipv4_parser.sv:119$642'.
  created $dff cell `$procdff$5434' with positive edge clock.
Creating register for signal `\wire_ipv4_parser.\code_is_fatal$func$wire_ipv4_parser.sv:173$622.$result' using process `\wire_ipv4_parser.$proc$wire_ipv4_parser.sv:119$642'.
  created $dff cell `$procdff$5435' with positive edge clock.
Creating register for signal `\wire_ipv4_parser.\code_is_fatal$func$wire_ipv4_parser.sv:173$622.code' using process `\wire_ipv4_parser.$proc$wire_ipv4_parser.sv:119$642'.
  created $dff cell `$procdff$5436' with positive edge clock.
Creating register for signal `\wire_ipv4_parser.$lookahead\header_q$641' using process `\wire_ipv4_parser.$proc$wire_ipv4_parser.sv:119$642'.
  created $dff cell `$procdff$5437' with positive edge clock.
Creating register for signal `\wire_udp_parser.\state_q' using process `\wire_udp_parser.$proc$wire_udp_parser.sv:66$577'.
  created $dff cell `$procdff$5438' with positive edge clock.
Creating register for signal `\wire_udp_parser.\declared_length_q' using process `\wire_udp_parser.$proc$wire_udp_parser.sv:66$577'.
  created $dff cell `$procdff$5439' with positive edge clock.
Creating register for signal `\wire_udp_parser.\reject_code_q' using process `\wire_udp_parser.$proc$wire_udp_parser.sv:66$577'.
  created $dff cell `$procdff$5440' with positive edge clock.
Creating register for signal `\wire_udp_parser.\payload_data_q' using process `\wire_udp_parser.$proc$wire_udp_parser.sv:66$577'.
  created $dff cell `$procdff$5441' with positive edge clock.
Creating register for signal `\wire_udp_parser.\payload_valid_q' using process `\wire_udp_parser.$proc$wire_udp_parser.sv:66$577'.
  created $dff cell `$procdff$5442' with positive edge clock.
Creating register for signal `\wire_udp_parser.\payload_last_q' using process `\wire_udp_parser.$proc$wire_udp_parser.sv:66$577'.
  created $dff cell `$procdff$5443' with positive edge clock.
Creating register for signal `\wire_udp_parser.\header_index_q' using process `\wire_udp_parser.$proc$wire_udp_parser.sv:66$577'.
  created $dff cell `$procdff$5444' with positive edge clock.
Creating register for signal `\wire_udp_parser.\header_q' using process `\wire_udp_parser.$proc$wire_udp_parser.sv:66$577'.
  created $dff cell `$procdff$5445' with positive edge clock.
Creating register for signal `\wire_udp_parser.\reject_fatal_q' using process `\wire_udp_parser.$proc$wire_udp_parser.sv:66$577'.
  created $dff cell `$procdff$5446' with positive edge clock.
Creating register for signal `\wire_udp_parser.\pending_code_q' using process `\wire_udp_parser.$proc$wire_udp_parser.sv:66$577'.
  created $dff cell `$procdff$5447' with positive edge clock.
Creating register for signal `\wire_udp_parser.\pending_fatal_q' using process `\wire_udp_parser.$proc$wire_udp_parser.sv:66$577'.
  created $dff cell `$procdff$5448' with positive edge clock.
Creating register for signal `\wire_udp_parser.\actual_count_q' using process `\wire_udp_parser.$proc$wire_udp_parser.sv:66$577'.
  created $dff cell `$procdff$5449' with positive edge clock.
Creating register for signal `\wire_udp_parser.\remaining_q' using process `\wire_udp_parser.$proc$wire_udp_parser.sv:66$577'.
  created $dff cell `$procdff$5450' with positive edge clock.
Creating register for signal `\wire_udp_parser.$bitselwrite$pos$wire_udp_parser.sv:104$559' using process `\wire_udp_parser.$proc$wire_udp_parser.sv:66$577'.
  created $dff cell `$procdff$5451' with positive edge clock.
Creating register for signal `\wire_udp_parser.$lookahead\header_q$576' using process `\wire_udp_parser.$proc$wire_udp_parser.sv:66$577'.
  created $dff cell `$procdff$5452' with positive edge clock.
Creating register for signal `\wire_mold_header_seq.\state_q' using process `\wire_mold_header_seq.$proc$wire_mold_header_seq.sv:111$527'.
  created $dff cell `$procdff$5453' with positive edge clock.
Creating register for signal `\wire_mold_header_seq.\reject_code_q' using process `\wire_mold_header_seq.$proc$wire_mold_header_seq.sv:111$527'.
  created $dff cell `$procdff$5454' with positive edge clock.
Creating register for signal `\wire_mold_header_seq.\packet_sequence_q' using process `\wire_mold_header_seq.$proc$wire_mold_header_seq.sv:111$527'.
  created $dff cell `$procdff$5455' with positive edge clock.
Creating register for signal `\wire_mold_header_seq.\packet_count_q' using process `\wire_mold_header_seq.$proc$wire_mold_header_seq.sv:111$527'.
  created $dff cell `$procdff$5456' with positive edge clock.
Creating register for signal `\wire_mold_header_seq.\header_index_q' using process `\wire_mold_header_seq.$proc$wire_mold_header_seq.sv:111$527'.
  created $dff cell `$procdff$5457' with positive edge clock.
Creating register for signal `\wire_mold_header_seq.\header_q' using process `\wire_mold_header_seq.$proc$wire_mold_header_seq.sv:111$527'.
  created $dff cell `$procdff$5458' with positive edge clock.
Creating register for signal `\wire_mold_header_seq.\active_session_q' using process `\wire_mold_header_seq.$proc$wire_mold_header_seq.sv:111$527'.
  created $dff cell `$procdff$5459' with positive edge clock.
Creating register for signal `\wire_mold_header_seq.\expected_sequence_q' using process `\wire_mold_header_seq.$proc$wire_mold_header_seq.sv:111$527'.
  created $dff cell `$procdff$5460' with positive edge clock.
Creating register for signal `\wire_mold_header_seq.\packet_empty_q' using process `\wire_mold_header_seq.$proc$wire_mold_header_seq.sv:111$527'.
  created $dff cell `$procdff$5461' with positive edge clock.
Creating register for signal `\wire_mold_header_seq.\packet_valid_q' using process `\wire_mold_header_seq.$proc$wire_mold_header_seq.sv:111$527'.
  created $dff cell `$procdff$5462' with positive edge clock.
Creating register for signal `\wire_mold_header_seq.\body_data_q' using process `\wire_mold_header_seq.$proc$wire_mold_header_seq.sv:111$527'.
  created $dff cell `$procdff$5463' with positive edge clock.
Creating register for signal `\wire_mold_header_seq.\body_valid_q' using process `\wire_mold_header_seq.$proc$wire_mold_header_seq.sv:111$527'.
  created $dff cell `$procdff$5464' with positive edge clock.
Creating register for signal `\wire_mold_header_seq.\body_last_q' using process `\wire_mold_header_seq.$proc$wire_mold_header_seq.sv:111$527'.
  created $dff cell `$procdff$5465' with positive edge clock.
Creating register for signal `\wire_mold_header_seq.\reject_fatal_q' using process `\wire_mold_header_seq.$proc$wire_mold_header_seq.sv:111$527'.
  created $dff cell `$procdff$5466' with positive edge clock.
Creating register for signal `\wire_mold_header_seq.\pending_code_q' using process `\wire_mold_header_seq.$proc$wire_mold_header_seq.sv:111$527'.
  created $dff cell `$procdff$5467' with positive edge clock.
Creating register for signal `\wire_mold_header_seq.\pending_fatal_q' using process `\wire_mold_header_seq.$proc$wire_mold_header_seq.sv:111$527'.
  created $dff cell `$procdff$5468' with positive edge clock.
Creating register for signal `\wire_mold_header_seq.\controller_valid_q' using process `\wire_mold_header_seq.$proc$wire_mold_header_seq.sv:111$527'.
  created $dff cell `$procdff$5469' with positive edge clock.
Creating register for signal `\wire_mold_header_seq.\recovery_required_q' using process `\wire_mold_header_seq.$proc$wire_mold_header_seq.sv:111$527'.
  created $dff cell `$procdff$5470' with positive edge clock.
Creating register for signal `\wire_mold_header_seq.$bitselwrite$pos$wire_mold_header_seq.sv:180$502' using process `\wire_mold_header_seq.$proc$wire_mold_header_seq.sv:111$527'.
  created $dff cell `$procdff$5471' with positive edge clock.
Creating register for signal `\wire_mold_header_seq.$lookahead\header_q$526' using process `\wire_mold_header_seq.$proc$wire_mold_header_seq.sv:111$527'.
  created $dff cell `$procdff$5472' with positive edge clock.
Creating register for signal `\wire_mold_message_framer.\state_q' using process `\wire_mold_message_framer.$proc$wire_mold_message_framer.sv:112$484'.
  created $dff cell `$procdff$5473' with positive edge clock.
Creating register for signal `\wire_mold_message_framer.\reject_code_q' using process `\wire_mold_message_framer.$proc$wire_mold_message_framer.sv:112$484'.
  created $dff cell `$procdff$5474' with positive edge clock.
Creating register for signal `\wire_mold_message_framer.\reject_pending_q' using process `\wire_mold_message_framer.$proc$wire_mold_message_framer.sv:112$484'.
  created $dff cell `$procdff$5475' with positive edge clock.
Creating register for signal `\wire_mold_message_framer.\payload_action_q' using process `\wire_mold_message_framer.$proc$wire_mold_message_framer.sv:112$484'.
  created $dff cell `$procdff$5476' with positive edge clock.
Creating register for signal `\wire_mold_message_framer.\packet_sequence_q' using process `\wire_mold_message_framer.$proc$wire_mold_message_framer.sv:112$484'.
  created $dff cell `$procdff$5477' with positive edge clock.
Creating register for signal `\wire_mold_message_framer.\packet_count_q' using process `\wire_mold_message_framer.$proc$wire_mold_message_framer.sv:112$484'.
  created $dff cell `$procdff$5478' with positive edge clock.
Creating register for signal `\wire_mold_message_framer.\messages_done_q' using process `\wire_mold_message_framer.$proc$wire_mold_message_framer.sv:112$484'.
  created $dff cell `$procdff$5479' with positive edge clock.
Creating register for signal `\wire_mold_message_framer.\length_hi_q' using process `\wire_mold_message_framer.$proc$wire_mold_message_framer.sv:112$484'.
  created $dff cell `$procdff$5480' with positive edge clock.
Creating register for signal `\wire_mold_message_framer.\message_length_q' using process `\wire_mold_message_framer.$proc$wire_mold_message_framer.sv:112$484'.
  created $dff cell `$procdff$5481' with positive edge clock.
Creating register for signal `\wire_mold_message_framer.\payload_remaining_q' using process `\wire_mold_message_framer.$proc$wire_mold_message_framer.sv:112$484'.
  created $dff cell `$procdff$5482' with positive edge clock.
Creating register for signal `\wire_mold_message_framer.\message_empty_q' using process `\wire_mold_message_framer.$proc$wire_mold_message_framer.sv:112$484'.
  created $dff cell `$procdff$5483' with positive edge clock.
Creating register for signal `\wire_mold_message_framer.\header_ended_q' using process `\wire_mold_message_framer.$proc$wire_mold_message_framer.sv:112$484'.
  created $dff cell `$procdff$5484' with positive edge clock.
Creating register for signal `\wire_mold_message_framer.\payload_data_q' using process `\wire_mold_message_framer.$proc$wire_mold_message_framer.sv:112$484'.
  created $dff cell `$procdff$5485' with positive edge clock.
Creating register for signal `\wire_mold_message_framer.\payload_valid_q' using process `\wire_mold_message_framer.$proc$wire_mold_message_framer.sv:112$484'.
  created $dff cell `$procdff$5486' with positive edge clock.
Creating register for signal `\wire_mold_message_framer.\payload_last_q' using process `\wire_mold_message_framer.$proc$wire_mold_message_framer.sv:112$484'.
  created $dff cell `$procdff$5487' with positive edge clock.
Creating register for signal `\wire_mold_message_framer.\result_pending_q' using process `\wire_mold_message_framer.$proc$wire_mold_message_framer.sv:112$484'.
  created $dff cell `$procdff$5488' with positive edge clock.
Creating register for signal `\wire_itch_decoder.\recovery_required' using process `\wire_itch_decoder.$proc$wire_itch_decoder.sv:137$141'.
  created $dff cell `$procdff$5489' with positive edge clock.
Creating register for signal `\wire_itch_decoder.\state_q' using process `\wire_itch_decoder.$proc$wire_itch_decoder.sv:137$141'.
  created $dff cell `$procdff$5490' with positive edge clock.
Creating register for signal `\wire_itch_decoder.\byte_index_q' using process `\wire_itch_decoder.$proc$wire_itch_decoder.sv:137$141'.
  created $dff cell `$procdff$5491' with positive edge clock.
Creating register for signal `\wire_itch_decoder.\declared_length_q' using process `\wire_itch_decoder.$proc$wire_itch_decoder.sv:137$141'.
  created $dff cell `$procdff$5492' with positive edge clock.
Creating register for signal `\wire_itch_decoder.\message_sequence_q' using process `\wire_itch_decoder.$proc$wire_itch_decoder.sv:137$141'.
  created $dff cell `$procdff$5493' with positive edge clock.
Creating register for signal `\wire_itch_decoder.\tracked_locate_q' using process `\wire_itch_decoder.$proc$wire_itch_decoder.sv:137$141'.
  created $dff cell `$procdff$5494' with positive edge clock.
Creating register for signal `\wire_itch_decoder.\symbol_enable_q' using process `\wire_itch_decoder.$proc$wire_itch_decoder.sv:137$141'.
  created $dff cell `$procdff$5495' with positive edge clock.
Creating register for signal `\wire_itch_decoder.\expected_symbol_q' using process `\wire_itch_decoder.$proc$wire_itch_decoder.sv:137$141'.
  created $dff cell `$procdff$5496' with positive edge clock.
Creating register for signal `\wire_itch_decoder.\reject_code_q' using process `\wire_itch_decoder.$proc$wire_itch_decoder.sv:137$141'.
  created $dff cell `$procdff$5497' with positive edge clock.
Creating register for signal `\wire_itch_decoder.\reject_pending_q' using process `\wire_itch_decoder.$proc$wire_itch_decoder.sv:137$141'.
  created $dff cell `$procdff$5498' with positive edge clock.
Creating register for signal `\wire_itch_decoder.\event_kind_q' using process `\wire_itch_decoder.$proc$wire_itch_decoder.sv:137$141'.
  created $dff cell `$procdff$5499' with positive edge clock.
Creating register for signal `\wire_itch_decoder.\source_type_q' using process `\wire_itch_decoder.$proc$wire_itch_decoder.sv:137$141'.
  created $dff cell `$procdff$5500' with positive edge clock.
Creating register for signal `\wire_itch_decoder.\mold_sequence_q' using process `\wire_itch_decoder.$proc$wire_itch_decoder.sv:137$141'.
  created $dff cell `$procdff$5501' with positive edge clock.
Creating register for signal `\wire_itch_decoder.\timestamp_q' using process `\wire_itch_decoder.$proc$wire_itch_decoder.sv:137$141'.
  created $dff cell `$procdff$5502' with positive edge clock.
Creating register for signal `\wire_itch_decoder.\stock_locate_q' using process `\wire_itch_decoder.$proc$wire_itch_decoder.sv:137$141'.
  created $dff cell `$procdff$5503' with positive edge clock.
Creating register for signal `\wire_itch_decoder.\old_ref_q' using process `\wire_itch_decoder.$proc$wire_itch_decoder.sv:137$141'.
  created $dff cell `$procdff$5504' with positive edge clock.
Creating register for signal `\wire_itch_decoder.\new_ref_q' using process `\wire_itch_decoder.$proc$wire_itch_decoder.sv:137$141'.
  created $dff cell `$procdff$5505' with positive edge clock.
Creating register for signal `\wire_itch_decoder.\quantity_q' using process `\wire_itch_decoder.$proc$wire_itch_decoder.sv:137$141'.
  created $dff cell `$procdff$5506' with positive edge clock.
Creating register for signal `\wire_itch_decoder.\price_q' using process `\wire_itch_decoder.$proc$wire_itch_decoder.sv:137$141'.
  created $dff cell `$procdff$5507' with positive edge clock.
Creating register for signal `\wire_itch_decoder.\side_q' using process `\wire_itch_decoder.$proc$wire_itch_decoder.sv:137$141'.
  created $dff cell `$procdff$5508' with positive edge clock.
Creating register for signal `\wire_itch_decoder.\old_valid_q' using process `\wire_itch_decoder.$proc$wire_itch_decoder.sv:137$141'.
  created $dff cell `$procdff$5509' with positive edge clock.
Creating register for signal `\wire_itch_decoder.\new_valid_q' using process `\wire_itch_decoder.$proc$wire_itch_decoder.sv:137$141'.
  created $dff cell `$procdff$5510' with positive edge clock.
Creating register for signal `\wire_itch_decoder.\quantity_valid_q' using process `\wire_itch_decoder.$proc$wire_itch_decoder.sv:137$141'.
  created $dff cell `$procdff$5511' with positive edge clock.
Creating register for signal `\wire_itch_decoder.\price_valid_q' using process `\wire_itch_decoder.$proc$wire_itch_decoder.sv:137$141'.
  created $dff cell `$procdff$5512' with positive edge clock.
Creating register for signal `\wire_itch_decoder.\side_valid_q' using process `\wire_itch_decoder.$proc$wire_itch_decoder.sv:137$141'.
  created $dff cell `$procdff$5513' with positive edge clock.
Creating register for signal `\wire_itch_decoder.\u48$func$wire_itch_decoder.sv:199$103.$result' using process `\wire_itch_decoder.$proc$wire_itch_decoder.sv:137$141'.
  created $dff cell `$procdff$5514' with positive edge clock.
Creating register for signal `\wire_itch_decoder.\u16$func$wire_itch_decoder.sv:200$104.$result' using process `\wire_itch_decoder.$proc$wire_itch_decoder.sv:137$141'.
  created $dff cell `$procdff$5515' with positive edge clock.
Creating register for signal `\wire_itch_decoder.\u16$func$wire_itch_decoder.sv:205$105.$result' using process `\wire_itch_decoder.$proc$wire_itch_decoder.sv:137$141'.
  created $dff cell `$procdff$5516' with positive edge clock.
Creating register for signal `\wire_itch_decoder.\u64$func$wire_itch_decoder.sv:212$106.$result' using process `\wire_itch_decoder.$proc$wire_itch_decoder.sv:137$141'.
  created $dff cell `$procdff$5517' with positive edge clock.
Creating register for signal `\wire_itch_decoder.\u32$func$wire_itch_decoder.sv:212$107.$result' using process `\wire_itch_decoder.$proc$wire_itch_decoder.sv:137$141'.
  created $dff cell `$procdff$5518' with positive edge clock.
Creating register for signal `\wire_itch_decoder.\u32$func$wire_itch_decoder.sv:212$108.$result' using process `\wire_itch_decoder.$proc$wire_itch_decoder.sv:137$141'.
  created $dff cell `$procdff$5519' with positive edge clock.
Creating register for signal `\wire_itch_decoder.\u64$func$wire_itch_decoder.sv:218$109.$result' using process `\wire_itch_decoder.$proc$wire_itch_decoder.sv:137$141'.
  created $dff cell `$procdff$5520' with positive edge clock.
Creating register for signal `\wire_itch_decoder.\u32$func$wire_itch_decoder.sv:218$110.$result' using process `\wire_itch_decoder.$proc$wire_itch_decoder.sv:137$141'.
  created $dff cell `$procdff$5521' with positive edge clock.
Creating register for signal `\wire_itch_decoder.\u64$func$wire_itch_decoder.sv:219$111.$result' using process `\wire_itch_decoder.$proc$wire_itch_decoder.sv:137$141'.
  created $dff cell `$procdff$5522' with positive edge clock.
Creating register for signal `\wire_itch_decoder.\u32$func$wire_itch_decoder.sv:219$112.$result' using process `\wire_itch_decoder.$proc$wire_itch_decoder.sv:137$141'.
  created $dff cell `$procdff$5523' with positive edge clock.
Creating register for signal `\wire_itch_decoder.\u64$func$wire_itch_decoder.sv:220$113.$result' using process `\wire_itch_decoder.$proc$wire_itch_decoder.sv:137$141'.
  created $dff cell `$procdff$5524' with positive edge clock.
Creating register for signal `\wire_itch_decoder.\u32$func$wire_itch_decoder.sv:220$114.$result' using process `\wire_itch_decoder.$proc$wire_itch_decoder.sv:137$141'.
  created $dff cell `$procdff$5525' with positive edge clock.
Creating register for signal `\wire_itch_decoder.\u64$func$wire_itch_decoder.sv:221$115.$result' using process `\wire_itch_decoder.$proc$wire_itch_decoder.sv:137$141'.
  created $dff cell `$procdff$5526' with positive edge clock.
Creating register for signal `\wire_itch_decoder.\u64$func$wire_itch_decoder.sv:222$116.$result' using process `\wire_itch_decoder.$proc$wire_itch_decoder.sv:137$141'.
  created $dff cell `$procdff$5527' with positive edge clock.
Creating register for signal `\wire_itch_decoder.\u64$func$wire_itch_decoder.sv:222$117.$result' using process `\wire_itch_decoder.$proc$wire_itch_decoder.sv:137$141'.
  created $dff cell `$procdff$5528' with positive edge clock.
Creating register for signal `\wire_itch_decoder.\u32$func$wire_itch_decoder.sv:222$118.$result' using process `\wire_itch_decoder.$proc$wire_itch_decoder.sv:137$141'.
  created $dff cell `$procdff$5529' with positive edge clock.
Creating register for signal `\wire_itch_decoder.\u32$func$wire_itch_decoder.sv:222$119.$result' using process `\wire_itch_decoder.$proc$wire_itch_decoder.sv:137$141'.
  created $dff cell `$procdff$5530' with positive edge clock.
Creating register for signal `\wire_itch_decoder.$memwr$\bytes_q$wire_itch_decoder.sv:167$122_ADDR' using process `\wire_itch_decoder.$proc$wire_itch_decoder.sv:137$141'.
  created $dff cell `$procdff$5531' with positive edge clock.
Creating register for signal `\wire_itch_decoder.$memwr$\bytes_q$wire_itch_decoder.sv:167$122_DATA' using process `\wire_itch_decoder.$proc$wire_itch_decoder.sv:137$141'.
  created $dff cell `$procdff$5532' with positive edge clock.
Creating register for signal `\wire_itch_decoder.$memwr$\bytes_q$wire_itch_decoder.sv:167$122_EN' using process `\wire_itch_decoder.$proc$wire_itch_decoder.sv:137$141'.
  created $dff cell `$procdff$5533' with positive edge clock.
Creating register for signal `\wire_arch_a_parser_top.\parser_recovery_q' using process `\wire_arch_a_parser_top.$proc$wire_arch_a_parser_top.sv:136$83'.
  created $dff cell `$procdff$5534' with positive edge clock.
Creating register for signal `\wire_arch_a_parser_top.\recovery_stage_q' using process `\wire_arch_a_parser_top.$proc$wire_arch_a_parser_top.sv:136$83'.
  created $dff cell `$procdff$5535' with positive edge clock.
Creating register for signal `\wire_arch_a_parser_top.\frame_open_q' using process `\wire_arch_a_parser_top.$proc$wire_arch_a_parser_top.sv:136$83'.
  created $dff cell `$procdff$5536' with positive edge clock.
Creating register for signal `\wire_arch_a_parser_safety.\frame_open_ref' using process `\wire_arch_a_parser_safety.$proc$wire_arch_a_parser_safety.sv:58$8'.
  created $dff cell `$procdff$5537' with positive edge clock.
Creating register for signal `\wire_arch_a_parser_safety.\closed_after_recovery' using process `\wire_arch_a_parser_safety.$proc$wire_arch_a_parser_safety.sv:58$8'.
  created $dff cell `$procdff$5538' with positive edge clock.
Creating register for signal `\wire_arch_a_parser_safety.$past$wire_arch_a_parser_safety.sv:60$2$0' using process `\wire_arch_a_parser_safety.$proc$wire_arch_a_parser_safety.sv:58$8'.
  created $dff cell `$procdff$5539' with positive edge clock.
Creating register for signal `\wire_arch_a_parser_safety.$past$wire_arch_a_parser_safety.sv:62$3$0' using process `\wire_arch_a_parser_safety.$proc$wire_arch_a_parser_safety.sv:58$8'.
  created $dff cell `$procdff$5540' with positive edge clock.
Creating register for signal `\wire_arch_a_parser_safety.$past$wire_arch_a_parser_safety.sv:76$4$0' using process `\wire_arch_a_parser_safety.$proc$wire_arch_a_parser_safety.sv:58$8'.
  created $dff cell `$procdff$5541' with positive edge clock.
Creating register for signal `\wire_arch_a_parser_safety.$past$wire_arch_a_parser_safety.sv:78$5$0' using process `\wire_arch_a_parser_safety.$proc$wire_arch_a_parser_safety.sv:58$8'.
  created $dff cell `$procdff$5542' with positive edge clock.
Creating register for signal `\wire_arch_a_parser_safety.$past$wire_arch_a_parser_safety.sv:83$6$0' using process `\wire_arch_a_parser_safety.$proc$wire_arch_a_parser_safety.sv:58$8'.
  created $dff cell `$procdff$5543' with positive edge clock.

11.3.10. Executing PROC_MEMWR pass (convert process memory writes to cells).

11.3.11. Executing PROC_CLEAN pass (remove empty switches from decision trees).
Found and cleaned up 4 empty switches in `\wire_ingress_buffer.$proc$wire_ingress_buffer.sv:37$810'.
Removing empty process `wire_ingress_buffer.$proc$wire_ingress_buffer.sv:37$810'.
Found and cleaned up 5 empty switches in `\wire_gearbox_64to8.$proc$wire_gearbox_64to8.sv:49$788'.
Removing empty process `wire_gearbox_64to8.$proc$wire_gearbox_64to8.sv:49$788'.
Found and cleaned up 12 empty switches in `\wire_eth_parser.$proc$wire_eth_parser.sv:55$766'.
Removing empty process `wire_eth_parser.$proc$wire_eth_parser.sv:55$766'.
Found and cleaned up 7 empty switches in `\wire_ipv4_parser.$proc$wire_ipv4_parser.sv:102$706'.
Removing empty process `wire_ipv4_parser.$proc$wire_ipv4_parser.sv:102$706'.
Found and cleaned up 16 empty switches in `\wire_ipv4_parser.$proc$wire_ipv4_parser.sv:119$642'.
Removing empty process `wire_ipv4_parser.$proc$wire_ipv4_parser.sv:119$642'.
Found and cleaned up 23 empty switches in `\wire_udp_parser.$proc$wire_udp_parser.sv:66$577'.
Removing empty process `wire_udp_parser.$proc$wire_udp_parser.sv:66$577'.
Found and cleaned up 21 empty switches in `\wire_mold_header_seq.$proc$wire_mold_header_seq.sv:111$527'.
Removing empty process `wire_mold_header_seq.$proc$wire_mold_header_seq.sv:111$527'.
Found and cleaned up 26 empty switches in `\wire_mold_message_framer.$proc$wire_mold_message_framer.sv:112$484'.
Removing empty process `wire_mold_message_framer.$proc$wire_mold_message_framer.sv:112$484'.
Found and cleaned up 1 empty switch in `\wire_itch_decoder.$proc$wire_itch_decoder.sv:112$450'.
Removing empty process `wire_itch_decoder.$proc$wire_itch_decoder.sv:112$450'.
Found and cleaned up 1 empty switch in `\wire_itch_decoder.$proc$wire_itch_decoder.sv:112$445'.
Removing empty process `wire_itch_decoder.$proc$wire_itch_decoder.sv:112$445'.
Found and cleaned up 43 empty switches in `\wire_itch_decoder.$proc$wire_itch_decoder.sv:137$141'.
Removing empty process `wire_itch_decoder.$proc$wire_itch_decoder.sv:137$141'.
Found and cleaned up 8 empty switches in `\wire_arch_a_parser_top.$proc$wire_arch_a_parser_top.sv:136$83'.
Removing empty process `wire_arch_a_parser_top.$proc$wire_arch_a_parser_top.sv:136$83'.
Found and cleaned up 10 empty switches in `\wire_arch_a_parser_safety.$proc$wire_arch_a_parser_safety.sv:58$8'.
Removing empty process `wire_arch_a_parser_safety.$proc$wire_arch_a_parser_safety.sv:58$8'.
Cleaned up 177 empty switches.

11.3.12. Executing OPT_EXPR pass (perform const folding).
Optimizing module wire_ingress_buffer.
<suppressed ~1 debug messages>
Optimizing module wire_gearbox_64to8.
Optimizing module wire_eth_parser.
<suppressed ~6 debug messages>
Optimizing module wire_ipv4_parser.
<suppressed ~26 debug messages>
Optimizing module wire_udp_parser.
<suppressed ~17 debug messages>
Optimizing module wire_mold_header_seq.
<suppressed ~20 debug messages>
Optimizing module wire_mold_message_framer.
<suppressed ~3 debug messages>
Optimizing module wire_itch_decoder.
<suppressed ~49 debug messages>
Optimizing module wire_arch_a_parser_top.
Optimizing module wire_arch_a_parser_safety.
<suppressed ~7 debug messages>

11.4. Executing FUTURE pass.

11.5. Executing OPT_EXPR pass (perform const folding).
Optimizing module wire_ingress_buffer.
Optimizing module wire_gearbox_64to8.
Optimizing module wire_eth_parser.
Optimizing module wire_ipv4_parser.
Optimizing module wire_udp_parser.
Optimizing module wire_mold_header_seq.
Optimizing module wire_mold_message_framer.
Optimizing module wire_itch_decoder.
Optimizing module wire_arch_a_parser_top.
Optimizing module wire_arch_a_parser_safety.

11.6. Executing CHECK pass (checking for obvious problems).
Checking module wire_ingress_buffer...
Checking module wire_gearbox_64to8...
Checking module wire_eth_parser...
Checking module wire_ipv4_parser...
Checking module wire_udp_parser...
Checking module wire_mold_header_seq...
Checking module wire_mold_message_framer...
Checking module wire_itch_decoder...
Checking module wire_arch_a_parser_top...
Checking module wire_arch_a_parser_safety...
Found and reported 0 problems.

11.7. Executing OPT_CLEAN pass (remove unused cells and wires).
Finding unused cells or wires in module \wire_ingress_buffer..
Finding unused cells or wires in module \wire_gearbox_64to8..
Finding unused cells or wires in module \wire_eth_parser..
Finding unused cells or wires in module \wire_ipv4_parser..
Finding unused cells or wires in module \wire_udp_parser..
Finding unused cells or wires in module \wire_mold_header_seq..
Finding unused cells or wires in module \wire_mold_message_framer..
Finding unused cells or wires in module \wire_itch_decoder..
Finding unused cells or wires in module \wire_arch_a_parser_top..
Finding unused cells or wires in module \wire_arch_a_parser_safety..
Removed 596 unused cells and 2196 unused wires.
<suppressed ~608 debug messages>

11.8. Executing OPT pass (performing simple optimizations).

11.8.1. Executing OPT_EXPR pass (perform const folding).
Optimizing module wire_ingress_buffer.
Optimizing module wire_gearbox_64to8.
Optimizing module wire_eth_parser.
Optimizing module wire_ipv4_parser.
Optimizing module wire_udp_parser.
Optimizing module wire_mold_header_seq.
Optimizing module wire_mold_message_framer.
Optimizing module wire_itch_decoder.
Optimizing module wire_arch_a_parser_top.
Optimizing module wire_arch_a_parser_safety.

11.8.2. Executing OPT_MERGE pass (detect identical cells).
Finding identical cells in module `\wire_ingress_buffer'.
Computing hashes of 53 cells of `\wire_ingress_buffer'.
Finding duplicate cells in `\wire_ingress_buffer'.
Finding identical cells in module `\wire_gearbox_64to8'.
Computing hashes of 47 cells of `\wire_gearbox_64to8'.
Finding duplicate cells in `\wire_gearbox_64to8'.
Computing hashes of 46 cells of `\wire_gearbox_64to8'.
Finding duplicate cells in `\wire_gearbox_64to8'.
<suppressed ~3 debug messages>
Finding identical cells in module `\wire_eth_parser'.
Computing hashes of 102 cells of `\wire_eth_parser'.
Finding duplicate cells in `\wire_eth_parser'.
Computing hashes of 85 cells of `\wire_eth_parser'.
Finding duplicate cells in `\wire_eth_parser'.
<suppressed ~51 debug messages>
Finding identical cells in module `\wire_ipv4_parser'.
Computing hashes of 215 cells of `\wire_ipv4_parser'.
Finding duplicate cells in `\wire_ipv4_parser'.
Computing hashes of 193 cells of `\wire_ipv4_parser'.
Finding duplicate cells in `\wire_ipv4_parser'.
<suppressed ~66 debug messages>
Finding identical cells in module `\wire_udp_parser'.
Computing hashes of 231 cells of `\wire_udp_parser'.
Finding duplicate cells in `\wire_udp_parser'.
Computing hashes of 200 cells of `\wire_udp_parser'.
Finding duplicate cells in `\wire_udp_parser'.
<suppressed ~93 debug messages>
Finding identical cells in module `\wire_mold_header_seq'.
Computing hashes of 249 cells of `\wire_mold_header_seq'.
Finding duplicate cells in `\wire_mold_header_seq'.
Computing hashes of 225 cells of `\wire_mold_header_seq'.
Finding duplicate cells in `\wire_mold_header_seq'.
<suppressed ~72 debug messages>
Finding identical cells in module `\wire_mold_message_framer'.
Computing hashes of 212 cells of `\wire_mold_message_framer'.
Finding duplicate cells in `\wire_mold_message_framer'.
Computing hashes of 177 cells of `\wire_mold_message_framer'.
Finding duplicate cells in `\wire_mold_message_framer'.
<suppressed ~105 debug messages>
Finding identical cells in module `\wire_itch_decoder'.
Computing hashes of 607 cells of `\wire_itch_decoder'.
Finding duplicate cells in `\wire_itch_decoder'.
Computing hashes of 419 cells of `\wire_itch_decoder'.
Finding duplicate cells in `\wire_itch_decoder'.
Computing hashes of 416 cells of `\wire_itch_decoder'.
Finding duplicate cells in `\wire_itch_decoder'.
<suppressed ~573 debug messages>
Finding identical cells in module `\wire_arch_a_parser_top'.
Computing hashes of 66 cells of `\wire_arch_a_parser_top'.
Finding duplicate cells in `\wire_arch_a_parser_top'.
Computing hashes of 53 cells of `\wire_arch_a_parser_top'.
Finding duplicate cells in `\wire_arch_a_parser_top'.
Computing hashes of 52 cells of `\wire_arch_a_parser_top'.
Finding duplicate cells in `\wire_arch_a_parser_top'.
Computing hashes of 51 cells of `\wire_arch_a_parser_top'.
Finding duplicate cells in `\wire_arch_a_parser_top'.
<suppressed ~45 debug messages>
Finding identical cells in module `\wire_arch_a_parser_safety'.
Computing hashes of 72 cells of `\wire_arch_a_parser_safety'.
Finding duplicate cells in `\wire_arch_a_parser_safety'.
Computing hashes of 65 cells of `\wire_arch_a_parser_safety'.
Finding duplicate cells in `\wire_arch_a_parser_safety'.
Computing hashes of 63 cells of `\wire_arch_a_parser_safety'.
Finding duplicate cells in `\wire_arch_a_parser_safety'.
<suppressed ~27 debug messages>
Removed a total of 345 cells.

11.8.3. Executing OPT_MUXTREE pass (detect dead branches in mux trees).
Running muxtree optimizer on module \wire_ingress_buffer..
  Creating internal representation of mux trees.
  Evaluating internal representation of mux trees.
  Analyzing evaluation results.
    dead port 1/2 on $mux $procmux$894.
    dead port 1/2 on $mux $procmux$888.
    dead port 1/2 on $mux $procmux$882.
    dead port 1/2 on $mux $procmux$876.
    dead port 1/2 on $mux $procmux$870.
    dead port 1/2 on $mux $procmux$864.
    dead port 1/2 on $mux $procmux$858.
    dead port 1/2 on $mux $procmux$852.
    dead port 1/2 on $mux $procmux$846.
Running muxtree optimizer on module \wire_gearbox_64to8..
  Creating internal representation of mux trees.
  Evaluating internal representation of mux trees.
  Analyzing evaluation results.
    dead port 1/2 on $mux $procmux$955.
    dead port 2/2 on $mux $procmux$952.
Running muxtree optimizer on module \wire_eth_parser..
  Creating internal representation of mux trees.
  Evaluating internal representation of mux trees.
      Replacing known input bits on port A of cell $procmux$1083: \payload_last_q -> 1'0
  Analyzing evaluation results.
Running muxtree optimizer on module \wire_ipv4_parser..
  Creating internal representation of mux trees.
  Evaluating internal representation of mux trees.
      Replacing known input bits on port A of cell $procmux$1669: \payload_last_q -> 1'0
  Analyzing evaluation results.
    dead port 1/2 on $mux $procmux$1491.
    dead port 2/2 on $mux $procmux$1488.
    dead port 1/2 on $mux $procmux$1434.
    dead port 2/2 on $mux $procmux$1431.
    dead port 2/2 on $mux $procmux$1429.
    dead port 1/2 on $mux $procmux$1365.
    dead port 2/2 on $mux $procmux$1362.
    dead port 2/2 on $mux $procmux$1360.
    dead port 1/2 on $mux $procmux$1358.
    dead port 1/2 on $mux $procmux$1275.
    dead port 1/2 on $mux $procmux$1242.
    dead port 1/2 on $mux $procmux$1239.
    dead port 1/2 on $mux $procmux$1233.
    dead port 1/2 on $mux $procmux$1230.
    dead port 1/2 on $mux $procmux$1227.
    dead port 1/2 on $mux $procmux$1221.
    dead port 1/2 on $mux $procmux$1218.
    dead port 1/2 on $mux $procmux$1215.
    dead port 2/2 on $mux $procmux$1212.
    dead port 1/2 on $mux $procmux$1206.
    dead port 1/2 on $mux $procmux$1203.
    dead port 1/2 on $mux $procmux$1200.
    dead port 2/2 on $mux $procmux$1197.
    dead port 1/2 on $mux $procmux$1194.
    dead port 1/2 on $mux $procmux$1188.
    dead port 1/2 on $mux $procmux$1185.
    dead port 1/2 on $mux $procmux$1182.
    dead port 2/2 on $mux $procmux$1179.
    dead port 1/2 on $mux $procmux$1176.
    dead port 1/2 on $mux $procmux$1173.
    dead port 1/2 on $mux $procmux$1533.
Running muxtree optimizer on module \wire_udp_parser..
  Creating internal representation of mux trees.
  Evaluating internal representation of mux trees.
      Replacing known input bits on port A of cell $procmux$2109: \payload_last_q -> 1'0
  Analyzing evaluation results.
    dead port 1/2 on $mux $procmux$1878.
    dead port 1/2 on $mux $procmux$1861.
    dead port 2/2 on $mux $procmux$1858.
    dead port 1/2 on $mux $procmux$1836.
    dead port 2/2 on $mux $procmux$1833.
    dead port 2/2 on $mux $procmux$1831.
    dead port 1/2 on $mux $procmux$1805.
    dead port 2/2 on $mux $procmux$1802.
    dead port 2/2 on $mux $procmux$1800.
    dead port 1/2 on $mux $procmux$1798.
Running muxtree optimizer on module \wire_mold_header_seq..
  Creating internal representation of mux trees.
  Evaluating internal representation of mux trees.
      Replacing known input bits on port A of cell $procmux$2596: \body_last_q -> 1'0
  Analyzing evaluation results.
    dead port 1/2 on $mux $procmux$2384.
    dead port 1/2 on $mux $procmux$2367.
    dead port 2/2 on $mux $procmux$2364.
    dead port 1/2 on $mux $procmux$2342.
    dead port 2/2 on $mux $procmux$2339.
    dead port 2/2 on $mux $procmux$2337.
    dead port 1/2 on $mux $procmux$2311.
    dead port 2/2 on $mux $procmux$2308.
    dead port 2/2 on $mux $procmux$2306.
    dead port 2/2 on $mux $procmux$2304.
Running muxtree optimizer on module \wire_mold_message_framer..
  Creating internal representation of mux trees.
  Evaluating internal representation of mux trees.
  Analyzing evaluation results.
Running muxtree optimizer on module \wire_itch_decoder..
  Creating internal representation of mux trees.
  Evaluating internal representation of mux trees.
      Replacing known input bits on port B of cell $procmux$5292: \recovery_required -> 1'1
      Replacing known input bits on port B of cell $procmux$5255: \recovery_required -> 1'1
      Replacing known input bits on port B of cell $procmux$5261: \recovery_required -> 1'1
      Replacing known input bits on port B of cell $procmux$5266: \recovery_required -> 1'1
      Replacing known input bits on port B of cell $procmux$5271: \recovery_required -> 1'1
      Replacing known input bits on port B of cell $procmux$5276: \recovery_required -> 1'1
      Replacing known input bits on port B of cell $procmux$5281: \recovery_required -> 1'1
      Replacing known input bits on port B of cell $procmux$5286: \recovery_required -> 1'1
      Replacing known input bits on port B of cell $procmux$5240: \recovery_required -> 1'1
      Replacing known input bits on port B of cell $procmux$5235: \recovery_required -> 1'1
      Replacing known input bits on port B of cell $procmux$5313: \recovery_required -> 1'1
  Analyzing evaluation results.
    dead port 1/2 on $mux $procmux$4249.
    dead port 2/2 on $mux $procmux$4246.
    dead port 2/2 on $mux $procmux$4244.
    dead port 1/2 on $mux $procmux$4350.
    dead port 1/2 on $mux $procmux$4340.
    dead port 1/2 on $mux $procmux$4330.
    dead port 1/2 on $mux $procmux$4320.
    dead port 2/2 on $mux $procmux$4317.
    dead port 1/2 on $mux $procmux$4307.
    dead port 2/2 on $mux $procmux$4304.
    dead port 1/2 on $mux $procmux$4294.
    dead port 2/2 on $mux $procmux$4291.
    dead port 1/2 on $mux $procmux$4281.
    dead port 2/2 on $mux $procmux$4278.
    dead port 2/2 on $mux $procmux$4276.
    dead port 1/2 on $mux $procmux$4265.
    dead port 2/2 on $mux $procmux$4262.
    dead port 2/2 on $mux $procmux$4260.
    dead port 1/2 on $mux $ternary$wire_itch_decoder.sv:182$252.
    dead port 1/2 on $mux $ternary$wire_itch_decoder.sv:181$249.
    dead port 1/2 on $mux $ternary$wire_itch_decoder.sv:180$246.
    dead port 1/2 on $mux $ternary$wire_itch_decoder.sv:179$243.
    dead port 1/2 on $mux $ternary$wire_itch_decoder.sv:178$240.
    dead port 1/2 on $mux $ternary$wire_itch_decoder.sv:177$237.
    dead port 1/2 on $mux $ternary$wire_itch_decoder.sv:176$234.
    dead port 1/2 on $mux $ternary$wire_itch_decoder.sv:173$231.
Running muxtree optimizer on module \wire_arch_a_parser_top..
  Creating internal representation of mux trees.
  Evaluating internal representation of mux trees.
  Analyzing evaluation results.
Running muxtree optimizer on module \wire_arch_a_parser_safety..
  Creating internal representation of mux trees.
  Evaluating internal representation of mux trees.
  Analyzing evaluation results.
Removed 88 multiplexer ports.
<suppressed ~2316 debug messages>

11.8.4. Executing OPT_REDUCE pass (consolidate $*mux and $reduce_* inputs).
  Optimizing cells in module \wire_ingress_buffer.
    Consolidated identical input bits for $mux cell $procmux$879:
      Old ports: A=64'0000000000000000000000000000000000000000000000000000000000000000, B=64'1111111111111111111111111111111111111111111111111111111111111111, Y=$procmux$879_Y
      New ports: A=1'0, B=1'1, Y=$procmux$879_Y [0]
      New connections: $procmux$879_Y [63:1] = { $procmux$879_Y [0] $procmux$879_Y [0] $procmux$879_Y [0] $procmux$879_Y [0] $procmux$879_Y [0] $procmux$879_Y [0] $procmux$879_Y [0] $procmux$879_Y [0] $procmux$879_Y [0] $procmux$879_Y [0] $procmux$879_Y [0] $procmux$879_Y [0] $procmux$879_Y [0] $procmux$879_Y [0] $procmux$879_Y [0] $procmux$879_Y [0] $procmux$879_Y [0] $procmux$879_Y [0] $procmux$879_Y [0] $procmux$879_Y [0] $procmux$879_Y [0] $procmux$879_Y [0] $procmux$879_Y [0] $procmux$879_Y [0] $procmux$879_Y [0] $procmux$879_Y [0] $procmux$879_Y [0] $procmux$879_Y [0] $procmux$879_Y [0] $procmux$879_Y [0] $procmux$879_Y [0] $procmux$879_Y [0] $procmux$879_Y [0] $procmux$879_Y [0] $procmux$879_Y [0] $procmux$879_Y [0] $procmux$879_Y [0] $procmux$879_Y [0] $procmux$879_Y [0] $procmux$879_Y [0] $procmux$879_Y [0] $procmux$879_Y [0] $procmux$879_Y [0] $procmux$879_Y [0] $procmux$879_Y [0] $procmux$879_Y [0] $procmux$879_Y [0] $procmux$879_Y [0] $procmux$879_Y [0] $procmux$879_Y [0] $procmux$879_Y [0] $procmux$879_Y [0] $procmux$879_Y [0] $procmux$879_Y [0] $procmux$879_Y [0] $procmux$879_Y [0] $procmux$879_Y [0] $procmux$879_Y [0] $procmux$879_Y [0] $procmux$879_Y [0] $procmux$879_Y [0] $procmux$879_Y [0] $procmux$879_Y [0] }
    Consolidated identical input bits for $mux cell $procmux$861:
      Old ports: A=8'00000000, B=8'11111111, Y=$procmux$861_Y
      New ports: A=1'0, B=1'1, Y=$procmux$861_Y [0]
      New connections: $procmux$861_Y [7:1] = { $procmux$861_Y [0] $procmux$861_Y [0] $procmux$861_Y [0] $procmux$861_Y [0] $procmux$861_Y [0] $procmux$861_Y [0] $procmux$861_Y [0] }
  Optimizing cells in module \wire_ingress_buffer.
    Consolidated identical input bits for $mux cell $procmux$922:
      Old ports: A=$2$memwr$\data_q$wire_ingress_buffer.sv:44$799_EN[63:0]$831, B=64'0000000000000000000000000000000000000000000000000000000000000000, Y=$0$memwr$\data_q$wire_ingress_buffer.sv:44$799_EN[63:0]$813
      New ports: A=$procmux$879_Y [0], B=1'0, Y=$0$memwr$\data_q$wire_ingress_buffer.sv:44$799_EN[63:0]$813 [0]
      New connections: $0$memwr$\data_q$wire_ingress_buffer.sv:44$799_EN[63:0]$813 [63:1] = { $0$memwr$\data_q$wire_ingress_buffer.sv:44$799_EN[63:0]$813 [0] $0$memwr$\data_q$wire_ingress_buffer.sv:44$799_EN[63:0]$813 [0] $0$memwr$\data_q$wire_ingress_buffer.sv:44$799_EN[63:0]$813 [0] $0$memwr$\data_q$wire_ingress_buffer.sv:44$799_EN[63:0]$813 [0] $0$memwr$\data_q$wire_ingress_buffer.sv:44$799_EN[63:0]$813 [0] $0$memwr$\data_q$wire_ingress_buffer.sv:44$799_EN[63:0]$813 [0] $0$memwr$\data_q$wire_ingress_buffer.sv:44$799_EN[63:0]$813 [0] $0$memwr$\data_q$wire_ingress_buffer.sv:44$799_EN[63:0]$813 [0] $0$memwr$\data_q$wire_ingress_buffer.sv:44$799_EN[63:0]$813 [0] $0$memwr$\data_q$wire_ingress_buffer.sv:44$799_EN[63:0]$813 [0] $0$memwr$\data_q$wire_ingress_buffer.sv:44$799_EN[63:0]$813 [0] $0$memwr$\data_q$wire_ingress_buffer.sv:44$799_EN[63:0]$813 [0] $0$memwr$\data_q$wire_ingress_buffer.sv:44$799_EN[63:0]$813 [0] $0$memwr$\data_q$wire_ingress_buffer.sv:44$799_EN[63:0]$813 [0] $0$memwr$\data_q$wire_ingress_buffer.sv:44$799_EN[63:0]$813 [0] $0$memwr$\data_q$wire_ingress_buffer.sv:44$799_EN[63:0]$813 [0] $0$memwr$\data_q$wire_ingress_buffer.sv:44$799_EN[63:0]$813 [0] $0$memwr$\data_q$wire_ingress_buffer.sv:44$799_EN[63:0]$813 [0] $0$memwr$\data_q$wire_ingress_buffer.sv:44$799_EN[63:0]$813 [0] $0$memwr$\data_q$wire_ingress_buffer.sv:44$799_EN[63:0]$813 [0] $0$memwr$\data_q$wire_ingress_buffer.sv:44$799_EN[63:0]$813 [0] $0$memwr$\data_q$wire_ingress_buffer.sv:44$799_EN[63:0]$813 [0] $0$memwr$\data_q$wire_ingress_buffer.sv:44$799_EN[63:0]$813 [0] $0$memwr$\data_q$wire_ingress_buffer.sv:44$799_EN[63:0]$813 [0] $0$memwr$\data_q$wire_ingress_buffer.sv:44$799_EN[63:0]$813 [0] $0$memwr$\data_q$wire_ingress_buffer.sv:44$799_EN[63:0]$813 [0] $0$memwr$\data_q$wire_ingress_buffer.sv:44$799_EN[63:0]$813 [0] $0$memwr$\data_q$wire_ingress_buffer.sv:44$799_EN[63:0]$813 [0] $0$memwr$\data_q$wire_ingress_buffer.sv:44$799_EN[63:0]$813 [0] $0$memwr$\data_q$wire_ingress_buffer.sv:44$799_EN[63:0]$813 [0] $0$memwr$\data_q$wire_ingress_buffer.sv:44$799_EN[63:0]$813 [0] $0$memwr$\data_q$wire_ingress_buffer.sv:44$799_EN[63:0]$813 [0] $0$memwr$\data_q$wire_ingress_buffer.sv:44$799_EN[63:0]$813 [0] $0$memwr$\data_q$wire_ingress_buffer.sv:44$799_EN[63:0]$813 [0] $0$memwr$\data_q$wire_ingress_buffer.sv:44$799_EN[63:0]$813 [0] $0$memwr$\data_q$wire_ingress_buffer.sv:44$799_EN[63:0]$813 [0] $0$memwr$\data_q$wire_ingress_buffer.sv:44$799_EN[63:0]$813 [0] $0$memwr$\data_q$wire_ingress_buffer.sv:44$799_EN[63:0]$813 [0] $0$memwr$\data_q$wire_ingress_buffer.sv:44$799_EN[63:0]$813 [0] $0$memwr$\data_q$wire_ingress_buffer.sv:44$799_EN[63:0]$813 [0] $0$memwr$\data_q$wire_ingress_buffer.sv:44$799_EN[63:0]$813 [0] $0$memwr$\data_q$wire_ingress_buffer.sv:44$799_EN[63:0]$813 [0] $0$memwr$\data_q$wire_ingress_buffer.sv:44$799_EN[63:0]$813 [0] $0$memwr$\data_q$wire_ingress_buffer.sv:44$799_EN[63:0]$813 [0] $0$memwr$\data_q$wire_ingress_buffer.sv:44$799_EN[63:0]$813 [0] $0$memwr$\data_q$wire_ingress_buffer.sv:44$799_EN[63:0]$813 [0] $0$memwr$\data_q$wire_ingress_buffer.sv:44$799_EN[63:0]$813 [0] $0$memwr$\data_q$wire_ingress_buffer.sv:44$799_EN[63:0]$813 [0] $0$memwr$\data_q$wire_ingress_buffer.sv:44$799_EN[63:0]$813 [0] $0$memwr$\data_q$wire_ingress_buffer.sv:44$799_EN[63:0]$813 [0] $0$memwr$\data_q$wire_ingress_buffer.sv:44$799_EN[63:0]$813 [0] $0$memwr$\data_q$wire_ingress_buffer.sv:44$799_EN[63:0]$813 [0] $0$memwr$\data_q$wire_ingress_buffer.sv:44$799_EN[63:0]$813 [0] $0$memwr$\data_q$wire_ingress_buffer.sv:44$799_EN[63:0]$813 [0] $0$memwr$\data_q$wire_ingress_buffer.sv:44$799_EN[63:0]$813 [0] $0$memwr$\data_q$wire_ingress_buffer.sv:44$799_EN[63:0]$813 [0] $0$memwr$\data_q$wire_ingress_buffer.sv:44$799_EN[63:0]$813 [0] $0$memwr$\data_q$wire_ingress_buffer.sv:44$799_EN[63:0]$813 [0] $0$memwr$\data_q$wire_ingress_buffer.sv:44$799_EN[63:0]$813 [0] $0$memwr$\data_q$wire_ingress_buffer.sv:44$799_EN[63:0]$813 [0] $0$memwr$\data_q$wire_ingress_buffer.sv:44$799_EN[63:0]$813 [0] $0$memwr$\data_q$wire_ingress_buffer.sv:44$799_EN[63:0]$813 [0] $0$memwr$\data_q$wire_ingress_buffer.sv:44$799_EN[63:0]$813 [0] }
    Consolidated identical input bits for $mux cell $procmux$913:
      Old ports: A=$2$memwr$\keep_q$wire_ingress_buffer.sv:45$800_EN[7:0]$834, B=8'00000000, Y=$0$memwr$\keep_q$wire_ingress_buffer.sv:45$800_EN[7:0]$816
      New ports: A=$procmux$861_Y [0], B=1'0, Y=$0$memwr$\keep_q$wire_ingress_buffer.sv:45$800_EN[7:0]$816 [0]
      New connections: $0$memwr$\keep_q$wire_ingress_buffer.sv:45$800_EN[7:0]$816 [7:1] = { $0$memwr$\keep_q$wire_ingress_buffer.sv:45$800_EN[7:0]$816 [0] $0$memwr$\keep_q$wire_ingress_buffer.sv:45$800_EN[7:0]$816 [0] $0$memwr$\keep_q$wire_ingress_buffer.sv:45$800_EN[7:0]$816 [0] $0$memwr$\keep_q$wire_ingress_buffer.sv:45$800_EN[7:0]$816 [0] $0$memwr$\keep_q$wire_ingress_buffer.sv:45$800_EN[7:0]$816 [0] $0$memwr$\keep_q$wire_ingress_buffer.sv:45$800_EN[7:0]$816 [0] $0$memwr$\keep_q$wire_ingress_buffer.sv:45$800_EN[7:0]$816 [0] }
  Optimizing cells in module \wire_ingress_buffer.
  Optimizing cells in module \wire_gearbox_64to8.
  Optimizing cells in module \wire_eth_parser.
  Optimizing cells in module \wire_eth_parser.
  Optimizing cells in module \wire_ipv4_parser.
  Optimizing cells in module \wire_ipv4_parser.
  Optimizing cells in module \wire_udp_parser.
  Optimizing cells in module \wire_udp_parser.
  Optimizing cells in module \wire_mold_header_seq.
  Optimizing cells in module \wire_mold_header_seq.
  Optimizing cells in module \wire_mold_message_framer.
    New ctrl vector for $pmux cell $procmux$3131: { $auto$opt_reduce.cc:137:opt_pmux$5549 $procmux$3134_CMP $procmux$3135_CMP }
    New ctrl vector for $pmux cell $procmux$3047: $auto$opt_reduce.cc:137:opt_pmux$5551
    New ctrl vector for $pmux cell $procmux$2868: $auto$opt_reduce.cc:137:opt_pmux$5553
  Optimizing cells in module \wire_mold_message_framer.
  Optimizing cells in module \wire_itch_decoder.
    Consolidated identical input bits for $mux cell $procmux$4242:
      Old ports: A=8'00000000, B=8'11111111, Y=$procmux$4242_Y
      New ports: A=1'0, B=1'1, Y=$procmux$4242_Y [0]
      New connections: $procmux$4242_Y [7:1] = { $procmux$4242_Y [0] $procmux$4242_Y [0] $procmux$4242_Y [0] $procmux$4242_Y [0] $procmux$4242_Y [0] $procmux$4242_Y [0] $procmux$4242_Y [0] }
    New ctrl vector for $pmux cell $procmux$5158: $auto$opt_reduce.cc:137:opt_pmux$5555
    New ctrl vector for $pmux cell $procmux$4678: $auto$opt_reduce.cc:137:opt_pmux$5557
    New ctrl vector for $pmux cell $procmux$4754: { $procmux$4622_CMP $auto$opt_reduce.cc:137:opt_pmux$5559 }
    New ctrl vector for $pmux cell $procmux$3199: { $procmux$4931_CMP $procmux$4936_CMP $procmux$4941_CMP $procmux$4946_CMP $auto$opt_reduce.cc:137:opt_pmux$5561 $procmux$4951_CMP $procmux$4956_CMP }
    New ctrl vector for $pmux cell $procmux$4621: $auto$opt_reduce.cc:137:opt_pmux$5563
    New ctrl vector for $pmux cell $procmux$3189: { $procmux$4931_CMP $procmux$4936_CMP $procmux$4941_CMP $procmux$4946_CMP $auto$opt_reduce.cc:137:opt_pmux$5565 $procmux$4951_CMP $procmux$4956_CMP }
    New ctrl vector for $pmux cell $procmux$4811: $auto$opt_reduce.cc:137:opt_pmux$5567
  Optimizing cells in module \wire_itch_decoder.
    Consolidated identical input bits for $mux cell $procmux$4289:
      Old ports: A=8'00000000, B=$4$memwr$\bytes_q$wire_itch_decoder.sv:167$122_EN[7:0]$213, Y=$procmux$4289_Y
      New ports: A=1'0, B=$procmux$4242_Y [0], Y=$procmux$4289_Y [0]
      New connections: $procmux$4289_Y [7:1] = { $procmux$4289_Y [0] $procmux$4289_Y [0] $procmux$4289_Y [0] $procmux$4289_Y [0] $procmux$4289_Y [0] $procmux$4289_Y [0] $procmux$4289_Y [0] }
  Optimizing cells in module \wire_itch_decoder.
    Consolidated identical input bits for $mux cell $procmux$4327:
      Old ports: A=8'00000000, B=$3$memwr$\bytes_q$wire_itch_decoder.sv:167$122_EN[7:0]$209, Y=$procmux$4327_Y
      New ports: A=1'0, B=$procmux$4289_Y [0], Y=$procmux$4327_Y [0]
      New connections: $procmux$4327_Y [7:1] = { $procmux$4327_Y [0] $procmux$4327_Y [0] $procmux$4327_Y [0] $procmux$4327_Y [0] $procmux$4327_Y [0] $procmux$4327_Y [0] $procmux$4327_Y [0] }
  Optimizing cells in module \wire_itch_decoder.
    Consolidated identical input bits for $mux cell $procmux$4506:
      Old ports: A=$2$memwr$\bytes_q$wire_itch_decoder.sv:167$122_EN[7:0]$203, B=8'00000000, Y=$0$memwr$\bytes_q$wire_itch_decoder.sv:167$122_EN[7:0]$161
      New ports: A=$procmux$4327_Y [0], B=1'0, Y=$0$memwr$\bytes_q$wire_itch_decoder.sv:167$122_EN[7:0]$161 [0]
      New connections: $0$memwr$\bytes_q$wire_itch_decoder.sv:167$122_EN[7:0]$161 [7:1] = { $0$memwr$\bytes_q$wire_itch_decoder.sv:167$122_EN[7:0]$161 [0] $0$memwr$\bytes_q$wire_itch_decoder.sv:167$122_EN[7:0]$161 [0] $0$memwr$\bytes_q$wire_itch_decoder.sv:167$122_EN[7:0]$161 [0] $0$memwr$\bytes_q$wire_itch_decoder.sv:167$122_EN[7:0]$161 [0] $0$memwr$\bytes_q$wire_itch_decoder.sv:167$122_EN[7:0]$161 [0] $0$memwr$\bytes_q$wire_itch_decoder.sv:167$122_EN[7:0]$161 [0] $0$memwr$\bytes_q$wire_itch_decoder.sv:167$122_EN[7:0]$161 [0] }
  Optimizing cells in module \wire_itch_decoder.
  Optimizing cells in module \wire_arch_a_parser_top.
  Optimizing cells in module \wire_arch_a_parser_safety.
Performed a total of 33 changes.

11.8.5. Executing OPT_MERGE pass (detect identical cells).
Finding identical cells in module `\wire_ingress_buffer'.
Computing hashes of 44 cells of `\wire_ingress_buffer'.
Finding duplicate cells in `\wire_ingress_buffer'.
Computing hashes of 40 cells of `\wire_ingress_buffer'.
Finding duplicate cells in `\wire_ingress_buffer'.
Computing hashes of 36 cells of `\wire_ingress_buffer'.
Finding duplicate cells in `\wire_ingress_buffer'.
<suppressed ~24 debug messages>
Finding identical cells in module `\wire_gearbox_64to8'.
Computing hashes of 44 cells of `\wire_gearbox_64to8'.
Finding duplicate cells in `\wire_gearbox_64to8'.
Finding identical cells in module `\wire_eth_parser'.
Computing hashes of 84 cells of `\wire_eth_parser'.
Finding duplicate cells in `\wire_eth_parser'.
Computing hashes of 82 cells of `\wire_eth_parser'.
Finding duplicate cells in `\wire_eth_parser'.
<suppressed ~6 debug messages>
Finding identical cells in module `\wire_ipv4_parser'.
Computing hashes of 161 cells of `\wire_ipv4_parser'.
Finding duplicate cells in `\wire_ipv4_parser'.
Finding identical cells in module `\wire_udp_parser'.
Computing hashes of 189 cells of `\wire_udp_parser'.
Finding duplicate cells in `\wire_udp_parser'.
Computing hashes of 181 cells of `\wire_udp_parser'.
Finding duplicate cells in `\wire_udp_parser'.
<suppressed ~24 debug messages>
Finding identical cells in module `\wire_mold_header_seq'.
Computing hashes of 214 cells of `\wire_mold_header_seq'.
Finding duplicate cells in `\wire_mold_header_seq'.
Computing hashes of 204 cells of `\wire_mold_header_seq'.
Finding duplicate cells in `\wire_mold_header_seq'.
<suppressed ~30 debug messages>
Finding identical cells in module `\wire_mold_message_framer'.
Computing hashes of 180 cells of `\wire_mold_message_framer'.
Finding duplicate cells in `\wire_mold_message_framer'.
Computing hashes of 176 cells of `\wire_mold_message_framer'.
Finding duplicate cells in `\wire_mold_message_framer'.
<suppressed ~12 debug messages>
Finding identical cells in module `\wire_itch_decoder'.
Computing hashes of 386 cells of `\wire_itch_decoder'.
Finding duplicate cells in `\wire_itch_decoder'.
Computing hashes of 362 cells of `\wire_itch_decoder'.
Finding duplicate cells in `\wire_itch_decoder'.
Computing hashes of 358 cells of `\wire_itch_decoder'.
Finding duplicate cells in `\wire_itch_decoder'.
Computing hashes of 357 cells of `\wire_itch_decoder'.
Finding duplicate cells in `\wire_itch_decoder'.
Computing hashes of 356 cells of `\wire_itch_decoder'.
Finding duplicate cells in `\wire_itch_decoder'.
Computing hashes of 355 cells of `\wire_itch_decoder'.
Finding duplicate cells in `\wire_itch_decoder'.
<suppressed ~93 debug messages>
Finding identical cells in module `\wire_arch_a_parser_top'.
Computing hashes of 51 cells of `\wire_arch_a_parser_top'.
Finding duplicate cells in `\wire_arch_a_parser_top'.
Finding identical cells in module `\wire_arch_a_parser_safety'.
Computing hashes of 63 cells of `\wire_arch_a_parser_safety'.
Finding duplicate cells in `\wire_arch_a_parser_safety'.
Computing hashes of 59 cells of `\wire_arch_a_parser_safety'.
Finding duplicate cells in `\wire_arch_a_parser_safety'.
Computing hashes of 56 cells of `\wire_arch_a_parser_safety'.
Finding duplicate cells in `\wire_arch_a_parser_safety'.
<suppressed ~21 debug messages>
Removed a total of 70 cells.

11.8.6. Executing OPT_CLEAN pass (remove unused cells and wires).
Finding unused cells or wires in module \wire_ingress_buffer..
Finding unused cells or wires in module \wire_gearbox_64to8..
Finding unused cells or wires in module \wire_eth_parser..
Finding unused cells or wires in module \wire_ipv4_parser..
Finding unused cells or wires in module \wire_udp_parser..
Finding unused cells or wires in module \wire_mold_header_seq..
Finding unused cells or wires in module \wire_mold_message_framer..
Finding unused cells or wires in module \wire_itch_decoder..
Finding unused cells or wires in module \wire_arch_a_parser_top..
Finding unused cells or wires in module \wire_arch_a_parser_safety..
Removed 0 unused cells and 514 unused wires.
<suppressed ~10 debug messages>

11.8.7. Executing OPT_EXPR pass (perform const folding).
Optimizing module wire_ingress_buffer.
Optimizing module wire_gearbox_64to8.
Optimizing module wire_eth_parser.
Optimizing module wire_ipv4_parser.
Optimizing module wire_udp_parser.
<suppressed ~2 debug messages>
Optimizing module wire_mold_header_seq.
Optimizing module wire_mold_message_framer.
<suppressed ~1 debug messages>
Optimizing module wire_itch_decoder.
Optimizing module wire_arch_a_parser_top.
Optimizing module wire_arch_a_parser_safety.

11.8.8. Rerunning OPT passes. (Maybe there is more to do..)

11.8.9. Executing OPT_MUXTREE pass (detect dead branches in mux trees).
Running muxtree optimizer on module \wire_ingress_buffer..
  Creating internal representation of mux trees.
  Evaluating internal representation of mux trees.
  Analyzing evaluation results.
Running muxtree optimizer on module \wire_gearbox_64to8..
  Creating internal representation of mux trees.
  Evaluating internal representation of mux trees.
  Analyzing evaluation results.
Running muxtree optimizer on module \wire_eth_parser..
  Creating internal representation of mux trees.
  Evaluating internal representation of mux trees.
  Analyzing evaluation results.
Running muxtree optimizer on module \wire_ipv4_parser..
  Creating internal representation of mux trees.
  Evaluating internal representation of mux trees.
  Analyzing evaluation results.
Running muxtree optimizer on module \wire_udp_parser..
  Creating internal representation of mux trees.
  Evaluating internal representation of mux trees.
  Analyzing evaluation results.
Running muxtree optimizer on module \wire_mold_header_seq..
  Creating internal representation of mux trees.
  Evaluating internal representation of mux trees.
  Analyzing evaluation results.
Running muxtree optimizer on module \wire_mold_message_framer..
  Creating internal representation of mux trees.
  Evaluating internal representation of mux trees.
  Analyzing evaluation results.
Running muxtree optimizer on module \wire_itch_decoder..
  Creating internal representation of mux trees.
  Evaluating internal representation of mux trees.
  Analyzing evaluation results.
Running muxtree optimizer on module \wire_arch_a_parser_top..
  Creating internal representation of mux trees.
  Evaluating internal representation of mux trees.
  Analyzing evaluation results.
Running muxtree optimizer on module \wire_arch_a_parser_safety..
  Creating internal representation of mux trees.
  Evaluating internal representation of mux trees.
  Analyzing evaluation results.
Removed 0 multiplexer ports.
<suppressed ~1989 debug messages>

11.8.10. Executing OPT_REDUCE pass (consolidate $*mux and $reduce_* inputs).
  Optimizing cells in module \wire_ingress_buffer.
  Optimizing cells in module \wire_gearbox_64to8.
  Optimizing cells in module \wire_eth_parser.
  Optimizing cells in module \wire_ipv4_parser.
  Optimizing cells in module \wire_udp_parser.
  Optimizing cells in module \wire_mold_header_seq.
  Optimizing cells in module \wire_mold_message_framer.
    New ctrl vector for $pmux cell $procmux$3075: $auto$opt_reduce.cc:137:opt_pmux$5569
    New ctrl vector for $pmux cell $procmux$2896: $auto$opt_reduce.cc:137:opt_pmux$5571
  Optimizing cells in module \wire_mold_message_framer.
  Optimizing cells in module \wire_itch_decoder.
  Optimizing cells in module \wire_arch_a_parser_top.
  Optimizing cells in module \wire_arch_a_parser_safety.
Performed a total of 2 changes.

11.8.11. Executing OPT_MERGE pass (detect identical cells).
Finding identical cells in module `\wire_ingress_buffer'.
Computing hashes of 36 cells of `\wire_ingress_buffer'.
Finding duplicate cells in `\wire_ingress_buffer'.
Finding identical cells in module `\wire_gearbox_64to8'.
Computing hashes of 44 cells of `\wire_gearbox_64to8'.
Finding duplicate cells in `\wire_gearbox_64to8'.
Finding identical cells in module `\wire_eth_parser'.
Computing hashes of 82 cells of `\wire_eth_parser'.
Finding duplicate cells in `\wire_eth_parser'.
Finding identical cells in module `\wire_ipv4_parser'.
Computing hashes of 161 cells of `\wire_ipv4_parser'.
Finding duplicate cells in `\wire_ipv4_parser'.
Finding identical cells in module `\wire_udp_parser'.
Computing hashes of 179 cells of `\wire_udp_parser'.
Finding duplicate cells in `\wire_udp_parser'.
Finding identical cells in module `\wire_mold_header_seq'.
Computing hashes of 204 cells of `\wire_mold_header_seq'.
Finding duplicate cells in `\wire_mold_header_seq'.
Finding identical cells in module `\wire_mold_message_framer'.
Computing hashes of 177 cells of `\wire_mold_message_framer'.
Finding duplicate cells in `\wire_mold_message_framer'.
Computing hashes of 176 cells of `\wire_mold_message_framer'.
Finding duplicate cells in `\wire_mold_message_framer'.
<suppressed ~3 debug messages>
Finding identical cells in module `\wire_itch_decoder'.
Computing hashes of 355 cells of `\wire_itch_decoder'.
Finding duplicate cells in `\wire_itch_decoder'.
Finding identical cells in module `\wire_arch_a_parser_top'.
Computing hashes of 51 cells of `\wire_arch_a_parser_top'.
Finding duplicate cells in `\wire_arch_a_parser_top'.
Finding identical cells in module `\wire_arch_a_parser_safety'.
Computing hashes of 56 cells of `\wire_arch_a_parser_safety'.
Finding duplicate cells in `\wire_arch_a_parser_safety'.
Removed a total of 1 cells.

11.8.12. Executing OPT_CLEAN pass (remove unused cells and wires).
Finding unused cells or wires in module \wire_ingress_buffer..
Finding unused cells or wires in module \wire_gearbox_64to8..
Finding unused cells or wires in module \wire_eth_parser..
Finding unused cells or wires in module \wire_ipv4_parser..
Finding unused cells or wires in module \wire_udp_parser..
Finding unused cells or wires in module \wire_mold_header_seq..
Finding unused cells or wires in module \wire_mold_message_framer..
Finding unused cells or wires in module \wire_itch_decoder..
Finding unused cells or wires in module \wire_arch_a_parser_top..
Finding unused cells or wires in module \wire_arch_a_parser_safety..
Removed 0 unused cells and 4 unused wires.
<suppressed ~2 debug messages>

11.8.13. Executing OPT_EXPR pass (perform const folding).
Optimizing module wire_ingress_buffer.
Optimizing module wire_gearbox_64to8.
Optimizing module wire_eth_parser.
Optimizing module wire_ipv4_parser.
Optimizing module wire_udp_parser.
Optimizing module wire_mold_header_seq.
Optimizing module wire_mold_message_framer.
Optimizing module wire_itch_decoder.
Optimizing module wire_arch_a_parser_top.
Optimizing module wire_arch_a_parser_safety.

11.8.14. Rerunning OPT passes. (Maybe there is more to do..)

11.8.15. Executing OPT_MUXTREE pass (detect dead branches in mux trees).
Running muxtree optimizer on module \wire_ingress_buffer..
  Creating internal representation of mux trees.
  Evaluating internal representation of mux trees.
  Analyzing evaluation results.
Running muxtree optimizer on module \wire_gearbox_64to8..
  Creating internal representation of mux trees.
  Evaluating internal representation of mux trees.
  Analyzing evaluation results.
Running muxtree optimizer on module \wire_eth_parser..
  Creating internal representation of mux trees.
  Evaluating internal representation of mux trees.
  Analyzing evaluation results.
Running muxtree optimizer on module \wire_ipv4_parser..
  Creating internal representation of mux trees.
  Evaluating internal representation of mux trees.
  Analyzing evaluation results.
Running muxtree optimizer on module \wire_udp_parser..
  Creating internal representation of mux trees.
  Evaluating internal representation of mux trees.
  Analyzing evaluation results.
Running muxtree optimizer on module \wire_mold_header_seq..
  Creating internal representation of mux trees.
  Evaluating internal representation of mux trees.
  Analyzing evaluation results.
Running muxtree optimizer on module \wire_mold_message_framer..
  Creating internal representation of mux trees.
  Evaluating internal representation of mux trees.
  Analyzing evaluation results.
Running muxtree optimizer on module \wire_itch_decoder..
  Creating internal representation of mux trees.
  Evaluating internal representation of mux trees.
  Analyzing evaluation results.
Running muxtree optimizer on module \wire_arch_a_parser_top..
  Creating internal representation of mux trees.
  Evaluating internal representation of mux trees.
  Analyzing evaluation results.
Running muxtree optimizer on module \wire_arch_a_parser_safety..
  Creating internal representation of mux trees.
  Evaluating internal representation of mux trees.
  Analyzing evaluation results.
Removed 0 multiplexer ports.
<suppressed ~2085 debug messages>

11.8.16. Executing OPT_REDUCE pass (consolidate $*mux and $reduce_* inputs).
  Optimizing cells in module \wire_ingress_buffer.
  Optimizing cells in module \wire_gearbox_64to8.
  Optimizing cells in module \wire_eth_parser.
  Optimizing cells in module \wire_ipv4_parser.
  Optimizing cells in module \wire_udp_parser.
  Optimizing cells in module \wire_mold_header_seq.
  Optimizing cells in module \wire_mold_message_framer.
  Optimizing cells in module \wire_itch_decoder.
  Optimizing cells in module \wire_arch_a_parser_top.
  Optimizing cells in module \wire_arch_a_parser_safety.
Performed a total of 0 changes.

11.8.17. Executing OPT_MERGE pass (detect identical cells).
Finding identical cells in module `\wire_ingress_buffer'.
Computing hashes of 36 cells of `\wire_ingress_buffer'.
Finding duplicate cells in `\wire_ingress_buffer'.
Finding identical cells in module `\wire_gearbox_64to8'.
Computing hashes of 44 cells of `\wire_gearbox_64to8'.
Finding duplicate cells in `\wire_gearbox_64to8'.
Finding identical cells in module `\wire_eth_parser'.
Computing hashes of 82 cells of `\wire_eth_parser'.
Finding duplicate cells in `\wire_eth_parser'.
Finding identical cells in module `\wire_ipv4_parser'.
Computing hashes of 161 cells of `\wire_ipv4_parser'.
Finding duplicate cells in `\wire_ipv4_parser'.
Finding identical cells in module `\wire_udp_parser'.
Computing hashes of 179 cells of `\wire_udp_parser'.
Finding duplicate cells in `\wire_udp_parser'.
Finding identical cells in module `\wire_mold_header_seq'.
Computing hashes of 204 cells of `\wire_mold_header_seq'.
Finding duplicate cells in `\wire_mold_header_seq'.
Finding identical cells in module `\wire_mold_message_framer'.
Computing hashes of 176 cells of `\wire_mold_message_framer'.
Finding duplicate cells in `\wire_mold_message_framer'.
Finding identical cells in module `\wire_itch_decoder'.
Computing hashes of 355 cells of `\wire_itch_decoder'.
Finding duplicate cells in `\wire_itch_decoder'.
Finding identical cells in module `\wire_arch_a_parser_top'.
Computing hashes of 51 cells of `\wire_arch_a_parser_top'.
Finding duplicate cells in `\wire_arch_a_parser_top'.
Finding identical cells in module `\wire_arch_a_parser_safety'.
Computing hashes of 56 cells of `\wire_arch_a_parser_safety'.
Finding duplicate cells in `\wire_arch_a_parser_safety'.
Removed a total of 0 cells.

11.8.18. Executing OPT_CLEAN pass (remove unused cells and wires).
Finding unused cells or wires in module \wire_ingress_buffer..
Finding unused cells or wires in module \wire_gearbox_64to8..
Finding unused cells or wires in module \wire_eth_parser..
Finding unused cells or wires in module \wire_ipv4_parser..
Finding unused cells or wires in module \wire_udp_parser..
Finding unused cells or wires in module \wire_mold_header_seq..
Finding unused cells or wires in module \wire_mold_message_framer..
Finding unused cells or wires in module \wire_itch_decoder..
Finding unused cells or wires in module \wire_arch_a_parser_top..
Finding unused cells or wires in module \wire_arch_a_parser_safety..

11.8.19. Executing OPT_EXPR pass (perform const folding).
Optimizing module wire_ingress_buffer.
Optimizing module wire_gearbox_64to8.
Optimizing module wire_eth_parser.
Optimizing module wire_ipv4_parser.
Optimizing module wire_udp_parser.
Optimizing module wire_mold_header_seq.
Optimizing module wire_mold_message_framer.
Optimizing module wire_itch_decoder.
Optimizing module wire_arch_a_parser_top.
Optimizing module wire_arch_a_parser_safety.

11.8.20. Finished fast OPT passes. (There is nothing left to do.)

11.9. Executing WREDUCE pass (reducing word size of cells).
Removed top 1 bits (of 2) from port B of cell wire_ingress_buffer.$add$wire_ingress_buffer.sv:54$840 ($add).
Removed top 1 bits (of 2) from port B of cell wire_ingress_buffer.$sub$wire_ingress_buffer.sv:55$841 ($sub).
Removed top 1 bits (of 2) from port B of cell wire_ingress_buffer.$procmux$898_CMP0 ($eq).
Removed top 3 bits (of 4) from port B of cell wire_gearbox_64to8.$sub$wire_gearbox_64to8.sv:38$776 ($sub).
Removed top 1 bits (of 4) from port A of cell wire_gearbox_64to8.$eq$wire_gearbox_64to8.sv:38$777 ($eq).
Removed top 28 bits (of 32) from port B of cell wire_gearbox_64to8.$mul$wire_gearbox_64to8.sv:42$780 ($mul).
Removed top 25 bits (of 32) from port Y of cell wire_gearbox_64to8.$mul$wire_gearbox_64to8.sv:42$780 ($mul).
Removed top 25 bits (of 32) from port A of cell wire_gearbox_64to8.$add$wire_gearbox_64to8.sv:42$781 ($add).
Removed top 31 bits (of 32) from port B of cell wire_gearbox_64to8.$add$wire_gearbox_64to8.sv:42$781 ($add).
Removed top 24 bits (of 32) from port Y of cell wire_gearbox_64to8.$add$wire_gearbox_64to8.sv:42$781 ($add).
Removed top 23 bits (of 32) from port B of cell wire_gearbox_64to8.$shiftx$wire_gearbox_64to8.sv:42$782 ($shiftx).
Removed top 2 bits (of 3) from port B of cell wire_gearbox_64to8.$add$wire_gearbox_64to8.sv:68$798 ($add).
Removed top 1 bits (of 8) from port B of cell wire_gearbox_64to8.$procmux$945_CMP0 ($eq).
Removed top 2 bits (of 8) from port B of cell wire_gearbox_64to8.$procmux$946_CMP0 ($eq).
Removed top 3 bits (of 8) from port B of cell wire_gearbox_64to8.$procmux$947_CMP0 ($eq).
Removed top 4 bits (of 8) from port B of cell wire_gearbox_64to8.$procmux$948_CMP0 ($eq).
Removed top 5 bits (of 8) from port B of cell wire_gearbox_64to8.$procmux$949_CMP0 ($eq).
Removed top 6 bits (of 8) from port B of cell wire_gearbox_64to8.$procmux$950_CMP0 ($eq).
Removed top 7 bits (of 8) from port B of cell wire_gearbox_64to8.$procmux$951_CMP0 ($eq).
Removed top 24 bits (of 32) from wire wire_gearbox_64to8.$add$wire_gearbox_64to8.sv:42$781_Y.
Removed top 25 bits (of 32) from wire wire_gearbox_64to8.$mul$wire_gearbox_64to8.sv:42$780_Y.
Removed top 4 bits (of 16) from port B of cell wire_eth_parser.$eq$wire_eth_parser.sv:94$773 ($eq).
Removed top 3 bits (of 4) from port B of cell wire_eth_parser.$add$wire_eth_parser.sv:110$774 ($add).
Removed top 1 bits (of 2) from port B of cell wire_eth_parser.$procmux$1107_CMP0 ($eq).
Removed top 1 bits (of 2) from mux cell wire_eth_parser.$procmux$1150 ($mux).
Removed top 1 bits (of 2) from wire wire_eth_parser.$procmux$1150_Y.
Removed top 1 bits (of 3) from mux cell wire_ipv4_parser.$ternary$wire_ipv4_parser.sv:137$653 ($mux).
Removed top 28 bits (of 32) from port B of cell wire_ipv4_parser.$mul$wire_ipv4_parser.sv:155$675 ($mul).
Removed top 23 bits (of 32) from port Y of cell wire_ipv4_parser.$mul$wire_ipv4_parser.sv:155$675 ($mul).
Removed top 24 bits (of 32) from port A of cell wire_ipv4_parser.$sub$wire_ipv4_parser.sv:155$676 ($sub).
Removed top 23 bits (of 32) from port B of cell wire_ipv4_parser.$sub$wire_ipv4_parser.sv:155$676 ($sub).
Removed top 22 bits (of 32) from port Y of cell wire_ipv4_parser.$sub$wire_ipv4_parser.sv:155$676 ($sub).
Converting cell wire_ipv4_parser.$add$wire_ipv4_parser.sv:155$677 ($add) from unsigned to signed.
Removed top 22 bits (of 32) from port A of cell wire_ipv4_parser.$add$wire_ipv4_parser.sv:155$677 ($add).
Removed top 30 bits (of 32) from port B of cell wire_ipv4_parser.$add$wire_ipv4_parser.sv:155$677 ($add).
Removed top 21 bits (of 32) from port Y of cell wire_ipv4_parser.$add$wire_ipv4_parser.sv:155$677 ($add).
Converting cell wire_ipv4_parser.$sub$wire_ipv4_parser.sv:155$678 ($sub) from unsigned to signed.
Removed top 21 bits (of 32) from port A of cell wire_ipv4_parser.$sub$wire_ipv4_parser.sv:155$678 ($sub).
Removed top 27 bits (of 32) from port B of cell wire_ipv4_parser.$sub$wire_ipv4_parser.sv:155$678 ($sub).
Removed top 20 bits (of 32) from port Y of cell wire_ipv4_parser.$sub$wire_ipv4_parser.sv:155$678 ($sub).
Converting cell wire_ipv4_parser.$neg$wire_ipv4_parser.sv:155$683 ($neg) from signed to unsigned.
Removed top 1 bits (of 33) from port A of cell wire_ipv4_parser.$neg$wire_ipv4_parser.sv:155$683 ($neg).
Removed top 4 bits (of 5) from port B of cell wire_ipv4_parser.$add$wire_ipv4_parser.sv:156$686 ($add).
Removed top 11 bits (of 16) from port B of cell wire_ipv4_parser.$eq$wire_ipv4_parser.sv:160$690 ($eq).
Removed top 11 bits (of 16) from port B of cell wire_ipv4_parser.$sub$wire_ipv4_parser.sv:169$691 ($sub).
Removed top 2 bits (of 4) from port B of cell wire_ipv4_parser.$eq$wire_ipv4_parser.sv:91$692 ($eq).
Removed top 2 bits (of 4) from port B of cell wire_ipv4_parser.$eq$wire_ipv4_parser.sv:92$693 ($eq).
Removed top 1 bits (of 4) from port B of cell wire_ipv4_parser.$eq$wire_ipv4_parser.sv:93$695 ($eq).
Removed top 1 bits (of 4) from port B of cell wire_ipv4_parser.$eq$wire_ipv4_parser.sv:94$697 ($eq).
Removed top 15 bits (of 16) from port B of cell wire_ipv4_parser.$gt$wire_ipv4_parser.sv:183$701 ($gt).
Removed top 15 bits (of 16) from port B of cell wire_ipv4_parser.$eq$wire_ipv4_parser.sv:189$703 ($eq).
Removed top 15 bits (of 16) from port B of cell wire_ipv4_parser.$sub$wire_ipv4_parser.sv:193$705 ($sub).
Removed top 1 bits (of 4) from port B of cell wire_ipv4_parser.$ne$wire_ipv4_parser.sv:70$716 ($ne).
Removed top 1 bits (of 4) from port B of cell wire_ipv4_parser.$ne$wire_ipv4_parser.sv:72$721 ($ne).
Removed top 11 bits (of 16) from port B of cell wire_ipv4_parser.$lt$wire_ipv4_parser.sv:74$726 ($lt).
Removed top 2 bits (of 18) from port A of cell wire_ipv4_parser.$add$wire_ipv4_parser.sv:50$731 ($add).
Removed top 2 bits (of 18) from port B of cell wire_ipv4_parser.$add$wire_ipv4_parser.sv:50$731 ($add).
Removed top 1 bits (of 18) from port Y of cell wire_ipv4_parser.$add$wire_ipv4_parser.sv:50$731 ($add).
Removed top 1 bits (of 18) from port A of cell wire_ipv4_parser.$add$wire_ipv4_parser.sv:50$732 ($add).
Removed top 2 bits (of 18) from port B of cell wire_ipv4_parser.$add$wire_ipv4_parser.sv:50$732 ($add).
Removed top 2 bits (of 18) from port B of cell wire_ipv4_parser.$add$wire_ipv4_parser.sv:50$733 ($add).
Removed top 2 bits (of 18) from port B of cell wire_ipv4_parser.$add$wire_ipv4_parser.sv:50$734 ($add).
Removed top 2 bits (of 18) from port B of cell wire_ipv4_parser.$add$wire_ipv4_parser.sv:50$735 ($add).
Removed top 2 bits (of 18) from port B of cell wire_ipv4_parser.$add$wire_ipv4_parser.sv:50$736 ($add).
Removed top 2 bits (of 18) from port B of cell wire_ipv4_parser.$add$wire_ipv4_parser.sv:50$737 ($add).
Removed top 2 bits (of 18) from port B of cell wire_ipv4_parser.$add$wire_ipv4_parser.sv:50$738 ($add).
Removed top 2 bits (of 18) from port B of cell wire_ipv4_parser.$add$wire_ipv4_parser.sv:50$739 ($add).
Removed top 2 bits (of 18) from port A of cell wire_ipv4_parser.$add$wire_ipv4_parser.sv:55$740 ($add).
Removed top 16 bits (of 18) from port B of cell wire_ipv4_parser.$add$wire_ipv4_parser.sv:55$740 ($add).
Removed top 1 bits (of 18) from port Y of cell wire_ipv4_parser.$add$wire_ipv4_parser.sv:55$740 ($add).
Removed top 2 bits (of 18) from port A of cell wire_ipv4_parser.$add$wire_ipv4_parser.sv:56$741 ($add).
Removed top 17 bits (of 18) from port B of cell wire_ipv4_parser.$add$wire_ipv4_parser.sv:56$741 ($add).
Removed top 2 bits (of 18) from port Y of cell wire_ipv4_parser.$add$wire_ipv4_parser.sv:56$741 ($add).
Removed top 3 bits (of 8) from port B of cell wire_ipv4_parser.$ne$wire_ipv4_parser.sv:82$750 ($ne).
Removed top 2 bits (of 3) from port B of cell wire_ipv4_parser.$procmux$1593_CMP0 ($eq).
Removed top 1 bits (of 3) from port B of cell wire_ipv4_parser.$procmux$1758_CMP0 ($eq).
Removed top 1 bits (of 3) from port B of cell wire_ipv4_parser.$procmux$1761_CMP0 ($eq).
Removed top 2 bits (of 18) from wire wire_ipv4_parser.$add$wire_ipv4_parser.sv:56$741_Y.
Removed top 1 bits (of 18) from wire wire_ipv4_parser.$add$wire_ipv4_parser.sv:55$740_Y.
Removed top 1 bits (of 18) from wire wire_ipv4_parser.$add$wire_ipv4_parser.sv:50$731_Y.
Removed top 23 bits (of 32) from wire wire_ipv4_parser.$mul$wire_ipv4_parser.sv:155$675_Y.
Removed top 1 bits (of 3) from wire wire_ipv4_parser.$ternary$wire_ipv4_parser.sv:137$653_Y.
Removed top 1 bits (of 4) from port B of cell wire_udp_parser.$lt$wire_udp_parser.sv:103$594 ($lt).
Removed top 28 bits (of 32) from port B of cell wire_udp_parser.$mul$wire_udp_parser.sv:104$597 ($mul).
Removed top 24 bits (of 32) from port Y of cell wire_udp_parser.$mul$wire_udp_parser.sv:104$597 ($mul).
Removed top 26 bits (of 32) from port A of cell wire_udp_parser.$sub$wire_udp_parser.sv:104$598 ($sub).
Removed top 24 bits (of 32) from port B of cell wire_udp_parser.$sub$wire_udp_parser.sv:104$598 ($sub).
Removed top 23 bits (of 32) from port Y of cell wire_udp_parser.$sub$wire_udp_parser.sv:104$598 ($sub).
Converting cell wire_udp_parser.$add$wire_udp_parser.sv:104$599 ($add) from unsigned to signed.
Removed top 23 bits (of 32) from port A of cell wire_udp_parser.$add$wire_udp_parser.sv:104$599 ($add).
Removed top 30 bits (of 32) from port B of cell wire_udp_parser.$add$wire_udp_parser.sv:104$599 ($add).
Removed top 22 bits (of 32) from port Y of cell wire_udp_parser.$add$wire_udp_parser.sv:104$599 ($add).
Converting cell wire_udp_parser.$sub$wire_udp_parser.sv:104$600 ($sub) from unsigned to signed.
Removed top 22 bits (of 32) from port A of cell wire_udp_parser.$sub$wire_udp_parser.sv:104$600 ($sub).
Removed top 27 bits (of 32) from port B of cell wire_udp_parser.$sub$wire_udp_parser.sv:104$600 ($sub).
Removed top 21 bits (of 32) from port Y of cell wire_udp_parser.$sub$wire_udp_parser.sv:104$600 ($sub).
Converting cell wire_udp_parser.$neg$wire_udp_parser.sv:104$605 ($neg) from signed to unsigned.
Removed top 1 bits (of 33) from port A of cell wire_udp_parser.$neg$wire_udp_parser.sv:104$605 ($neg).
Removed top 3 bits (of 4) from port B of cell wire_udp_parser.$add$wire_udp_parser.sv:105$608 ($add).
Removed top 12 bits (of 16) from port B of cell wire_udp_parser.$lt$wire_udp_parser.sv:111$609 ($lt).
Removed top 12 bits (of 16) from port B of cell wire_udp_parser.$eq$wire_udp_parser.sv:121$610 ($eq).
Removed top 12 bits (of 16) from port B of cell wire_udp_parser.$sub$wire_udp_parser.sv:159$612 ($sub).
Removed top 15 bits (of 16) from port B of cell wire_udp_parser.$gt$wire_udp_parser.sv:166$613 ($gt).
Removed top 15 bits (of 16) from port B of cell wire_udp_parser.$eq$wire_udp_parser.sv:170$615 ($eq).
Removed top 15 bits (of 16) from port B of cell wire_udp_parser.$sub$wire_udp_parser.sv:186$616 ($sub).
Removed top 15 bits (of 16) from port B of cell wire_udp_parser.$add$wire_udp_parser.sv:193$618 ($add).
Removed top 2 bits (of 3) from mux cell wire_udp_parser.$procmux$2009 ($mux).
Removed top 1 bits (of 2) from port B of cell wire_udp_parser.$procmux$2262_CMP0 ($eq).
Removed top 1 bits (of 2) from mux cell wire_udp_parser.$procmux$2274 ($mux).
Removed top 1 bits (of 2) from wire wire_udp_parser.$procmux$2268_Y.
Removed top 24 bits (of 32) from wire wire_udp_parser.$mul$wire_udp_parser.sv:104$597_Y.
Removed top 2 bits (of 3) from wire wire_udp_parser.$procmux$2009_Y.
Removed top 1 bits (of 3) from port B of cell wire_mold_header_seq.$eq$wire_mold_header_seq.sv:100$514 ($eq).
Removed top 48 bits (of 64) from port B of cell wire_mold_header_seq.$add$wire_mold_header_seq.sv:151$533 ($add).
Removed top 28 bits (of 32) from port B of cell wire_mold_header_seq.$mul$wire_mold_header_seq.sv:180$543 ($mul).
Removed top 23 bits (of 32) from port Y of cell wire_mold_header_seq.$mul$wire_mold_header_seq.sv:180$543 ($mul).
Removed top 24 bits (of 32) from port A of cell wire_mold_header_seq.$sub$wire_mold_header_seq.sv:180$544 ($sub).
Removed top 23 bits (of 32) from port B of cell wire_mold_header_seq.$sub$wire_mold_header_seq.sv:180$544 ($sub).
Removed top 22 bits (of 32) from port Y of cell wire_mold_header_seq.$sub$wire_mold_header_seq.sv:180$544 ($sub).
Converting cell wire_mold_header_seq.$add$wire_mold_header_seq.sv:180$545 ($add) from unsigned to signed.
Removed top 22 bits (of 32) from port A of cell wire_mold_header_seq.$add$wire_mold_header_seq.sv:180$545 ($add).
Removed top 30 bits (of 32) from port B of cell wire_mold_header_seq.$add$wire_mold_header_seq.sv:180$545 ($add).
Removed top 21 bits (of 32) from port Y of cell wire_mold_header_seq.$add$wire_mold_header_seq.sv:180$545 ($add).
Converting cell wire_mold_header_seq.$sub$wire_mold_header_seq.sv:180$546 ($sub) from unsigned to signed.
Removed top 21 bits (of 32) from port A of cell wire_mold_header_seq.$sub$wire_mold_header_seq.sv:180$546 ($sub).
Removed top 27 bits (of 32) from port B of cell wire_mold_header_seq.$sub$wire_mold_header_seq.sv:180$546 ($sub).
Removed top 20 bits (of 32) from port Y of cell wire_mold_header_seq.$sub$wire_mold_header_seq.sv:180$546 ($sub).
Converting cell wire_mold_header_seq.$neg$wire_mold_header_seq.sv:180$551 ($neg) from signed to unsigned.
Removed top 1 bits (of 33) from port A of cell wire_mold_header_seq.$neg$wire_mold_header_seq.sv:180$551 ($neg).
Removed top 4 bits (of 5) from port B of cell wire_mold_header_seq.$add$wire_mold_header_seq.sv:181$554 ($add).
Removed top 1 bits (of 3) from port B of cell wire_mold_header_seq.$procmux$2623_CMP0 ($eq).
Removed top 2 bits (of 3) from mux cell wire_mold_header_seq.$procmux$2809 ($mux).
Removed top 2 bits (of 3) from mux cell wire_mold_header_seq.$procmux$2851 ($mux).
Removed top 2 bits (of 3) from wire wire_mold_header_seq.$procmux$2809_Y.
Removed top 2 bits (of 3) from wire wire_mold_header_seq.$procmux$2833_Y.
Removed top 23 bits (of 32) from wire wire_mold_header_seq.$mul$wire_mold_header_seq.sv:180$543_Y.
Removed top 15 bits (of 16) from port B of cell wire_mold_message_framer.$add$wire_mold_message_framer.sv:86$461 ($add).
Removed top 2 bits (of 4) from port B of cell wire_mold_message_framer.$eq$wire_mold_message_framer.sv:96$473 ($eq).
Removed top 48 bits (of 64) from port B of cell wire_mold_message_framer.$add$wire_mold_message_framer.sv:97$474 ($add).
Removed top 1 bits (of 4) from port B of cell wire_mold_message_framer.$eq$wire_mold_message_framer.sv:134$486 ($eq).
Removed top 15 bits (of 16) from port B of cell wire_mold_message_framer.$eq$wire_mold_message_framer.sv:223$490 ($eq).
Removed top 15 bits (of 16) from port B of cell wire_mold_message_framer.$sub$wire_mold_message_framer.sv:239$493 ($sub).
Removed top 1 bits (of 4) from port B of cell wire_mold_message_framer.$eq$wire_mold_message_framer.sv:260$494 ($eq).
Removed top 1 bits (of 3) from mux cell wire_mold_message_framer.$procmux$3029 ($mux).
Removed top 1 bits (of 3) from mux cell wire_mold_message_framer.$procmux$3033 ($mux).
Removed top 1 bits (of 3) from mux cell wire_mold_message_framer.$procmux$3035 ($mux).
Removed top 1 bits (of 3) from port B of cell wire_mold_message_framer.$procmux$3133_CMP0 ($eq).
Removed top 2 bits (of 3) from port B of cell wire_mold_message_framer.$procmux$3134_CMP0 ($eq).
Removed top 1 bits (of 4) from mux cell wire_mold_message_framer.$procmux$3145 ($mux).
Removed top 1 bits (of 4) from port B of cell wire_mold_message_framer.$procmux$3165_CMP0 ($eq).
Removed top 1 bits (of 4) from port B of cell wire_mold_message_framer.$procmux$3171_CMP0 ($eq).
Removed top 2 bits (of 4) from port B of cell wire_mold_message_framer.$procmux$3172_CMP0 ($eq).
Removed top 3 bits (of 4) from port B of cell wire_mold_message_framer.$procmux$3176_CMP0 ($eq).
Removed top 1 bits (of 4) from wire wire_mold_message_framer.$procmux$3145_Y.
Removed top 1 bits (of 3) from wire wire_mold_message_framer.$procmux$3035_Y.
Removed top 1 bits (of 3) from wire wire_mold_message_framer.$procmux$3033_Y.
Removed top 1 bits (of 3) from wire wire_mold_message_framer.$procmux$3029_Y.
Removed top 26 address bits (of 32) from memory read port wire_itch_decoder.$memrd$\bytes_q$wire_itch_decoder.sv:84$439 (bytes_q).
Removed top 26 address bits (of 32) from memory read port wire_itch_decoder.$memrd$\bytes_q$wire_itch_decoder.sv:84$438 (bytes_q).
Removed top 26 address bits (of 32) from memory read port wire_itch_decoder.$memrd$\bytes_q$wire_itch_decoder.sv:84$437 (bytes_q).
Removed top 26 address bits (of 32) from memory read port wire_itch_decoder.$memrd$\bytes_q$wire_itch_decoder.sv:84$436 (bytes_q).
Removed top 26 address bits (of 32) from memory read port wire_itch_decoder.$memrd$\bytes_q$wire_itch_decoder.sv:84$435 (bytes_q).
Removed top 26 address bits (of 32) from memory read port wire_itch_decoder.$memrd$\bytes_q$wire_itch_decoder.sv:84$434 (bytes_q).
Removed top 26 address bits (of 32) from memory read port wire_itch_decoder.$memrd$\bytes_q$wire_itch_decoder.sv:84$433 (bytes_q).
Removed top 26 address bits (of 32) from memory read port wire_itch_decoder.$memrd$\bytes_q$wire_itch_decoder.sv:84$432 (bytes_q).
Removed top 26 address bits (of 32) from memory read port wire_itch_decoder.$memrd$\bytes_q$wire_itch_decoder.sv:87$431 (bytes_q).
Removed top 26 address bits (of 32) from memory read port wire_itch_decoder.$memrd$\bytes_q$wire_itch_decoder.sv:87$430 (bytes_q).
Removed top 26 address bits (of 32) from memory read port wire_itch_decoder.$memrd$\bytes_q$wire_itch_decoder.sv:87$429 (bytes_q).
Removed top 26 address bits (of 32) from memory read port wire_itch_decoder.$memrd$\bytes_q$wire_itch_decoder.sv:87$428 (bytes_q).
Removed top 26 address bits (of 32) from memory read port wire_itch_decoder.$memrd$\bytes_q$wire_itch_decoder.sv:88$427 (bytes_q).
Removed top 26 address bits (of 32) from memory read port wire_itch_decoder.$memrd$\bytes_q$wire_itch_decoder.sv:88$426 (bytes_q).
Removed top 26 address bits (of 32) from memory read port wire_itch_decoder.$memrd$\bytes_q$wire_itch_decoder.sv:88$425 (bytes_q).
Removed top 26 address bits (of 32) from memory read port wire_itch_decoder.$memrd$\bytes_q$wire_itch_decoder.sv:88$424 (bytes_q).
Removed top 26 address bits (of 32) from memory read port wire_itch_decoder.$memrd$\bytes_q$wire_itch_decoder.sv:87$423 (bytes_q).
Removed top 26 address bits (of 32) from memory read port wire_itch_decoder.$memrd$\bytes_q$wire_itch_decoder.sv:87$422 (bytes_q).
Removed top 26 address bits (of 32) from memory read port wire_itch_decoder.$memrd$\bytes_q$wire_itch_decoder.sv:87$421 (bytes_q).
Removed top 26 address bits (of 32) from memory read port wire_itch_decoder.$memrd$\bytes_q$wire_itch_decoder.sv:87$420 (bytes_q).
Removed top 26 address bits (of 32) from memory read port wire_itch_decoder.$memrd$\bytes_q$wire_itch_decoder.sv:88$419 (bytes_q).
Removed top 26 address bits (of 32) from memory read port wire_itch_decoder.$memrd$\bytes_q$wire_itch_decoder.sv:88$418 (bytes_q).
Removed top 26 address bits (of 32) from memory read port wire_itch_decoder.$memrd$\bytes_q$wire_itch_decoder.sv:88$417 (bytes_q).
Removed top 26 address bits (of 32) from memory read port wire_itch_decoder.$memrd$\bytes_q$wire_itch_decoder.sv:88$416 (bytes_q).
Removed top 26 address bits (of 32) from memory read port wire_itch_decoder.$memrd$\bytes_q$wire_itch_decoder.sv:217$360 (bytes_q).
Removed top 26 address bits (of 32) from memory read port wire_itch_decoder.$memrd$\bytes_q$wire_itch_decoder.sv:84$354 (bytes_q).
Removed top 26 address bits (of 32) from memory read port wire_itch_decoder.$memrd$\bytes_q$wire_itch_decoder.sv:81$284 (bytes_q).
Removed top 26 address bits (of 32) from memory read port wire_itch_decoder.$memrd$\bytes_q$wire_itch_decoder.sv:81$283 (bytes_q).
Removed top 26 address bits (of 32) from memory read port wire_itch_decoder.$memrd$\bytes_q$wire_itch_decoder.sv:91$263 (bytes_q).
Removed top 26 address bits (of 32) from memory read port wire_itch_decoder.$memrd$\bytes_q$wire_itch_decoder.sv:91$262 (bytes_q).
Removed top 26 address bits (of 32) from memory read port wire_itch_decoder.$memrd$\bytes_q$wire_itch_decoder.sv:91$261 (bytes_q).
Removed top 26 address bits (of 32) from memory read port wire_itch_decoder.$memrd$\bytes_q$wire_itch_decoder.sv:92$260 (bytes_q).
Removed top 26 address bits (of 32) from memory read port wire_itch_decoder.$memrd$\bytes_q$wire_itch_decoder.sv:92$259 (bytes_q).
Removed top 26 address bits (of 32) from memory read port wire_itch_decoder.$memrd$\bytes_q$wire_itch_decoder.sv:92$258 (bytes_q).
Removed top 26 bits (of 32) from port B of cell wire_itch_decoder.$lt$wire_itch_decoder.sv:167$210 ($lt).
Removed top 1 bits (of 8) from port B of cell wire_itch_decoder.$ne$wire_itch_decoder.sv:169$215 ($ne).
Removed top 1 bits (of 8) from port B of cell wire_itch_decoder.$ne$wire_itch_decoder.sv:169$216 ($ne).
Removed top 1 bits (of 8) from port B of cell wire_itch_decoder.$ne$wire_itch_decoder.sv:169$218 ($ne).
Removed top 1 bits (of 8) from port B of cell wire_itch_decoder.$ne$wire_itch_decoder.sv:170$220 ($ne).
Removed top 1 bits (of 8) from port B of cell wire_itch_decoder.$ne$wire_itch_decoder.sv:170$222 ($ne).
Removed top 1 bits (of 8) from port B of cell wire_itch_decoder.$ne$wire_itch_decoder.sv:170$224 ($ne).
Removed top 1 bits (of 8) from port B of cell wire_itch_decoder.$ne$wire_itch_decoder.sv:171$226 ($ne).
Removed top 1 bits (of 8) from port B of cell wire_itch_decoder.$ne$wire_itch_decoder.sv:171$228 ($ne).
Removed top 10 bits (of 16) from port B of cell wire_itch_decoder.$ne$wire_itch_decoder.sv:176$232 ($ne).
Removed top 10 bits (of 16) from port B of cell wire_itch_decoder.$ne$wire_itch_decoder.sv:177$235 ($ne).
Removed top 11 bits (of 16) from port B of cell wire_itch_decoder.$ne$wire_itch_decoder.sv:178$238 ($ne).
Removed top 11 bits (of 16) from port B of cell wire_itch_decoder.$ne$wire_itch_decoder.sv:179$241 ($ne).
Removed top 11 bits (of 16) from port B of cell wire_itch_decoder.$ne$wire_itch_decoder.sv:180$244 ($ne).
Removed top 10 bits (of 16) from port B of cell wire_itch_decoder.$ne$wire_itch_decoder.sv:181$247 ($ne).
Removed top 10 bits (of 16) from port B of cell wire_itch_decoder.$ne$wire_itch_decoder.sv:182$250 ($ne).
Removed top 10 bits (of 16) from port A of cell wire_itch_decoder.$add$wire_itch_decoder.sv:190$253 ($add).
Removed top 15 bits (of 16) from port B of cell wire_itch_decoder.$add$wire_itch_decoder.sv:190$253 ($add).
Removed top 9 bits (of 16) from port Y of cell wire_itch_decoder.$add$wire_itch_decoder.sv:190$253 ($add).
Removed top 9 bits (of 16) from port A of cell wire_itch_decoder.$ne$wire_itch_decoder.sv:190$254 ($ne).
Removed top 1 bits (of 8) from port B of cell wire_itch_decoder.$eq$wire_itch_decoder.sv:204$267 ($eq).
Removed top 1 bits (of 8) from port B of cell wire_itch_decoder.$eq$wire_itch_decoder.sv:206$301 ($eq).
Removed top 1 bits (of 8) from port B of cell wire_itch_decoder.$eq$wire_itch_decoder.sv:206$303 ($eq).
Removed top 1 bits (of 8) from port B of cell wire_itch_decoder.$ne$wire_itch_decoder.sv:209$334 ($ne).
Removed top 1 bits (of 8) from port B of cell wire_itch_decoder.$ne$wire_itch_decoder.sv:209$336 ($ne).
Removed top 1 bits (of 8) from port B of cell wire_itch_decoder.$eq$wire_itch_decoder.sv:213$359 ($eq).
Removed top 10 bits (of 16) from mux cell wire_itch_decoder.$procmux$3199 ($pmux).
Removed top 2 bits (of 3) from port B of cell wire_itch_decoder.$procmux$4348_CMP0 ($eq).
Removed top 1 bits (of 8) from port B of cell wire_itch_decoder.$procmux$4622_CMP0 ($eq).
Removed top 1 bits (of 8) from port B of cell wire_itch_decoder.$procmux$4623_CMP0 ($eq).
Removed top 1 bits (of 8) from port B of cell wire_itch_decoder.$procmux$4624_CMP0 ($eq).
Removed top 1 bits (of 8) from port B of cell wire_itch_decoder.$procmux$4625_CMP0 ($eq).
Removed top 1 bits (of 3) from port B of cell wire_itch_decoder.$procmux$4642_CMP0 ($eq).
Removed top 1 bits (of 8) from port B of cell wire_itch_decoder.$procmux$4680_CMP0 ($eq).
Removed top 1 bits (of 8) from port B of cell wire_itch_decoder.$procmux$4931_CMP0 ($eq).
Removed top 1 bits (of 8) from port B of cell wire_itch_decoder.$procmux$4936_CMP0 ($eq).
Removed top 1 bits (of 8) from port B of cell wire_itch_decoder.$procmux$4941_CMP0 ($eq).
Removed top 1 bits (of 8) from port B of cell wire_itch_decoder.$procmux$4946_CMP0 ($eq).
Removed top 1 bits (of 8) from port B of cell wire_itch_decoder.$procmux$4951_CMP0 ($eq).
Removed top 1 bits (of 8) from port B of cell wire_itch_decoder.$procmux$4956_CMP0 ($eq).
Removed top 1 bits (of 8) from port B of cell wire_itch_decoder.$procmux$4961_CMP0 ($eq).
Removed top 1 bits (of 8) from port B of cell wire_itch_decoder.$procmux$4961_CMP1 ($eq).
Removed top 1 bits (of 3) from port B of cell wire_itch_decoder.$procmux$5156_CMP0 ($eq).
Removed top 1 bits (of 3) from mux cell wire_itch_decoder.$procmux$5158 ($mux).
Removed top 1 bits (of 3) from wire wire_itch_decoder.$procmux$5158_Y.
Removed top 9 bits (of 16) from wire wire_itch_decoder.$add$wire_itch_decoder.sv:190$253_Y.
Removed top 10 bits (of 16) from wire wire_itch_decoder.required_length$func$wire_itch_decoder.sv:112$101.$result.
Removed top 2 bits (of 4) from mux cell wire_arch_a_parser_top.$procmux$5329 ($mux).
Removed top 2 bits (of 4) from mux cell wire_arch_a_parser_top.$procmux$5332 ($mux).
Removed top 1 bits (of 4) from mux cell wire_arch_a_parser_top.$procmux$5335 ($mux).
Removed top 1 bits (of 4) from mux cell wire_arch_a_parser_top.$procmux$5338 ($mux).
Removed top 1 bits (of 4) from mux cell wire_arch_a_parser_top.$procmux$5341 ($mux).
Removed top 1 bits (of 4) from wire wire_arch_a_parser_top.$procmux$5338_Y.
Removed top 2 bits (of 4) from wire wire_arch_a_parser_top.$procmux$5329_Y.
Removed top 1 bits (of 4) from wire wire_arch_a_parser_top.$procmux$5335_Y.
Removed top 1 bits (of 4) from wire wire_arch_a_parser_top.$procmux$5341_Y.
Removed top 2 bits (of 4) from wire wire_arch_a_parser_top.$procmux$5332_Y.

11.10. Executing OPT_CLEAN pass (remove unused cells and wires).
Finding unused cells or wires in module \wire_ingress_buffer..
Finding unused cells or wires in module \wire_gearbox_64to8..
Finding unused cells or wires in module \wire_eth_parser..
Finding unused cells or wires in module \wire_ipv4_parser..
Finding unused cells or wires in module \wire_udp_parser..
Finding unused cells or wires in module \wire_mold_header_seq..
Finding unused cells or wires in module \wire_mold_message_framer..
Finding unused cells or wires in module \wire_itch_decoder..
Finding unused cells or wires in module \wire_arch_a_parser_top..
Finding unused cells or wires in module \wire_arch_a_parser_safety..
Removed 0 unused cells and 26 unused wires.
<suppressed ~8 debug messages>

11.11. Executing MEMORY_COLLECT pass (generating $mem cells).

11.12. Executing OPT pass (performing simple optimizations).

11.12.1. Executing OPT_EXPR pass (perform const folding).
Optimizing module wire_ingress_buffer.
Optimizing module wire_gearbox_64to8.
Optimizing module wire_eth_parser.
Optimizing module wire_ipv4_parser.
Optimizing module wire_udp_parser.
Optimizing module wire_mold_header_seq.
Optimizing module wire_mold_message_framer.
Optimizing module wire_itch_decoder.
Optimizing module wire_arch_a_parser_top.
Optimizing module wire_arch_a_parser_safety.

11.12.2. Executing OPT_MERGE pass (detect identical cells).
Finding identical cells in module `\wire_ingress_buffer'.
Computing hashes of 33 cells of `\wire_ingress_buffer'.
Finding duplicate cells in `\wire_ingress_buffer'.
Finding identical cells in module `\wire_gearbox_64to8'.
Computing hashes of 44 cells of `\wire_gearbox_64to8'.
Finding duplicate cells in `\wire_gearbox_64to8'.
Finding identical cells in module `\wire_eth_parser'.
Computing hashes of 82 cells of `\wire_eth_parser'.
Finding duplicate cells in `\wire_eth_parser'.
Finding identical cells in module `\wire_ipv4_parser'.
Computing hashes of 161 cells of `\wire_ipv4_parser'.
Finding duplicate cells in `\wire_ipv4_parser'.
Finding identical cells in module `\wire_udp_parser'.
Computing hashes of 179 cells of `\wire_udp_parser'.
Finding duplicate cells in `\wire_udp_parser'.
Finding identical cells in module `\wire_mold_header_seq'.
Computing hashes of 204 cells of `\wire_mold_header_seq'.
Finding duplicate cells in `\wire_mold_header_seq'.
Finding identical cells in module `\wire_mold_message_framer'.
Computing hashes of 176 cells of `\wire_mold_message_framer'.
Finding duplicate cells in `\wire_mold_message_framer'.
Finding identical cells in module `\wire_itch_decoder'.
Computing hashes of 321 cells of `\wire_itch_decoder'.
Finding duplicate cells in `\wire_itch_decoder'.
Finding identical cells in module `\wire_arch_a_parser_top'.
Computing hashes of 51 cells of `\wire_arch_a_parser_top'.
Finding duplicate cells in `\wire_arch_a_parser_top'.
Finding identical cells in module `\wire_arch_a_parser_safety'.
Computing hashes of 56 cells of `\wire_arch_a_parser_safety'.
Finding duplicate cells in `\wire_arch_a_parser_safety'.
Removed a total of 0 cells.

11.12.3. Executing OPT_CLEAN pass (remove unused cells and wires).
Finding unused cells or wires in module \wire_ingress_buffer..
Finding unused cells or wires in module \wire_gearbox_64to8..
Finding unused cells or wires in module \wire_eth_parser..
Finding unused cells or wires in module \wire_ipv4_parser..
Finding unused cells or wires in module \wire_udp_parser..
Finding unused cells or wires in module \wire_mold_header_seq..
Finding unused cells or wires in module \wire_mold_message_framer..
Finding unused cells or wires in module \wire_itch_decoder..
Finding unused cells or wires in module \wire_arch_a_parser_top..
Finding unused cells or wires in module \wire_arch_a_parser_safety..

11.12.4. Finished fast OPT passes.

11.13. Executing SORT pass.

11.14. Printing statistics.

=== wire_arch_a_parser_safety ===

        +----------Local Count, excluding submodules.
        | 
       89 wires
      966 wire bits
       47 public wires
      516 public wire bits
        8 ports
       78 port bits
       55 cells
       10   $check
        7   $dff
        2   $eq
        1   $initstate
       11   $logic_and
        8   $logic_not
        2   $logic_or
       14   $mux
        1 submodules
        1   wire_arch_a_parser_top

=== wire_arch_a_parser_top ===

        +----------Local Count, excluding submodules.
        | 
      150 wires
     1242 wire bits
      116 public wires
     1187 public wire bits
       51 ports
      786 port bits
       43 cells
        3   $dff
       17   $logic_and
        3   $logic_not
        8   $logic_or
       11   $mux
        1   $or
        8 submodules
        1   wire_eth_parser
        1   wire_gearbox_64to8
        1   wire_ingress_buffer
        1   wire_ipv4_parser
        1   wire_itch_decoder
        1   wire_mold_header_seq
        1   wire_mold_message_framer
        1   wire_udp_parser

=== wire_eth_parser ===

        +----------Local Count, excluding submodules.
        | 
       93 wires
      230 wire bits
       24 public wires
       58 public wire bits
       14 ports
       29 port bits
       82 cells
        1   $add
        8   $dff
        6   $eq
        8   $logic_and
        3   $logic_not
        3   $logic_or
        1   $lt
       48   $mux
        4   $pmux

=== wire_gearbox_64to8 ===

        +----------Local Count, excluding submodules.
        | 
       53 wires
      391 wire bits
       18 public wires
      163 public wire bits
       11 ports
       88 port bits
       44 cells
        2   $add
        5   $dff
        9   $eq
        5   $logic_and
        1   $logic_not
        1   $logic_or
        1   $mul
       17   $mux
        1   $pmux
        1   $shiftx
        1   $sub

=== wire_ingress_buffer ===

        +----------Local Count, excluding submodules.
        | 
       40 wires
      451 wire bits
       17 public wires
      158 public wire bits
       12 ports
      152 port bits
       33 cells
        3   $add
        3   $dff
        2   $eq
        2   $logic_and
        1   $logic_or
        3   $mem_v2
       15   $mux
        1   $ne
        1   $pmux
        1   $reduce_bool
        1   $sub

=== wire_ipv4_parser ===

        +----------Local Count, excluding submodules.
        | 
      180 wires
     3136 wire bits
       35 public wires
      821 public wire bits
       15 ports
       63 port bits
      161 cells
       13   $add
        1   $and
       10   $dff
       13   $eq
        1   $gt
        9   $logic_and
        3   $logic_not
        9   $logic_or
        2   $lt
        1   $mul
       80   $mux
        4   $ne
        1   $neg
        1   $not
        1   $or
        4   $pmux
        2   $reduce_bool
        2   $shift
        4   $sub

=== wire_itch_decoder ===

        +----------Local Count, excluding submodules.
        | 
      389 wires
     3818 wire bits
       69 public wires
     1062 public wire bits
       38 ports
      525 port bits
      321 cells
        2   $add
       25   $dff
       22   $eq
       16   $logic_and
        6   $logic_not
        7   $logic_or
        1   $lt
        1   $mem_v2
      203   $mux
       21   $ne
       12   $pmux
        1   $reduce_bool
        4   $reduce_or

=== wire_mold_header_seq ===

        +----------Local Count, excluding submodules.
        | 
      231 wires
     3988 wire bits
       55 public wires
     1058 public wire bits
       28 ports
      327 port bits
      204 cells
        3   $add
        1   $and
       18   $dff
        5   $eq
       11   $logic_and
        4   $logic_not
        4   $logic_or
        1   $lt
        1   $mul
      140   $mux
        4   $ne
        1   $neg
        1   $not
        1   $or
        5   $pmux
        2   $shift
        2   $sub

=== wire_mold_message_framer ===

        +----------Local Count, excluding submodules.
        | 
      196 wires
     1049 wire bits
       51 public wires
      380 public wire bits
       28 ports
      199 port bits
      176 cells
        2   $add
       16   $dff
       13   $eq
       13   $logic_and
        6   $logic_not
        8   $logic_or
      109   $mux
        5   $pmux
        3   $reduce_or
        1   $sub

=== wire_udp_parser ===

        +----------Local Count, excluding submodules.
        | 
      195 wires
     1698 wire bits
       36 public wires
      290 public wire bits
       15 ports
       46 port bits
      179 cells
        3   $add
        1   $and
       13   $dff
        5   $eq
        1   $gt
        9   $logic_and
        3   $logic_not
        4   $logic_or
        2   $lt
        1   $mul
      118   $mux
        2   $ne
        1   $neg
        1   $not
        1   $or
        7   $pmux
        1   $reduce_bool
        2   $shift
        4   $sub

=== design hierarchy ===

        +----------Count including submodules.
        | 
     1298 wire_arch_a_parser_safety
       43 wire_arch_a_parser_top
       82   wire_eth_parser
       44   wire_gearbox_64to8
       33   wire_ingress_buffer
      161   wire_ipv4_parser
      321   wire_itch_decoder
      204   wire_mold_header_seq
      176   wire_mold_message_framer
      179   wire_udp_parser

        +----------Count including submodules.
        | 
     1616 wires
    16969 wire bits
      468 public wires
     5693 public wire bits
      220 ports
     2293 port bits
        - memories
        - memory bits
        - processes
     1298 cells
       29   $add
        3   $and
       10   $check
      108   $dff
       77   $eq
        2   $gt
        1   $initstate
      101   $logic_and
       37   $logic_not
       47   $logic_or
        7   $lt
        4   $mem_v2
        4   $mul
      755   $mux
       32   $ne
        3   $neg
        3   $not
        4   $or
       39   $pmux
        5   $reduce_bool
        7   $reduce_or
        6   $shift
        1   $shiftx
       13   $sub
        1 submodules
        1   wire_arch_a_parser_top

11.15. Executing CHECK pass (checking for obvious problems).
Checking module wire_arch_a_parser_safety...
Checking module wire_arch_a_parser_top...
Checking module wire_eth_parser...
Checking module wire_gearbox_64to8...
Checking module wire_ingress_buffer...
Checking module wire_ipv4_parser...
Checking module wire_itch_decoder...
Checking module wire_mold_header_seq...
Checking module wire_mold_message_framer...
Checking module wire_udp_parser...
Found and reported 0 problems.

12. Executing HIERARCHY pass (managing design hierarchy).
Attribute `top' found on module `wire_arch_a_parser_safety'. Setting top module to wire_arch_a_parser_safety.

12.1. Analyzing design hierarchy..
Top module:  \wire_arch_a_parser_safety
Used module:     \wire_arch_a_parser_top
Used module:         \wire_eth_parser
Used module:         \wire_mold_message_framer
Used module:         \wire_gearbox_64to8
Used module:         \wire_ingress_buffer
Used module:         \wire_ipv4_parser
Used module:         \wire_itch_decoder
Used module:         \wire_mold_header_seq
Used module:         \wire_udp_parser

12.2. Analyzing design hierarchy..
Top module:  \wire_arch_a_parser_safety
Used module:     \wire_arch_a_parser_top
Used module:         \wire_eth_parser
Used module:         \wire_mold_message_framer
Used module:         \wire_gearbox_64to8
Used module:         \wire_ingress_buffer
Used module:         \wire_ipv4_parser
Used module:         \wire_itch_decoder
Used module:         \wire_mold_header_seq
Used module:         \wire_udp_parser
Removed 0 unused modules.
Module wire_arch_a_parser_safety directly or indirectly contains formal properties -> setting "keep" attribute.

13. Executing jny backend.

14. Executing RTLIL backend.
Output filename: ../model/design.il

End of script. Logfile hash: 0a530e9abc, time: 0.31s, user: 0.31s, system: 0.01s, MEM: 56.66 MB peak
Yosys 0.69+154 (git sha1 30d62572e-dirty, Release, Clang /usr/local/osxcross/target/bin/aarch64-apple-darwin25.5-clang++ 21.1.8)
Time spent: 18% 2x check (0 sec), 15% 6x opt_clean (0 sec), ...
